bearing,index,y_true,y_pred
Bearing1_3,0,0.9869418740272522,0.8449018597602844
Bearing1_3,1,0.9865206480026245,0.8376328349113464
Bearing1_3,2,0.9860994219779968,0.8341712355613708
Bearing1_3,3,0.9856781959533691,0.8216332793235779
Bearing1_3,4,0.9852569699287415,0.816031277179718
Bearing1_3,5,0.9848357439041138,0.8110156059265137
Bearing1_3,6,0.9844145178794861,0.8039537072181702
Bearing1_3,7,0.9839932322502136,0.7973783016204834
Bearing1_3,8,0.9835720062255859,0.789496898651123
Bearing1_3,9,0.9831507802009583,0.7918583154678345
Bearing1_3,10,0.9827295541763306,0.787362277507782
Bearing1_3,11,0.9823083281517029,0.7847256660461426
Bearing1_3,12,0.9818871021270752,0.7808067798614502
Bearing1_3,13,0.9814658761024475,0.7796089053153992
Bearing1_3,14,0.9810446500778198,0.7786225080490112
Bearing1_3,15,0.9806234240531921,0.7806938290596008
Bearing1_3,16,0.9802021980285645,0.7811322808265686
Bearing1_3,17,0.9797809720039368,0.7864140868186951
Bearing1_3,18,0.9793597459793091,0.7888432741165161
Bearing1_3,19,0.9789385199546814,0.7913501858711243
Bearing1_3,20,0.9785172939300537,0.789598286151886
Bearing1_3,21,0.978096067905426,0.7883150577545166
Bearing1_3,22,0.9776747822761536,0.7867352366447449
Bearing1_3,23,0.9772535562515259,0.7862923741340637
Bearing1_3,24,0.9768323302268982,0.7863419651985168
Bearing1_3,25,0.9764111042022705,0.7872343063354492
Bearing1_3,26,0.9759898781776428,0.7895583510398865
Bearing1_3,27,0.9755686521530151,0.7929645776748657
Bearing1_3,28,0.9751474261283875,0.796893298625946
Bearing1_3,29,0.9747262001037598,0.8001062870025635
Bearing1_3,30,0.9743049740791321,0.8037859797477722
Bearing1_3,31,0.9738837480545044,0.8052456378936768
Bearing1_3,32,0.9734625220298767,0.8101629614830017
Bearing1_3,33,0.973041296005249,0.814483106136322
Bearing1_3,34,0.9726200699806213,0.8123786449432373
Bearing1_3,35,0.9721988439559937,0.8168675899505615
Bearing1_3,36,0.971777617931366,0.8183287382125854
Bearing1_3,37,0.9713563323020935,0.8182151317596436
Bearing1_3,38,0.9709351062774658,0.8225882649421692
Bearing1_3,39,0.9705138802528381,0.8237224817276001
Bearing1_3,40,0.9700926542282104,0.8279143571853638
Bearing1_3,41,0.9696714282035828,0.826211154460907
Bearing1_3,42,0.9692502021789551,0.8300865888595581
Bearing1_3,43,0.9688289761543274,0.832746684551239
Bearing1_3,44,0.9684077501296997,0.8380038738250732
Bearing1_3,45,0.967986524105072,0.8414449691772461
Bearing1_3,46,0.9675652980804443,0.8435420393943787
Bearing1_3,47,0.9671440720558167,0.846612811088562
Bearing1_3,48,0.966722846031189,0.8489789366722107
Bearing1_3,49,0.9663016200065613,0.8493390679359436
Bearing1_3,50,0.9658803939819336,0.8531737923622131
Bearing1_3,51,0.9654591679573059,0.8563393950462341
Bearing1_3,52,0.9650378823280334,0.856530487537384
Bearing1_3,53,0.9646166563034058,0.8609621524810791
Bearing1_3,54,0.9641954302787781,0.8629579544067383
Bearing1_3,55,0.9637742042541504,0.8616372346878052
Bearing1_3,56,0.9633529782295227,0.8629845976829529
Bearing1_3,57,0.962931752204895,0.8653347492218018
Bearing1_3,58,0.9625105261802673,0.86665278673172
Bearing1_3,59,0.9620893001556396,0.8641271591186523
Bearing1_3,60,0.961668074131012,0.8625172972679138
Bearing1_3,61,0.9612468481063843,0.8633692860603333
Bearing1_3,62,0.9608256220817566,0.8618112802505493
Bearing1_3,63,0.9604043960571289,0.8587577939033508
Bearing1_3,64,0.9599831700325012,0.8573511242866516
Bearing1_3,65,0.9595619440078735,0.8537799119949341
Bearing1_3,66,0.9591407179832458,0.8551095724105835
Bearing1_3,67,0.9587194323539734,0.8548503518104553
Bearing1_3,68,0.9582982063293457,0.8552367091178894
Bearing1_3,69,0.957876980304718,0.8534073233604431
Bearing1_3,70,0.9574557542800903,0.8525224924087524
Bearing1_3,71,0.9570345282554626,0.8531461954116821
Bearing1_3,72,0.956613302230835,0.8547624349594116
Bearing1_3,73,0.9561920762062073,0.8533428907394409
Bearing1_3,74,0.9557708501815796,0.8529600501060486
Bearing1_3,75,0.9553496241569519,0.8528943061828613
Bearing1_3,76,0.9549283981323242,0.8553693294525146
Bearing1_3,77,0.9545071721076965,0.8568720817565918
Bearing1_3,78,0.9540859460830688,0.858790397644043
Bearing1_3,79,0.9536647200584412,0.8582075238227844
Bearing1_3,80,0.9532434940338135,0.8611104488372803
Bearing1_3,81,0.9528222680091858,0.8579308986663818
Bearing1_3,82,0.9524009823799133,0.8563501238822937
Bearing1_3,83,0.9519797563552856,0.8526973724365234
Bearing1_3,84,0.951558530330658,0.851108968257904
Bearing1_3,85,0.9511373043060303,0.8437049984931946
Bearing1_3,86,0.9507160782814026,0.8413050174713135
Bearing1_3,87,0.9502948522567749,0.8374874591827393
Bearing1_3,88,0.9498736262321472,0.8344501256942749
Bearing1_3,89,0.9494524002075195,0.8278777599334717
Bearing1_3,90,0.9490311741828918,0.8227365612983704
Bearing1_3,91,0.9486099481582642,0.8202596306800842
Bearing1_3,92,0.9481887221336365,0.820701003074646
Bearing1_3,93,0.9477674961090088,0.8185836672782898
Bearing1_3,94,0.9473462700843811,0.813084065914154
Bearing1_3,95,0.9469250440597534,0.8161078095436096
Bearing1_3,96,0.9465038180351257,0.8151987791061401
Bearing1_3,97,0.9460825324058533,0.8163319826126099
Bearing1_3,98,0.9456613063812256,0.8182286620140076
Bearing1_3,99,0.9452400803565979,0.812485933303833
Bearing1_3,100,0.9448188543319702,0.809556782245636
Bearing1_3,101,0.9443976283073425,0.8118082880973816
Bearing1_3,102,0.9439764022827148,0.813751220703125
Bearing1_3,103,0.9435551762580872,0.812820315361023
Bearing1_3,104,0.9431339502334595,0.8127680420875549
Bearing1_3,105,0.9427127242088318,0.8121802806854248
Bearing1_3,106,0.9422914981842041,0.8104251027107239
Bearing1_3,107,0.9418702721595764,0.8108659982681274
Bearing1_3,108,0.9414490461349487,0.8109958171844482
Bearing1_3,109,0.941027820110321,0.8077311515808105
Bearing1_3,110,0.9406065940856934,0.8088973760604858
Bearing1_3,111,0.9401853680610657,0.8116211891174316
Bearing1_3,112,0.9397640824317932,0.8141940832138062
Bearing1_3,113,0.9393428564071655,0.8113837838172913
Bearing1_3,114,0.9389216303825378,0.8142386078834534
Bearing1_3,115,0.9385004043579102,0.8227766156196594
Bearing1_3,116,0.9380791783332825,0.8288942575454712
Bearing1_3,117,0.9376579523086548,0.8332907557487488
Bearing1_3,118,0.9372367262840271,0.8341773152351379
Bearing1_3,119,0.9368155002593994,0.8323397636413574
Bearing1_3,120,0.9363942742347717,0.8278411626815796
Bearing1_3,121,0.935973048210144,0.8305243849754333
Bearing1_3,122,0.9355518221855164,0.8329269289970398
Bearing1_3,123,0.9351305961608887,0.8338722586631775
Bearing1_3,124,0.934709370136261,0.8357709646224976
Bearing1_3,125,0.9342881441116333,0.8313184380531311
Bearing1_3,126,0.9338669180870056,0.8327891826629639
Bearing1_3,127,0.9334456324577332,0.8313421607017517
Bearing1_3,128,0.9330244064331055,0.8345766663551331
Bearing1_3,129,0.9326031804084778,0.8352182507514954
Bearing1_3,130,0.9321819543838501,0.8380597233772278
Bearing1_3,131,0.9317607283592224,0.8392994999885559
Bearing1_3,132,0.9313395023345947,0.8383963108062744
Bearing1_3,133,0.930918276309967,0.8363233804702759
Bearing1_3,134,0.9304970502853394,0.8336372375488281
Bearing1_3,135,0.9300758242607117,0.8386805653572083
Bearing1_3,136,0.929654598236084,0.8374031186103821
Bearing1_3,137,0.9292333722114563,0.8411897420883179
Bearing1_3,138,0.9288121461868286,0.8412107825279236
Bearing1_3,139,0.9283909201622009,0.8389555811882019
Bearing1_3,140,0.9279696941375732,0.8381553888320923
Bearing1_3,141,0.9275484681129456,0.8394768238067627
Bearing1_3,142,0.9271271824836731,0.8376405835151672
Bearing1_3,143,0.9267059564590454,0.8390730023384094
Bearing1_3,144,0.9262847304344177,0.8353952169418335
Bearing1_3,145,0.92586350440979,0.8386693596839905
Bearing1_3,146,0.9254422783851624,0.8396978974342346
Bearing1_3,147,0.9250210523605347,0.8352757692337036
Bearing1_3,148,0.924599826335907,0.8365002870559692
Bearing1_3,149,0.9241786003112793,0.8391357064247131
Bearing1_3,150,0.9237573742866516,0.8432818651199341
Bearing1_3,151,0.9233361482620239,0.8501728773117065
Bearing1_3,152,0.9229149222373962,0.8518628478050232
Bearing1_3,153,0.9224936962127686,0.8555393815040588
Bearing1_3,154,0.9220724701881409,0.8524139523506165
Bearing1_3,155,0.9216512441635132,0.8509297966957092
Bearing1_3,156,0.9212300181388855,0.852217972278595
Bearing1_3,157,0.920808732509613,0.8595038652420044
Bearing1_3,158,0.9203875064849854,0.859198272228241
Bearing1_3,159,0.9199662804603577,0.8605787754058838
Bearing1_3,160,0.91954505443573,0.8627721667289734
Bearing1_3,161,0.9191238284111023,0.8649242520332336
Bearing1_3,162,0.9187026023864746,0.8633865714073181
Bearing1_3,163,0.9182813763618469,0.8655576109886169
Bearing1_3,164,0.9178601503372192,0.8686352968215942
Bearing1_3,165,0.9174389243125916,0.870180606842041
Bearing1_3,166,0.9170176982879639,0.8697659969329834
Bearing1_3,167,0.9165964722633362,0.8688737154006958
Bearing1_3,168,0.9161752462387085,0.8743791580200195
Bearing1_3,169,0.9157540202140808,0.8730190396308899
Bearing1_3,170,0.9153327941894531,0.8750870227813721
Bearing1_3,171,0.9149115681648254,0.8783527612686157
Bearing1_3,172,0.914490282535553,0.8785922527313232
Bearing1_3,173,0.9140690565109253,0.8768194317817688
Bearing1_3,174,0.9136478304862976,0.8787636160850525
Bearing1_3,175,0.9132266044616699,0.8792518973350525
Bearing1_3,176,0.9128053784370422,0.8807888031005859
Bearing1_3,177,0.9123841524124146,0.8777498602867126
Bearing1_3,178,0.9119629263877869,0.8750093579292297
Bearing1_3,179,0.9115417003631592,0.8761516809463501
Bearing1_3,180,0.9111204743385315,0.8751093149185181
Bearing1_3,181,0.9106992483139038,0.8748720288276672
Bearing1_3,182,0.9102780222892761,0.8737180233001709
Bearing1_3,183,0.9098567962646484,0.8719856142997742
Bearing1_3,184,0.9094355702400208,0.8722177147865295
Bearing1_3,185,0.9090143442153931,0.8706533908843994
Bearing1_3,186,0.9085931181907654,0.8726485371589661
Bearing1_3,187,0.9081718325614929,0.8704087734222412
Bearing1_3,188,0.9077506065368652,0.8642245531082153
Bearing1_3,189,0.9073293805122375,0.8582026958465576
Bearing1_3,190,0.9069081544876099,0.8574562668800354
Bearing1_3,191,0.9064869284629822,0.8596484661102295
Bearing1_3,192,0.9060657024383545,0.8533741235733032
Bearing1_3,193,0.9056444764137268,0.857915461063385
Bearing1_3,194,0.9052232503890991,0.8572806119918823
Bearing1_3,195,0.9048020243644714,0.8548629879951477
Bearing1_3,196,0.9043807983398438,0.8494892120361328
Bearing1_3,197,0.9039595723152161,0.8455328941345215
Bearing1_3,198,0.9035383462905884,0.8473648428916931
Bearing1_3,199,0.9031171202659607,0.8437265157699585
Bearing1_3,200,0.902695894241333,0.8436086177825928
Bearing1_3,201,0.9022746682167053,0.8509819507598877
Bearing1_3,202,0.9018533825874329,0.8498125076293945
Bearing1_3,203,0.9014321565628052,0.8523838520050049
Bearing1_3,204,0.9010109305381775,0.8588597178459167
Bearing1_3,205,0.9005897045135498,0.8588874936103821
Bearing1_3,206,0.9001684784889221,0.8583855628967285
Bearing1_3,207,0.8997472524642944,0.8615897297859192
Bearing1_3,208,0.8993260264396667,0.8640691637992859
Bearing1_3,209,0.8989048004150391,0.8611447215080261
Bearing1_3,210,0.8984835743904114,0.8684366345405579
Bearing1_3,211,0.8980623483657837,0.8670069575309753
Bearing1_3,212,0.897641122341156,0.8686913251876831
Bearing1_3,213,0.8972198963165283,0.8711869120597839
Bearing1_3,214,0.8967986702919006,0.8708073496818542
Bearing1_3,215,0.896377444267273,0.8739486336708069
Bearing1_3,216,0.8959562182426453,0.8741587996482849
Bearing1_3,217,0.8955349326133728,0.8738051652908325
Bearing1_3,218,0.8951137065887451,0.8767068386077881
Bearing1_3,219,0.8946924805641174,0.8754598498344421
Bearing1_3,220,0.8942712545394897,0.8755745887756348
Bearing1_3,221,0.8938500285148621,0.8790134191513062
Bearing1_3,222,0.8934288024902344,0.8808943629264832
Bearing1_3,223,0.8930075764656067,0.8795769214630127
Bearing1_3,224,0.892586350440979,0.8806084990501404
Bearing1_3,225,0.8921651244163513,0.88376384973526
Bearing1_3,226,0.8917438983917236,0.8809773325920105
Bearing1_3,227,0.891322672367096,0.8846710324287415
Bearing1_3,228,0.8909014463424683,0.8845587968826294
Bearing1_3,229,0.8904802203178406,0.8848509192466736
Bearing1_3,230,0.8900589942932129,0.8808245062828064
Bearing1_3,231,0.8896377682685852,0.8826910853385925
Bearing1_3,232,0.8892164826393127,0.8812419176101685
Bearing1_3,233,0.8887952566146851,0.8793839812278748
Bearing1_3,234,0.8883740305900574,0.8740761876106262
Bearing1_3,235,0.8879528045654297,0.8679526448249817
Bearing1_3,236,0.887531578540802,0.8690016865730286
Bearing1_3,237,0.8871103525161743,0.8690212368965149
Bearing1_3,238,0.8866891264915466,0.87202388048172
Bearing1_3,239,0.886267900466919,0.8695084452629089
Bearing1_3,240,0.8858466744422913,0.8699954748153687
Bearing1_3,241,0.8854254484176636,0.867207944393158
Bearing1_3,242,0.8850042223930359,0.8662031888961792
Bearing1_3,243,0.8845829963684082,0.8690295815467834
Bearing1_3,244,0.8841617703437805,0.8673565983772278
Bearing1_3,245,0.8837405443191528,0.865801215171814
Bearing1_3,246,0.8833193182945251,0.863743007183075
Bearing1_3,247,0.8828980326652527,0.8617990612983704
Bearing1_3,248,0.882476806640625,0.8573274612426758
Bearing1_3,249,0.8820555806159973,0.8575819730758667
Bearing1_3,250,0.8816343545913696,0.8537012934684753
Bearing1_3,251,0.8812131285667419,0.8416255116462708
Bearing1_3,252,0.8807919025421143,0.8397013545036316
Bearing1_3,253,0.8803706765174866,0.837330162525177
Bearing1_3,254,0.8799494504928589,0.8315197229385376
Bearing1_3,255,0.8795282244682312,0.8283445239067078
Bearing1_3,256,0.8791069984436035,0.8282084465026855
Bearing1_3,257,0.8786857724189758,0.8213747143745422
Bearing1_3,258,0.8782645463943481,0.823881208896637
Bearing1_3,259,0.8778433203697205,0.8198822736740112
Bearing1_3,260,0.8774220943450928,0.8218004703521729
Bearing1_3,261,0.8770008683204651,0.8253834247589111
Bearing1_3,262,0.8765795826911926,0.8255513310432434
Bearing1_3,263,0.8761583566665649,0.8232002258300781
Bearing1_3,264,0.8757371306419373,0.8226049542427063
Bearing1_3,265,0.8753159046173096,0.8211532831192017
Bearing1_3,266,0.8748946785926819,0.8233083486557007
Bearing1_3,267,0.8744734525680542,0.821887195110321
Bearing1_3,268,0.8740522265434265,0.8237214684486389
Bearing1_3,269,0.8736310005187988,0.8238315582275391
Bearing1_3,270,0.8732097744941711,0.8239869475364685
Bearing1_3,271,0.8727885484695435,0.825504720211029
Bearing1_3,272,0.8723673224449158,0.8278279304504395
Bearing1_3,273,0.8719460964202881,0.8344172835350037
Bearing1_3,274,0.8715248703956604,0.8320534229278564
Bearing1_3,275,0.8711036443710327,0.8320314884185791
Bearing1_3,276,0.870682418346405,0.833404004573822
Bearing1_3,277,0.8702611923217773,0.8367223143577576
Bearing1_3,278,0.8698399066925049,0.8386427760124207
Bearing1_3,279,0.8694186806678772,0.840233564376831
Bearing1_3,280,0.8689974546432495,0.8415317535400391
Bearing1_3,281,0.8685762286186218,0.8419560194015503
Bearing1_3,282,0.8681550025939941,0.8454594612121582
Bearing1_3,283,0.8677337765693665,0.8440992832183838
Bearing1_3,284,0.8673125505447388,0.845967710018158
Bearing1_3,285,0.8668913245201111,0.8416747450828552
Bearing1_3,286,0.8664700984954834,0.8406067490577698
Bearing1_3,287,0.8660488724708557,0.8394573330879211
Bearing1_3,288,0.865627646446228,0.8400810360908508
Bearing1_3,289,0.8652064204216003,0.8443434834480286
Bearing1_3,290,0.8647851943969727,0.8452789783477783
Bearing1_3,291,0.864363968372345,0.8463504910469055
Bearing1_3,292,0.8639427423477173,0.8459746837615967
Bearing1_3,293,0.8635214567184448,0.847518265247345
Bearing1_3,294,0.8631002306938171,0.8489809632301331
Bearing1_3,295,0.8626790046691895,0.8509558439254761
Bearing1_3,296,0.8622577786445618,0.8528317809104919
Bearing1_3,297,0.8618365526199341,0.8510478138923645
Bearing1_3,298,0.8614153265953064,0.8492112159729004
Bearing1_3,299,0.8609941005706787,0.8525000214576721
Bearing1_3,300,0.860572874546051,0.8491191864013672
Bearing1_3,301,0.8601516485214233,0.852092444896698
Bearing1_3,302,0.8597304224967957,0.8516576290130615
Bearing1_3,303,0.859309196472168,0.8499886989593506
Bearing1_3,304,0.8588879704475403,0.8467370867729187
Bearing1_3,305,0.8584667444229126,0.8467377424240112
Bearing1_3,306,0.8580455183982849,0.8496838212013245
Bearing1_3,307,0.8576242923736572,0.8504912853240967
Bearing1_3,308,0.8572030067443848,0.8525440692901611
Bearing1_3,309,0.8567817807197571,0.8535573482513428
Bearing1_3,310,0.8563605546951294,0.8560571670532227
Bearing1_3,311,0.8559393286705017,0.8546152114868164
Bearing1_3,312,0.855518102645874,0.8571887612342834
Bearing1_3,313,0.8550968766212463,0.8551421761512756
Bearing1_3,314,0.8546756505966187,0.8561760783195496
Bearing1_3,315,0.854254424571991,0.8511042594909668
Bearing1_3,316,0.8538331985473633,0.8515220880508423
Bearing1_3,317,0.8534119725227356,0.8516861796379089
Bearing1_3,318,0.8529907464981079,0.8536398410797119
Bearing1_3,319,0.8525695204734802,0.8501916527748108
Bearing1_3,320,0.8521482944488525,0.8457346558570862
Bearing1_3,321,0.8517270684242249,0.8458634614944458
Bearing1_3,322,0.8513058423995972,0.8393892645835876
Bearing1_3,323,0.8508845567703247,0.8338277339935303
Bearing1_3,324,0.850463330745697,0.8330178260803223
Bearing1_3,325,0.8500421047210693,0.829668402671814
Bearing1_3,326,0.8496208786964417,0.8239967823028564
Bearing1_3,327,0.849199652671814,0.821235179901123
Bearing1_3,328,0.8487784266471863,0.8166506886482239
Bearing1_3,329,0.8483572006225586,0.8169564604759216
Bearing1_3,330,0.8479359745979309,0.8167892098426819
Bearing1_3,331,0.8475147485733032,0.8169566988945007
Bearing1_3,332,0.8470935225486755,0.8244141936302185
Bearing1_3,333,0.8466722965240479,0.8248485326766968
Bearing1_3,334,0.8462510704994202,0.8286824822425842
Bearing1_3,335,0.8458298444747925,0.8276276588439941
Bearing1_3,336,0.8454086184501648,0.8309352397918701
Bearing1_3,337,0.8449873924255371,0.821653425693512
Bearing1_3,338,0.8445661067962646,0.8240255117416382
Bearing1_3,339,0.844144880771637,0.8237439393997192
Bearing1_3,340,0.8437236547470093,0.8218468427658081
Bearing1_3,341,0.8433024287223816,0.8228088021278381
Bearing1_3,342,0.8428812026977539,0.8248437643051147
Bearing1_3,343,0.8424599766731262,0.8226662278175354
Bearing1_3,344,0.8420387506484985,0.8240882158279419
Bearing1_3,345,0.8416175246238708,0.8209598660469055
Bearing1_3,346,0.8411962985992432,0.824992835521698
Bearing1_3,347,0.8407750725746155,0.8239485025405884
Bearing1_3,348,0.8403538465499878,0.8259515762329102
Bearing1_3,349,0.8399326205253601,0.833048939704895
Bearing1_3,350,0.8395113945007324,0.8355107307434082
Bearing1_3,351,0.8390901684761047,0.8372047543525696
Bearing1_3,352,0.838668942451477,0.8400481343269348
Bearing1_3,353,0.8382476568222046,0.8387793302536011
Bearing1_3,354,0.8378264307975769,0.841870903968811
Bearing1_3,355,0.8374052047729492,0.8441212773323059
Bearing1_3,356,0.8369839787483215,0.8446275591850281
Bearing1_3,357,0.8365627527236938,0.8420100212097168
Bearing1_3,358,0.8361415266990662,0.8444726467132568
Bearing1_3,359,0.8357203006744385,0.8389020562171936
Bearing1_3,360,0.8352990746498108,0.8393856883049011
Bearing1_3,361,0.8348778486251831,0.8382019996643066
Bearing1_3,362,0.8344566226005554,0.8347896933555603
Bearing1_3,363,0.8340353965759277,0.8310989737510681
Bearing1_3,364,0.8336141705513,0.8270334005355835
Bearing1_3,365,0.8331929445266724,0.822597861289978
Bearing1_3,366,0.8327717185020447,0.8202947974205017
Bearing1_3,367,0.832350492477417,0.8158392906188965
Bearing1_3,368,0.8319292068481445,0.8142898678779602
Bearing1_3,369,0.8315079808235168,0.8194160461425781
Bearing1_3,370,0.8310867547988892,0.8184892535209656
Bearing1_3,371,0.8306655287742615,0.8181148767471313
Bearing1_3,372,0.8302443027496338,0.8168656229972839
Bearing1_3,373,0.8298230767250061,0.817742109298706
Bearing1_3,374,0.8294018507003784,0.8206363320350647
Bearing1_3,375,0.8289806246757507,0.8210899233818054
Bearing1_3,376,0.828559398651123,0.8209080100059509
Bearing1_3,377,0.8281381726264954,0.8204013705253601
Bearing1_3,378,0.8277169466018677,0.8178806304931641
Bearing1_3,379,0.82729572057724,0.8145818710327148
Bearing1_3,380,0.8268744945526123,0.8063077330589294
Bearing1_3,381,0.8264532685279846,0.799294114112854
Bearing1_3,382,0.8260320425033569,0.7958198189735413
Bearing1_3,383,0.8256107568740845,0.792527437210083
Bearing1_3,384,0.8251895308494568,0.7864866256713867
Bearing1_3,385,0.8247683048248291,0.7835983037948608
Bearing1_3,386,0.8243470788002014,0.7813866138458252
Bearing1_3,387,0.8239258527755737,0.7794198393821716
Bearing1_3,388,0.823504626750946,0.7825354337692261
Bearing1_3,389,0.8230834007263184,0.7864061594009399
Bearing1_3,390,0.8226621747016907,0.7819568514823914
Bearing1_3,391,0.822240948677063,0.7852261066436768
Bearing1_3,392,0.8218197226524353,0.7890893220901489
Bearing1_3,393,0.8213984966278076,0.7890474200248718
Bearing1_3,394,0.8209772706031799,0.787773847579956
Bearing1_3,395,0.8205560445785522,0.7866969108581543
Bearing1_3,396,0.8201348185539246,0.7921465039253235
Bearing1_3,397,0.8197135925292969,0.7957821488380432
Bearing1_3,398,0.8192923069000244,0.7948243021965027
Bearing1_3,399,0.8188710808753967,0.8023660778999329
Bearing1_3,400,0.818449854850769,0.8014888167381287
Bearing1_3,401,0.8180286288261414,0.8017975687980652
Bearing1_3,402,0.8176074028015137,0.804721474647522
Bearing1_3,403,0.817186176776886,0.8086116909980774
Bearing1_3,404,0.8167649507522583,0.8133487105369568
Bearing1_3,405,0.8163437247276306,0.8182870149612427
Bearing1_3,406,0.8159224987030029,0.8239473700523376
Bearing1_3,407,0.8155012726783752,0.8262748718261719
Bearing1_3,408,0.8150800466537476,0.8286236524581909
Bearing1_3,409,0.8146588206291199,0.8336660861968994
Bearing1_3,410,0.8142375946044922,0.8352489471435547
Bearing1_3,411,0.8138163685798645,0.8399139046669006
Bearing1_3,412,0.8133951425552368,0.8383452892303467
Bearing1_3,413,0.8129738569259644,0.8399208784103394
Bearing1_3,414,0.8125526309013367,0.8401987552642822
Bearing1_3,415,0.812131404876709,0.8382992148399353
Bearing1_3,416,0.8117101788520813,0.8402612805366516
Bearing1_3,417,0.8112889528274536,0.8413424491882324
Bearing1_3,418,0.8108677268028259,0.8434896469116211
Bearing1_3,419,0.8104465007781982,0.8455460071563721
Bearing1_3,420,0.8100252747535706,0.8477264046669006
Bearing1_3,421,0.8096040487289429,0.8488444089889526
Bearing1_3,422,0.8091828227043152,0.8531588315963745
Bearing1_3,423,0.8087615966796875,0.8524478673934937
Bearing1_3,424,0.8083403706550598,0.8543933033943176
Bearing1_3,425,0.8079191446304321,0.8556100726127625
Bearing1_3,426,0.8074979186058044,0.8552513718605042
Bearing1_3,427,0.8070766925811768,0.8579087853431702
Bearing1_3,428,0.8066554069519043,0.8557231426239014
Bearing1_3,429,0.8062341809272766,0.8516780138015747
Bearing1_3,430,0.8058129549026489,0.8563089370727539
Bearing1_3,431,0.8053917288780212,0.8528481125831604
Bearing1_3,432,0.8049705028533936,0.8521643877029419
Bearing1_3,433,0.8045492768287659,0.8491049408912659
Bearing1_3,434,0.8041280508041382,0.8474631309509277
Bearing1_3,435,0.8037068247795105,0.8402805924415588
Bearing1_3,436,0.8032855987548828,0.8353778719902039
Bearing1_3,437,0.8028643727302551,0.8353543281555176
Bearing1_3,438,0.8024431467056274,0.8339859843254089
Bearing1_3,439,0.8020219206809998,0.8349239826202393
Bearing1_3,440,0.8016006946563721,0.8376425504684448
Bearing1_3,441,0.8011794686317444,0.8413723707199097
Bearing1_3,442,0.8007582426071167,0.841722309589386
Bearing1_3,443,0.8003369569778442,0.8427338600158691
Bearing1_3,444,0.7999157309532166,0.8406840562820435
Bearing1_3,445,0.7994945049285889,0.8411020636558533
Bearing1_3,446,0.7990732789039612,0.8427468538284302
Bearing1_3,447,0.7986520528793335,0.841566264629364
Bearing1_3,448,0.7982308268547058,0.8382392525672913
Bearing1_3,449,0.7978096008300781,0.8327142000198364
Bearing1_3,450,0.7973883748054504,0.8341200947761536
Bearing1_3,451,0.7969671487808228,0.8295376300811768
Bearing1_3,452,0.7965459227561951,0.8255499601364136
Bearing1_3,453,0.7961246967315674,0.8241298198699951
Bearing1_3,454,0.7957034707069397,0.8240609169006348
Bearing1_3,455,0.795282244682312,0.8263344168663025
Bearing1_3,456,0.7948610186576843,0.8238762021064758
Bearing1_3,457,0.7944397926330566,0.8254178166389465
Bearing1_3,458,0.7940185070037842,0.8235957622528076
Bearing1_3,459,0.7935972809791565,0.8194591403007507
Bearing1_3,460,0.7931760549545288,0.8197768926620483
Bearing1_3,461,0.7927548289299011,0.8204996585845947
Bearing1_3,462,0.7923336029052734,0.8154796361923218
Bearing1_3,463,0.7919123768806458,0.8095080256462097
Bearing1_3,464,0.7914911508560181,0.8048985600471497
Bearing1_3,465,0.7910699248313904,0.7994697093963623
Bearing1_3,466,0.7906486988067627,0.7997801899909973
Bearing1_3,467,0.790227472782135,0.8018379211425781
Bearing1_3,468,0.7898062467575073,0.8011348247528076
Bearing1_3,469,0.7893850207328796,0.8051668405532837
Bearing1_3,470,0.788963794708252,0.8049567937850952
Bearing1_3,471,0.7885425686836243,0.8034569025039673
Bearing1_3,472,0.7881213426589966,0.8012638092041016
Bearing1_3,473,0.7877000570297241,0.8016524314880371
Bearing1_3,474,0.7872788310050964,0.8038992285728455
Bearing1_3,475,0.7868576049804688,0.8054137229919434
Bearing1_3,476,0.7864363789558411,0.8086816072463989
Bearing1_3,477,0.7860151529312134,0.8155800700187683
Bearing1_3,478,0.7855939269065857,0.8156976699829102
Bearing1_3,479,0.785172700881958,0.8205311298370361
Bearing1_3,480,0.7847514748573303,0.8260153532028198
Bearing1_3,481,0.7843302488327026,0.8278996348381042
Bearing1_3,482,0.783909022808075,0.8315029740333557
Bearing1_3,483,0.7834877967834473,0.8310109972953796
Bearing1_3,484,0.7830665707588196,0.8296952247619629
Bearing1_3,485,0.7826453447341919,0.8297814130783081
Bearing1_3,486,0.7822241187095642,0.8282487988471985
Bearing1_3,487,0.7818028926849365,0.8313198685646057
Bearing1_3,488,0.7813816070556641,0.8327308893203735
Bearing1_3,489,0.7809603810310364,0.8303042054176331
Bearing1_3,490,0.7805391550064087,0.8289285898208618
Bearing1_3,491,0.780117928981781,0.8249580264091492
Bearing1_3,492,0.7796967029571533,0.8183145523071289
Bearing1_3,493,0.7792754769325256,0.8151241540908813
Bearing1_3,494,0.778854250907898,0.8139351606369019
Bearing1_3,495,0.7784330248832703,0.8139215707778931
Bearing1_3,496,0.7780117988586426,0.8131197690963745
Bearing1_3,497,0.7775905728340149,0.8125278949737549
Bearing1_3,498,0.7771693468093872,0.8092936873435974
Bearing1_3,499,0.7767481207847595,0.8058667778968811
Bearing1_3,500,0.7763268947601318,0.8054895997047424
Bearing1_3,501,0.7759056687355042,0.7979393005371094
Bearing1_3,502,0.7754844427108765,0.7998082637786865
Bearing1_3,503,0.775063157081604,0.7966820597648621
Bearing1_3,504,0.7746419310569763,0.795885443687439
Bearing1_3,505,0.7742207050323486,0.7957379221916199
Bearing1_3,506,0.773799479007721,0.7940547466278076
Bearing1_3,507,0.7733782529830933,0.7956456542015076
Bearing1_3,508,0.7729570269584656,0.7944310307502747
Bearing1_3,509,0.7725358009338379,0.7882696390151978
Bearing1_3,510,0.7721145749092102,0.7892152667045593
Bearing1_3,511,0.7716933488845825,0.7905316352844238
Bearing1_3,512,0.7712721228599548,0.790910005569458
Bearing1_3,513,0.7708508968353271,0.7955344319343567
Bearing1_3,514,0.7704296708106995,0.797415554523468
Bearing1_3,515,0.7700084447860718,0.7989308834075928
Bearing1_3,516,0.7695872187614441,0.8049943447113037
Bearing1_3,517,0.7691659927368164,0.8089726567268372
Bearing1_3,518,0.768744707107544,0.810648500919342
Bearing1_3,519,0.7683234810829163,0.8109784126281738
Bearing1_3,520,0.7679022550582886,0.8135959506034851
Bearing1_3,521,0.7674810290336609,0.8181571960449219
Bearing1_3,522,0.7670598030090332,0.8183891773223877
Bearing1_3,523,0.7666385769844055,0.8200874924659729
Bearing1_3,524,0.7662173509597778,0.8183988928794861
Bearing1_3,525,0.7657961249351501,0.8183612823486328
Bearing1_3,526,0.7653748989105225,0.818722128868103
Bearing1_3,527,0.7649536728858948,0.8174848556518555
Bearing1_3,528,0.7645324468612671,0.8186475038528442
Bearing1_3,529,0.7641112208366394,0.8209477066993713
Bearing1_3,530,0.7636899948120117,0.8164619207382202
Bearing1_3,531,0.763268768787384,0.815207302570343
Bearing1_3,532,0.7628475427627563,0.8168051242828369
Bearing1_3,533,0.7624262571334839,0.821440577507019
Bearing1_3,534,0.7620050311088562,0.8220775723457336
Bearing1_3,535,0.7615838050842285,0.820882260799408
Bearing1_3,536,0.7611625790596008,0.8230891227722168
Bearing1_3,537,0.7607413530349731,0.8259686827659607
Bearing1_3,538,0.7603201270103455,0.8229444026947021
Bearing1_3,539,0.7598989009857178,0.8260446190834045
Bearing1_3,540,0.7594776749610901,0.8250756859779358
Bearing1_3,541,0.7590564489364624,0.8270900845527649
Bearing1_3,542,0.7586352229118347,0.8298381567001343
Bearing1_3,543,0.758213996887207,0.8299333453178406
Bearing1_3,544,0.7577927708625793,0.8331624865531921
Bearing1_3,545,0.7573715448379517,0.8314744234085083
Bearing1_3,546,0.756950318813324,0.8281853199005127
Bearing1_3,547,0.7565290927886963,0.8256778717041016
Bearing1_3,548,0.7561078071594238,0.8232120275497437
Bearing1_3,549,0.7556865811347961,0.825246274471283
Bearing1_3,550,0.7552653551101685,0.8243077397346497
Bearing1_3,551,0.7548441290855408,0.8215602040290833
Bearing1_3,552,0.7544229030609131,0.8188349008560181
Bearing1_3,553,0.7540016770362854,0.8146424293518066
Bearing1_3,554,0.7535804510116577,0.8087362051010132
Bearing1_3,555,0.75315922498703,0.8058434724807739
Bearing1_3,556,0.7527379989624023,0.8075369000434875
Bearing1_3,557,0.7523167729377747,0.8051207661628723
Bearing1_3,558,0.751895546913147,0.8033860921859741
Bearing1_3,559,0.7514743208885193,0.7988884449005127
Bearing1_3,560,0.7510530948638916,0.7961957454681396
Bearing1_3,561,0.7506318688392639,0.7881290316581726
Bearing1_3,562,0.7502106428146362,0.7893088459968567
Bearing1_3,563,0.7497893571853638,0.7866068482398987
Bearing1_3,564,0.7493681311607361,0.7858151793479919
Bearing1_3,565,0.7489469051361084,0.7820813655853271
Bearing1_3,566,0.7485256791114807,0.7868245244026184
Bearing1_3,567,0.748104453086853,0.7924922108650208
Bearing1_3,568,0.7476832270622253,0.7965243458747864
Bearing1_3,569,0.7472620010375977,0.7958199381828308
Bearing1_3,570,0.74684077501297,0.7988508343696594
Bearing1_3,571,0.7464195489883423,0.7994303107261658
Bearing1_3,572,0.7459983229637146,0.795227587223053
Bearing1_3,573,0.7455770969390869,0.7956109642982483
Bearing1_3,574,0.7451558709144592,0.7951671481132507
Bearing1_3,575,0.7447346448898315,0.7912358641624451
Bearing1_3,576,0.7443134188652039,0.788155198097229
Bearing1_3,577,0.7438921928405762,0.7874922156333923
Bearing1_3,578,0.7434709072113037,0.7860771417617798
Bearing1_3,579,0.743049681186676,0.7859867811203003
Bearing1_3,580,0.7426284551620483,0.7887868285179138
Bearing1_3,581,0.7422072291374207,0.7866256833076477
Bearing1_3,582,0.741786003112793,0.7885034680366516
Bearing1_3,583,0.7413647770881653,0.7950781583786011
Bearing1_3,584,0.7409435510635376,0.7922189831733704
Bearing1_3,585,0.7405223250389099,0.7944416403770447
Bearing1_3,586,0.7401010990142822,0.8011181354522705
Bearing1_3,587,0.7396798729896545,0.7981036901473999
Bearing1_3,588,0.7392586469650269,0.7968714237213135
Bearing1_3,589,0.7388374209403992,0.8003300428390503
Bearing1_3,590,0.7384161949157715,0.8064730167388916
Bearing1_3,591,0.7379949688911438,0.8066663146018982
Bearing1_3,592,0.7375737428665161,0.8105960488319397
Bearing1_3,593,0.7371524572372437,0.8123484253883362
Bearing1_3,594,0.736731231212616,0.8118599653244019
Bearing1_3,595,0.7363100051879883,0.8137475848197937
Bearing1_3,596,0.7358887791633606,0.8116392493247986
Bearing1_3,597,0.7354675531387329,0.8095811009407043
Bearing1_3,598,0.7350463271141052,0.8095582723617554
Bearing1_3,599,0.7346251010894775,0.8060289025306702
Bearing1_3,600,0.7342038750648499,0.8089721202850342
Bearing1_3,601,0.7337826490402222,0.8111968636512756
Bearing1_3,602,0.7333614230155945,0.8122739195823669
Bearing1_3,603,0.7329401969909668,0.8171249628067017
Bearing1_3,604,0.7325189709663391,0.8200518488883972
Bearing1_3,605,0.7320977449417114,0.8260015845298767
Bearing1_3,606,0.7316765189170837,0.8273438215255737
Bearing1_3,607,0.731255292892456,0.8314036130905151
Bearing1_3,608,0.7308340072631836,0.833649218082428
Bearing1_3,609,0.7304127812385559,0.8366453051567078
Bearing1_3,610,0.7299915552139282,0.8401476740837097
Bearing1_3,611,0.7295703291893005,0.8393428325653076
Bearing1_3,612,0.7291491031646729,0.8374797105789185
Bearing1_3,613,0.7287278771400452,0.8349889516830444
Bearing1_3,614,0.7283066511154175,0.835701584815979
Bearing1_3,615,0.7278854250907898,0.8299688696861267
Bearing1_3,616,0.7274641990661621,0.8287519216537476
Bearing1_3,617,0.7270429730415344,0.8241287469863892
Bearing1_3,618,0.7266217470169067,0.8218399882316589
Bearing1_3,619,0.726200520992279,0.8282134532928467
Bearing1_3,620,0.7257792949676514,0.8251436948776245
Bearing1_3,621,0.7253580689430237,0.8217155337333679
Bearing1_3,622,0.724936842918396,0.8161668181419373
Bearing1_3,623,0.7245155572891235,0.8133795857429504
Bearing1_3,624,0.7240943312644958,0.8113463521003723
Bearing1_3,625,0.7236731052398682,0.8073759078979492
Bearing1_3,626,0.7232518792152405,0.8024024963378906
Bearing1_3,627,0.7228306531906128,0.8040059208869934
Bearing1_3,628,0.7224094271659851,0.8040242791175842
Bearing1_3,629,0.7219882011413574,0.8056775331497192
Bearing1_3,630,0.7215669751167297,0.8041061758995056
Bearing1_3,631,0.721145749092102,0.8020810484886169
Bearing1_3,632,0.7207245230674744,0.8001638650894165
Bearing1_3,633,0.7203032970428467,0.7968981862068176
Bearing1_3,634,0.719882071018219,0.7935174703598022
Bearing1_3,635,0.7194608449935913,0.7897617220878601
Bearing1_3,636,0.7190396189689636,0.7896087765693665
Bearing1_3,637,0.7186183929443359,0.7903892993927002
Bearing1_3,638,0.7181971073150635,0.7930920720100403
Bearing1_3,639,0.7177758812904358,0.7902779579162598
Bearing1_3,640,0.7173546552658081,0.7914433479309082
Bearing1_3,641,0.7169334292411804,0.7912268042564392
Bearing1_3,642,0.7165122032165527,0.7926153540611267
Bearing1_3,643,0.716090977191925,0.7967528700828552
Bearing1_3,644,0.7156697511672974,0.7967557907104492
Bearing1_3,645,0.7152485251426697,0.7979345917701721
Bearing1_3,646,0.714827299118042,0.8008419275283813
Bearing1_3,647,0.7144060730934143,0.8056669235229492
Bearing1_3,648,0.7139848470687866,0.8117480278015137
Bearing1_3,649,0.7135636210441589,0.8154078722000122
Bearing1_3,650,0.7131423950195312,0.8147298693656921
Bearing1_3,651,0.7127211689949036,0.8185291290283203
Bearing1_3,652,0.7122999429702759,0.8228963613510132
Bearing1_3,653,0.7118786573410034,0.8247618079185486
Bearing1_3,654,0.7114574313163757,0.8279551267623901
Bearing1_3,655,0.711036205291748,0.8311236500740051
Bearing1_3,656,0.7106149792671204,0.83277827501297
Bearing1_3,657,0.7101937532424927,0.8317082524299622
Bearing1_3,658,0.709772527217865,0.834153413772583
Bearing1_3,659,0.7093513011932373,0.8329005837440491
Bearing1_3,660,0.7089300751686096,0.8339210748672485
Bearing1_3,661,0.7085088491439819,0.8321534991264343
Bearing1_3,662,0.7080876231193542,0.8287444710731506
Bearing1_3,663,0.7076663970947266,0.8291165828704834
Bearing1_3,664,0.7072451710700989,0.8273448944091797
Bearing1_3,665,0.7068239450454712,0.8291473388671875
Bearing1_3,666,0.7064027190208435,0.8301030397415161
Bearing1_3,667,0.7059814929962158,0.831648588180542
Bearing1_3,668,0.7055602073669434,0.8342810869216919
Bearing1_3,669,0.7051389813423157,0.8325557112693787
Bearing1_3,670,0.704717755317688,0.8299065828323364
Bearing1_3,671,0.7042965292930603,0.8324746489524841
Bearing1_3,672,0.7038753032684326,0.8320473432540894
Bearing1_3,673,0.7034540772438049,0.8294469714164734
Bearing1_3,674,0.7030328512191772,0.8303804397583008
Bearing1_3,675,0.7026116251945496,0.825438916683197
Bearing1_3,676,0.7021903991699219,0.8154888153076172
Bearing1_3,677,0.7017691731452942,0.8161838054656982
Bearing1_3,678,0.7013479471206665,0.8116533756256104
Bearing1_3,679,0.7009267210960388,0.8058440089225769
Bearing1_3,680,0.7005054950714111,0.7971317768096924
Bearing1_3,681,0.7000842690467834,0.7944679856300354
Bearing1_3,682,0.6996630430221558,0.7949186563491821
Bearing1_3,683,0.6992417573928833,0.7878426313400269
Bearing1_3,684,0.6988205313682556,0.7899411916732788
Bearing1_3,685,0.6983993053436279,0.7843893766403198
Bearing1_3,686,0.6979780793190002,0.7815529704093933
Bearing1_3,687,0.6975568532943726,0.7764925956726074
Bearing1_3,688,0.6971356272697449,0.7788215279579163
Bearing1_3,689,0.6967144012451172,0.7819603681564331
Bearing1_3,690,0.6962931752204895,0.7789407968521118
Bearing1_3,691,0.6958719491958618,0.7789331674575806
Bearing1_3,692,0.6954507231712341,0.7835297584533691
Bearing1_3,693,0.6950294971466064,0.7885530591011047
Bearing1_3,694,0.6946082711219788,0.7853575944900513
Bearing1_3,695,0.6941870450973511,0.7860828042030334
Bearing1_3,696,0.6937658190727234,0.7826415300369263
Bearing1_3,697,0.6933445930480957,0.7801203727722168
Bearing1_3,698,0.6929233074188232,0.7795621752738953
Bearing1_3,699,0.6925020813941956,0.777971625328064
Bearing1_3,700,0.6920808553695679,0.7833033204078674
Bearing1_3,701,0.6916596293449402,0.7819658517837524
Bearing1_3,702,0.6912384033203125,0.7862372398376465
Bearing1_3,703,0.6908171772956848,0.79139244556427
Bearing1_3,704,0.6903959512710571,0.7934201955795288
Bearing1_3,705,0.6899747252464294,0.7968663573265076
Bearing1_3,706,0.6895534992218018,0.8002991676330566
Bearing1_3,707,0.6891322731971741,0.8029427528381348
Bearing1_3,708,0.6887110471725464,0.8115271329879761
Bearing1_3,709,0.6882898211479187,0.8110410571098328
Bearing1_3,710,0.687868595123291,0.8081403970718384
Bearing1_3,711,0.6874473690986633,0.8094559907913208
Bearing1_3,712,0.6870261430740356,0.8125401735305786
Bearing1_3,713,0.6866048574447632,0.8134071230888367
Bearing1_3,714,0.6861836314201355,0.8098645806312561
Bearing1_3,715,0.6857624053955078,0.8094090223312378
Bearing1_3,716,0.6853411793708801,0.806611955165863
Bearing1_3,717,0.6849199533462524,0.8103337287902832
Bearing1_3,718,0.6844987273216248,0.8093132376670837
Bearing1_3,719,0.6840775012969971,0.810890257358551
Bearing1_3,720,0.6836562752723694,0.8076794743537903
Bearing1_3,721,0.6832350492477417,0.8065395355224609
Bearing1_3,722,0.682813823223114,0.8067284226417542
Bearing1_3,723,0.6823925971984863,0.8040696978569031
Bearing1_3,724,0.6819713711738586,0.7996337413787842
Bearing1_3,725,0.681550145149231,0.7989134788513184
Bearing1_3,726,0.6811289191246033,0.8005898594856262
Bearing1_3,727,0.6807076930999756,0.8039126992225647
Bearing1_3,728,0.6802864074707031,0.8021385669708252
Bearing1_3,729,0.6798651814460754,0.7985398173332214
Bearing1_3,730,0.6794439554214478,0.797702968120575
Bearing1_3,731,0.6790227293968201,0.8010182976722717
Bearing1_3,732,0.6786015033721924,0.7961128950119019
Bearing1_3,733,0.6781802773475647,0.7982016801834106
Bearing1_3,734,0.677759051322937,0.796809732913971
Bearing1_3,735,0.6773378252983093,0.7953482270240784
Bearing1_3,736,0.6769165992736816,0.7990497350692749
Bearing1_3,737,0.676495373249054,0.7948174476623535
Bearing1_3,738,0.6760741472244263,0.790664792060852
Bearing1_3,739,0.6756529211997986,0.790989100933075
Bearing1_3,740,0.6752316951751709,0.7870748043060303
Bearing1_3,741,0.6748104691505432,0.7839989066123962
Bearing1_3,742,0.6743892431259155,0.7878778576850891
Bearing1_3,743,0.6739679574966431,0.7860875129699707
Bearing1_3,744,0.6735467314720154,0.7830061316490173
Bearing1_3,745,0.6731255054473877,0.7851608395576477
Bearing1_3,746,0.67270427942276,0.7871963381767273
Bearing1_3,747,0.6722830533981323,0.7927989959716797
Bearing1_3,748,0.6718618273735046,0.7878372073173523
Bearing1_3,749,0.671440601348877,0.787395179271698
Bearing1_3,750,0.6710193753242493,0.7892068028450012
Bearing1_3,751,0.6705981492996216,0.7892279028892517
Bearing1_3,752,0.6701769232749939,0.7872475385665894
Bearing1_3,753,0.6697556972503662,0.7833414673805237
Bearing1_3,754,0.6693344712257385,0.7850509285926819
Bearing1_3,755,0.6689132452011108,0.7872910499572754
Bearing1_3,756,0.6684920191764832,0.7875497937202454
Bearing1_3,757,0.6680707931518555,0.7863390445709229
Bearing1_3,758,0.667649507522583,0.7847206592559814
Bearing1_3,759,0.6672282814979553,0.7854253053665161
Bearing1_3,760,0.6668070554733276,0.7865740656852722
Bearing1_3,761,0.6663858294487,0.7837809920310974
Bearing1_3,762,0.6659646034240723,0.779105007648468
Bearing1_3,763,0.6655433773994446,0.7758842706680298
Bearing1_3,764,0.6651221513748169,0.7710191607475281
Bearing1_3,765,0.6647009253501892,0.7717433571815491
Bearing1_3,766,0.6642796993255615,0.7753273844718933
Bearing1_3,767,0.6638584733009338,0.7710132598876953
Bearing1_3,768,0.6634372472763062,0.7657127976417542
Bearing1_3,769,0.6630160212516785,0.765780508518219
Bearing1_3,770,0.6625947952270508,0.7676733136177063
Bearing1_3,771,0.6621735692024231,0.7626228928565979
Bearing1_3,772,0.6617523431777954,0.7671986222267151
Bearing1_3,773,0.661331057548523,0.7643729448318481
Bearing1_3,774,0.6609098315238953,0.7621914148330688
Bearing1_3,775,0.6604886054992676,0.7612435221672058
Bearing1_3,776,0.6600673794746399,0.7609741687774658
Bearing1_3,777,0.6596461534500122,0.7571671605110168
Bearing1_3,778,0.6592249274253845,0.7569162249565125
Bearing1_3,779,0.6588037014007568,0.7563679814338684
Bearing1_3,780,0.6583824753761292,0.7564085125923157
Bearing1_3,781,0.6579612493515015,0.754511833190918
Bearing1_3,782,0.6575400233268738,0.751290500164032
Bearing1_3,783,0.6571187973022461,0.74891197681427
Bearing1_3,784,0.6566975712776184,0.7519294023513794
Bearing1_3,785,0.6562763452529907,0.754995584487915
Bearing1_3,786,0.655855119228363,0.7522690892219543
Bearing1_3,787,0.6554338932037354,0.7481349110603333
Bearing1_3,788,0.6550126075744629,0.7398214340209961
Bearing1_3,789,0.6545913815498352,0.738305389881134
Bearing1_3,790,0.6541701555252075,0.7337637543678284
Bearing1_3,791,0.6537489295005798,0.7331421375274658
Bearing1_3,792,0.6533277034759521,0.7330871820449829
Bearing1_3,793,0.6529064774513245,0.7336072325706482
Bearing1_3,794,0.6524852514266968,0.737035870552063
Bearing1_3,795,0.6520640254020691,0.7394335269927979
Bearing1_3,796,0.6516427993774414,0.7412253618240356
Bearing1_3,797,0.6512215733528137,0.7397856116294861
Bearing1_3,798,0.650800347328186,0.732309877872467
Bearing1_3,799,0.6503791213035583,0.7391080856323242
Bearing1_3,800,0.6499578952789307,0.7356299161911011
Bearing1_3,801,0.649536669254303,0.732489287853241
Bearing1_3,802,0.6491154432296753,0.7308778166770935
Bearing1_3,803,0.6486941576004028,0.7309077978134155
Bearing1_3,804,0.6482729315757751,0.7287445664405823
Bearing1_3,805,0.6478517055511475,0.7289036512374878
Bearing1_3,806,0.6474304795265198,0.7288810610771179
Bearing1_3,807,0.6470092535018921,0.7243639230728149
Bearing1_3,808,0.6465880274772644,0.7253915071487427
Bearing1_3,809,0.6461668014526367,0.7253360748291016
Bearing1_3,810,0.645745575428009,0.7257856130599976
Bearing1_3,811,0.6453243494033813,0.7265656590461731
Bearing1_3,812,0.6449031233787537,0.7305639982223511
Bearing1_3,813,0.644481897354126,0.7339529395103455
Bearing1_3,814,0.6440606713294983,0.7344540357589722
Bearing1_3,815,0.6436394453048706,0.7318013310432434
Bearing1_3,816,0.6432182192802429,0.7333388328552246
Bearing1_3,817,0.6427969932556152,0.7310646772384644
Bearing1_3,818,0.6423757076263428,0.7319790720939636
Bearing1_3,819,0.6419544816017151,0.7316333651542664
Bearing1_3,820,0.6415332555770874,0.7313349843025208
Bearing1_3,821,0.6411120295524597,0.7374520301818848
Bearing1_3,822,0.640690803527832,0.7357394099235535
Bearing1_3,823,0.6402695775032043,0.7339041233062744
Bearing1_3,824,0.6398483514785767,0.7310238480567932
Bearing1_3,825,0.639427125453949,0.7322379946708679
Bearing1_3,826,0.6390058994293213,0.7283759117126465
Bearing1_3,827,0.6385846734046936,0.7246484160423279
Bearing1_3,828,0.6381634473800659,0.7239367365837097
Bearing1_3,829,0.6377422213554382,0.7232372760772705
Bearing1_3,830,0.6373209953308105,0.7223750948905945
Bearing1_3,831,0.6368997693061829,0.7193961143493652
Bearing1_3,832,0.6364785432815552,0.7189793586730957
Bearing1_3,833,0.6360572576522827,0.7176958322525024
Bearing1_3,834,0.635636031627655,0.7140535116195679
Bearing1_3,835,0.6352148056030273,0.7152354717254639
Bearing1_3,836,0.6347935795783997,0.716709315776825
Bearing1_3,837,0.634372353553772,0.7135857343673706
Bearing1_3,838,0.6339511275291443,0.7102715373039246
Bearing1_3,839,0.6335299015045166,0.7119956612586975
Bearing1_3,840,0.6331086754798889,0.7125524282455444
Bearing1_3,841,0.6326874494552612,0.7109037041664124
Bearing1_3,842,0.6322662234306335,0.7084920406341553
Bearing1_3,843,0.6318449974060059,0.7086603045463562
Bearing1_3,844,0.6314237713813782,0.7087721824645996
Bearing1_3,845,0.6310025453567505,0.703781008720398
Bearing1_3,846,0.6305813193321228,0.7066324949264526
Bearing1_3,847,0.6301600933074951,0.7114481329917908
Bearing1_3,848,0.6297388076782227,0.7089242339134216
Bearing1_3,849,0.629317581653595,0.7102575898170471
Bearing1_3,850,0.6288963556289673,0.7111713290214539
Bearing1_3,851,0.6284751296043396,0.7193323969841003
Bearing1_3,852,0.6280539035797119,0.7194806933403015
Bearing1_3,853,0.6276326775550842,0.7190858125686646
Bearing1_3,854,0.6272114515304565,0.7229914665222168
Bearing1_3,855,0.6267902255058289,0.7213713526725769
Bearing1_3,856,0.6263689994812012,0.7212895750999451
Bearing1_3,857,0.6259477734565735,0.7196376323699951
Bearing1_3,858,0.6255265474319458,0.7170827984809875
Bearing1_3,859,0.6251053214073181,0.7196452617645264
Bearing1_3,860,0.6246840953826904,0.7189087271690369
Bearing1_3,861,0.6242628693580627,0.718450129032135
Bearing1_3,862,0.6238416433334351,0.721635103225708
Bearing1_3,863,0.6234204173088074,0.7228410243988037
Bearing1_3,864,0.6229991316795349,0.7224404215812683
Bearing1_3,865,0.6225779056549072,0.7210595011711121
Bearing1_3,866,0.6221566796302795,0.7186010479927063
Bearing1_3,867,0.6217354536056519,0.7211592197418213
Bearing1_3,868,0.6213142275810242,0.7209314107894897
Bearing1_3,869,0.6208930015563965,0.7235427498817444
Bearing1_3,870,0.6204717755317688,0.726482629776001
Bearing1_3,871,0.6200505495071411,0.7283046841621399
Bearing1_3,872,0.6196293234825134,0.7233235836029053
Bearing1_3,873,0.6192080974578857,0.719189465045929
Bearing1_3,874,0.6187868714332581,0.7173042893409729
Bearing1_3,875,0.6183656454086304,0.71205073595047
Bearing1_3,876,0.6179444193840027,0.7103444933891296
Bearing1_3,877,0.617523193359375,0.7154839634895325
Bearing1_3,878,0.6171019673347473,0.7136402726173401
Bearing1_3,879,0.6166806817054749,0.7120129466056824
Bearing1_3,880,0.6162594556808472,0.7124617099761963
Bearing1_3,881,0.6158382296562195,0.7095531821250916
Bearing1_3,882,0.6154170036315918,0.7130811214447021
Bearing1_3,883,0.6149957776069641,0.7090724110603333
Bearing1_3,884,0.6145745515823364,0.7099552154541016
Bearing1_3,885,0.6141533255577087,0.7105832695960999
Bearing1_3,886,0.613732099533081,0.7124722003936768
Bearing1_3,887,0.6133108735084534,0.7113263607025146
Bearing1_3,888,0.6128896474838257,0.7105458974838257
Bearing1_3,889,0.612468421459198,0.710677444934845
Bearing1_3,890,0.6120471954345703,0.70862877368927
Bearing1_3,891,0.6116259694099426,0.7041332721710205
Bearing1_3,892,0.6112047433853149,0.7021617293357849
Bearing1_3,893,0.6107835173606873,0.7050508260726929
Bearing1_3,894,0.6103622317314148,0.7025836110115051
Bearing1_3,895,0.6099410057067871,0.6957303881645203
Bearing1_3,896,0.6095197796821594,0.6944102048873901
Bearing1_3,897,0.6090985536575317,0.6939345002174377
Bearing1_3,898,0.608677327632904,0.6896510720252991
Bearing1_3,899,0.6082561016082764,0.6830646991729736
Bearing1_3,900,0.6078348755836487,0.6833141446113586
Bearing1_3,901,0.607413649559021,0.6800737380981445
Bearing1_3,902,0.6069924235343933,0.6761976480484009
Bearing1_3,903,0.6065711975097656,0.6765571236610413
Bearing1_3,904,0.6061499714851379,0.6768922805786133
Bearing1_3,905,0.6057287454605103,0.6813756227493286
Bearing1_3,906,0.6053075194358826,0.6799057722091675
Bearing1_3,907,0.6048862934112549,0.6850396394729614
Bearing1_3,908,0.6044650673866272,0.6816509366035461
Bearing1_3,909,0.6040437817573547,0.6829971671104431
Bearing1_3,910,0.603622555732727,0.6808017492294312
Bearing1_3,911,0.6032013297080994,0.681097149848938
Bearing1_3,912,0.6027801036834717,0.689658522605896
Bearing1_3,913,0.602358877658844,0.6981721520423889
Bearing1_3,914,0.6019376516342163,0.6996337175369263
Bearing1_3,915,0.6015164256095886,0.7064107656478882
Bearing1_3,916,0.6010951995849609,0.7133884429931641
Bearing1_3,917,0.6006739735603333,0.7130320072174072
Bearing1_3,918,0.6002527475357056,0.7144266963005066
Bearing1_3,919,0.5998315215110779,0.716389536857605
Bearing1_3,920,0.5994102954864502,0.7169337272644043
Bearing1_3,921,0.5989890694618225,0.7176086902618408
Bearing1_3,922,0.5985678434371948,0.718377947807312
Bearing1_3,923,0.5981466174125671,0.7211587429046631
Bearing1_3,924,0.5977253317832947,0.7247734665870667
Bearing1_3,925,0.597304105758667,0.7250368595123291
Bearing1_3,926,0.5968828797340393,0.7267577648162842
Bearing1_3,927,0.5964616537094116,0.7300673723220825
Bearing1_3,928,0.5960404276847839,0.7286912798881531
Bearing1_3,929,0.5956192016601562,0.7283137440681458
Bearing1_3,930,0.5951979756355286,0.7281054854393005
Bearing1_3,931,0.5947767496109009,0.7281672358512878
Bearing1_3,932,0.5943555235862732,0.7258660793304443
Bearing1_3,933,0.5939342975616455,0.7237705588340759
Bearing1_3,934,0.5935130715370178,0.7231839299201965
Bearing1_3,935,0.5930918455123901,0.7197760343551636
Bearing1_3,936,0.5926706194877625,0.7189960479736328
Bearing1_3,937,0.5922493934631348,0.7188332080841064
Bearing1_3,938,0.5918281674385071,0.714755654335022
Bearing1_3,939,0.5914068818092346,0.71501624584198
Bearing1_3,940,0.5909856557846069,0.7124583721160889
Bearing1_3,941,0.5905644297599792,0.7123744487762451
Bearing1_3,942,0.5901432037353516,0.7118463516235352
Bearing1_3,943,0.5897219777107239,0.7102491855621338
Bearing1_3,944,0.5893007516860962,0.702415943145752
Bearing1_3,945,0.5888795256614685,0.7075778841972351
Bearing1_3,946,0.5884582996368408,0.7079535126686096
Bearing1_3,947,0.5880370736122131,0.711615264415741
Bearing1_3,948,0.5876158475875854,0.713902473449707
Bearing1_3,949,0.5871946215629578,0.719454288482666
Bearing1_3,950,0.5867733955383301,0.7199932336807251
Bearing1_3,951,0.5863521695137024,0.7186569571495056
Bearing1_3,952,0.5859309434890747,0.7203713655471802
Bearing1_3,953,0.585509717464447,0.7200063467025757
Bearing1_3,954,0.5850884318351746,0.7228748798370361
Bearing1_3,955,0.5846672058105469,0.7225556969642639
Bearing1_3,956,0.5842459797859192,0.7252883315086365
Bearing1_3,957,0.5838247537612915,0.7249903082847595
Bearing1_3,958,0.5834035277366638,0.7293479442596436
Bearing1_3,959,0.5829823017120361,0.7262710928916931
Bearing1_3,960,0.5825610756874084,0.7279308438301086
Bearing1_3,961,0.5821398496627808,0.7329040765762329
Bearing1_3,962,0.5817186236381531,0.732064962387085
Bearing1_3,963,0.5812973976135254,0.7357627153396606
Bearing1_3,964,0.5808761715888977,0.733127772808075
Bearing1_3,965,0.58045494556427,0.729240894317627
Bearing1_3,966,0.5800337195396423,0.7269251942634583
Bearing1_3,967,0.5796124935150146,0.724313497543335
Bearing1_3,968,0.579191267490387,0.7177202701568604
Bearing1_3,969,0.5787699818611145,0.7150095105171204
Bearing1_3,970,0.5783487558364868,0.7098392248153687
Bearing1_3,971,0.5779275298118591,0.7047948837280273
Bearing1_3,972,0.5775063037872314,0.7015664577484131
Bearing1_3,973,0.5770850777626038,0.7046468257904053
Bearing1_3,974,0.5766638517379761,0.7035948634147644
Bearing1_3,975,0.5762426257133484,0.7010210156440735
Bearing1_3,976,0.5758213996887207,0.6969140768051147
Bearing1_3,977,0.575400173664093,0.6876429915428162
Bearing1_3,978,0.5749789476394653,0.6844198107719421
Bearing1_3,979,0.5745577216148376,0.6762425303459167
Bearing1_3,980,0.57413649559021,0.6697338223457336
Bearing1_3,981,0.5737152695655823,0.6686674356460571
Bearing1_3,982,0.5732940435409546,0.6656739115715027
Bearing1_3,983,0.5728728175163269,0.6621577143669128
Bearing1_3,984,0.5724515318870544,0.661612868309021
Bearing1_3,985,0.5720303058624268,0.6614000201225281
Bearing1_3,986,0.5716090798377991,0.6635080575942993
Bearing1_3,987,0.5711878538131714,0.6627896428108215
Bearing1_3,988,0.5707666277885437,0.6589275598526001
Bearing1_3,989,0.570345401763916,0.6624842286109924
Bearing1_3,990,0.5699241757392883,0.6676895022392273
Bearing1_3,991,0.5695029497146606,0.6711235642433167
Bearing1_3,992,0.569081723690033,0.6725726127624512
Bearing1_3,993,0.5686604976654053,0.6740452647209167
Bearing1_3,994,0.5682392716407776,0.677202582359314
Bearing1_3,995,0.5678180456161499,0.6791955232620239
Bearing1_3,996,0.5673968195915222,0.6846898198127747
Bearing1_3,997,0.5669755935668945,0.6906256079673767
Bearing1_3,998,0.5665543675422668,0.691618800163269
Bearing1_3,999,0.5661330819129944,0.6930514574050903
Bearing1_3,1000,0.5657118558883667,0.6969472765922546
Bearing1_3,1001,0.565290629863739,0.6990845799446106
Bearing1_3,1002,0.5648694038391113,0.7067326307296753
Bearing1_3,1003,0.5644481778144836,0.7072059512138367
Bearing1_3,1004,0.564026951789856,0.7081943154335022
Bearing1_3,1005,0.5636057257652283,0.7070285677909851
Bearing1_3,1006,0.5631844997406006,0.7093572616577148
Bearing1_3,1007,0.5627632737159729,0.7106969356536865
Bearing1_3,1008,0.5623420476913452,0.7172755599021912
Bearing1_3,1009,0.5619208216667175,0.7226119041442871
Bearing1_3,1010,0.5614995956420898,0.7227084636688232
Bearing1_3,1011,0.5610783696174622,0.7211303114891052
Bearing1_3,1012,0.5606571435928345,0.7264421582221985
Bearing1_3,1013,0.5602359175682068,0.7264149785041809
Bearing1_3,1014,0.5598146319389343,0.725669801235199
Bearing1_3,1015,0.5593934059143066,0.7267714738845825
Bearing1_3,1016,0.558972179889679,0.7277248501777649
Bearing1_3,1017,0.5585509538650513,0.7272466421127319
Bearing1_3,1018,0.5581297278404236,0.7250205874443054
Bearing1_3,1019,0.5577085018157959,0.7214601039886475
Bearing1_3,1020,0.5572872757911682,0.7235101461410522
Bearing1_3,1021,0.5568660497665405,0.7192546129226685
Bearing1_3,1022,0.5564448237419128,0.7134637832641602
Bearing1_3,1023,0.5560235977172852,0.716761589050293
Bearing1_3,1024,0.5556023716926575,0.7134207487106323
Bearing1_3,1025,0.5551811456680298,0.7117354273796082
Bearing1_3,1026,0.5547599196434021,0.7061685919761658
Bearing1_3,1027,0.5543386936187744,0.7050870060920715
Bearing1_3,1028,0.5539174675941467,0.7021231651306152
Bearing1_3,1029,0.5534961819648743,0.6982860565185547
Bearing1_3,1030,0.5530749559402466,0.6944018602371216
Bearing1_3,1031,0.5526537299156189,0.6965973377227783
Bearing1_3,1032,0.5522325038909912,0.6935935020446777
Bearing1_3,1033,0.5518112778663635,0.6943832635879517
Bearing1_3,1034,0.5513900518417358,0.6928393840789795
Bearing1_3,1035,0.5509688258171082,0.6883636116981506
Bearing1_3,1036,0.5505475997924805,0.6923443078994751
Bearing1_3,1037,0.5501263737678528,0.6939587593078613
Bearing1_3,1038,0.5497051477432251,0.6910303235054016
Bearing1_3,1039,0.5492839217185974,0.6917895674705505
Bearing1_3,1040,0.5488626956939697,0.6845093965530396
Bearing1_3,1041,0.548441469669342,0.6795734167098999
Bearing1_3,1042,0.5480202436447144,0.6758411526679993
Bearing1_3,1043,0.5475990176200867,0.6801083087921143
Bearing1_3,1044,0.5471777319908142,0.6730916500091553
Bearing1_3,1045,0.5467565059661865,0.6771528124809265
Bearing1_3,1046,0.5463352799415588,0.6775841116905212
Bearing1_3,1047,0.5459140539169312,0.6778054237365723
Bearing1_3,1048,0.5454928278923035,0.6733478307723999
Bearing1_3,1049,0.5450716018676758,0.6692302227020264
Bearing1_3,1050,0.5446503758430481,0.6687023043632507
Bearing1_3,1051,0.5442291498184204,0.6684662699699402
Bearing1_3,1052,0.5438079237937927,0.665455162525177
Bearing1_3,1053,0.543386697769165,0.666947066783905
Bearing1_3,1054,0.5429654717445374,0.6642982363700867
Bearing1_3,1055,0.5425442457199097,0.6635977625846863
Bearing1_3,1056,0.542123019695282,0.6645241975784302
Bearing1_3,1057,0.5417017936706543,0.6655780673027039
Bearing1_3,1058,0.5412805676460266,0.6668843626976013
Bearing1_3,1059,0.5408592820167542,0.6625574231147766
Bearing1_3,1060,0.5404380559921265,0.6600762009620667
Bearing1_3,1061,0.5400168299674988,0.6617149710655212
Bearing1_3,1062,0.5395956039428711,0.6592032313346863
Bearing1_3,1063,0.5391743779182434,0.654524564743042
Bearing1_3,1064,0.5387531518936157,0.6509832739830017
Bearing1_3,1065,0.538331925868988,0.6477895379066467
Bearing1_3,1066,0.5379106998443604,0.6440881490707397
Bearing1_3,1067,0.5374894738197327,0.6440117359161377
Bearing1_3,1068,0.537068247795105,0.6370165944099426
Bearing1_3,1069,0.5366470217704773,0.6342483162879944
Bearing1_3,1070,0.5362257957458496,0.6288536190986633
Bearing1_3,1071,0.5358045697212219,0.6256129145622253
Bearing1_3,1072,0.5353833436965942,0.6243642568588257
Bearing1_3,1073,0.5349621176719666,0.6236771941184998
Bearing1_3,1074,0.5345408320426941,0.625683069229126
Bearing1_3,1075,0.5341196060180664,0.621625542640686
Bearing1_3,1076,0.5336983799934387,0.6256353855133057
Bearing1_3,1077,0.533277153968811,0.6250982880592346
Bearing1_3,1078,0.5328559279441833,0.6219069361686707
Bearing1_3,1079,0.5324347019195557,0.6223713159561157
Bearing1_3,1080,0.532013475894928,0.6230207681655884
Bearing1_3,1081,0.5315922498703003,0.6265294551849365
Bearing1_3,1082,0.5311710238456726,0.6253108978271484
Bearing1_3,1083,0.5307497978210449,0.6273999810218811
Bearing1_3,1084,0.5303285717964172,0.6291587948799133
Bearing1_3,1085,0.5299073457717896,0.631946325302124
Bearing1_3,1086,0.5294861197471619,0.6364407539367676
Bearing1_3,1087,0.5290648937225342,0.6314716339111328
Bearing1_3,1088,0.5286436676979065,0.6326000094413757
Bearing1_3,1089,0.528222382068634,0.6273984909057617
Bearing1_3,1090,0.5278011560440063,0.6277095079421997
Bearing1_3,1091,0.5273799300193787,0.6293035745620728
Bearing1_3,1092,0.526958703994751,0.625751256942749
Bearing1_3,1093,0.5265374779701233,0.6265119314193726
Bearing1_3,1094,0.5261162519454956,0.6237953901290894
Bearing1_3,1095,0.5256950259208679,0.6183537840843201
Bearing1_3,1096,0.5252737998962402,0.6186279058456421
Bearing1_3,1097,0.5248525738716125,0.6182896494865417
Bearing1_3,1098,0.5244313478469849,0.6201756000518799
Bearing1_3,1099,0.5240101218223572,0.6192981600761414
Bearing1_3,1100,0.5235888957977295,0.6197888255119324
Bearing1_3,1101,0.5231676697731018,0.6162203550338745
Bearing1_3,1102,0.5227464437484741,0.6142131686210632
Bearing1_3,1103,0.5223252177238464,0.6128444075584412
Bearing1_3,1104,0.521903932094574,0.6128955483436584
Bearing1_3,1105,0.5214827060699463,0.613430380821228
Bearing1_3,1106,0.5210614800453186,0.6120262742042542
Bearing1_3,1107,0.5206402540206909,0.6146909594535828
Bearing1_3,1108,0.5202190279960632,0.6132251024246216
Bearing1_3,1109,0.5197978019714355,0.6177875399589539
Bearing1_3,1110,0.5193765759468079,0.6197853088378906
Bearing1_3,1111,0.5189553499221802,0.6202089786529541
Bearing1_3,1112,0.5185341238975525,0.6219311356544495
Bearing1_3,1113,0.5181128978729248,0.6196714043617249
Bearing1_3,1114,0.5176916718482971,0.6265044212341309
Bearing1_3,1115,0.5172704458236694,0.6294653415679932
Bearing1_3,1116,0.5168492197990417,0.6370977759361267
Bearing1_3,1117,0.5164279937744141,0.640841543674469
Bearing1_3,1118,0.5160067677497864,0.6411242485046387
Bearing1_3,1119,0.5155854821205139,0.6455317139625549
Bearing1_3,1120,0.5151642560958862,0.6484572887420654
Bearing1_3,1121,0.5147430300712585,0.6508097052574158
Bearing1_3,1122,0.5143218040466309,0.6508241891860962
Bearing1_3,1123,0.5139005780220032,0.6509721279144287
Bearing1_3,1124,0.5134793519973755,0.651295006275177
Bearing1_3,1125,0.5130581259727478,0.6481359004974365
Bearing1_3,1126,0.5126368999481201,0.6453379988670349
Bearing1_3,1127,0.5122156739234924,0.6501364707946777
Bearing1_3,1128,0.5117944478988647,0.6497392058372498
Bearing1_3,1129,0.5113732218742371,0.6461472511291504
Bearing1_3,1130,0.5109519958496094,0.6409062147140503
Bearing1_3,1131,0.5105307698249817,0.6427438855171204
Bearing1_3,1132,0.510109543800354,0.6407883763313293
Bearing1_3,1133,0.5096883177757263,0.6510738730430603
Bearing1_3,1134,0.5092670321464539,0.6582516431808472
Bearing1_3,1135,0.5088458061218262,0.6563710570335388
Bearing1_3,1136,0.5084245800971985,0.6548802852630615
Bearing1_3,1137,0.5080033540725708,0.6521005034446716
Bearing1_3,1138,0.5075821280479431,0.6512224078178406
Bearing1_3,1139,0.5071609020233154,0.6512306928634644
Bearing1_3,1140,0.5067396759986877,0.6541531085968018
Bearing1_3,1141,0.5063184499740601,0.6524239778518677
Bearing1_3,1142,0.5058972239494324,0.6523582339286804
Bearing1_3,1143,0.5054759979248047,0.6486940383911133
Bearing1_3,1144,0.505054771900177,0.6492875814437866
Bearing1_3,1145,0.5046335458755493,0.6489141583442688
Bearing1_3,1146,0.5042123198509216,0.6449869871139526
Bearing1_3,1147,0.503791093826294,0.63832026720047
Bearing1_3,1148,0.5033698678016663,0.6365532279014587
Bearing1_3,1149,0.5029485821723938,0.6295679211616516
Bearing1_3,1150,0.5025273561477661,0.6275089383125305
Bearing1_3,1151,0.5021061301231384,0.6274091005325317
Bearing1_3,1152,0.5016849040985107,0.6220363974571228
Bearing1_3,1153,0.5012636780738831,0.6202422976493835
Bearing1_3,1154,0.5008424520492554,0.6159343123435974
Bearing1_3,1155,0.5004212260246277,0.6127281188964844
Bearing1_3,1156,0.5,0.6128014922142029
Bearing1_3,1157,0.4995787739753723,0.616089403629303
Bearing1_3,1158,0.49915754795074463,0.6209598779678345
Bearing1_3,1159,0.49873632192611694,0.6185214519500732
Bearing1_3,1160,0.49831506609916687,0.6217280030250549
Bearing1_3,1161,0.4978938400745392,0.6269997358322144
Bearing1_3,1162,0.4974726140499115,0.625937819480896
Bearing1_3,1163,0.4970513880252838,0.6307499408721924
Bearing1_3,1164,0.49663016200065613,0.6382120251655579
Bearing1_3,1165,0.49620893597602844,0.633675217628479
Bearing1_3,1166,0.49578770995140076,0.6313286423683167
Bearing1_3,1167,0.49536648392677307,0.6308479905128479
Bearing1_3,1168,0.494945228099823,0.6267101168632507
Bearing1_3,1169,0.4945240020751953,0.6277575492858887
Bearing1_3,1170,0.4941027760505676,0.6261483430862427
Bearing1_3,1171,0.49368155002593994,0.6247825622558594
Bearing1_3,1172,0.49326032400131226,0.6223475933074951
Bearing1_3,1173,0.49283909797668457,0.6180619597434998
Bearing1_3,1174,0.4924178719520569,0.6168447732925415
Bearing1_3,1175,0.4919966161251068,0.6166296005249023
Bearing1_3,1176,0.4915753901004791,0.6126462817192078
Bearing1_3,1177,0.49115416407585144,0.6102035641670227
Bearing1_3,1178,0.49073293805122375,0.6106282472610474
Bearing1_3,1179,0.49031171202659607,0.611092209815979
Bearing1_3,1180,0.4898904860019684,0.6082140803337097
Bearing1_3,1181,0.4894692599773407,0.6101639866828918
Bearing1_3,1182,0.489048033952713,0.6103895306587219
Bearing1_3,1183,0.48862677812576294,0.6080635190010071
Bearing1_3,1184,0.48820555210113525,0.6091206073760986
Bearing1_3,1185,0.48778432607650757,0.6074608564376831
Bearing1_3,1186,0.4873631000518799,0.607902467250824
Bearing1_3,1187,0.4869418740272522,0.6065020561218262
Bearing1_3,1188,0.4865206480026245,0.6032910943031311
Bearing1_3,1189,0.4860994219779968,0.6009271144866943
Bearing1_3,1190,0.48567816615104675,0.5975646376609802
Bearing1_3,1191,0.48525694012641907,0.5946062803268433
Bearing1_3,1192,0.4848357141017914,0.5928084254264832
Bearing1_3,1193,0.4844144880771637,0.5967628359794617
Bearing1_3,1194,0.483993262052536,0.5993846654891968
Bearing1_3,1195,0.4835720360279083,0.5958749055862427
Bearing1_3,1196,0.48315081000328064,0.591935396194458
Bearing1_3,1197,0.48272958397865295,0.5966441631317139
Bearing1_3,1198,0.4823083281517029,0.5945895314216614
Bearing1_3,1199,0.4818871021270752,0.5949382781982422
Bearing1_3,1200,0.4814658761024475,0.5968108177185059
Bearing1_3,1201,0.4810446500778198,0.5916623473167419
Bearing1_3,1202,0.48062342405319214,0.5869312286376953
Bearing1_3,1203,0.48020219802856445,0.5839492082595825
Bearing1_3,1204,0.47978097200393677,0.5816474556922913
Bearing1_3,1205,0.4793597161769867,0.5779291391372681
Bearing1_3,1206,0.478938490152359,0.5755922794342041
Bearing1_3,1207,0.4785172641277313,0.5725848078727722
Bearing1_3,1208,0.47809603810310364,0.5673415064811707
Bearing1_3,1209,0.47767481207847595,0.5628237724304199
Bearing1_3,1210,0.47725358605384827,0.5551682710647583
Bearing1_3,1211,0.4768323600292206,0.5554463267326355
Bearing1_3,1212,0.4764111340045929,0.5533043146133423
Bearing1_3,1213,0.4759898781776428,0.5507916212081909
Bearing1_3,1214,0.47556865215301514,0.5511296391487122
Bearing1_3,1215,0.47514742612838745,0.5557988286018372
Bearing1_3,1216,0.47472620010375977,0.5552858710289001
Bearing1_3,1217,0.4743049740791321,0.5590939521789551
Bearing1_3,1218,0.4738837480545044,0.5605090260505676
Bearing1_3,1219,0.4734625220298767,0.5605677962303162
Bearing1_3,1220,0.47304126620292664,0.5594144463539124
Bearing1_3,1221,0.47262004017829895,0.5553292632102966
Bearing1_3,1222,0.47219881415367126,0.5568711757659912
Bearing1_3,1223,0.4717775881290436,0.5576238036155701
Bearing1_3,1224,0.4713563621044159,0.5588358044624329
Bearing1_3,1225,0.4709351360797882,0.5580308437347412
Bearing1_3,1226,0.4705139100551605,0.5565190315246582
Bearing1_3,1227,0.47009268403053284,0.5561961531639099
Bearing1_3,1228,0.46967142820358276,0.5557867288589478
Bearing1_3,1229,0.4692502021789551,0.5540231466293335
Bearing1_3,1230,0.4688289761543274,0.5618308782577515
Bearing1_3,1231,0.4684077501296997,0.5640456080436707
Bearing1_3,1232,0.467986524105072,0.568240761756897
Bearing1_3,1233,0.46756529808044434,0.5703287124633789
Bearing1_3,1234,0.46714407205581665,0.5772974491119385
Bearing1_3,1235,0.4667228162288666,0.5844017267227173
Bearing1_3,1236,0.4663015902042389,0.5936806797981262
Bearing1_3,1237,0.4658803641796112,0.6011542081832886
Bearing1_3,1238,0.4654591381549835,0.6069568395614624
Bearing1_3,1239,0.46503791213035583,0.606706440448761
Bearing1_3,1240,0.46461668610572815,0.6072431802749634
Bearing1_3,1241,0.46419546008110046,0.6052867770195007
Bearing1_3,1242,0.4637742340564728,0.6042786836624146
Bearing1_3,1243,0.4633529782295227,0.6030279994010925
Bearing1_3,1244,0.462931752204895,0.6035237312316895
Bearing1_3,1245,0.46251052618026733,0.6020499467849731
Bearing1_3,1246,0.46208930015563965,0.6007415056228638
Bearing1_3,1247,0.46166807413101196,0.6002312302589417
Bearing1_3,1248,0.4612468481063843,0.6003338098526001
Bearing1_3,1249,0.4608256220817566,0.5965343117713928
Bearing1_3,1250,0.4604043662548065,0.5944745540618896
Bearing1_3,1251,0.45998314023017883,0.5978479385375977
Bearing1_3,1252,0.45956191420555115,0.5994066596031189
Bearing1_3,1253,0.45914068818092346,0.6041962504386902
Bearing1_3,1254,0.4587194621562958,0.6016654968261719
Bearing1_3,1255,0.4582982361316681,0.6046273112297058
Bearing1_3,1256,0.4578770101070404,0.6011649966239929
Bearing1_3,1257,0.4574557840824127,0.6007711291313171
Bearing1_3,1258,0.45703452825546265,0.6001483798027039
Bearing1_3,1259,0.45661330223083496,0.6014472842216492
Bearing1_3,1260,0.4561920762062073,0.6013864874839783
Bearing1_3,1261,0.4557708501815796,0.599921464920044
Bearing1_3,1262,0.4553496241569519,0.594109296798706
Bearing1_3,1263,0.4549283981323242,0.5936405062675476
Bearing1_3,1264,0.45450717210769653,0.5920411944389343
Bearing1_3,1265,0.45408591628074646,0.5877705216407776
Bearing1_3,1266,0.4536646902561188,0.579960823059082
Bearing1_3,1267,0.4532434642314911,0.5765852928161621
Bearing1_3,1268,0.4528222382068634,0.5737869739532471
Bearing1_3,1269,0.4524010121822357,0.5742455124855042
Bearing1_3,1270,0.45197978615760803,0.5757057070732117
Bearing1_3,1271,0.45155856013298035,0.5759268403053284
Bearing1_3,1272,0.45113733410835266,0.5747585296630859
Bearing1_3,1273,0.4507160782814026,0.5733216404914856
Bearing1_3,1274,0.4502948522567749,0.5690334439277649
Bearing1_3,1275,0.4498736262321472,0.5696773529052734
Bearing1_3,1276,0.44945240020751953,0.5707229971885681
Bearing1_3,1277,0.44903117418289185,0.5740982890129089
Bearing1_3,1278,0.44860994815826416,0.574059247970581
Bearing1_3,1279,0.4481887221336365,0.5722438097000122
Bearing1_3,1280,0.4477674663066864,0.5724665522575378
Bearing1_3,1281,0.4473462402820587,0.5726131796836853
Bearing1_3,1282,0.44692501425743103,0.5706425905227661
Bearing1_3,1283,0.44650378823280334,0.5621117949485779
Bearing1_3,1284,0.44608256220817566,0.5570524334907532
Bearing1_3,1285,0.445661336183548,0.5556150078773499
Bearing1_3,1286,0.4452401101589203,0.5578696727752686
Bearing1_3,1287,0.4448188841342926,0.5573669075965881
Bearing1_3,1288,0.44439762830734253,0.5624138712882996
Bearing1_3,1289,0.44397640228271484,0.5608024001121521
Bearing1_3,1290,0.44355517625808716,0.5674484968185425
Bearing1_3,1291,0.4431339502334595,0.5673495531082153
Bearing1_3,1292,0.4427127242088318,0.5708661079406738
Bearing1_3,1293,0.4422914981842041,0.5733199715614319
Bearing1_3,1294,0.4418702721595764,0.576476514339447
Bearing1_3,1295,0.44144901633262634,0.582092821598053
Bearing1_3,1296,0.44102779030799866,0.5818809866905212
Bearing1_3,1297,0.44060656428337097,0.5892577171325684
Bearing1_3,1298,0.4401853382587433,0.5954210162162781
Bearing1_3,1299,0.4397641122341156,0.5983988642692566
Bearing1_3,1300,0.4393428862094879,0.5998666286468506
Bearing1_3,1301,0.43892166018486023,0.5998170375823975
Bearing1_3,1302,0.43850043416023254,0.6034456491470337
Bearing1_3,1303,0.43807917833328247,0.6101861596107483
Bearing1_3,1304,0.4376579523086548,0.6187400817871094
Bearing1_3,1305,0.4372367262840271,0.6227760910987854
Bearing1_3,1306,0.4368155002593994,0.6276779770851135
Bearing1_3,1307,0.43639427423477173,0.6287014484405518
Bearing1_3,1308,0.43597304821014404,0.629754900932312
Bearing1_3,1309,0.43555182218551636,0.6336606740951538
Bearing1_3,1310,0.43513059616088867,0.6337523460388184
Bearing1_3,1311,0.4347093403339386,0.634938657283783
Bearing1_3,1312,0.4342881143093109,0.6343350410461426
Bearing1_3,1313,0.4338668882846832,0.6302329897880554
Bearing1_3,1314,0.43344566226005554,0.6268698573112488
Bearing1_3,1315,0.43302443623542786,0.6292101144790649
Bearing1_3,1316,0.43260321021080017,0.628264307975769
Bearing1_3,1317,0.4321819841861725,0.624365508556366
Bearing1_3,1318,0.4317607283592224,0.6186758279800415
Bearing1_3,1319,0.4313395023345947,0.6164030432701111
Bearing1_3,1320,0.43091827630996704,0.6126992702484131
Bearing1_3,1321,0.43049705028533936,0.6133692264556885
Bearing1_3,1322,0.43007582426071167,0.6072155833244324
Bearing1_3,1323,0.429654598236084,0.6046738624572754
Bearing1_3,1324,0.4292333722114563,0.6021568775177002
Bearing1_3,1325,0.4288121461868286,0.6023886799812317
Bearing1_3,1326,0.42839089035987854,0.6002885103225708
Bearing1_3,1327,0.42796966433525085,0.5979318618774414
Bearing1_3,1328,0.42754843831062317,0.5999205112457275
Bearing1_3,1329,0.4271272122859955,0.5932533144950867
Bearing1_3,1330,0.4267059862613678,0.5901490449905396
Bearing1_3,1331,0.4262847602367401,0.5854061245918274
Bearing1_3,1332,0.4258635342121124,0.5821564793586731
Bearing1_3,1333,0.42544227838516235,0.5786516070365906
Bearing1_3,1334,0.42502105236053467,0.5689491033554077
Bearing1_3,1335,0.424599826335907,0.5645104050636292
Bearing1_3,1336,0.4241786003112793,0.5553607940673828
Bearing1_3,1337,0.4237573742866516,0.551070511341095
Bearing1_3,1338,0.4233361482620239,0.5462687015533447
Bearing1_3,1339,0.42291492223739624,0.5445014834403992
Bearing1_3,1340,0.42249369621276855,0.5420154333114624
Bearing1_3,1341,0.4220724403858185,0.5391192436218262
Bearing1_3,1342,0.4216512143611908,0.5401562452316284
Bearing1_3,1343,0.4212299883365631,0.5392922759056091
Bearing1_3,1344,0.4208087623119354,0.540414571762085
Bearing1_3,1345,0.42038753628730774,0.5433549284934998
Bearing1_3,1346,0.41996631026268005,0.5482892394065857
Bearing1_3,1347,0.41954508423805237,0.5482309460639954
Bearing1_3,1348,0.4191238284111023,0.5477630496025085
Bearing1_3,1349,0.4187026023864746,0.5487589240074158
Bearing1_3,1350,0.4182813763618469,0.5499254465103149
Bearing1_3,1351,0.41786015033721924,0.5492828488349915
Bearing1_3,1352,0.41743892431259155,0.5488945245742798
Bearing1_3,1353,0.41701769828796387,0.5506037473678589
Bearing1_3,1354,0.4165964722633362,0.5508293509483337
Bearing1_3,1355,0.4161752462387085,0.5545639991760254
Bearing1_3,1356,0.4157539904117584,0.5547288656234741
Bearing1_3,1357,0.41533276438713074,0.5524351000785828
Bearing1_3,1358,0.41491153836250305,0.5525315999984741
Bearing1_3,1359,0.41449031233787537,0.552352249622345
Bearing1_3,1360,0.4140690863132477,0.5540595054626465
Bearing1_3,1361,0.41364786028862,0.5555219650268555
Bearing1_3,1362,0.4132266342639923,0.55446857213974
Bearing1_3,1363,0.41280537843704224,0.5533685088157654
Bearing1_3,1364,0.41238415241241455,0.5497627854347229
Bearing1_3,1365,0.41196292638778687,0.5503560900688171
Bearing1_3,1366,0.4115417003631592,0.554087221622467
Bearing1_3,1367,0.4111204743385315,0.5518369078636169
Bearing1_3,1368,0.4106992483139038,0.5525115132331848
Bearing1_3,1369,0.4102780222892761,0.5539127588272095
Bearing1_3,1370,0.40985679626464844,0.554579496383667
Bearing1_3,1371,0.40943554043769836,0.55010986328125
Bearing1_3,1372,0.4090143144130707,0.5481963753700256
Bearing1_3,1373,0.408593088388443,0.5471181273460388
Bearing1_3,1374,0.4081718623638153,0.5446995496749878
Bearing1_3,1375,0.4077506363391876,0.547274112701416
Bearing1_3,1376,0.40732941031455994,0.546050488948822
Bearing1_3,1377,0.40690818428993225,0.5460405349731445
Bearing1_3,1378,0.4064869284629822,0.5432687997817993
Bearing1_3,1379,0.4060657024383545,0.538155198097229
Bearing1_3,1380,0.4056444764137268,0.5407898426055908
Bearing1_3,1381,0.4052232503890991,0.5400356650352478
Bearing1_3,1382,0.40480202436447144,0.5433023571968079
Bearing1_3,1383,0.40438079833984375,0.546467661857605
Bearing1_3,1384,0.40395957231521606,0.5463864207267761
Bearing1_3,1385,0.4035383462905884,0.5439893007278442
Bearing1_3,1386,0.4031170904636383,0.5433199405670166
Bearing1_3,1387,0.4026958644390106,0.5399353504180908
Bearing1_3,1388,0.40227463841438293,0.5333357453346252
Bearing1_3,1389,0.40185341238975525,0.5300323367118835
Bearing1_3,1390,0.40143218636512756,0.525416374206543
Bearing1_3,1391,0.4010109603404999,0.5230255722999573
Bearing1_3,1392,0.4005897343158722,0.5206424593925476
Bearing1_3,1393,0.4001684784889221,0.518229067325592
Bearing1_3,1394,0.39974725246429443,0.5176336169242859
Bearing1_3,1395,0.39932602643966675,0.5223726630210876
Bearing1_3,1396,0.39890480041503906,0.5246663093566895
Bearing1_3,1397,0.3984835743904114,0.5208247900009155
Bearing1_3,1398,0.3980623483657837,0.5165641903877258
Bearing1_3,1399,0.397641122341156,0.5175787210464478
Bearing1_3,1400,0.3972198963165283,0.5171840786933899
Bearing1_3,1401,0.39679864048957825,0.5143306255340576
Bearing1_3,1402,0.39637741446495056,0.5110636353492737
Bearing1_3,1403,0.3959561884403229,0.5106005072593689
Bearing1_3,1404,0.3955349624156952,0.5119659304618835
Bearing1_3,1405,0.3951137363910675,0.5141167044639587
Bearing1_3,1406,0.3946925103664398,0.5166234374046326
Bearing1_3,1407,0.39427128434181213,0.5137525200843811
Bearing1_3,1408,0.39385002851486206,0.5122835040092468
Bearing1_3,1409,0.3934288024902344,0.5103839039802551
Bearing1_3,1410,0.3930075764656067,0.5088866949081421
Bearing1_3,1411,0.392586350440979,0.5106885433197021
Bearing1_3,1412,0.3921651244163513,0.5100542902946472
Bearing1_3,1413,0.39174389839172363,0.5099487900733948
Bearing1_3,1414,0.39132267236709595,0.509331226348877
Bearing1_3,1415,0.39090144634246826,0.5077818632125854
Bearing1_3,1416,0.3904801905155182,0.5076424479484558
Bearing1_3,1417,0.3900589644908905,0.5088043808937073
Bearing1_3,1418,0.3896377384662628,0.5097309947013855
Bearing1_3,1419,0.38921651244163513,0.5093671679496765
Bearing1_3,1420,0.38879528641700745,0.5116967558860779
Bearing1_3,1421,0.38837406039237976,0.5107297897338867
Bearing1_3,1422,0.3879528343677521,0.5109266638755798
Bearing1_3,1423,0.387531578540802,0.5095832347869873
Bearing1_3,1424,0.3871103525161743,0.5128306746482849
Bearing1_3,1425,0.38668912649154663,0.5170928239822388
Bearing1_3,1426,0.38626790046691895,0.5133199095726013
Bearing1_3,1427,0.38584667444229126,0.5128912329673767
Bearing1_3,1428,0.3854254484176636,0.5141657590866089
Bearing1_3,1429,0.3850042223930359,0.5170397162437439
Bearing1_3,1430,0.3845829963684082,0.5154303312301636
Bearing1_3,1431,0.38416174054145813,0.5131796002388
Bearing1_3,1432,0.38374051451683044,0.514004111289978
Bearing1_3,1433,0.38331928849220276,0.5142406821250916
Bearing1_3,1434,0.3828980624675751,0.5121183395385742
Bearing1_3,1435,0.3824768364429474,0.5125645399093628
Bearing1_3,1436,0.3820556104183197,0.5135006904602051
Bearing1_3,1437,0.381634384393692,0.5151491761207581
Bearing1_3,1438,0.38121312856674194,0.515989363193512
Bearing1_3,1439,0.38079190254211426,0.5133611559867859
Bearing1_3,1440,0.3803706765174866,0.5126991868019104
Bearing1_3,1441,0.3799494504928589,0.5126501321792603
Bearing1_3,1442,0.3795282244682312,0.5140394568443298
Bearing1_3,1443,0.3791069984436035,0.5118929147720337
Bearing1_3,1444,0.37868577241897583,0.5084813237190247
Bearing1_3,1445,0.37826454639434814,0.503744900226593
Bearing1_3,1446,0.37784329056739807,0.5016772747039795
Bearing1_3,1447,0.3774220645427704,0.5018301606178284
Bearing1_3,1448,0.3770008385181427,0.5014514923095703
Bearing1_3,1449,0.376579612493515,0.5010281801223755
Bearing1_3,1450,0.37615838646888733,0.5025765895843506
Bearing1_3,1451,0.37573716044425964,0.5036313533782959
Bearing1_3,1452,0.37531593441963196,0.5029793977737427
Bearing1_3,1453,0.3748946785926819,0.5004240870475769
Bearing1_3,1454,0.3744734525680542,0.49583324790000916
Bearing1_3,1455,0.3740522265434265,0.49377936124801636
Bearing1_3,1456,0.37363100051879883,0.4885721504688263
Bearing1_3,1457,0.37320977449417114,0.484017938375473
Bearing1_3,1458,0.37278854846954346,0.48725536465644836
Bearing1_3,1459,0.37236732244491577,0.48990750312805176
Bearing1_3,1460,0.3719460964202881,0.4935377538204193
Bearing1_3,1461,0.371524840593338,0.4944699704647064
Bearing1_3,1462,0.3711036145687103,0.49346065521240234
Bearing1_3,1463,0.37068238854408264,0.4972475469112396
Bearing1_3,1464,0.37026116251945496,0.4946216940879822
Bearing1_3,1465,0.36983993649482727,0.4953661262989044
Bearing1_3,1466,0.3694187104701996,0.49401721358299255
Bearing1_3,1467,0.3689974844455719,0.4949297606945038
Bearing1_3,1468,0.3685762286186218,0.4919860363006592
Bearing1_3,1469,0.36815500259399414,0.49039268493652344
Bearing1_3,1470,0.36773377656936646,0.4877672791481018
Bearing1_3,1471,0.36731255054473877,0.48773789405822754
Bearing1_3,1472,0.3668913245201111,0.4868791997432709
Bearing1_3,1473,0.3664700984954834,0.4856431782245636
Bearing1_3,1474,0.3660488724708557,0.48392224311828613
Bearing1_3,1475,0.365627646446228,0.48569783568382263
Bearing1_3,1476,0.36520639061927795,0.48836809396743774
Bearing1_3,1477,0.36478516459465027,0.4893372654914856
Bearing1_3,1478,0.3643639385700226,0.4927097260951996
Bearing1_3,1479,0.3639427125453949,0.4946158826351166
Bearing1_3,1480,0.3635214865207672,0.4966418147087097
Bearing1_3,1481,0.3631002604961395,0.4992702007293701
Bearing1_3,1482,0.36267903447151184,0.4994513988494873
Bearing1_3,1483,0.36225777864456177,0.4982680082321167
Bearing1_3,1484,0.3618365526199341,0.4972207844257355
Bearing1_3,1485,0.3614153265953064,0.49844688177108765
Bearing1_3,1486,0.3609941005706787,0.4971523582935333
Bearing1_3,1487,0.360572874546051,0.4958130121231079
Bearing1_3,1488,0.36015164852142334,0.4956176280975342
Bearing1_3,1489,0.35973042249679565,0.49228736758232117
Bearing1_3,1490,0.35930919647216797,0.4870744049549103
Bearing1_3,1491,0.3588879406452179,0.48353198170661926
Bearing1_3,1492,0.3584667146205902,0.480779767036438
Bearing1_3,1493,0.3580454885959625,0.47651422023773193
Bearing1_3,1494,0.35762426257133484,0.4757120907306671
Bearing1_3,1495,0.35720303654670715,0.47226962447166443
Bearing1_3,1496,0.35678181052207947,0.47431960701942444
Bearing1_3,1497,0.3563605844974518,0.47006726264953613
Bearing1_3,1498,0.3559393286705017,0.46578821539878845
Bearing1_3,1499,0.355518102645874,0.46372145414352417
Bearing1_3,1500,0.35509687662124634,0.4668883979320526
Bearing1_3,1501,0.35467565059661865,0.46919047832489014
Bearing1_3,1502,0.35425442457199097,0.4712426960468292
Bearing1_3,1503,0.3538331985473633,0.47252851724624634
Bearing1_3,1504,0.3534119725227356,0.473749041557312
Bearing1_3,1505,0.3529907464981079,0.47482532262802124
Bearing1_3,1506,0.35256949067115784,0.4753171503543854
Bearing1_3,1507,0.35214826464653015,0.47339022159576416
Bearing1_3,1508,0.35172703862190247,0.4713134169578552
Bearing1_3,1509,0.3513058125972748,0.4714410901069641
Bearing1_3,1510,0.3508845865726471,0.4696650207042694
Bearing1_3,1511,0.3504633605480194,0.46752268075942993
Bearing1_3,1512,0.3500421345233917,0.46310025453567505
Bearing1_3,1513,0.34962087869644165,0.4625370502471924
Bearing1_3,1514,0.34919965267181396,0.46790611743927
Bearing1_3,1515,0.3487784266471863,0.46911630034446716
Bearing1_3,1516,0.3483572006225586,0.4709169864654541
Bearing1_3,1517,0.3479359745979309,0.47163131833076477
Bearing1_3,1518,0.3475147485733032,0.47124215960502625
Bearing1_3,1519,0.34709352254867554,0.47279804944992065
Bearing1_3,1520,0.34667229652404785,0.47203320264816284
Bearing1_3,1521,0.3462510406970978,0.4734085500240326
Bearing1_3,1522,0.3458298146724701,0.4702468812465668
Bearing1_3,1523,0.3454085886478424,0.47337087988853455
Bearing1_3,1524,0.3449873626232147,0.47493284940719604
Bearing1_3,1525,0.34456613659858704,0.4786190092563629
Bearing1_3,1526,0.34414491057395935,0.47982722520828247
Bearing1_3,1527,0.34372368454933167,0.4831489622592926
Bearing1_3,1528,0.3433024287223816,0.4863765239715576
Bearing1_3,1529,0.3428812026977539,0.48451343178749084
Bearing1_3,1530,0.3424599766731262,0.4829198718070984
Bearing1_3,1531,0.34203875064849854,0.48117318749427795
Bearing1_3,1532,0.34161752462387085,0.4838517904281616
Bearing1_3,1533,0.34119629859924316,0.48210224509239197
Bearing1_3,1534,0.3407750725746155,0.4809894561767578
Bearing1_3,1535,0.3403538465499878,0.4813089072704315
Bearing1_3,1536,0.3399325907230377,0.4825150966644287
Bearing1_3,1537,0.33951136469841003,0.4816026985645294
Bearing1_3,1538,0.33909013867378235,0.4839383065700531
Bearing1_3,1539,0.33866891264915466,0.48383069038391113
Bearing1_3,1540,0.338247686624527,0.4793115556240082
Bearing1_3,1541,0.3378264605998993,0.47690367698669434
Bearing1_3,1542,0.3374052345752716,0.4789825975894928
Bearing1_3,1543,0.33698397874832153,0.4796273708343506
Bearing1_3,1544,0.33656275272369385,0.48129504919052124
Bearing1_3,1545,0.33614152669906616,0.47979360818862915
Bearing1_3,1546,0.3357203006744385,0.4781930446624756
Bearing1_3,1547,0.3352990746498108,0.47603896260261536
Bearing1_3,1548,0.3348778486251831,0.4769741892814636
Bearing1_3,1549,0.3344566226005554,0.4784092605113983
Bearing1_3,1550,0.33403539657592773,0.474467009305954
Bearing1_3,1551,0.33361414074897766,0.4717519283294678
Bearing1_3,1552,0.33319291472435,0.46969109773635864
Bearing1_3,1553,0.3327716886997223,0.4676896631717682
Bearing1_3,1554,0.3323504626750946,0.46965670585632324
Bearing1_3,1555,0.3319292366504669,0.46978795528411865
Bearing1_3,1556,0.33150801062583923,0.47116491198539734
Bearing1_3,1557,0.33108678460121155,0.4703116714954376
Bearing1_3,1558,0.3306655287742615,0.46893051266670227
Bearing1_3,1559,0.3302443027496338,0.4664117693901062
Bearing1_3,1560,0.3298230767250061,0.46100741624832153
Bearing1_3,1561,0.3294018507003784,0.4607159495353699
Bearing1_3,1562,0.32898062467575073,0.4559023678302765
Bearing1_3,1563,0.32855939865112305,0.45709672570228577
Bearing1_3,1564,0.32813817262649536,0.45924803614616394
Bearing1_3,1565,0.3277169466018677,0.4554530084133148
Bearing1_3,1566,0.3272956907749176,0.45288756489753723
Bearing1_3,1567,0.3268744647502899,0.45405736565589905
Bearing1_3,1568,0.32645323872566223,0.45696085691452026
Bearing1_3,1569,0.32603201270103455,0.4586859941482544
Bearing1_3,1570,0.32561078667640686,0.458668977022171
Bearing1_3,1571,0.3251895606517792,0.4549877941608429
Bearing1_3,1572,0.3247683346271515,0.4517025053501129
Bearing1_3,1573,0.3243470788002014,0.45278412103652954
Bearing1_3,1574,0.32392585277557373,0.455097496509552
Bearing1_3,1575,0.32350462675094604,0.4546830654144287
Bearing1_3,1576,0.32308340072631836,0.4522310793399811
Bearing1_3,1577,0.3226621747016907,0.44988423585891724
Bearing1_3,1578,0.322240948677063,0.45247164368629456
Bearing1_3,1579,0.3218197226524353,0.4540008008480072
Bearing1_3,1580,0.3213984966278076,0.45426517724990845
Bearing1_3,1581,0.32097724080085754,0.4562661945819855
Bearing1_3,1582,0.32055601477622986,0.4560977816581726
Bearing1_3,1583,0.3201347887516022,0.4578774571418762
Bearing1_3,1584,0.3197135627269745,0.45712995529174805
Bearing1_3,1585,0.3192923367023468,0.45735710859298706
Bearing1_3,1586,0.3188711106777191,0.4589809775352478
Bearing1_3,1587,0.31844988465309143,0.4574477970600128
Bearing1_3,1588,0.31802862882614136,0.45521602034568787
Bearing1_3,1589,0.31760740280151367,0.4568290710449219
Bearing1_3,1590,0.317186176776886,0.45780983567237854
Bearing1_3,1591,0.3167649507522583,0.46217024326324463
Bearing1_3,1592,0.3163437247276306,0.4598982334136963
Bearing1_3,1593,0.31592249870300293,0.4582638144493103
Bearing1_3,1594,0.31550127267837524,0.45740988850593567
Bearing1_3,1595,0.31508004665374756,0.45717254281044006
Bearing1_3,1596,0.3146587908267975,0.45507171750068665
Bearing1_3,1597,0.3142375648021698,0.4531429708003998
Bearing1_3,1598,0.3138163387775421,0.45410171151161194
Bearing1_3,1599,0.31339511275291443,0.45385563373565674
Bearing1_3,1600,0.31297388672828674,0.4535357356071472
Bearing1_3,1601,0.31255266070365906,0.4543420374393463
Bearing1_3,1602,0.31213143467903137,0.4566318690776825
Bearing1_3,1603,0.3117102086544037,0.4539249837398529
Bearing1_3,1604,0.3112889528274536,0.45216888189315796
Bearing1_3,1605,0.3108677268028259,0.45086920261383057
Bearing1_3,1606,0.31044650077819824,0.447781503200531
Bearing1_3,1607,0.31002527475357056,0.4471406936645508
Bearing1_3,1608,0.30960404872894287,0.4472590982913971
Bearing1_3,1609,0.3091828227043152,0.4434203803539276
Bearing1_3,1610,0.3087615966796875,0.4430876076221466
Bearing1_3,1611,0.3083403408527374,0.44436052441596985
Bearing1_3,1612,0.30791911482810974,0.4423375725746155
Bearing1_3,1613,0.30749788880348206,0.43963560461997986
Bearing1_3,1614,0.30707666277885437,0.44024527072906494
Bearing1_3,1615,0.3066554367542267,0.44171565771102905
Bearing1_3,1616,0.306234210729599,0.43873924016952515
Bearing1_3,1617,0.3058129847049713,0.4401177763938904
Bearing1_3,1618,0.30539175868034363,0.4393017888069153
Bearing1_3,1619,0.30497050285339355,0.4408125877380371
Bearing1_3,1620,0.30454927682876587,0.4406895339488983
Bearing1_3,1621,0.3041280508041382,0.4374145269393921
Bearing1_3,1622,0.3037068247795105,0.4374818503856659
Bearing1_3,1623,0.3032855987548828,0.43901941180229187
Bearing1_3,1624,0.3028643727302551,0.43886297941207886
Bearing1_3,1625,0.30244314670562744,0.43527692556381226
Bearing1_3,1626,0.30202189087867737,0.4380544126033783
Bearing1_3,1627,0.3016006648540497,0.43811097741127014
Bearing1_3,1628,0.301179438829422,0.4408363997936249
Bearing1_3,1629,0.3007582128047943,0.43713876605033875
Bearing1_3,1630,0.3003369867801666,0.43664684891700745
Bearing1_3,1631,0.29991576075553894,0.43596696853637695
Bearing1_3,1632,0.29949453473091125,0.4310397803783417
Bearing1_3,1633,0.29907330870628357,0.4325372278690338
Bearing1_3,1634,0.2986520528793335,0.4349116384983063
Bearing1_3,1635,0.2982308268547058,0.4382830560207367
Bearing1_3,1636,0.2978096008300781,0.43767523765563965
Bearing1_3,1637,0.29738837480545044,0.4381795823574066
Bearing1_3,1638,0.29696714878082275,0.43385404348373413
Bearing1_3,1639,0.29654592275619507,0.4344569146633148
Bearing1_3,1640,0.2961246967315674,0.431307852268219
Bearing1_3,1641,0.2957034409046173,0.4335070550441742
Bearing1_3,1642,0.2952822148799896,0.43438252806663513
Bearing1_3,1643,0.29486098885536194,0.4342241585254669
Bearing1_3,1644,0.29443976283073425,0.43137797713279724
Bearing1_3,1645,0.29401853680610657,0.42286738753318787
Bearing1_3,1646,0.2935973107814789,0.4208160638809204
Bearing1_3,1647,0.2931760847568512,0.4229050874710083
Bearing1_3,1648,0.2927548587322235,0.42415085434913635
Bearing1_3,1649,0.29233360290527344,0.4215618073940277
Bearing1_3,1650,0.29191237688064575,0.4173901677131653
Bearing1_3,1651,0.29149115085601807,0.41684719920158386
Bearing1_3,1652,0.2910699248313904,0.4150043725967407
Bearing1_3,1653,0.2906486988067627,0.41656699776649475
Bearing1_3,1654,0.290227472782135,0.41481244564056396
Bearing1_3,1655,0.2898062467575073,0.4142415225505829
Bearing1_3,1656,0.28938499093055725,0.4196775555610657
Bearing1_3,1657,0.28896376490592957,0.41885268688201904
Bearing1_3,1658,0.2885425388813019,0.4175805151462555
Bearing1_3,1659,0.2881213128566742,0.41452229022979736
Bearing1_3,1660,0.2877000868320465,0.41397449374198914
Bearing1_3,1661,0.2872788608074188,0.4170886278152466
Bearing1_3,1662,0.28685763478279114,0.41722238063812256
Bearing1_3,1663,0.28643640875816345,0.41557297110557556
Bearing1_3,1664,0.2860151529312134,0.41253024339675903
Bearing1_3,1665,0.2855939269065857,0.41271260380744934
Bearing1_3,1666,0.285172700881958,0.41568523645401
Bearing1_3,1667,0.2847514748573303,0.41319137811660767
Bearing1_3,1668,0.28433024883270264,0.41340014338493347
Bearing1_3,1669,0.28390902280807495,0.41082653403282166
Bearing1_3,1670,0.28348779678344727,0.4176132380962372
Bearing1_3,1671,0.2830665409564972,0.41638463735580444
Bearing1_3,1672,0.2826453149318695,0.4123629927635193
Bearing1_3,1673,0.2822240889072418,0.40496915578842163
Bearing1_3,1674,0.28180286288261414,0.4037421643733978
Bearing1_3,1675,0.28138163685798645,0.3998100459575653
Bearing1_3,1676,0.28096041083335876,0.40137913823127747
Bearing1_3,1677,0.2805391848087311,0.3972465693950653
Bearing1_3,1678,0.2801179587841034,0.3956541121006012
Bearing1_3,1679,0.2796967029571533,0.394106388092041
Bearing1_3,1680,0.27927547693252563,0.39134395122528076
Bearing1_3,1681,0.27885425090789795,0.39091771841049194
Bearing1_3,1682,0.27843302488327026,0.3943556845188141
Bearing1_3,1683,0.2780117988586426,0.3933895230293274
Bearing1_3,1684,0.2775905728340149,0.3979567289352417
Bearing1_3,1685,0.2771693468093872,0.3973024785518646
Bearing1_3,1686,0.27674809098243713,0.40002602338790894
Bearing1_3,1687,0.27632686495780945,0.3931994140148163
Bearing1_3,1688,0.27590563893318176,0.38788723945617676
Bearing1_3,1689,0.2754844129085541,0.3930872976779938
Bearing1_3,1690,0.2750631868839264,0.3935171365737915
Bearing1_3,1691,0.2746419608592987,0.39460521936416626
Bearing1_3,1692,0.274220734834671,0.3940200209617615
Bearing1_3,1693,0.27379950881004333,0.38904789090156555
Bearing1_3,1694,0.27337825298309326,0.3844725489616394
Bearing1_3,1695,0.2729570269584656,0.380503386259079
Bearing1_3,1696,0.2725358009338379,0.38162848353385925
Bearing1_3,1697,0.2721145749092102,0.3858908414840698
Bearing1_3,1698,0.2716933488845825,0.38866016268730164
Bearing1_3,1699,0.27127212285995483,0.39374232292175293
Bearing1_3,1700,0.27085089683532715,0.39032047986984253
Bearing1_3,1701,0.2704296410083771,0.39170461893081665
Bearing1_3,1702,0.2700084149837494,0.3906032145023346
Bearing1_3,1703,0.2695871889591217,0.38950416445732117
Bearing1_3,1704,0.269165962934494,0.39181795716285706
Bearing1_3,1705,0.26874473690986633,0.39059630036354065
Bearing1_3,1706,0.26832351088523865,0.39065828919410706
Bearing1_3,1707,0.26790228486061096,0.39103972911834717
Bearing1_3,1708,0.2674810588359833,0.390231192111969
Bearing1_3,1709,0.2670598030090332,0.3919945955276489
Bearing1_3,1710,0.2666385769844055,0.38303467631340027
Bearing1_3,1711,0.26621735095977783,0.37973275780677795
Bearing1_3,1712,0.26579612493515015,0.3785323202610016
Bearing1_3,1713,0.26537489891052246,0.37966710329055786
Bearing1_3,1714,0.2649536728858948,0.3773040175437927
Bearing1_3,1715,0.2645324468612671,0.38089513778686523
Bearing1_3,1716,0.264111191034317,0.37282201647758484
Bearing1_3,1717,0.26368996500968933,0.36978328227996826
Bearing1_3,1718,0.26326873898506165,0.3695622682571411
Bearing1_3,1719,0.26284751296043396,0.37615180015563965
Bearing1_3,1720,0.2624262869358063,0.3762023448944092
Bearing1_3,1721,0.2620050609111786,0.3724626302719116
Bearing1_3,1722,0.2615838348865509,0.36961081624031067
Bearing1_3,1723,0.2611626088619232,0.36260417103767395
Bearing1_3,1724,0.26074135303497314,0.3635372221469879
Bearing1_3,1725,0.26032012701034546,0.37311625480651855
Bearing1_3,1726,0.2598989009857178,0.372275710105896
Bearing1_3,1727,0.2594776749610901,0.3716142177581787
Bearing1_3,1728,0.2590564489364624,0.36778196692466736
Bearing1_3,1729,0.2586352229118347,0.3618604242801666
Bearing1_3,1730,0.25821399688720703,0.3562537431716919
Bearing1_3,1731,0.25779274106025696,0.3543650209903717
Bearing1_3,1732,0.2573715150356293,0.3552229404449463
Bearing1_3,1733,0.2569502890110016,0.35036152601242065
Bearing1_3,1734,0.2565290629863739,0.3284059166908264
Bearing1_3,1735,0.2561078369617462,0.3302840292453766
Bearing1_3,1736,0.25568661093711853,0.31446710228919983
Bearing1_3,1737,0.25526538491249084,0.29859405755996704
Bearing1_3,1738,0.25484415888786316,0.2947806715965271
Bearing1_3,1739,0.2544229030609131,0.2967255413532257
Bearing1_3,1740,0.2540016770362854,0.29421505331993103
Bearing1_3,1741,0.2535804510116577,0.2912362515926361
Bearing1_3,1742,0.25315922498703003,0.2942749261856079
Bearing1_3,1743,0.25273799896240234,0.3004639446735382
Bearing1_3,1744,0.25231677293777466,0.3008058965206146
Bearing1_3,1745,0.251895546913147,0.3052482306957245
Bearing1_3,1746,0.2514742910861969,0.3079138994216919
Bearing1_3,1747,0.2510530650615692,0.3015265166759491
Bearing1_3,1748,0.25063183903694153,0.30779829621315
Bearing1_3,1749,0.25021061301231384,0.3082059621810913
Bearing1_3,1750,0.24978938698768616,0.3060692548751831
Bearing1_3,1751,0.24936816096305847,0.30433255434036255
Bearing1_3,1752,0.2489469200372696,0.3037573993206024
Bearing1_3,1753,0.2485256940126419,0.30666694045066833
Bearing1_3,1754,0.24810446798801422,0.31315767765045166
Bearing1_3,1755,0.24768324196338654,0.31899774074554443
Bearing1_3,1756,0.24726200103759766,0.3095778226852417
Bearing1_3,1757,0.24684077501296997,0.3094901442527771
Bearing1_3,1758,0.24641954898834229,0.3104611933231354
Bearing1_3,1759,0.2459983080625534,0.31034544110298157
Bearing1_3,1760,0.24557708203792572,0.31657999753952026
Bearing1_3,1761,0.24515585601329803,0.3122580051422119
Bearing1_3,1762,0.24473462998867035,0.3060304820537567
Bearing1_3,1763,0.24431338906288147,0.3015795350074768
Bearing1_3,1764,0.24389216303825378,0.30497968196868896
Bearing1_3,1765,0.2434709370136261,0.30218032002449036
Bearing1_3,1766,0.2430497109889984,0.3046523630619049
Bearing1_3,1767,0.24262847006320953,0.3120880722999573
Bearing1_3,1768,0.24220724403858185,0.3231760263442993
Bearing1_3,1769,0.24178601801395416,0.3296456038951874
Bearing1_3,1770,0.24136479198932648,0.3326793313026428
Bearing1_3,1771,0.2409435510635376,0.32254812121391296
Bearing1_3,1772,0.2405223250389099,0.3240046203136444
Bearing1_3,1773,0.24010109901428223,0.3237699568271637
Bearing1_3,1774,0.23967985808849335,0.3197008967399597
Bearing1_3,1775,0.23925863206386566,0.3211054801940918
Bearing1_3,1776,0.23883740603923798,0.32191982865333557
Bearing1_3,1777,0.2384161800146103,0.32318857312202454
Bearing1_3,1778,0.2379949390888214,0.32157155871391296
Bearing1_3,1779,0.23757371306419373,0.3216974437236786
Bearing1_3,1780,0.23715248703956604,0.3178965449333191
Bearing1_3,1781,0.23673126101493835,0.3173404037952423
Bearing1_3,1782,0.23631002008914948,0.31439608335494995
Bearing1_3,1783,0.2358887940645218,0.3112066388130188
Bearing1_3,1784,0.2354675680398941,0.31452861428260803
Bearing1_3,1785,0.23504634201526642,0.31521689891815186
Bearing1_3,1786,0.23462510108947754,0.31119948625564575
Bearing1_3,1787,0.23420387506484985,0.2937085032463074
Bearing1_3,1788,0.23378264904022217,0.2964652180671692
Bearing1_3,1789,0.2333614081144333,0.2924651503562927
Bearing1_3,1790,0.2329401820898056,0.293709933757782
Bearing1_3,1791,0.23251895606517792,0.29338061809539795
Bearing1_3,1792,0.23209773004055023,0.2913663387298584
Bearing1_3,1793,0.23167648911476135,0.29470744729042053
Bearing1_3,1794,0.23125526309013367,0.29984793066978455
Bearing1_3,1795,0.23083403706550598,0.28798601031303406
Bearing1_3,1796,0.2304128110408783,0.2791142463684082
Bearing1_3,1797,0.22999157011508942,0.2722571790218353
Bearing1_3,1798,0.22957034409046173,0.2709019184112549
Bearing1_3,1799,0.22914911806583405,0.27178770303726196
Bearing1_3,1800,0.22872789204120636,0.27003222703933716
Bearing1_3,1801,0.22830665111541748,0.26805537939071655
Bearing1_3,1802,0.2278854250907898,0.2660667896270752
Bearing1_3,1803,0.2274641990661621,0.26830315589904785
Bearing1_3,1804,0.22704295814037323,0.27070489525794983
Bearing1_3,1805,0.22662173211574554,0.2688434422016144
Bearing1_3,1806,0.22620050609111786,0.2609226107597351
Bearing1_3,1807,0.22577928006649017,0.25896555185317993
Bearing1_3,1808,0.2253580391407013,0.25849971175193787
Bearing1_3,1809,0.2249368131160736,0.258632630109787
Bearing1_3,1810,0.22451558709144592,0.25338733196258545
Bearing1_3,1811,0.22409436106681824,0.2441200613975525
Bearing1_3,1812,0.22367312014102936,0.2528317868709564
Bearing1_3,1813,0.22325189411640167,0.2549326717853546
Bearing1_3,1814,0.222830668091774,0.25210732221603394
Bearing1_3,1815,0.2224094420671463,0.25168803334236145
Bearing1_3,1816,0.22198820114135742,0.24346709251403809
Bearing1_3,1817,0.22156697511672974,0.2392217218875885
Bearing1_3,1818,0.22114574909210205,0.23395437002182007
Bearing1_3,1819,0.22072450816631317,0.24306707084178925
Bearing1_3,1820,0.22030328214168549,0.24139267206192017
Bearing1_3,1821,0.2198820561170578,0.23705367743968964
Bearing1_3,1822,0.21946083009243011,0.23102544248104095
Bearing1_3,1823,0.21903958916664124,0.22746354341506958
Bearing1_3,1824,0.21861836314201355,0.22314153611660004
Bearing1_3,1825,0.21819713711738586,0.22121459245681763
Bearing1_3,1826,0.21777591109275818,0.22708342969417572
Bearing1_3,1827,0.2173546701669693,0.23795762658119202
Bearing1_3,1828,0.2169334441423416,0.23799818754196167
Bearing1_3,1829,0.21651221811771393,0.23693124949932098
Bearing1_3,1830,0.21609099209308624,0.24374689161777496
Bearing1_3,1831,0.21566975116729736,0.23962366580963135
Bearing1_3,1832,0.21524852514266968,0.238744854927063
Bearing1_3,1833,0.214827299118042,0.24258354306221008
Bearing1_3,1834,0.2144060730934143,0.24891649186611176
Bearing1_3,1835,0.21398483216762543,0.2512696087360382
Bearing1_3,1836,0.21356360614299774,0.2516246438026428
Bearing1_3,1837,0.21314238011837006,0.25199568271636963
Bearing1_3,1838,0.21272113919258118,0.26077985763549805
Bearing1_3,1839,0.2122999131679535,0.26335105299949646
Bearing1_3,1840,0.2118786871433258,0.2616821825504303
Bearing1_3,1841,0.21145746111869812,0.2563903033733368
Bearing1_3,1842,0.21103622019290924,0.26506057381629944
Bearing1_3,1843,0.21061499416828156,0.2730734646320343
Bearing1_3,1844,0.21019376814365387,0.26573872566223145
Bearing1_3,1845,0.20977254211902618,0.25816020369529724
Bearing1_3,1846,0.2093513011932373,0.25246673822402954
Bearing1_3,1847,0.20893007516860962,0.2612893581390381
Bearing1_3,1848,0.20850884914398193,0.26695355772972107
Bearing1_3,1849,0.20808762311935425,0.27256250381469727
Bearing1_3,1850,0.20766638219356537,0.27762866020202637
Bearing1_3,1851,0.20724515616893768,0.2500271797180176
Bearing1_3,1852,0.20682393014431,0.25006216764450073
Bearing1_3,1853,0.20640268921852112,0.2527161240577698
Bearing1_3,1854,0.20598146319389343,0.2522812485694885
Bearing1_3,1855,0.20556023716926575,0.253008097410202
Bearing1_3,1856,0.20513901114463806,0.2543865144252777
Bearing1_3,1857,0.20471777021884918,0.2534380555152893
Bearing1_3,1858,0.2042965441942215,0.25134512782096863
Bearing1_3,1859,0.2038753181695938,0.24371390044689178
Bearing1_3,1860,0.20345409214496613,0.24817056953907013
Bearing1_3,1861,0.20303285121917725,0.2512802481651306
Bearing1_3,1862,0.20261162519454956,0.24665559828281403
Bearing1_3,1863,0.20219039916992188,0.25179415941238403
Bearing1_3,1864,0.2017691731452942,0.2519785463809967
Bearing1_3,1865,0.2013479322195053,0.2513609528541565
Bearing1_3,1866,0.20092670619487762,0.24471703171730042
Bearing1_3,1867,0.20050548017024994,0.24403898417949677
Bearing1_3,1868,0.20008423924446106,0.24642561376094818
Bearing1_3,1869,0.19966301321983337,0.2392088621854782
Bearing1_3,1870,0.1992417871952057,0.2299291491508484
Bearing1_3,1871,0.198820561170578,0.23066525161266327
Bearing1_3,1872,0.19839932024478912,0.23090828955173492
Bearing1_3,1873,0.19797809422016144,0.23626649379730225
Bearing1_3,1874,0.19755686819553375,0.23589488863945007
Bearing1_3,1875,0.19713564217090607,0.23462708294391632
Bearing1_3,1876,0.1967144012451172,0.24061740934848785
Bearing1_3,1877,0.1962931752204895,0.2354695349931717
Bearing1_3,1878,0.19587194919586182,0.2354777306318283
Bearing1_3,1879,0.19545072317123413,0.23280678689479828
Bearing1_3,1880,0.19502948224544525,0.22981500625610352
Bearing1_3,1881,0.19460825622081757,0.22269706428050995
Bearing1_3,1882,0.19418703019618988,0.22094285488128662
Bearing1_3,1883,0.193765789270401,0.23458853363990784
Bearing1_3,1884,0.19334456324577332,0.24063292145729065
Bearing1_3,1885,0.19292333722114563,0.24197697639465332
Bearing1_3,1886,0.19250211119651794,0.2423272579908371
Bearing1_3,1887,0.19208087027072906,0.24090777337551117
Bearing1_3,1888,0.19165964424610138,0.23465919494628906
Bearing1_3,1889,0.1912384182214737,0.23432143032550812
Bearing1_3,1890,0.190817192196846,0.23270078003406525
Bearing1_3,1891,0.19039595127105713,0.23689620196819305
Bearing1_3,1892,0.18997472524642944,0.2321903109550476
Bearing1_3,1893,0.18955349922180176,0.23069527745246887
Bearing1_3,1894,0.18913227319717407,0.23511558771133423
Bearing1_3,1895,0.1887110322713852,0.23874974250793457
Bearing1_3,1896,0.1882898062467575,0.2385910451412201
Bearing1_3,1897,0.18786858022212982,0.2172527015209198
Bearing1_3,1898,0.18744733929634094,0.21611879765987396
Bearing1_3,1899,0.18702611327171326,0.199608713388443
Bearing1_3,1900,0.18660488724708557,0.19512490928173065
Bearing1_3,1901,0.18618366122245789,0.20232735574245453
Bearing1_3,1902,0.185762420296669,0.205356627702713
Bearing1_3,1903,0.18534119427204132,0.2029303014278412
Bearing1_3,1904,0.18491996824741364,0.20236411690711975
Bearing1_3,1905,0.18449874222278595,0.2026529610157013
Bearing1_3,1906,0.18407750129699707,0.20458877086639404
Bearing1_3,1907,0.18365627527236938,0.20730052888393402
Bearing1_3,1908,0.1832350492477417,0.2104364037513733
Bearing1_3,1909,0.182813823223114,0.20680370926856995
Bearing1_3,1910,0.18239258229732513,0.20206941664218903
Bearing1_3,1911,0.18197135627269745,0.19588492810726166
Bearing1_3,1912,0.18155013024806976,0.19609734416007996
Bearing1_3,1913,0.18112888932228088,0.20025037229061127
Bearing1_3,1914,0.1807076632976532,0.20501762628555298
Bearing1_3,1915,0.1802864372730255,0.20763848721981049
Bearing1_3,1916,0.17986521124839783,0.20960620045661926
Bearing1_3,1917,0.17944397032260895,0.20847199857234955
Bearing1_3,1918,0.17902274429798126,0.21758200228214264
Bearing1_3,1919,0.17860151827335358,0.22144553065299988
Bearing1_3,1920,0.1781802922487259,0.22433841228485107
Bearing1_3,1921,0.177759051322937,0.22443850338459015
Bearing1_3,1922,0.17733782529830933,0.2261841893196106
Bearing1_3,1923,0.17691659927368164,0.22256243228912354
Bearing1_3,1924,0.17649537324905396,0.22364592552185059
Bearing1_3,1925,0.17607413232326508,0.2200031578540802
Bearing1_3,1926,0.1756529062986374,0.21450605988502502
Bearing1_3,1927,0.1752316802740097,0.19133180379867554
Bearing1_3,1928,0.17481043934822083,0.2108296900987625
Bearing1_3,1929,0.17438921332359314,0.2308676689863205
Bearing1_3,1930,0.17396798729896545,0.2234046757221222
Bearing1_3,1931,0.17354676127433777,0.22198694944381714
Bearing1_3,1932,0.1731255203485489,0.2074260413646698
Bearing1_3,1933,0.1727042943239212,0.20151394605636597
Bearing1_3,1934,0.17228306829929352,0.19068622589111328
Bearing1_3,1935,0.17186184227466583,0.17684689164161682
Bearing1_3,1936,0.17144060134887695,0.1747911423444748
Bearing1_3,1937,0.17101937532424927,0.17379477620124817
Bearing1_3,1938,0.17059814929962158,0.1719975471496582
Bearing1_3,1939,0.1701769232749939,0.16321197152137756
Bearing1_3,1940,0.16975568234920502,0.1590367555618286
Bearing1_3,1941,0.16933445632457733,0.15705357491970062
Bearing1_3,1942,0.16891323029994965,0.15939395129680634
Bearing1_3,1943,0.16849198937416077,0.1589239537715912
Bearing1_3,1944,0.16807076334953308,0.14526014029979706
Bearing1_3,1945,0.1676495373249054,0.14078053832054138
Bearing1_3,1946,0.1672283113002777,0.14198128879070282
Bearing1_3,1947,0.16680707037448883,0.1463707983493805
Bearing1_3,1948,0.16638584434986115,0.13964281976222992
Bearing1_3,1949,0.16596461832523346,0.14449061453342438
Bearing1_3,1950,0.16554339230060577,0.14617186784744263
Bearing1_3,1951,0.1651221513748169,0.15119263529777527
Bearing1_3,1952,0.1647009253501892,0.15424960851669312
Bearing1_3,1953,0.16427969932556152,0.1534440964460373
Bearing1_3,1954,0.16385847330093384,0.1547287106513977
Bearing1_3,1955,0.16343723237514496,0.14196768403053284
Bearing1_3,1956,0.16301600635051727,0.14630205929279327
Bearing1_3,1957,0.1625947803258896,0.14035847783088684
Bearing1_3,1958,0.1621735394001007,0.14096352458000183
Bearing1_3,1959,0.16175231337547302,0.15067058801651
Bearing1_3,1960,0.16133108735084534,0.15866726636886597
Bearing1_3,1961,0.16090986132621765,0.16711604595184326
Bearing1_3,1962,0.16048862040042877,0.16255223751068115
Bearing1_3,1963,0.1600673943758011,0.17474614083766937
Bearing1_3,1964,0.1596461683511734,0.18896184861660004
Bearing1_3,1965,0.15922494232654572,0.19068551063537598
Bearing1_3,1966,0.15880370140075684,0.19551992416381836
Bearing1_3,1967,0.15838247537612915,0.2033977508544922
Bearing1_3,1968,0.15796124935150146,0.20643320679664612
Bearing1_3,1969,0.15754002332687378,0.20313046872615814
Bearing1_3,1970,0.1571187824010849,0.20031708478927612
Bearing1_3,1971,0.15669755637645721,0.19665788114070892
Bearing1_3,1972,0.15627633035182953,0.19694438576698303
Bearing1_3,1973,0.15585510432720184,0.20290958881378174
Bearing1_3,1974,0.15543386340141296,0.2027302086353302
Bearing1_3,1975,0.15501263737678528,0.20542587339878082
Bearing1_3,1976,0.1545914113521576,0.20481836795806885
Bearing1_3,1977,0.1541701704263687,0.18928085267543793
Bearing1_3,1978,0.15374894440174103,0.18332765996456146
Bearing1_3,1979,0.15332771837711334,0.1768253594636917
Bearing1_3,1980,0.15290649235248566,0.17185866832733154
Bearing1_3,1981,0.15248525142669678,0.16282020509243011
Bearing1_3,1982,0.1520640254020691,0.1630074679851532
Bearing1_3,1983,0.1516427993774414,0.15742576122283936
Bearing1_3,1984,0.15122157335281372,0.1437477320432663
Bearing1_3,1985,0.15080033242702484,0.13958658277988434
Bearing1_3,1986,0.15037910640239716,0.1394890397787094
Bearing1_3,1987,0.14995788037776947,0.14591161906719208
Bearing1_3,1988,0.14953665435314178,0.14415131509304047
Bearing1_3,1989,0.1491154134273529,0.14661745727062225
Bearing1_3,1990,0.14869418740272522,0.1416209489107132
Bearing1_3,1991,0.14827296137809753,0.14416062831878662
Bearing1_3,1992,0.14785172045230865,0.145178884267807
Bearing1_3,1993,0.14743049442768097,0.1421937793493271
Bearing1_3,1994,0.14700926840305328,0.13878896832466125
Bearing1_3,1995,0.1465880423784256,0.13849890232086182
Bearing1_3,1996,0.14616680145263672,0.1286950558423996
Bearing1_3,1997,0.14574557542800903,0.13242363929748535
Bearing1_3,1998,0.14532434940338135,0.12598274648189545
Bearing1_3,1999,0.14490312337875366,0.12785695493221283
Bearing1_3,2000,0.14448188245296478,0.13049256801605225
Bearing1_3,2001,0.1440606564283371,0.13147327303886414
Bearing1_3,2002,0.1436394304037094,0.13552211225032806
Bearing1_3,2003,0.14321820437908173,0.14035889506340027
Bearing1_3,2004,0.14279696345329285,0.1353294849395752
Bearing1_3,2005,0.14237573742866516,0.13518093526363373
Bearing1_3,2006,0.14195451140403748,0.1307721734046936
Bearing1_3,2007,0.1415332704782486,0.13597925007343292
Bearing1_3,2008,0.1411120444536209,0.13937817513942719
Bearing1_3,2009,0.14069081842899323,0.1343599110841751
Bearing1_3,2010,0.14026959240436554,0.12928099930286407
Bearing1_3,2011,0.13984835147857666,0.12720094621181488
Bearing1_3,2012,0.13942712545394897,0.12040258198976517
Bearing1_3,2013,0.1390058994293213,0.11837388575077057
Bearing1_3,2014,0.1385846734046936,0.10641869902610779
Bearing1_3,2015,0.13816343247890472,0.10821855813264847
Bearing1_3,2016,0.13774220645427704,0.0953415259718895
Bearing1_3,2017,0.13732098042964935,0.09926220029592514
Bearing1_3,2018,0.13689975440502167,0.10099630057811737
Bearing1_3,2019,0.1364785134792328,0.0987672358751297
Bearing1_3,2020,0.1360572874546051,0.08494839817285538
Bearing1_3,2021,0.13563606142997742,0.07776517421007156
Bearing1_3,2022,0.13521482050418854,0.07794411480426788
Bearing1_3,2023,0.13479359447956085,0.08227668702602386
Bearing1_3,2024,0.13437236845493317,0.0876338854432106
Bearing1_3,2025,0.13395114243030548,0.08792479336261749
Bearing1_3,2026,0.1335299015045166,0.09324923902750015
Bearing1_3,2027,0.13310867547988892,0.08935834467411041
Bearing1_3,2028,0.13268744945526123,0.09208197891712189
Bearing1_3,2029,0.13226622343063354,0.09577277302742004
Bearing1_3,2030,0.13184498250484467,0.09687557816505432
Bearing1_3,2031,0.13142375648021698,0.09694226086139679
Bearing1_3,2032,0.1310025304555893,0.09189393371343613
Bearing1_3,2033,0.1305813044309616,0.0961482897400856
Bearing1_3,2034,0.13016006350517273,0.09615949541330338
Bearing1_3,2035,0.12973883748054504,0.10097978264093399
Bearing1_3,2036,0.12931761145591736,0.1070413738489151
Bearing1_3,2037,0.12889637053012848,0.10503172874450684
Bearing1_3,2038,0.1284751445055008,0.11117913573980331
Bearing1_3,2039,0.1280539184808731,0.1105450689792633
Bearing1_3,2040,0.12763269245624542,0.0949779823422432
Bearing1_3,2041,0.12721145153045654,0.06825095415115356
Bearing1_3,2042,0.12679022550582886,0.08735384047031403
Bearing1_3,2043,0.12636899948120117,0.06151517480611801
Bearing1_3,2044,0.1259477734565735,0.04263279587030411
Bearing1_3,2045,0.1255265325307846,0.11158302426338196
Bearing1_3,2046,0.12510530650615692,0.13436484336853027
Bearing1_3,2047,0.12468408048152924,0.13538676500320435
Bearing1_3,2048,0.12426284700632095,0.1361837387084961
Bearing1_3,2049,0.12384162098169327,0.13552658259868622
Bearing1_3,2050,0.12342038750648499,0.14151345193386078
Bearing1_3,2051,0.1229991540312767,0.14601731300354004
Bearing1_3,2052,0.12257792800664902,0.15273873507976532
Bearing1_3,2053,0.12215669453144073,0.15326155722141266
Bearing1_3,2054,0.12173546850681305,0.15215343236923218
Bearing1_3,2055,0.12131423503160477,0.15268366038799286
Bearing1_3,2056,0.12089300900697708,0.15449759364128113
Bearing1_3,2057,0.1204717755317688,0.1568719893693924
Bearing1_3,2058,0.12005054950714111,0.1634870171546936
Bearing1_3,2059,0.11962931603193283,0.16758903861045837
Bearing1_3,2060,0.11920809000730515,0.16064168512821198
Bearing1_3,2061,0.11878685653209686,0.15791042149066925
Bearing1_3,2062,0.11836563050746918,0.15915970504283905
Bearing1_3,2063,0.1179443970322609,0.15948262810707092
Bearing1_3,2064,0.11752317100763321,0.1570482850074768
Bearing1_3,2065,0.11710193753242493,0.1483013927936554
Bearing1_3,2066,0.11668070405721664,0.13517478108406067
Bearing1_3,2067,0.11625947803258896,0.14042235910892487
Bearing1_3,2068,0.11583824455738068,0.1384916454553604
Bearing1_3,2069,0.11541701853275299,0.12758180499076843
Bearing1_3,2070,0.11499578505754471,0.1076904833316803
Bearing1_3,2071,0.11457455903291702,0.10033553838729858
Bearing1_3,2072,0.11415332555770874,0.09529641270637512
Bearing1_3,2073,0.11373209953308105,0.09226681292057037
Bearing1_3,2074,0.11331086605787277,0.08305200189352036
Bearing1_3,2075,0.11288964003324509,0.08277606964111328
Bearing1_3,2076,0.1124684065580368,0.08169621229171753
Bearing1_3,2077,0.11204718053340912,0.08343985676765442
Bearing1_3,2078,0.11162594705820084,0.08278367668390274
Bearing1_3,2079,0.11120472103357315,0.08126015961170197
Bearing1_3,2080,0.11078348755836487,0.08475562930107117
Bearing1_3,2081,0.11036225408315659,0.08688710629940033
Bearing1_3,2082,0.1099410280585289,0.08547289669513702
Bearing1_3,2083,0.10951979458332062,0.08708295226097107
Bearing1_3,2084,0.10909856855869293,0.0894995629787445
Bearing1_3,2085,0.10867733508348465,0.09232188761234283
Bearing1_3,2086,0.10825610905885696,0.09316796809434891
Bearing1_3,2087,0.10783487558364868,0.09353566914796829
Bearing1_3,2088,0.107413649559021,0.09868855029344559
Bearing1_3,2089,0.10699241608381271,0.09671001881361008
Bearing1_3,2090,0.10657119005918503,0.09307953715324402
Bearing1_3,2091,0.10614995658397675,0.09673772007226944
Bearing1_3,2092,0.10572873055934906,0.0968194231390953
Bearing1_3,2093,0.10530749708414078,0.09452871233224869
Bearing1_3,2094,0.10488627105951309,0.08362933993339539
Bearing1_3,2095,0.10446503758430481,0.07454416155815125
Bearing1_3,2096,0.10404381155967712,0.07273970544338226
Bearing1_3,2097,0.10362257808446884,0.08334188908338547
Bearing1_3,2098,0.10320134460926056,0.08333813399076462
Bearing1_3,2099,0.10278011858463287,0.062203820794820786
Bearing1_3,2100,0.10235888510942459,0.05575112625956535
Bearing1_3,2101,0.1019376590847969,0.07392637431621552
Bearing1_3,2102,0.10151642560958862,0.09221471101045609
Bearing1_3,2103,0.10109519958496094,0.09337248653173447
Bearing1_3,2104,0.10067396610975266,0.09918810427188873
Bearing1_3,2105,0.10025274008512497,0.10368337482213974
Bearing1_3,2106,0.09983150660991669,0.10335825383663177
Bearing1_3,2107,0.099410280585289,0.10372640937566757
Bearing1_3,2108,0.09898904711008072,0.09904365986585617
Bearing1_3,2109,0.09856782108545303,0.08848092705011368
Bearing1_3,2110,0.09814658761024475,0.08601674437522888
Bearing1_3,2111,0.09772536158561707,0.08498439937829971
Bearing1_3,2112,0.09730412811040878,0.08295079320669174
Bearing1_3,2113,0.0968828946352005,0.08061720430850983
Bearing1_3,2114,0.09646166861057281,0.0746920183300972
Bearing1_3,2115,0.09604043513536453,0.05495165288448334
Bearing1_3,2116,0.09561920911073685,0.051230113953351974
Bearing1_3,2117,0.09519797563552856,0.0504661500453949
Bearing1_3,2118,0.09477674961090088,0.04970363527536392
Bearing1_3,2119,0.0943555161356926,0.044924959540367126
Bearing1_3,2120,0.09393429011106491,0.046392809599637985
Bearing1_3,2121,0.09351305663585663,0.04909268766641617
Bearing1_3,2122,0.09309183061122894,0.05304048955440521
Bearing1_3,2123,0.09267059713602066,0.056402210146188736
Bearing1_3,2124,0.09224937111139297,0.05740373581647873
Bearing1_3,2125,0.09182813763618469,0.05621853098273277
Bearing1_3,2126,0.091406911611557,0.05112340301275253
Bearing1_3,2127,0.09098567813634872,0.05327586457133293
Bearing1_3,2128,0.09056444466114044,0.03979705274105072
Bearing1_3,2129,0.09014321863651276,0.039704665541648865
Bearing1_3,2130,0.08972198516130447,0.04852474108338356
Bearing1_3,2131,0.08930075913667679,0.05488152801990509
Bearing1_3,2132,0.0888795256614685,0.052326928824186325
Bearing1_3,2133,0.08845829963684082,0.050858788192272186
Bearing1_3,2134,0.08803706616163254,0.0518079474568367
Bearing1_3,2135,0.08761584013700485,0.05002489686012268
Bearing1_3,2136,0.08719460666179657,0.04466801881790161
Bearing1_3,2137,0.08677338063716888,0.040797337889671326
Bearing1_3,2138,0.0863521471619606,0.04494888335466385
Bearing1_3,2139,0.08593092113733292,0.04183226823806763
Bearing1_3,2140,0.08550968766212463,0.05084485933184624
Bearing1_3,2141,0.08508846163749695,0.068976491689682
Bearing1_3,2142,0.08466722816228867,0.07192287594079971
Bearing1_3,2143,0.08424599468708038,0.0702664703130722
Bearing1_3,2144,0.0838247686624527,0.05515022575855255
Bearing1_3,2145,0.08340353518724442,0.07042468339204788
Bearing1_3,2146,0.08298230916261673,0.08112993091344833
Bearing1_3,2147,0.08256107568740845,0.11548842489719391
Bearing1_3,2148,0.08213984966278076,0.11507552117109299
Bearing1_3,2149,0.08171861618757248,0.1121138334274292
Bearing1_3,2150,0.0812973901629448,0.10938503593206406
Bearing1_3,2151,0.08087615668773651,0.10489969700574875
Bearing1_3,2152,0.08045493066310883,0.09633402526378632
Bearing1_3,2153,0.08003369718790054,0.09184182435274124
Bearing1_3,2154,0.07961247116327286,0.08690721541643143
Bearing1_3,2155,0.07919123768806458,0.07972032576799393
Bearing1_3,2156,0.07877001166343689,0.07371070981025696
Bearing1_3,2157,0.07834877818822861,0.07384834438562393
Bearing1_3,2158,0.07792755216360092,0.06785479187965393
Bearing1_3,2159,0.07750631868839264,0.07141982764005661
Bearing1_3,2160,0.07708508521318436,0.07852409034967422
Bearing1_3,2161,0.07666385918855667,0.07548249512910843
Bearing1_3,2162,0.07624262571334839,0.06472598761320114
Bearing1_3,2163,0.0758213996887207,0.06681708246469498
Bearing1_3,2164,0.07540016621351242,0.046583715826272964
Bearing1_3,2165,0.07497894018888474,0.050675537437200546
Bearing1_3,2166,0.07455770671367645,0.056447505950927734
Bearing1_3,2167,0.07413648068904877,0.06107897683978081
Bearing1_3,2168,0.07371524721384048,0.06195841357111931
Bearing1_3,2169,0.0732940211892128,0.056882161647081375
Bearing1_3,2170,0.07287278771400452,0.05456186458468437
Bearing1_3,2171,0.07245156168937683,0.057541120797395706
Bearing1_3,2172,0.07203032821416855,0.05496551841497421
Bearing1_3,2173,0.07160910218954086,0.04033232107758522
Bearing1_3,2174,0.07118786871433258,0.03664940968155861
Bearing1_3,2175,0.0707666352391243,0.03427921608090401
Bearing1_3,2176,0.07034540921449661,0.03681563958525658
Bearing1_3,2177,0.06992417573928833,0.03410392627120018
Bearing1_3,2178,0.06950294971466064,0.033255092799663544
Bearing1_3,2179,0.06908171623945236,0.03587528318166733
Bearing1_3,2180,0.06866049021482468,0.0458451472222805
Bearing1_3,2181,0.0682392567396164,0.03841434046626091
Bearing1_3,2182,0.06781803071498871,0.03986600786447525
Bearing1_3,2183,0.06739679723978043,0.03710149601101875
Bearing1_3,2184,0.06697557121515274,0.051606882363557816
Bearing1_3,2185,0.06655433773994446,0.04893292114138603
Bearing1_3,2186,0.06613311171531677,0.05093526095151901
Bearing1_3,2187,0.06571187824010849,0.04380197823047638
Bearing1_3,2188,0.0652906522154808,0.047567084431648254
Bearing1_3,2189,0.06486941874027252,0.04323295131325722
Bearing1_3,2190,0.06444818526506424,0.04898301512002945
Bearing1_3,2191,0.06402695924043655,0.03640693053603172
Bearing1_3,2192,0.06360572576522827,0.033244404941797256
Bearing1_3,2193,0.06318449974060059,0.040050677955150604
Bearing1_3,2194,0.0627632662653923,0.07370707392692566
Bearing1_3,2195,0.06234204024076462,0.06975948810577393
Bearing1_3,2196,0.061920810490846634,0.07018964737653732
Bearing1_3,2197,0.06149957701563835,0.06499241292476654
Bearing1_3,2198,0.06107834726572037,0.06285214424133301
Bearing1_3,2199,0.06065711751580238,0.05957803130149841
Bearing1_3,2200,0.0602358877658844,0.062416091561317444
Bearing1_3,2201,0.059814658015966415,0.06656044721603394
Bearing1_3,2202,0.05939342826604843,0.05624760687351227
Bearing1_3,2203,0.05897219851613045,0.0498153418302536
Bearing1_3,2204,0.05855096876621246,0.04996662586927414
Bearing1_3,2205,0.05812973901629448,0.05265564098954201
Bearing1_3,2206,0.057708509266376495,0.04683701694011688
Bearing1_3,2207,0.05728727951645851,0.05014277622103691
Bearing1_3,2208,0.05686604976654053,0.03809290751814842
Bearing1_3,2209,0.05644482001662254,0.0346931591629982
Bearing1_3,2210,0.05602359026670456,0.03344624117016792
Bearing1_3,2211,0.055602360516786575,0.03620734065771103
Bearing1_3,2212,0.05518112704157829,0.02630639635026455
Bearing1_3,2213,0.05475989729166031,0.027183666825294495
Bearing1_3,2214,0.054338667541742325,0.026894276961684227
Bearing1_3,2215,0.05391743779182434,0.02601495198905468
Bearing1_3,2216,0.05349620804190636,0.021245865151286125
Bearing1_3,2217,0.05307497829198837,0.018551651388406754
Bearing1_3,2218,0.05265374854207039,0.01669112779200077
Bearing1_3,2219,0.052232518792152405,0.018165377900004387
Bearing1_3,2220,0.05181128904223442,0.018801022320985794
Bearing1_3,2221,0.05139005929231644,0.020041564479470253
Bearing1_3,2222,0.05096882954239845,0.01846330054104328
Bearing1_3,2223,0.05054759979248047,0.015851875767111778
Bearing1_3,2224,0.050126370042562485,0.015549595467746258
Bearing1_3,2225,0.0497051402926445,0.01478593423962593
Bearing1_3,2226,0.04928391054272652,0.01698273792862892
Bearing1_3,2227,0.04886268079280853,0.015708545222878456
Bearing1_3,2228,0.04844144731760025,0.01462397538125515
Bearing1_3,2229,0.048020217567682266,0.014597846195101738
Bearing1_3,2230,0.04759898781776428,0.013550925999879837
Bearing1_3,2231,0.0471777580678463,0.013432119973003864
Bearing1_3,2232,0.046756528317928314,0.013104645535349846
Bearing1_3,2233,0.04633529856801033,0.013241836801171303
Bearing1_3,2234,0.045914068818092346,0.012948427349328995
Bearing1_3,2235,0.04549283906817436,0.012480228208005428
Bearing1_3,2236,0.04507160931825638,0.012624800205230713
Bearing1_3,2237,0.044650379568338394,0.012157907709479332
Bearing1_3,2238,0.04422914981842041,0.01196689810603857
Bearing1_3,2239,0.043807920068502426,0.011870983056724072
Bearing1_3,2240,0.04338669031858444,0.011942132376134396
Bearing1_3,2241,0.04296546056866646,0.011866303160786629
Bearing1_3,2242,0.042544230818748474,0.011799817904829979
Bearing1_3,2243,0.04212299734354019,0.011644731275737286
Bearing1_3,2244,0.04170176759362221,0.01188757922500372
Bearing1_3,2245,0.041280537843704224,0.011899396777153015
Bearing1_3,2246,0.04085930809378624,0.011862091720104218
Bearing1_3,2247,0.040438078343868256,0.011722725816071033
Bearing1_3,2248,0.04001684859395027,0.01180728804320097
Bearing1_3,2249,0.03959561884403229,0.011020386591553688
Bearing1_3,2250,0.039174389094114304,0.010932289063930511
Bearing1_3,2251,0.03875315934419632,0.010793936438858509
Bearing1_3,2252,0.038331929594278336,0.010700675658881664
Bearing1_3,2253,0.03791069984436035,0.010660604573786259
Bearing1_3,2254,0.03748947009444237,0.010595463216304779
Bearing1_3,2255,0.037068240344524384,0.010695457458496094
Bearing1_3,2256,0.0366470105946064,0.01074304897338152
Bearing1_3,2257,0.036225780844688416,0.010678734630346298
Bearing1_3,2258,0.03580455109477043,0.010640069842338562
Bearing1_3,2259,0.03538331761956215,0.010645225644111633
Bearing1_3,2260,0.034962087869644165,0.010635573416948318
Bearing1_3,2261,0.03454085811972618,0.01059165969491005
Bearing1_3,2262,0.0341196283698082,0.010664386674761772
Bearing1_3,2263,0.03369839861989021,0.01066503580659628
Bearing1_3,2264,0.03327716886997223,0.010643664747476578
Bearing1_3,2265,0.032855939120054245,0.0106179965659976
Bearing1_3,2266,0.03243470937013626,0.010635431855916977
Bearing1_3,2267,0.03201347962021828,0.010641279630362988
Bearing1_3,2268,0.03159224987030029,0.010620536282658577
Bearing1_3,2269,0.03117102012038231,0.010662616230547428
Bearing1_3,2270,0.030749788507819176,0.011156585067510605
Bearing1_3,2271,0.03032855875790119,0.011330860666930676
Bearing1_3,2272,0.029907329007983208,0.011225295253098011
Bearing1_3,2273,0.029486099258065224,0.010607156902551651
Bearing1_3,2274,0.02906486950814724,0.010562153533101082
Bearing1_3,2275,0.028643639758229256,0.01061292365193367
Bearing1_3,2276,0.02822241000831127,0.010549751110374928
Bearing1_3,2277,0.027801180258393288,0.010577882640063763
Bearing1_3,2278,0.027379948645830154,0.010585285723209381
Bearing1_3,2279,0.02695871889591217,0.010547662153840065
Bearing1_3,2280,0.026537489145994186,0.010505728423595428
Bearing1_3,2281,0.026116259396076202,0.010490139946341515
Bearing1_3,2282,0.02569502964615822,0.010501465760171413
Bearing1_3,2283,0.025273799896240234,0.01048500370234251
Bearing1_3,2284,0.02485257014632225,0.010539030656218529
Bearing1_3,2285,0.024431340396404266,0.010535158216953278
Bearing1_3,2286,0.024010108783841133,0.011164410039782524
Bearing1_3,2287,0.02358887903392315,0.01047324575483799
Bearing1_3,2288,0.023167649284005165,0.010436627082526684
Bearing1_3,2289,0.02274641953408718,0.0104573555290699
Bearing1_3,2290,0.022325189784169197,0.0104515440762043
Bearing1_3,2291,0.021903960034251213,0.010447565466165543
Bearing1_3,2292,0.02148273028433323,0.010463431477546692
Bearing1_3,2293,0.021061498671770096,0.010469075292348862
Bearing1_3,2294,0.020640268921852112,0.010464373975992203
Bearing1_3,2295,0.020219039171934128,0.010430152527987957
Bearing1_3,2296,0.019797809422016144,0.010405946522951126
Bearing1_3,2297,0.01937657967209816,0.01096868235617876
Bearing1_3,2298,0.018955349922180176,0.01102400477975607
Bearing1_3,2299,0.018534120172262192,0.01090220920741558
Bearing1_3,2300,0.018112890422344208,0.010484706610441208
Bearing1_3,2301,0.017691658809781075,0.01052128430455923
Bearing1_3,2302,0.01727042905986309,0.010553634725511074
Bearing1_3,2303,0.016849199309945107,0.01051445584744215
Bearing1_3,2304,0.016427969560027122,0.010539866983890533
Bearing1_3,2305,0.01600673981010914,0.010539847426116467
Bearing1_3,2306,0.015585510060191154,0.010552097111940384
Bearing1_3,2307,0.015164279378950596,0.010600153356790543
Bearing1_3,2308,0.014743049629032612,0.010586858727037907
Bearing1_3,2309,0.014321819879114628,0.01060708612203598
Bearing1_3,2310,0.013900590129196644,0.010615507140755653
Bearing1_3,2311,0.013479359447956085,0.010652214288711548
Bearing1_3,2312,0.013058129698038101,0.010851421393454075
Bearing1_3,2313,0.012636899948120117,0.01082616113126278
Bearing1_3,2314,0.012215670198202133,0.010868648067116737
Bearing1_3,2315,0.011794439516961575,0.010904703289270401
Bearing1_3,2316,0.01137320976704359,0.010949120856821537
Bearing1_3,2317,0.010951980017125607,0.010970507748425007
Bearing1_3,2318,0.010530749335885048,0.010990963317453861
Bearing1_3,2319,0.010109519585967064,0.011047969572246075
Bearing1_3,2320,0.00968828983604908,0.011204488575458527
Bearing1_3,2321,0.009267060086131096,0.011415899731218815
Bearing1_3,2322,0.008845829404890537,0.01160485204309225
Bearing1_3,2323,0.008424599654972553,0.012906900607049465
Bearing1_3,2324,0.00800336990505457,0.013588623143732548
Bearing1_3,2325,0.007582139689475298,0.013925119303166866
Bearing1_3,2326,0.007160909939557314,0.014083554968237877
Bearing1_3,2327,0.006739679723978043,0.014065047726035118
Bearing1_3,2328,0.006318449974060059,0.01439459528774023
Bearing1_3,2329,0.005897219758480787,0.01455430593341589
Bearing1_3,2330,0.005475990008562803,0.014653469435870647
Bearing1_3,2331,0.005054759792983532,0.01485425978899002
Bearing1_3,2332,0.004633530043065548,0.014952732250094414
Bearing1_3,2333,0.004212299827486277,0.015050027519464493
Bearing1_3,2334,0.003791069844737649,0.015135773457586765
Bearing1_3,2335,0.0033698398619890213,0.015362369827926159
Bearing1_3,2336,0.0029486098792403936,0.015812082216143608
Bearing1_3,2337,0.002527379896491766,0.01615835912525654
Bearing1_3,2338,0.0021061499137431383,0.01616538129746914
Bearing1_3,2339,0.0016849199309945107,0.016370106488466263
Bearing1_3,2340,0.001263689948245883,0.016598017886281013
Bearing1_3,2341,0.0008424599654972553,0.016678547486662865
Bearing1_3,2342,0.00042122998274862766,0.016889644786715508
Bearing1_3,2343,0.0,0.016796667128801346
Bearing1_4,0,0.9782760739326477,0.8781787157058716
Bearing1_4,1,0.9775753617286682,0.8812426924705505
Bearing1_4,2,0.976874589920044,0.8756340146064758
Bearing1_4,3,0.9761738181114197,0.8789926171302795
Bearing1_4,4,0.9754730463027954,0.8788204789161682
Bearing1_4,5,0.9747722744941711,0.879986047744751
Bearing1_4,6,0.9740715026855469,0.8806146383285522
Bearing1_4,7,0.9733707308769226,0.8792057037353516
Bearing1_4,8,0.9726699590682983,0.876291036605835
Bearing1_4,9,0.9719691872596741,0.8767722845077515
Bearing1_4,10,0.9712684154510498,0.8825957775115967
Bearing1_4,11,0.9705676436424255,0.8861995339393616
Bearing1_4,12,0.9698668718338013,0.8860406279563904
Bearing1_4,13,0.969166100025177,0.8837881684303284
Bearing1_4,14,0.9684653282165527,0.8894760012626648
Bearing1_4,15,0.9677645564079285,0.8890045881271362
Bearing1_4,16,0.9670637845993042,0.883521556854248
Bearing1_4,17,0.9663630127906799,0.8788477778434753
Bearing1_4,18,0.9656622409820557,0.8706732988357544
Bearing1_4,19,0.9649614691734314,0.8672617077827454
Bearing1_4,20,0.9642606973648071,0.862409770488739
Bearing1_4,21,0.9635599255561829,0.8559262752532959
Bearing1_4,22,0.9628591537475586,0.8525334596633911
Bearing1_4,23,0.9621583819389343,0.8504447937011719
Bearing1_4,24,0.9614576101303101,0.8449808359146118
Bearing1_4,25,0.9607568383216858,0.8414233326911926
Bearing1_4,26,0.9600560665130615,0.8368406891822815
Bearing1_4,27,0.9593552947044373,0.834643542766571
Bearing1_4,28,0.958654522895813,0.8312468528747559
Bearing1_4,29,0.9579537510871887,0.8265162706375122
Bearing1_4,30,0.9572529792785645,0.8206989169120789
Bearing1_4,31,0.9565522074699402,0.8149200677871704
Bearing1_4,32,0.9558514356613159,0.8119540214538574
Bearing1_4,33,0.9551506638526917,0.8069575428962708
Bearing1_4,34,0.9544498920440674,0.8059718012809753
Bearing1_4,35,0.9537491202354431,0.8022478222846985
Bearing1_4,36,0.9530483484268188,0.7952976822853088
Bearing1_4,37,0.9523475766181946,0.7945398688316345
Bearing1_4,38,0.9516468048095703,0.7935076951980591
Bearing1_4,39,0.950946033000946,0.792997419834137
Bearing1_4,40,0.9502452611923218,0.7949210405349731
Bearing1_4,41,0.9495444893836975,0.7924351692199707
Bearing1_4,42,0.9488437175750732,0.7927462458610535
Bearing1_4,43,0.948142945766449,0.7901366949081421
Bearing1_4,44,0.9474421739578247,0.7878367304801941
Bearing1_4,45,0.9467414021492004,0.7837544679641724
Bearing1_4,46,0.9460406303405762,0.7819941639900208
Bearing1_4,47,0.9453398585319519,0.781779944896698
Bearing1_4,48,0.9446390867233276,0.7824523448944092
Bearing1_4,49,0.9439383149147034,0.7825719118118286
Bearing1_4,50,0.9432375431060791,0.7819086909294128
Bearing1_4,51,0.9425367712974548,0.7846382856369019
Bearing1_4,52,0.9418359994888306,0.7890737056732178
Bearing1_4,53,0.9411352276802063,0.7875171899795532
Bearing1_4,54,0.940434455871582,0.7885785102844238
Bearing1_4,55,0.9397336840629578,0.7949445843696594
Bearing1_4,56,0.9390329122543335,0.8019617199897766
Bearing1_4,57,0.9383321404457092,0.8058108687400818
Bearing1_4,58,0.937631368637085,0.8050511479377747
Bearing1_4,59,0.9369305968284607,0.8064824938774109
Bearing1_4,60,0.9362298250198364,0.8029723763465881
Bearing1_4,61,0.9355290532112122,0.7998907566070557
Bearing1_4,62,0.9348282814025879,0.7997580766677856
Bearing1_4,63,0.9341275691986084,0.802990734577179
Bearing1_4,64,0.9334267973899841,0.8046543598175049
Bearing1_4,65,0.9327260255813599,0.8036811947822571
Bearing1_4,66,0.9320252537727356,0.8011510968208313
Bearing1_4,67,0.9313244819641113,0.7975022792816162
Bearing1_4,68,0.9306237101554871,0.7993589639663696
Bearing1_4,69,0.9299229383468628,0.7943095564842224
Bearing1_4,70,0.9292221665382385,0.7929757237434387
Bearing1_4,71,0.9285213947296143,0.7914184927940369
Bearing1_4,72,0.92782062292099,0.7878119945526123
Bearing1_4,73,0.9271198511123657,0.7834781408309937
Bearing1_4,74,0.9264190793037415,0.7796476483345032
Bearing1_4,75,0.9257183074951172,0.7791169285774231
Bearing1_4,76,0.9250175356864929,0.779435932636261
Bearing1_4,77,0.9243167638778687,0.7781463265419006
Bearing1_4,78,0.9236159920692444,0.7797661423683167
Bearing1_4,79,0.9229152202606201,0.7824069857597351
Bearing1_4,80,0.9222144484519958,0.7784861326217651
Bearing1_4,81,0.9215136766433716,0.7804681062698364
Bearing1_4,82,0.9208129048347473,0.7831410765647888
Bearing1_4,83,0.920112133026123,0.7811318039894104
Bearing1_4,84,0.9194113612174988,0.7768043279647827
Bearing1_4,85,0.9187105894088745,0.7804849743843079
Bearing1_4,86,0.9180098176002502,0.7738784551620483
Bearing1_4,87,0.917309045791626,0.768844723701477
Bearing1_4,88,0.9166082739830017,0.7648826241493225
Bearing1_4,89,0.9159075021743774,0.7631214261054993
Bearing1_4,90,0.9152067303657532,0.7604467868804932
Bearing1_4,91,0.9145059585571289,0.755948543548584
Bearing1_4,92,0.9138051867485046,0.7529143691062927
Bearing1_4,93,0.9131044149398804,0.7540348768234253
Bearing1_4,94,0.9124036431312561,0.7570458650588989
Bearing1_4,95,0.9117028713226318,0.7561845183372498
Bearing1_4,96,0.9110020995140076,0.7561241984367371
Bearing1_4,97,0.9103013277053833,0.7547377347946167
Bearing1_4,98,0.909600555896759,0.7523466944694519
Bearing1_4,99,0.9088997840881348,0.7548502087593079
Bearing1_4,100,0.9081990122795105,0.7528774738311768
Bearing1_4,101,0.9074982404708862,0.7510854005813599
Bearing1_4,102,0.906797468662262,0.7483769655227661
Bearing1_4,103,0.9060966968536377,0.7477490305900574
Bearing1_4,104,0.9053959250450134,0.749610185623169
Bearing1_4,105,0.9046951532363892,0.749808669090271
Bearing1_4,106,0.9039943814277649,0.7480828762054443
Bearing1_4,107,0.9032936096191406,0.7469884753227234
Bearing1_4,108,0.9025928378105164,0.7452143430709839
Bearing1_4,109,0.9018920660018921,0.7445463538169861
Bearing1_4,110,0.9011912941932678,0.7418732643127441
Bearing1_4,111,0.9004905223846436,0.7375292181968689
Bearing1_4,112,0.8997897505760193,0.7356062531471252
Bearing1_4,113,0.899088978767395,0.7333765029907227
Bearing1_4,114,0.8983882069587708,0.7281926870346069
Bearing1_4,115,0.8976874351501465,0.7258131504058838
Bearing1_4,116,0.8969866633415222,0.7250431180000305
Bearing1_4,117,0.896285891532898,0.7213202118873596
Bearing1_4,118,0.8955851197242737,0.7193400263786316
Bearing1_4,119,0.8948843479156494,0.7168142795562744
Bearing1_4,120,0.8941835761070251,0.7161239981651306
Bearing1_4,121,0.8934828042984009,0.7116500735282898
Bearing1_4,122,0.8927820324897766,0.7171328663825989
Bearing1_4,123,0.8920812606811523,0.7182051539421082
Bearing1_4,124,0.8913804888725281,0.7180137634277344
Bearing1_4,125,0.8906797766685486,0.7158470153808594
Bearing1_4,126,0.8899790048599243,0.7103530764579773
Bearing1_4,127,0.8892782330513,0.707685112953186
Bearing1_4,128,0.8885774612426758,0.7040587663650513
Bearing1_4,129,0.8878766894340515,0.7074620127677917
Bearing1_4,130,0.8871759176254272,0.7096308469772339
Bearing1_4,131,0.886475145816803,0.7136335372924805
Bearing1_4,132,0.8857743740081787,0.7102845907211304
Bearing1_4,133,0.8850736021995544,0.7124918103218079
Bearing1_4,134,0.8843728303909302,0.7100597620010376
Bearing1_4,135,0.8836720585823059,0.711928129196167
Bearing1_4,136,0.8829712867736816,0.7135320901870728
Bearing1_4,137,0.8822705149650574,0.71841961145401
Bearing1_4,138,0.8815697431564331,0.7232028841972351
Bearing1_4,139,0.8808689713478088,0.7268003821372986
Bearing1_4,140,0.8801681995391846,0.7301322817802429
Bearing1_4,141,0.8794674277305603,0.7321618795394897
Bearing1_4,142,0.878766655921936,0.7316266298294067
Bearing1_4,143,0.8780658841133118,0.7294980883598328
Bearing1_4,144,0.8773651123046875,0.729104220867157
Bearing1_4,145,0.8766643404960632,0.732722282409668
Bearing1_4,146,0.875963568687439,0.7353401780128479
Bearing1_4,147,0.8752627968788147,0.7372148036956787
Bearing1_4,148,0.8745620250701904,0.7384904623031616
Bearing1_4,149,0.8738612532615662,0.7448991537094116
Bearing1_4,150,0.8731604814529419,0.744346559047699
Bearing1_4,151,0.8724597096443176,0.7453218102455139
Bearing1_4,152,0.8717589378356934,0.749557614326477
Bearing1_4,153,0.8710581660270691,0.7486843466758728
Bearing1_4,154,0.8703573942184448,0.7455357909202576
Bearing1_4,155,0.8696566224098206,0.7510584592819214
Bearing1_4,156,0.8689558506011963,0.751837432384491
Bearing1_4,157,0.868255078792572,0.7515157461166382
Bearing1_4,158,0.8675543069839478,0.7527698874473572
Bearing1_4,159,0.8668535351753235,0.7479271292686462
Bearing1_4,160,0.8661527633666992,0.7482168674468994
Bearing1_4,161,0.865451991558075,0.7457360029220581
Bearing1_4,162,0.8647512197494507,0.7448369264602661
Bearing1_4,163,0.8640504479408264,0.7438558340072632
Bearing1_4,164,0.8633496761322021,0.744301974773407
Bearing1_4,165,0.8626489043235779,0.7430559396743774
Bearing1_4,166,0.8619481325149536,0.7389819622039795
Bearing1_4,167,0.8612473607063293,0.7396893501281738
Bearing1_4,168,0.8605465888977051,0.7393662929534912
Bearing1_4,169,0.8598458170890808,0.736760139465332
Bearing1_4,170,0.8591450452804565,0.7342325448989868
Bearing1_4,171,0.8584442734718323,0.7339900135993958
Bearing1_4,172,0.857743501663208,0.7315597534179688
Bearing1_4,173,0.8570427298545837,0.7365356683731079
Bearing1_4,174,0.8563419580459595,0.7360571026802063
Bearing1_4,175,0.8556411862373352,0.7384490966796875
Bearing1_4,176,0.8549404144287109,0.7381155490875244
Bearing1_4,177,0.8542396426200867,0.7366427183151245
Bearing1_4,178,0.8535388708114624,0.7341506481170654
Bearing1_4,179,0.8528380990028381,0.7339842319488525
Bearing1_4,180,0.8521373271942139,0.7412742376327515
Bearing1_4,181,0.8514365553855896,0.7413871884346008
Bearing1_4,182,0.8507357835769653,0.746163547039032
Bearing1_4,183,0.8500350117683411,0.7451739311218262
Bearing1_4,184,0.8493342399597168,0.7407745718955994
Bearing1_4,185,0.8486334681510925,0.7397435903549194
Bearing1_4,186,0.8479326963424683,0.7378615736961365
Bearing1_4,187,0.8472319841384888,0.7358284592628479
Bearing1_4,188,0.8465312123298645,0.7352012395858765
Bearing1_4,189,0.8458304405212402,0.7388883233070374
Bearing1_4,190,0.845129668712616,0.7366088628768921
Bearing1_4,191,0.8444288969039917,0.7366746664047241
Bearing1_4,192,0.8437281250953674,0.7384563088417053
Bearing1_4,193,0.8430273532867432,0.7438426613807678
Bearing1_4,194,0.8423265814781189,0.7486745715141296
Bearing1_4,195,0.8416258096694946,0.7469410300254822
Bearing1_4,196,0.8409250378608704,0.7469608783721924
Bearing1_4,197,0.8402242660522461,0.7484955787658691
Bearing1_4,198,0.8395234942436218,0.7484214305877686
Bearing1_4,199,0.8388227224349976,0.7509574890136719
Bearing1_4,200,0.8381219506263733,0.7492514252662659
Bearing1_4,201,0.837421178817749,0.7490036487579346
Bearing1_4,202,0.8367204070091248,0.7490596175193787
Bearing1_4,203,0.8360196352005005,0.7513890862464905
Bearing1_4,204,0.8353188633918762,0.7516780495643616
Bearing1_4,205,0.834618091583252,0.7492154240608215
Bearing1_4,206,0.8339173197746277,0.7508676648139954
Bearing1_4,207,0.8332165479660034,0.7514798045158386
Bearing1_4,208,0.8325157761573792,0.7512659430503845
Bearing1_4,209,0.8318150043487549,0.7473857402801514
Bearing1_4,210,0.8311142325401306,0.7423368096351624
Bearing1_4,211,0.8304134607315063,0.7423128485679626
Bearing1_4,212,0.8297126889228821,0.7404349446296692
Bearing1_4,213,0.8290119171142578,0.7371271252632141
Bearing1_4,214,0.8283111453056335,0.7387775182723999
Bearing1_4,215,0.8276103734970093,0.7349329590797424
Bearing1_4,216,0.826909601688385,0.7346677184104919
Bearing1_4,217,0.8262088298797607,0.7336469292640686
Bearing1_4,218,0.8255080580711365,0.7332646250724792
Bearing1_4,219,0.8248072862625122,0.7323243618011475
Bearing1_4,220,0.8241065144538879,0.7327826619148254
Bearing1_4,221,0.8234057426452637,0.7298570871353149
Bearing1_4,222,0.8227049708366394,0.7293941378593445
Bearing1_4,223,0.8220041990280151,0.7268545627593994
Bearing1_4,224,0.8213034272193909,0.723358690738678
Bearing1_4,225,0.8206026554107666,0.7177293300628662
Bearing1_4,226,0.8199018836021423,0.7152025699615479
Bearing1_4,227,0.8192011117935181,0.7171353101730347
Bearing1_4,228,0.8185003399848938,0.7161734104156494
Bearing1_4,229,0.8177995681762695,0.7147120833396912
Bearing1_4,230,0.8170987963676453,0.7155632972717285
Bearing1_4,231,0.816398024559021,0.7157089114189148
Bearing1_4,232,0.8156972527503967,0.7145547270774841
Bearing1_4,233,0.8149964809417725,0.710848867893219
Bearing1_4,234,0.8142957091331482,0.7098378539085388
Bearing1_4,235,0.8135949373245239,0.7080569267272949
Bearing1_4,236,0.8128941655158997,0.7096399068832397
Bearing1_4,237,0.8121933937072754,0.7079374194145203
Bearing1_4,238,0.8114926218986511,0.7058512568473816
Bearing1_4,239,0.8107918500900269,0.7038994431495667
Bearing1_4,240,0.8100910782814026,0.701542317867279
Bearing1_4,241,0.8093903064727783,0.702540397644043
Bearing1_4,242,0.808689534664154,0.7068452835083008
Bearing1_4,243,0.8079887628555298,0.7080129384994507
Bearing1_4,244,0.8072879910469055,0.7078931331634521
Bearing1_4,245,0.8065872192382812,0.7099637389183044
Bearing1_4,246,0.805886447429657,0.7069879770278931
Bearing1_4,247,0.8051856756210327,0.7022634148597717
Bearing1_4,248,0.8044849038124084,0.7025879621505737
Bearing1_4,249,0.803784191608429,0.7031063437461853
Bearing1_4,250,0.8030834197998047,0.7038869261741638
Bearing1_4,251,0.8023826479911804,0.7044023871421814
Bearing1_4,252,0.8016818761825562,0.7087624669075012
Bearing1_4,253,0.8009811043739319,0.7133278250694275
Bearing1_4,254,0.8002803325653076,0.7142670154571533
Bearing1_4,255,0.7995795607566833,0.7209464907646179
Bearing1_4,256,0.7988787889480591,0.7296784520149231
Bearing1_4,257,0.7981780171394348,0.7257999181747437
Bearing1_4,258,0.7974772453308105,0.7214597463607788
Bearing1_4,259,0.7967764735221863,0.714788019657135
Bearing1_4,260,0.796075701713562,0.710467517375946
Bearing1_4,261,0.7953749299049377,0.7091813683509827
Bearing1_4,262,0.7946741580963135,0.7131113409996033
Bearing1_4,263,0.7939733862876892,0.7159930467605591
Bearing1_4,264,0.7932726144790649,0.7147198915481567
Bearing1_4,265,0.7925718426704407,0.7169564962387085
Bearing1_4,266,0.7918710708618164,0.720422625541687
Bearing1_4,267,0.7911702990531921,0.7175583243370056
Bearing1_4,268,0.7904695272445679,0.7165762186050415
Bearing1_4,269,0.7897687554359436,0.7114292979240417
Bearing1_4,270,0.7890679836273193,0.7098113894462585
Bearing1_4,271,0.7883672118186951,0.7128663063049316
Bearing1_4,272,0.7876664400100708,0.7174360156059265
Bearing1_4,273,0.7869656682014465,0.7201598882675171
Bearing1_4,274,0.7862648963928223,0.7213996648788452
Bearing1_4,275,0.785564124584198,0.7219988703727722
Bearing1_4,276,0.7848633527755737,0.7233796119689941
Bearing1_4,277,0.7841625809669495,0.7211324572563171
Bearing1_4,278,0.7834618091583252,0.7215911149978638
Bearing1_4,279,0.7827610373497009,0.7213535904884338
Bearing1_4,280,0.7820602655410767,0.7161936163902283
Bearing1_4,281,0.7813594937324524,0.7154002785682678
Bearing1_4,282,0.7806587219238281,0.7112221717834473
Bearing1_4,283,0.7799579501152039,0.7079839110374451
Bearing1_4,284,0.7792571783065796,0.7014254927635193
Bearing1_4,285,0.7785564064979553,0.6996709108352661
Bearing1_4,286,0.777855634689331,0.7006924152374268
Bearing1_4,287,0.7771548628807068,0.6948775053024292
Bearing1_4,288,0.7764540910720825,0.6872128248214722
Bearing1_4,289,0.7757533192634583,0.6844035387039185
Bearing1_4,290,0.775052547454834,0.6867460012435913
Bearing1_4,291,0.7743517756462097,0.6909742951393127
Bearing1_4,292,0.7736510038375854,0.6913461089134216
Bearing1_4,293,0.7729502320289612,0.6911581158638
Bearing1_4,294,0.7722494602203369,0.6909795999526978
Bearing1_4,295,0.7715486884117126,0.6910146474838257
Bearing1_4,296,0.7708479166030884,0.6943985223770142
Bearing1_4,297,0.7701471447944641,0.6926173567771912
Bearing1_4,298,0.7694463729858398,0.694179892539978
Bearing1_4,299,0.7687456011772156,0.6979694962501526
Bearing1_4,300,0.7680448293685913,0.6996722221374512
Bearing1_4,301,0.767344057559967,0.7059108018875122
Bearing1_4,302,0.7666432857513428,0.7068080902099609
Bearing1_4,303,0.7659425139427185,0.70600825548172
Bearing1_4,304,0.7652417421340942,0.7107831835746765
Bearing1_4,305,0.76454097032547,0.712928831577301
Bearing1_4,306,0.7638401985168457,0.7117735743522644
Bearing1_4,307,0.7631394267082214,0.7097527980804443
Bearing1_4,308,0.7624386548995972,0.7103483080863953
Bearing1_4,309,0.7617378830909729,0.7124812006950378
Bearing1_4,310,0.7610371112823486,0.7172296047210693
Bearing1_4,311,0.7603363990783691,0.7192282676696777
Bearing1_4,312,0.7596356272697449,0.7201699018478394
Bearing1_4,313,0.7589348554611206,0.7196791768074036
Bearing1_4,314,0.7582340836524963,0.719601035118103
Bearing1_4,315,0.7575333118438721,0.7178527116775513
Bearing1_4,316,0.7568325400352478,0.713367223739624
Bearing1_4,317,0.7561317682266235,0.7098475098609924
Bearing1_4,318,0.7554309964179993,0.7055075168609619
Bearing1_4,319,0.754730224609375,0.7045522928237915
Bearing1_4,320,0.7540294528007507,0.7056549191474915
Bearing1_4,321,0.7533286809921265,0.7074057459831238
Bearing1_4,322,0.7526279091835022,0.709837019443512
Bearing1_4,323,0.7519271373748779,0.7101979851722717
Bearing1_4,324,0.7512263655662537,0.708437979221344
Bearing1_4,325,0.7505255937576294,0.7074633240699768
Bearing1_4,326,0.7498248219490051,0.7054463624954224
Bearing1_4,327,0.7491240501403809,0.7045685052871704
Bearing1_4,328,0.7484232783317566,0.7071453332901001
Bearing1_4,329,0.7477225065231323,0.7116372585296631
Bearing1_4,330,0.7470217347145081,0.7160698175430298
Bearing1_4,331,0.7463209629058838,0.7132193446159363
Bearing1_4,332,0.7456201910972595,0.7144787311553955
Bearing1_4,333,0.7449194192886353,0.7160661816596985
Bearing1_4,334,0.744218647480011,0.7125630378723145
Bearing1_4,335,0.7435178756713867,0.7091178894042969
Bearing1_4,336,0.7428171038627625,0.7111557722091675
Bearing1_4,337,0.7421163320541382,0.7122402787208557
Bearing1_4,338,0.7414155602455139,0.71419358253479
Bearing1_4,339,0.7407147884368896,0.717648983001709
Bearing1_4,340,0.7400140166282654,0.7209157943725586
Bearing1_4,341,0.7393132448196411,0.7211927771568298
Bearing1_4,342,0.7386124730110168,0.7238560318946838
Bearing1_4,343,0.7379117012023926,0.7231400609016418
Bearing1_4,344,0.7372109293937683,0.7282618284225464
Bearing1_4,345,0.736510157585144,0.7306616306304932
Bearing1_4,346,0.7358093857765198,0.7319521307945251
Bearing1_4,347,0.7351086139678955,0.7327144742012024
Bearing1_4,348,0.7344078421592712,0.7295812368392944
Bearing1_4,349,0.733707070350647,0.7327988147735596
Bearing1_4,350,0.7330062985420227,0.7350451946258545
Bearing1_4,351,0.7323055267333984,0.7338962554931641
Bearing1_4,352,0.7316047549247742,0.7319427728652954
Bearing1_4,353,0.7309039831161499,0.7314231991767883
Bearing1_4,354,0.7302032113075256,0.728670597076416
Bearing1_4,355,0.7295024394989014,0.7285314798355103
Bearing1_4,356,0.7288016676902771,0.728547215461731
Bearing1_4,357,0.7281008958816528,0.730445921421051
Bearing1_4,358,0.7274001240730286,0.7278247475624084
Bearing1_4,359,0.7266993522644043,0.722793698310852
Bearing1_4,360,0.72599858045578,0.7227660417556763
Bearing1_4,361,0.7252978086471558,0.7202743291854858
Bearing1_4,362,0.7245970368385315,0.7154704928398132
Bearing1_4,363,0.7238962650299072,0.7119348049163818
Bearing1_4,364,0.723195493221283,0.7115941643714905
Bearing1_4,365,0.7224947214126587,0.710660994052887
Bearing1_4,366,0.7217939496040344,0.7121976613998413
Bearing1_4,367,0.7210931777954102,0.7131017446517944
Bearing1_4,368,0.7203924059867859,0.7137618660926819
Bearing1_4,369,0.7196916341781616,0.71124267578125
Bearing1_4,370,0.7189908623695374,0.710551917552948
Bearing1_4,371,0.7182900905609131,0.7106108665466309
Bearing1_4,372,0.7175893187522888,0.710026204586029
Bearing1_4,373,0.7168886065483093,0.7119162678718567
Bearing1_4,374,0.7161878347396851,0.7053006291389465
Bearing1_4,375,0.7154870629310608,0.7057538032531738
Bearing1_4,376,0.7147862911224365,0.7025454044342041
Bearing1_4,377,0.7140855193138123,0.7007290720939636
Bearing1_4,378,0.713384747505188,0.6970665454864502
Bearing1_4,379,0.7126839756965637,0.6963438391685486
Bearing1_4,380,0.7119832038879395,0.699323296546936
Bearing1_4,381,0.7112824320793152,0.6970790028572083
Bearing1_4,382,0.7105816602706909,0.6909359693527222
Bearing1_4,383,0.7098808884620667,0.6899411082267761
Bearing1_4,384,0.7091801166534424,0.684958815574646
Bearing1_4,385,0.7084793448448181,0.681929886341095
Bearing1_4,386,0.7077785730361938,0.6838138103485107
Bearing1_4,387,0.7070778012275696,0.6851518154144287
Bearing1_4,388,0.7063770294189453,0.6797182559967041
Bearing1_4,389,0.705676257610321,0.6756723523139954
Bearing1_4,390,0.7049754858016968,0.6753301620483398
Bearing1_4,391,0.7042747139930725,0.6766765117645264
Bearing1_4,392,0.7035739421844482,0.6728792786598206
Bearing1_4,393,0.702873170375824,0.672654390335083
Bearing1_4,394,0.7021723985671997,0.6749839782714844
Bearing1_4,395,0.7014716267585754,0.6782573461532593
Bearing1_4,396,0.7007708549499512,0.6762043833732605
Bearing1_4,397,0.7000700831413269,0.6817891001701355
Bearing1_4,398,0.6993693113327026,0.6863692998886108
Bearing1_4,399,0.6986685395240784,0.6900785565376282
Bearing1_4,400,0.6979677677154541,0.6921907067298889
Bearing1_4,401,0.6972669959068298,0.6936007142066956
Bearing1_4,402,0.6965662240982056,0.7009199261665344
Bearing1_4,403,0.6958654522895813,0.7005449533462524
Bearing1_4,404,0.695164680480957,0.6997700333595276
Bearing1_4,405,0.6944639086723328,0.6991239786148071
Bearing1_4,406,0.6937631368637085,0.7042476534843445
Bearing1_4,407,0.6930623650550842,0.7051692008972168
Bearing1_4,408,0.69236159324646,0.7062383890151978
Bearing1_4,409,0.6916608214378357,0.7061323523521423
Bearing1_4,410,0.6909600496292114,0.7117629051208496
Bearing1_4,411,0.6902592778205872,0.7110145092010498
Bearing1_4,412,0.6895585060119629,0.7082473039627075
Bearing1_4,413,0.6888577342033386,0.712099552154541
Bearing1_4,414,0.6881569623947144,0.7190093994140625
Bearing1_4,415,0.6874561905860901,0.7166160941123962
Bearing1_4,416,0.6867554187774658,0.7221465110778809
Bearing1_4,417,0.6860546469688416,0.7265912890434265
Bearing1_4,418,0.6853538751602173,0.7275053262710571
Bearing1_4,419,0.684653103351593,0.7264179587364197
Bearing1_4,420,0.6839523315429688,0.7305487990379333
Bearing1_4,421,0.6832515597343445,0.7345686554908752
Bearing1_4,422,0.6825507879257202,0.7346329689025879
Bearing1_4,423,0.681850016117096,0.7342065572738647
Bearing1_4,424,0.6811492443084717,0.7360986471176147
Bearing1_4,425,0.6804484724998474,0.7327459454536438
Bearing1_4,426,0.6797477006912231,0.7331641912460327
Bearing1_4,427,0.6790469288825989,0.7308363914489746
Bearing1_4,428,0.6783461570739746,0.7280493378639221
Bearing1_4,429,0.6776453852653503,0.7245116829872131
Bearing1_4,430,0.6769446134567261,0.7238556146621704
Bearing1_4,431,0.6762438416481018,0.7209299206733704
Bearing1_4,432,0.6755430698394775,0.7188747525215149
Bearing1_4,433,0.6748422980308533,0.7195738554000854
Bearing1_4,434,0.674141526222229,0.7195302248001099
Bearing1_4,435,0.6734408140182495,0.7191761136054993
Bearing1_4,436,0.6727400422096252,0.7205300331115723
Bearing1_4,437,0.672039270401001,0.7243775129318237
Bearing1_4,438,0.6713384985923767,0.7281655669212341
Bearing1_4,439,0.6706377267837524,0.7250072360038757
Bearing1_4,440,0.6699369549751282,0.7227456569671631
Bearing1_4,441,0.6692361831665039,0.7206688523292542
Bearing1_4,442,0.6685354113578796,0.713563084602356
Bearing1_4,443,0.6678346395492554,0.707541823387146
Bearing1_4,444,0.6671338677406311,0.7038964033126831
Bearing1_4,445,0.6664330959320068,0.6988121271133423
Bearing1_4,446,0.6657323241233826,0.6977362036705017
Bearing1_4,447,0.6650315523147583,0.7001245021820068
Bearing1_4,448,0.664330780506134,0.6910658478736877
Bearing1_4,449,0.6636300086975098,0.6861461997032166
Bearing1_4,450,0.6629292368888855,0.6816065311431885
Bearing1_4,451,0.6622284650802612,0.6803515553474426
Bearing1_4,452,0.661527693271637,0.6820202469825745
Bearing1_4,453,0.6608269214630127,0.6806243062019348
Bearing1_4,454,0.6601261496543884,0.6865858435630798
Bearing1_4,455,0.6594253778457642,0.6880524158477783
Bearing1_4,456,0.6587246060371399,0.6903594136238098
Bearing1_4,457,0.6580238342285156,0.6954357624053955
Bearing1_4,458,0.6573230624198914,0.6909013390541077
Bearing1_4,459,0.6566222906112671,0.6974599361419678
Bearing1_4,460,0.6559215188026428,0.7063440680503845
Bearing1_4,461,0.6552207469940186,0.7090806365013123
Bearing1_4,462,0.6545199751853943,0.7074170112609863
Bearing1_4,463,0.65381920337677,0.7065020203590393
Bearing1_4,464,0.6531184315681458,0.7067418098449707
Bearing1_4,465,0.6524176597595215,0.7068166732788086
Bearing1_4,466,0.6517168879508972,0.7038618326187134
Bearing1_4,467,0.651016116142273,0.7002236843109131
Bearing1_4,468,0.6503153443336487,0.6960282921791077
Bearing1_4,469,0.6496145725250244,0.6989805102348328
Bearing1_4,470,0.6489138007164001,0.6993131041526794
Bearing1_4,471,0.6482130289077759,0.6987015008926392
Bearing1_4,472,0.6475122570991516,0.7000443935394287
Bearing1_4,473,0.6468114852905273,0.7005705237388611
Bearing1_4,474,0.6461107134819031,0.6988195776939392
Bearing1_4,475,0.6454099416732788,0.6980875730514526
Bearing1_4,476,0.6447091698646545,0.6962064504623413
Bearing1_4,477,0.6440083980560303,0.6892854571342468
Bearing1_4,478,0.643307626247406,0.6874334216117859
Bearing1_4,479,0.6426068544387817,0.6883302330970764
Bearing1_4,480,0.6419060826301575,0.6859755516052246
Bearing1_4,481,0.6412053108215332,0.6832665801048279
Bearing1_4,482,0.6405045390129089,0.6744933724403381
Bearing1_4,483,0.6398037672042847,0.6711801290512085
Bearing1_4,484,0.6391029953956604,0.6647137999534607
Bearing1_4,485,0.6384022235870361,0.6624334454536438
Bearing1_4,486,0.6377014517784119,0.6587849855422974
Bearing1_4,487,0.6370006799697876,0.655478298664093
Bearing1_4,488,0.6362999081611633,0.6503359079360962
Bearing1_4,489,0.6355991363525391,0.6485801339149475
Bearing1_4,490,0.6348983645439148,0.6540269255638123
Bearing1_4,491,0.6341975927352905,0.6508491039276123
Bearing1_4,492,0.6334968209266663,0.6446742415428162
Bearing1_4,493,0.632796049118042,0.6479789018630981
Bearing1_4,494,0.6320952773094177,0.6522970795631409
Bearing1_4,495,0.6313945055007935,0.6530951857566833
Bearing1_4,496,0.6306937336921692,0.6570850610733032
Bearing1_4,497,0.6299930214881897,0.6571412682533264
Bearing1_4,498,0.6292922496795654,0.6582696437835693
Bearing1_4,499,0.6285914778709412,0.6583176851272583
Bearing1_4,500,0.6278907060623169,0.6599899530410767
Bearing1_4,501,0.6271899342536926,0.6579469442367554
Bearing1_4,502,0.6264891624450684,0.6541076898574829
Bearing1_4,503,0.6257883906364441,0.6546308398246765
Bearing1_4,504,0.6250876188278198,0.6579080820083618
Bearing1_4,505,0.6243868470191956,0.6570612192153931
Bearing1_4,506,0.6236860752105713,0.6580702662467957
Bearing1_4,507,0.622985303401947,0.6571043133735657
Bearing1_4,508,0.6222845315933228,0.6571428179740906
Bearing1_4,509,0.6215837597846985,0.6629182696342468
Bearing1_4,510,0.6208829879760742,0.6645278930664062
Bearing1_4,511,0.62018221616745,0.665433406829834
Bearing1_4,512,0.6194814443588257,0.6718527674674988
Bearing1_4,513,0.6187806725502014,0.676968514919281
Bearing1_4,514,0.6180799007415771,0.6780955195426941
Bearing1_4,515,0.6173791289329529,0.674644410610199
Bearing1_4,516,0.6166783571243286,0.6697734594345093
Bearing1_4,517,0.6159775853157043,0.6648857593536377
Bearing1_4,518,0.6152768135070801,0.6623554825782776
Bearing1_4,519,0.6145760416984558,0.6601142883300781
Bearing1_4,520,0.6138752698898315,0.6594700217247009
Bearing1_4,521,0.6131744980812073,0.6547253131866455
Bearing1_4,522,0.612473726272583,0.6501973271369934
Bearing1_4,523,0.6117729544639587,0.6441534161567688
Bearing1_4,524,0.6110721826553345,0.6410827040672302
Bearing1_4,525,0.6103714108467102,0.6364760398864746
Bearing1_4,526,0.6096706390380859,0.6361752152442932
Bearing1_4,527,0.6089698672294617,0.6307336688041687
Bearing1_4,528,0.6082690954208374,0.6284439563751221
Bearing1_4,529,0.6075683236122131,0.6239769458770752
Bearing1_4,530,0.6068675518035889,0.6244701147079468
Bearing1_4,531,0.6061667799949646,0.6281928420066833
Bearing1_4,532,0.6054660081863403,0.6251912713050842
Bearing1_4,533,0.6047652363777161,0.6211973428726196
Bearing1_4,534,0.6040644645690918,0.6186994314193726
Bearing1_4,535,0.6033636927604675,0.6149642467498779
Bearing1_4,536,0.6026629209518433,0.6088981628417969
Bearing1_4,537,0.601962149143219,0.6098618507385254
Bearing1_4,538,0.6012613773345947,0.6085479855537415
Bearing1_4,539,0.6005606055259705,0.6045465469360352
Bearing1_4,540,0.5998598337173462,0.6015297770500183
Bearing1_4,541,0.5991590619087219,0.5963178277015686
Bearing1_4,542,0.5984582901000977,0.5894137024879456
Bearing1_4,543,0.5977575182914734,0.5899544954299927
Bearing1_4,544,0.5970567464828491,0.589091956615448
Bearing1_4,545,0.5963559746742249,0.592502772808075
Bearing1_4,546,0.5956552028656006,0.5959355235099792
Bearing1_4,547,0.5949544310569763,0.6022502183914185
Bearing1_4,548,0.594253659248352,0.6072012782096863
Bearing1_4,549,0.5935528874397278,0.6094536185264587
Bearing1_4,550,0.5928521156311035,0.6068928837776184
Bearing1_4,551,0.5921513438224792,0.6129189133644104
Bearing1_4,552,0.591450572013855,0.6134511232376099
Bearing1_4,553,0.5907498002052307,0.6153250336647034
Bearing1_4,554,0.5900490283966064,0.6199015378952026
Bearing1_4,555,0.5893482565879822,0.6212216019630432
Bearing1_4,556,0.5886474847793579,0.618184506893158
Bearing1_4,557,0.5879467129707336,0.618534505367279
Bearing1_4,558,0.5872459411621094,0.6202573776245117
Bearing1_4,559,0.5865452289581299,0.6257349848747253
Bearing1_4,560,0.5858444571495056,0.626675009727478
Bearing1_4,561,0.5851436853408813,0.6343271136283875
Bearing1_4,562,0.5844429135322571,0.6407972574234009
Bearing1_4,563,0.5837421417236328,0.6459351181983948
Bearing1_4,564,0.5830413699150085,0.6464024782180786
Bearing1_4,565,0.5823405981063843,0.6522735953330994
Bearing1_4,566,0.58163982629776,0.6539740562438965
Bearing1_4,567,0.5809390544891357,0.6497763991355896
Bearing1_4,568,0.5802382826805115,0.648826003074646
Bearing1_4,569,0.5795375108718872,0.6447470784187317
Bearing1_4,570,0.5788367390632629,0.6461962461471558
Bearing1_4,571,0.5781359672546387,0.6446801424026489
Bearing1_4,572,0.5774351954460144,0.645341694355011
Bearing1_4,573,0.5767344236373901,0.6473286747932434
Bearing1_4,574,0.5760336518287659,0.6514466404914856
Bearing1_4,575,0.5753328800201416,0.645909309387207
Bearing1_4,576,0.5746321082115173,0.6505619883537292
Bearing1_4,577,0.5739313364028931,0.6472764015197754
Bearing1_4,578,0.5732305645942688,0.6507525444030762
Bearing1_4,579,0.5725297927856445,0.6544856429100037
Bearing1_4,580,0.5718290209770203,0.6563320159912109
Bearing1_4,581,0.571128249168396,0.6564034819602966
Bearing1_4,582,0.5704274773597717,0.655773937702179
Bearing1_4,583,0.5697267055511475,0.6502595543861389
Bearing1_4,584,0.5690259337425232,0.6501575708389282
Bearing1_4,585,0.5683251619338989,0.6529154181480408
Bearing1_4,586,0.5676243901252747,0.6506755352020264
Bearing1_4,587,0.5669236183166504,0.6549553871154785
Bearing1_4,588,0.5662228465080261,0.6569700837135315
Bearing1_4,589,0.5655220746994019,0.6588647961616516
Bearing1_4,590,0.5648213028907776,0.6573285460472107
Bearing1_4,591,0.5641205310821533,0.6540542244911194
Bearing1_4,592,0.563419759273529,0.6530026793479919
Bearing1_4,593,0.5627189874649048,0.6491463780403137
Bearing1_4,594,0.5620182156562805,0.6436231732368469
Bearing1_4,595,0.5613174438476562,0.6419199109077454
Bearing1_4,596,0.560616672039032,0.6426276564598083
Bearing1_4,597,0.5599159002304077,0.6455218195915222
Bearing1_4,598,0.5592151284217834,0.6455485224723816
Bearing1_4,599,0.5585143566131592,0.6463426351547241
Bearing1_4,600,0.5578135848045349,0.6489801406860352
Bearing1_4,601,0.5571128129959106,0.649955153465271
Bearing1_4,602,0.5564120411872864,0.6483595371246338
Bearing1_4,603,0.5557112693786621,0.6505151987075806
Bearing1_4,604,0.5550104975700378,0.6491188406944275
Bearing1_4,605,0.5543097257614136,0.6455879807472229
Bearing1_4,606,0.5536089539527893,0.6446889638900757
Bearing1_4,607,0.552908182144165,0.6447653770446777
Bearing1_4,608,0.5522074103355408,0.6431382894515991
Bearing1_4,609,0.5515066385269165,0.6383925080299377
Bearing1_4,610,0.5508058667182922,0.6367226243019104
Bearing1_4,611,0.550105094909668,0.6357109546661377
Bearing1_4,612,0.5494043231010437,0.6310932040214539
Bearing1_4,613,0.5487035512924194,0.6312207579612732
Bearing1_4,614,0.5480027794837952,0.6344717741012573
Bearing1_4,615,0.5473020076751709,0.6344262361526489
Bearing1_4,616,0.5466012358665466,0.6308327317237854
Bearing1_4,617,0.5459004640579224,0.6292394995689392
Bearing1_4,618,0.5451996922492981,0.6304522156715393
Bearing1_4,619,0.5444989204406738,0.6254597902297974
Bearing1_4,620,0.5437981486320496,0.6254229545593262
Bearing1_4,621,0.5430974364280701,0.62624591588974
Bearing1_4,622,0.5423966646194458,0.6208012700080872
Bearing1_4,623,0.5416958928108215,0.619798481464386
Bearing1_4,624,0.5409951210021973,0.6189020276069641
Bearing1_4,625,0.540294349193573,0.6176676750183105
Bearing1_4,626,0.5395935773849487,0.6223902106285095
Bearing1_4,627,0.5388928055763245,0.620346188545227
Bearing1_4,628,0.5381920337677002,0.6209125518798828
Bearing1_4,629,0.5374912619590759,0.6228688955307007
Bearing1_4,630,0.5367904901504517,0.6211404800415039
Bearing1_4,631,0.5360897183418274,0.6221522092819214
Bearing1_4,632,0.5353889465332031,0.6221871972084045
Bearing1_4,633,0.5346881747245789,0.62369304895401
Bearing1_4,634,0.5339874029159546,0.6241609454154968
Bearing1_4,635,0.5332866311073303,0.6293957829475403
Bearing1_4,636,0.532585859298706,0.639575183391571
Bearing1_4,637,0.5318850874900818,0.6414442658424377
Bearing1_4,638,0.5311843156814575,0.6441448330879211
Bearing1_4,639,0.5304835438728333,0.6509734392166138
Bearing1_4,640,0.529782772064209,0.6508342623710632
Bearing1_4,641,0.5290820002555847,0.6581389904022217
Bearing1_4,642,0.5283812284469604,0.6607240438461304
Bearing1_4,643,0.5276804566383362,0.6579996347427368
Bearing1_4,644,0.5269796848297119,0.6631735563278198
Bearing1_4,645,0.5262789130210876,0.6669572591781616
Bearing1_4,646,0.5255781412124634,0.6697328090667725
Bearing1_4,647,0.5248773694038391,0.673601508140564
Bearing1_4,648,0.5241765975952148,0.675351619720459
Bearing1_4,649,0.5234758257865906,0.6751989126205444
Bearing1_4,650,0.5227750539779663,0.6785138845443726
Bearing1_4,651,0.522074282169342,0.6825803518295288
Bearing1_4,652,0.5213735103607178,0.6816800236701965
Bearing1_4,653,0.5206727385520935,0.6856249570846558
Bearing1_4,654,0.5199719667434692,0.68858402967453
Bearing1_4,655,0.519271194934845,0.6852096915245056
Bearing1_4,656,0.5185704231262207,0.690280556678772
Bearing1_4,657,0.5178696513175964,0.6889699101448059
Bearing1_4,658,0.5171688795089722,0.6910120248794556
Bearing1_4,659,0.5164681077003479,0.6935692429542542
Bearing1_4,660,0.5157673358917236,0.6960753798484802
Bearing1_4,661,0.5150665640830994,0.6929472088813782
Bearing1_4,662,0.5143657922744751,0.6951480507850647
Bearing1_4,663,0.5136650204658508,0.6981983780860901
Bearing1_4,664,0.5129642486572266,0.6973668932914734
Bearing1_4,665,0.5122634768486023,0.7016419768333435
Bearing1_4,666,0.511562705039978,0.7007818222045898
Bearing1_4,667,0.5108619332313538,0.7057663202285767
Bearing1_4,668,0.5101611614227295,0.7083740830421448
Bearing1_4,669,0.5094603896141052,0.7104147672653198
Bearing1_4,670,0.508759617805481,0.7106432914733887
Bearing1_4,671,0.5080588459968567,0.7099628448486328
Bearing1_4,672,0.5073580741882324,0.7113106846809387
Bearing1_4,673,0.5066573023796082,0.7153338193893433
Bearing1_4,674,0.5059565305709839,0.7198084592819214
Bearing1_4,675,0.5052557587623596,0.7216776013374329
Bearing1_4,676,0.5045549869537354,0.7225968837738037
Bearing1_4,677,0.5038542151451111,0.7213040590286255
Bearing1_4,678,0.5031534433364868,0.7195869088172913
Bearing1_4,679,0.5024526715278625,0.7273463010787964
Bearing1_4,680,0.5017518997192383,0.7250301837921143
Bearing1_4,681,0.501051127910614,0.7197809815406799
Bearing1_4,682,0.5003503561019897,0.7191848754882812
Bearing1_4,683,0.49964961409568787,0.7191779017448425
Bearing1_4,684,0.4989488422870636,0.7183417081832886
Bearing1_4,685,0.49824807047843933,0.7174647450447083
Bearing1_4,686,0.49754729866981506,0.7170854210853577
Bearing1_4,687,0.4968465268611908,0.7164921760559082
Bearing1_4,688,0.49614575505256653,0.7093193531036377
Bearing1_4,689,0.49544498324394226,0.7141020894050598
Bearing1_4,690,0.494744211435318,0.7182222604751587
Bearing1_4,691,0.4940434396266937,0.7183827757835388
Bearing1_4,692,0.49334266781806946,0.7195309400558472
Bearing1_4,693,0.4926418960094452,0.7182745933532715
Bearing1_4,694,0.4919411242008209,0.7204770445823669
Bearing1_4,695,0.49124035239219666,0.7221381068229675
Bearing1_4,696,0.4905395805835724,0.7176007628440857
Bearing1_4,697,0.4898388087749481,0.7071467638015747
Bearing1_4,698,0.48913803696632385,0.7014559507369995
Bearing1_4,699,0.488437294960022,0.6917141675949097
Bearing1_4,700,0.4877365231513977,0.6856154799461365
Bearing1_4,701,0.48703575134277344,0.682566225528717
Bearing1_4,702,0.48633497953414917,0.6781938076019287
Bearing1_4,703,0.4856342077255249,0.6765541434288025
Bearing1_4,704,0.48493343591690063,0.6723688244819641
Bearing1_4,705,0.48423266410827637,0.6650941967964172
Bearing1_4,706,0.4835318922996521,0.6612942814826965
Bearing1_4,707,0.48283112049102783,0.6638564467430115
Bearing1_4,708,0.48213034868240356,0.6684529185295105
Bearing1_4,709,0.4814295768737793,0.6643916964530945
Bearing1_4,710,0.48072880506515503,0.6646744012832642
Bearing1_4,711,0.48002803325653076,0.656954824924469
Bearing1_4,712,0.4793272614479065,0.655625581741333
Bearing1_4,713,0.4786264896392822,0.6578205823898315
Bearing1_4,714,0.47792571783065796,0.6587103605270386
Bearing1_4,715,0.4772249460220337,0.6607176065444946
Bearing1_4,716,0.4765241742134094,0.6525188088417053
Bearing1_4,717,0.47582340240478516,0.648139238357544
Bearing1_4,718,0.4751226305961609,0.644907534122467
Bearing1_4,719,0.4744218587875366,0.6414799094200134
Bearing1_4,720,0.47372108697891235,0.644575834274292
Bearing1_4,721,0.4730203151702881,0.6408989429473877
Bearing1_4,722,0.4723195433616638,0.6405960917472839
Bearing1_4,723,0.47161877155303955,0.6473771333694458
Bearing1_4,724,0.4709179997444153,0.6557989716529846
Bearing1_4,725,0.470217227935791,0.6600765585899353
Bearing1_4,726,0.46951645612716675,0.6662822961807251
Bearing1_4,727,0.4688156843185425,0.6642102003097534
Bearing1_4,728,0.4681149125099182,0.668382465839386
Bearing1_4,729,0.46741414070129395,0.6728365421295166
Bearing1_4,730,0.46671339869499207,0.6770633459091187
Bearing1_4,731,0.4660126268863678,0.680279016494751
Bearing1_4,732,0.46531185507774353,0.6833206415176392
Bearing1_4,733,0.46461108326911926,0.6873199939727783
Bearing1_4,734,0.463910311460495,0.6877439618110657
Bearing1_4,735,0.4632095396518707,0.6898646354675293
Bearing1_4,736,0.46250876784324646,0.6897556781768799
Bearing1_4,737,0.4618079960346222,0.6853492856025696
Bearing1_4,738,0.4611072242259979,0.6893007755279541
Bearing1_4,739,0.46040645241737366,0.6915380358695984
Bearing1_4,740,0.4597056806087494,0.6861591935157776
Bearing1_4,741,0.4590049088001251,0.6837506890296936
Bearing1_4,742,0.45830413699150085,0.6829056739807129
Bearing1_4,743,0.4576033651828766,0.6847059726715088
Bearing1_4,744,0.4569025933742523,0.6829430460929871
Bearing1_4,745,0.45620182156562805,0.676095187664032
Bearing1_4,746,0.4555010497570038,0.6714043021202087
Bearing1_4,747,0.4548002779483795,0.6708585619926453
Bearing1_4,748,0.45409950613975525,0.6720876693725586
Bearing1_4,749,0.453398734331131,0.6677013039588928
Bearing1_4,750,0.4526979625225067,0.6660956740379333
Bearing1_4,751,0.45199719071388245,0.6624716520309448
Bearing1_4,752,0.4512964189052582,0.6570008397102356
Bearing1_4,753,0.4505956470966339,0.6523928642272949
Bearing1_4,754,0.44989487528800964,0.6484507918357849
Bearing1_4,755,0.4491941034793854,0.6364861130714417
Bearing1_4,756,0.4484933316707611,0.6284997463226318
Bearing1_4,757,0.44779255986213684,0.6214655637741089
Bearing1_4,758,0.4470917880535126,0.6120768189430237
Bearing1_4,759,0.4463910162448883,0.6126997470855713
Bearing1_4,760,0.44569024443626404,0.6069615483283997
Bearing1_4,761,0.44498950242996216,0.5999523997306824
Bearing1_4,762,0.4442887306213379,0.5916119813919067
Bearing1_4,763,0.4435879588127136,0.5826842784881592
Bearing1_4,764,0.44288718700408936,0.5725457668304443
Bearing1_4,765,0.4421864151954651,0.5639286637306213
Bearing1_4,766,0.4414856433868408,0.5642815232276917
Bearing1_4,767,0.44078487157821655,0.5654776096343994
Bearing1_4,768,0.4400840997695923,0.5650315284729004
Bearing1_4,769,0.439383327960968,0.5685884356498718
Bearing1_4,770,0.43868255615234375,0.5631545186042786
Bearing1_4,771,0.4379817843437195,0.5607930421829224
Bearing1_4,772,0.4372810125350952,0.5629299879074097
Bearing1_4,773,0.43658024072647095,0.5616933107376099
Bearing1_4,774,0.4358794689178467,0.5588683485984802
Bearing1_4,775,0.4351786971092224,0.5572238564491272
Bearing1_4,776,0.43447792530059814,0.5578069090843201
Bearing1_4,777,0.4337771534919739,0.5607330203056335
Bearing1_4,778,0.4330763816833496,0.5612297654151917
Bearing1_4,779,0.43237560987472534,0.5617460608482361
Bearing1_4,780,0.4316748380661011,0.5623963475227356
Bearing1_4,781,0.4309740662574768,0.5611746311187744
Bearing1_4,782,0.43027329444885254,0.5622677803039551
Bearing1_4,783,0.42957252264022827,0.5678451657295227
Bearing1_4,784,0.428871750831604,0.5746724009513855
Bearing1_4,785,0.42817097902297974,0.5751228332519531
Bearing1_4,786,0.42747020721435547,0.5771268010139465
Bearing1_4,787,0.4267694354057312,0.5819869637489319
Bearing1_4,788,0.42606866359710693,0.581990122795105
Bearing1_4,789,0.42536789178848267,0.5862679481506348
Bearing1_4,790,0.4246671199798584,0.5909039378166199
Bearing1_4,791,0.42396634817123413,0.5855465531349182
Bearing1_4,792,0.42326560616493225,0.5829921364784241
Bearing1_4,793,0.422564834356308,0.5816547870635986
Bearing1_4,794,0.4218640625476837,0.5813151001930237
Bearing1_4,795,0.42116329073905945,0.5811092853546143
Bearing1_4,796,0.4204625189304352,0.5797907114028931
Bearing1_4,797,0.4197617471218109,0.5805891752243042
Bearing1_4,798,0.41906097531318665,0.5751602649688721
Bearing1_4,799,0.4183602035045624,0.5661154985427856
Bearing1_4,800,0.4176594316959381,0.5598877668380737
Bearing1_4,801,0.41695865988731384,0.5559995770454407
Bearing1_4,802,0.4162578880786896,0.5545431971549988
Bearing1_4,803,0.4155571162700653,0.5535285472869873
Bearing1_4,804,0.41485634446144104,0.5528603196144104
Bearing1_4,805,0.4141555726528168,0.5572366118431091
Bearing1_4,806,0.4134548008441925,0.5596435070037842
Bearing1_4,807,0.41275402903556824,0.5648126006126404
Bearing1_4,808,0.41205325722694397,0.5635713338851929
Bearing1_4,809,0.4113524854183197,0.5612140893936157
Bearing1_4,810,0.41065171360969543,0.5677312016487122
Bearing1_4,811,0.40995094180107117,0.570736825466156
Bearing1_4,812,0.4092501699924469,0.5777038931846619
Bearing1_4,813,0.40854939818382263,0.5877566933631897
Bearing1_4,814,0.40784862637519836,0.5909543633460999
Bearing1_4,815,0.4071478545665741,0.5923181176185608
Bearing1_4,816,0.40644708275794983,0.594886839389801
Bearing1_4,817,0.40574631094932556,0.5992989540100098
Bearing1_4,818,0.4050455391407013,0.6036171913146973
Bearing1_4,819,0.404344767332077,0.6038394570350647
Bearing1_4,820,0.40364399552345276,0.608539879322052
Bearing1_4,821,0.4029432237148285,0.6072571277618408
Bearing1_4,822,0.4022424519062042,0.6101019978523254
Bearing1_4,823,0.40154170989990234,0.6179735064506531
Bearing1_4,824,0.4008409380912781,0.6232094168663025
Bearing1_4,825,0.4001401662826538,0.6211416125297546
Bearing1_4,826,0.39943939447402954,0.6206578612327576
Bearing1_4,827,0.3987386226654053,0.6184210181236267
Bearing1_4,828,0.398037850856781,0.6141449213027954
Bearing1_4,829,0.39733707904815674,0.6121475696563721
Bearing1_4,830,0.39663630723953247,0.6105238199234009
Bearing1_4,831,0.3959355354309082,0.6148240566253662
Bearing1_4,832,0.39523476362228394,0.6152567863464355
Bearing1_4,833,0.39453399181365967,0.6091289520263672
Bearing1_4,834,0.3938332200050354,0.6081321835517883
Bearing1_4,835,0.39313244819641113,0.6058879494667053
Bearing1_4,836,0.39243167638778687,0.5996003746986389
Bearing1_4,837,0.3917309045791626,0.5908502340316772
Bearing1_4,838,0.39103013277053833,0.5857118368148804
Bearing1_4,839,0.39032936096191406,0.5802077054977417
Bearing1_4,840,0.3896285891532898,0.5769178867340088
Bearing1_4,841,0.3889278173446655,0.57417231798172
Bearing1_4,842,0.38822704553604126,0.5671363472938538
Bearing1_4,843,0.387526273727417,0.5650700330734253
Bearing1_4,844,0.3868255019187927,0.5595529675483704
Bearing1_4,845,0.38612473011016846,0.5536251068115234
Bearing1_4,846,0.3854239583015442,0.5555272698402405
Bearing1_4,847,0.3847231864929199,0.5584771037101746
Bearing1_4,848,0.38402241468429565,0.5536377429962158
Bearing1_4,849,0.3833216428756714,0.5492091774940491
Bearing1_4,850,0.3826208710670471,0.5458444952964783
Bearing1_4,851,0.38192009925842285,0.5526811480522156
Bearing1_4,852,0.3812193274497986,0.5534438490867615
Bearing1_4,853,0.3805185556411743,0.5520445108413696
Bearing1_4,854,0.37981781363487244,0.5498034358024597
Bearing1_4,855,0.37911704182624817,0.544601559638977
Bearing1_4,856,0.3784162700176239,0.5476466417312622
Bearing1_4,857,0.37771549820899963,0.548410177230835
Bearing1_4,858,0.37701472640037537,0.5454654097557068
Bearing1_4,859,0.3763139545917511,0.5417009592056274
Bearing1_4,860,0.37561318278312683,0.5399526357650757
Bearing1_4,861,0.37491241097450256,0.5418862104415894
Bearing1_4,862,0.3742116391658783,0.5415287017822266
Bearing1_4,863,0.37351086735725403,0.5404319167137146
Bearing1_4,864,0.37281009554862976,0.5349195599555969
Bearing1_4,865,0.3721093237400055,0.5318773984909058
Bearing1_4,866,0.3714085519313812,0.5265166759490967
Bearing1_4,867,0.37070778012275696,0.5213685035705566
Bearing1_4,868,0.3700070083141327,0.524080216884613
Bearing1_4,869,0.3693062365055084,0.5210626125335693
Bearing1_4,870,0.36860546469688416,0.5240426659584045
Bearing1_4,871,0.3679046928882599,0.5208790898323059
Bearing1_4,872,0.3672039210796356,0.5220070481300354
Bearing1_4,873,0.36650314927101135,0.5251028537750244
Bearing1_4,874,0.3658023774623871,0.5232903361320496
Bearing1_4,875,0.3651016056537628,0.5242681503295898
Bearing1_4,876,0.36440083384513855,0.5315924882888794
Bearing1_4,877,0.3637000620365143,0.532174289226532
Bearing1_4,878,0.36299929022789,0.527252733707428
Bearing1_4,879,0.36229851841926575,0.5274379849433899
Bearing1_4,880,0.3615977466106415,0.5332351922988892
Bearing1_4,881,0.3608969748020172,0.5327602028846741
Bearing1_4,882,0.36019620299339294,0.5350630283355713
Bearing1_4,883,0.3594954311847687,0.531151294708252
Bearing1_4,884,0.3587946593761444,0.5331529378890991
Bearing1_4,885,0.35809391736984253,0.5334417819976807
Bearing1_4,886,0.35739314556121826,0.5356964468955994
Bearing1_4,887,0.356692373752594,0.5401747226715088
Bearing1_4,888,0.3559916019439697,0.5422186255455017
Bearing1_4,889,0.35529083013534546,0.5427115559577942
Bearing1_4,890,0.3545900583267212,0.5468083620071411
Bearing1_4,891,0.3538892865180969,0.5539743900299072
Bearing1_4,892,0.35318851470947266,0.5561315417289734
Bearing1_4,893,0.3524877429008484,0.558978796005249
Bearing1_4,894,0.3517869710922241,0.5593065023422241
Bearing1_4,895,0.35108619928359985,0.5626488924026489
Bearing1_4,896,0.3503854274749756,0.5690902471542358
Bearing1_4,897,0.3496846556663513,0.5730422735214233
Bearing1_4,898,0.34898388385772705,0.5766540169715881
Bearing1_4,899,0.3482831120491028,0.5797560214996338
Bearing1_4,900,0.3475823402404785,0.5779899954795837
Bearing1_4,901,0.34688156843185425,0.5791080594062805
Bearing1_4,902,0.34618079662323,0.5790229439735413
Bearing1_4,903,0.3454800248146057,0.5831968784332275
Bearing1_4,904,0.34477925300598145,0.5828543901443481
Bearing1_4,905,0.3440784811973572,0.5878201127052307
Bearing1_4,906,0.3433777093887329,0.5897806286811829
Bearing1_4,907,0.34267693758010864,0.5897985696792603
Bearing1_4,908,0.3419761657714844,0.5872143507003784
Bearing1_4,909,0.3412753939628601,0.5892745852470398
Bearing1_4,910,0.34057462215423584,0.5905089974403381
Bearing1_4,911,0.3398738503456116,0.5888052582740784
Bearing1_4,912,0.3391730785369873,0.5844755172729492
Bearing1_4,913,0.33847230672836304,0.5870897769927979
Bearing1_4,914,0.33777153491973877,0.5832002758979797
Bearing1_4,915,0.3370707631111145,0.5849241614341736
Bearing1_4,916,0.3363700211048126,0.580790102481842
Bearing1_4,917,0.33566924929618835,0.5793625116348267
Bearing1_4,918,0.3349684774875641,0.5742995738983154
Bearing1_4,919,0.3342677056789398,0.5672656297683716
Bearing1_4,920,0.33356693387031555,0.5617505311965942
Bearing1_4,921,0.3328661620616913,0.5598660707473755
Bearing1_4,922,0.332165390253067,0.552219808101654
Bearing1_4,923,0.33146461844444275,0.5453576445579529
Bearing1_4,924,0.3307638466358185,0.5503072142601013
Bearing1_4,925,0.3300630748271942,0.5475966334342957
Bearing1_4,926,0.32936230301856995,0.5483976006507874
Bearing1_4,927,0.3286615312099457,0.5481496453285217
Bearing1_4,928,0.3279607594013214,0.5498389005661011
Bearing1_4,929,0.32725998759269714,0.5468079447746277
Bearing1_4,930,0.3265592157840729,0.5533040165901184
Bearing1_4,931,0.3258584439754486,0.5629988312721252
Bearing1_4,932,0.32515767216682434,0.5760916471481323
Bearing1_4,933,0.3244569003582001,0.5786438584327698
Bearing1_4,934,0.3237561285495758,0.5815761685371399
Bearing1_4,935,0.32305535674095154,0.5847579836845398
Bearing1_4,936,0.32235458493232727,0.5869852900505066
Bearing1_4,937,0.321653813123703,0.5835369825363159
Bearing1_4,938,0.32095304131507874,0.583729088306427
Bearing1_4,939,0.32025226950645447,0.5812063217163086
Bearing1_4,940,0.3195514976978302,0.5814341306686401
Bearing1_4,941,0.31885072588920593,0.5818288922309875
Bearing1_4,942,0.31814995408058167,0.5821206569671631
Bearing1_4,943,0.3174491822719574,0.5777055621147156
Bearing1_4,944,0.31674841046333313,0.5766673684120178
Bearing1_4,945,0.31604763865470886,0.5727246999740601
Bearing1_4,946,0.3153468668460846,0.5742815732955933
Bearing1_4,947,0.3146461248397827,0.574647843837738
Bearing1_4,948,0.31394535303115845,0.5714768171310425
Bearing1_4,949,0.3132445812225342,0.5708197355270386
Bearing1_4,950,0.3125438094139099,0.5676125884056091
Bearing1_4,951,0.31184303760528564,0.5664483904838562
Bearing1_4,952,0.3111422657966614,0.567490816116333
Bearing1_4,953,0.3104414939880371,0.567284345626831
Bearing1_4,954,0.30974072217941284,0.5704441070556641
Bearing1_4,955,0.3090399503707886,0.5673516988754272
Bearing1_4,956,0.3083391785621643,0.5640734434127808
Bearing1_4,957,0.30763840675354004,0.5668343901634216
Bearing1_4,958,0.30693763494491577,0.5656364560127258
Bearing1_4,959,0.3062368631362915,0.5676962733268738
Bearing1_4,960,0.30553609132766724,0.5676336288452148
Bearing1_4,961,0.30483531951904297,0.571652352809906
Bearing1_4,962,0.3041345477104187,0.571456253528595
Bearing1_4,963,0.30343377590179443,0.5738978981971741
Bearing1_4,964,0.30273300409317017,0.5750663876533508
Bearing1_4,965,0.3020322322845459,0.5804597735404968
Bearing1_4,966,0.30133146047592163,0.5874702334403992
Bearing1_4,967,0.30063068866729736,0.5924853682518005
Bearing1_4,968,0.2999299168586731,0.5974503755569458
Bearing1_4,969,0.29922914505004883,0.6015190482139587
Bearing1_4,970,0.29852837324142456,0.6060142517089844
Bearing1_4,971,0.2978276014328003,0.6062846779823303
Bearing1_4,972,0.297126829624176,0.6040879487991333
Bearing1_4,973,0.29642605781555176,0.5982154607772827
Bearing1_4,974,0.2957252860069275,0.5970060229301453
Bearing1_4,975,0.2950245141983032,0.5999160408973694
Bearing1_4,976,0.29432374238967896,0.5955115556716919
Bearing1_4,977,0.2936229705810547,0.5938456058502197
Bearing1_4,978,0.2929222285747528,0.5899116396903992
Bearing1_4,979,0.29222145676612854,0.5864396691322327
Bearing1_4,980,0.2915206849575043,0.5884950160980225
Bearing1_4,981,0.29081991314888,0.5853679180145264
Bearing1_4,982,0.29011914134025574,0.5863872170448303
Bearing1_4,983,0.28941836953163147,0.5855466723442078
Bearing1_4,984,0.2887175977230072,0.5884997844696045
Bearing1_4,985,0.28801682591438293,0.5902777314186096
Bearing1_4,986,0.28731605410575867,0.5932777523994446
Bearing1_4,987,0.2866152822971344,0.5990301966667175
Bearing1_4,988,0.28591451048851013,0.6040638089179993
Bearing1_4,989,0.28521373867988586,0.608757495880127
Bearing1_4,990,0.2845129668712616,0.6150616407394409
Bearing1_4,991,0.28381219506263733,0.6175478100776672
Bearing1_4,992,0.28311142325401306,0.6262072324752808
Bearing1_4,993,0.2824106514453888,0.6315596699714661
Bearing1_4,994,0.2817098796367645,0.6367785334587097
Bearing1_4,995,0.28100910782814026,0.6362612247467041
Bearing1_4,996,0.280308336019516,0.6377607583999634
Bearing1_4,997,0.2796075642108917,0.6442794799804688
Bearing1_4,998,0.27890679240226746,0.6432313919067383
Bearing1_4,999,0.2782060205936432,0.6402230262756348
Bearing1_4,1000,0.2775052487850189,0.6405935287475586
Bearing1_4,1001,0.27680447697639465,0.642553448677063
Bearing1_4,1002,0.2761037051677704,0.6397989988327026
Bearing1_4,1003,0.2754029333591461,0.6399713754653931
Bearing1_4,1004,0.27470216155052185,0.6378927230834961
Bearing1_4,1005,0.2740013897418976,0.6374629139900208
Bearing1_4,1006,0.2733006179332733,0.6363962888717651
Bearing1_4,1007,0.27259984612464905,0.6362099647521973
Bearing1_4,1008,0.2718990743160248,0.6379809379577637
Bearing1_4,1009,0.2711983323097229,0.6372330784797668
Bearing1_4,1010,0.27049756050109863,0.6332713961601257
Bearing1_4,1011,0.26979678869247437,0.628685712814331
Bearing1_4,1012,0.2690960168838501,0.6257739067077637
Bearing1_4,1013,0.26839524507522583,0.6266655325889587
Bearing1_4,1014,0.26769447326660156,0.6270353198051453
Bearing1_4,1015,0.2669937014579773,0.6333741545677185
Bearing1_4,1016,0.266292929649353,0.6317388415336609
Bearing1_4,1017,0.26559215784072876,0.6283770203590393
Bearing1_4,1018,0.2648913860321045,0.6265473365783691
Bearing1_4,1019,0.2641906142234802,0.6246753334999084
Bearing1_4,1020,0.26348984241485596,0.6202559471130371
Bearing1_4,1021,0.2627890706062317,0.6222849488258362
Bearing1_4,1022,0.2620882987976074,0.624060332775116
Bearing1_4,1023,0.26138752698898315,0.622275710105896
Bearing1_4,1024,0.2606867551803589,0.6200706362724304
Bearing1_4,1025,0.2599859833717346,0.6154765486717224
Bearing1_4,1026,0.25928521156311035,0.6120180487632751
Bearing1_4,1027,0.2585844397544861,0.6147267818450928
Bearing1_4,1028,0.2578836679458618,0.6174080967903137
Bearing1_4,1029,0.25718289613723755,0.6131471395492554
Bearing1_4,1030,0.2564821243286133,0.6117644906044006
Bearing1_4,1031,0.255781352519989,0.6138558387756348
Bearing1_4,1032,0.25508058071136475,0.6102855205535889
Bearing1_4,1033,0.2543798089027405,0.6081517338752747
Bearing1_4,1034,0.2536790370941162,0.6057425141334534
Bearing1_4,1035,0.25297826528549194,0.6012592315673828
Bearing1_4,1036,0.2522774934768677,0.5996675491333008
Bearing1_4,1037,0.2515767216682434,0.5973255634307861
Bearing1_4,1038,0.25087594985961914,0.5903836488723755
Bearing1_4,1039,0.2501751780509949,0.5849055051803589
Bearing1_4,1040,0.2494744211435318,0.5784159302711487
Bearing1_4,1041,0.24877364933490753,0.5755983591079712
Bearing1_4,1042,0.24807287752628326,0.5732778310775757
Bearing1_4,1043,0.247372105717659,0.5708711743354797
Bearing1_4,1044,0.24667133390903473,0.5655993223190308
Bearing1_4,1045,0.24597056210041046,0.5614113211631775
Bearing1_4,1046,0.2452697902917862,0.5566864013671875
Bearing1_4,1047,0.24456901848316193,0.5529477000236511
Bearing1_4,1048,0.24386826157569885,0.5483955144882202
Bearing1_4,1049,0.24316748976707458,0.5466181635856628
Bearing1_4,1050,0.24246671795845032,0.5457229614257812
Bearing1_4,1051,0.24176594614982605,0.5446997284889221
Bearing1_4,1052,0.24106517434120178,0.5394141674041748
Bearing1_4,1053,0.24036440253257751,0.5244931578636169
Bearing1_4,1054,0.23966363072395325,0.514070451259613
Bearing1_4,1055,0.23896285891532898,0.513972282409668
Bearing1_4,1056,0.2382620871067047,0.5213807821273804
Bearing1_4,1057,0.23756131529808044,0.5268187522888184
Bearing1_4,1058,0.23686054348945618,0.5295875072479248
Bearing1_4,1059,0.2361597716808319,0.5083690881729126
Bearing1_4,1060,0.23545899987220764,0.4896065294742584
Bearing1_4,1061,0.23475822806358337,0.4630323052406311
Bearing1_4,1062,0.2340574562549591,0.44177475571632385
Bearing1_4,1063,0.23335669934749603,0.41465404629707336
Bearing1_4,1064,0.23265592753887177,0.3933977782726288
Bearing1_4,1065,0.2319551557302475,0.37128549814224243
Bearing1_4,1066,0.23125438392162323,0.34427309036254883
Bearing1_4,1067,0.23055361211299896,0.33653420209884644
Bearing1_4,1068,0.2298528403043747,0.3080679476261139
Bearing1_4,1069,0.22915206849575043,0.2933178246021271
Bearing1_4,1070,0.22845129668712616,0.2838747501373291
Bearing1_4,1071,0.2277505248785019,0.2789832055568695
Bearing1_4,1072,0.22704975306987762,0.2728748619556427
Bearing1_4,1073,0.22634898126125336,0.24576757848262787
Bearing1_4,1074,0.2256482094526291,0.23534338176250458
Bearing1_4,1075,0.22494743764400482,0.213495135307312
Bearing1_4,1076,0.22424666583538055,0.1909686028957367
Bearing1_4,1077,0.2235458940267563,0.16015993058681488
Bearing1_4,1078,0.22284512221813202,0.13692331314086914
Bearing1_4,1079,0.22214436531066895,0.11572830379009247
Bearing1_4,1080,0.22144359350204468,0.08843356370925903
Bearing1_4,1081,0.2207428216934204,0.06384557485580444
Bearing1_4,1082,0.22004204988479614,0.04786422476172447
Bearing1_4,1083,0.21934127807617188,0.039535652846097946
Bearing1_4,1084,0.2186405062675476,0.03385762497782707
Bearing1_4,1085,0.21793973445892334,0.030346546322107315
Bearing1_4,1086,0.21723896265029907,0.027474556118249893
Bearing1_4,1087,0.2165381908416748,0.02337455190718174
Bearing1_4,1088,0.21583741903305054,0.02117268741130829
Bearing1_4,1089,0.21513664722442627,0.018886106088757515
Bearing1_4,1090,0.214435875415802,0.01754743605852127
Bearing1_4,1091,0.21373510360717773,0.016632938757538795
Bearing1_4,1092,0.21303433179855347,0.01561296358704567
Bearing1_4,1093,0.2123335599899292,0.014866518788039684
Bearing1_4,1094,0.21163280308246613,0.014162376523017883
Bearing1_4,1095,0.21093203127384186,0.014004277996718884
Bearing1_4,1096,0.2102312594652176,0.013379220850765705
Bearing1_4,1097,0.20953048765659332,0.012831199914216995
Bearing1_4,1098,0.20882971584796906,0.012600945308804512
Bearing1_4,1099,0.2081289440393448,0.012371554970741272
Bearing1_4,1100,0.20742817223072052,0.012066448107361794
Bearing1_4,1101,0.20672740042209625,0.011775350198149681
Bearing1_4,1102,0.20602662861347198,0.011637911200523376
Bearing1_4,1103,0.20532585680484772,0.011451424099504948
Bearing1_4,1104,0.20462508499622345,0.011338887736201286
Bearing1_4,1105,0.20392431318759918,0.011281539686024189
Bearing1_4,1106,0.20322354137897491,0.011203642934560776
Bearing1_4,1107,0.20252276957035065,0.011161834932863712
Bearing1_4,1108,0.20182199776172638,0.011109343729913235
Bearing1_4,1109,0.2011212259531021,0.011111889965832233
Bearing1_4,1110,0.20042046904563904,0.011041329242289066
Bearing1_4,1111,0.19971969723701477,0.01104094460606575
Bearing1_4,1112,0.1990189254283905,0.011087342165410519
Bearing1_4,1113,0.19831815361976624,0.011087118647992611
Bearing1_4,1114,0.19761738181114197,0.011076295748353004
Bearing1_4,1115,0.1969166100025177,0.011090145446360111
Bearing1_4,1116,0.19621583819389343,0.011031769216060638
Bearing1_4,1117,0.19551506638526917,0.011049136519432068
Bearing1_4,1118,0.1948142945766449,0.011064816266298294
Bearing1_4,1119,0.19411352276802063,0.011215053498744965
Bearing1_4,1120,0.19341275095939636,0.011142962612211704
Bearing1_4,1121,0.1927119791507721,0.011174574494361877
Bearing1_4,1122,0.19201120734214783,0.01073493529111147
Bearing1_4,1123,0.19131043553352356,0.01068292185664177
Bearing1_4,1124,0.1906096637248993,0.01067223772406578
Bearing1_4,1125,0.18990890681743622,0.010653490200638771
Bearing1_4,1126,0.18920813500881195,0.010631484910845757
Bearing1_4,1127,0.18850736320018768,0.010579937137663364
Bearing1_4,1128,0.18780659139156342,0.010572667233645916
Bearing1_4,1129,0.18710581958293915,0.010559342801570892
Bearing1_4,1130,0.18640504777431488,0.010565875098109245
Bearing1_4,1131,0.1857042759656906,0.010612080805003643
Bearing1_4,1132,0.18500350415706635,0.010528558865189552
Bearing1_4,1133,0.18430273234844208,0.010531937703490257
Bearing1_4,1134,0.1836019605398178,0.01056202407926321
Bearing1_4,1135,0.18290118873119354,0.010569839738309383
Bearing1_4,1136,0.18220041692256927,0.010566952638328075
Bearing1_4,1137,0.181499645113945,0.010561196133494377
Bearing1_4,1138,0.18079887330532074,0.010576599277555943
Bearing1_4,1139,0.18009810149669647,0.010549692437052727
Bearing1_4,1140,0.1793973296880722,0.010538588277995586
Bearing1_4,1141,0.17869657278060913,0.010502887889742851
Bearing1_4,1142,0.17799580097198486,0.010485943406820297
Bearing1_4,1143,0.1772950291633606,0.010491149500012398
Bearing1_4,1144,0.17659425735473633,0.010441331192851067
Bearing1_4,1145,0.17589348554611206,0.01044033095240593
Bearing1_4,1146,0.1751927137374878,0.010451454669237137
Bearing1_4,1147,0.17449194192886353,0.010462054051458836
Bearing1_4,1148,0.17379117012023926,0.010460884310305119
Bearing1_4,1149,0.173090398311615,0.010477946139872074
Bearing1_4,1150,0.17238962650299072,0.010452480986714363
Bearing1_4,1151,0.17168885469436646,0.01042415015399456
Bearing1_4,1152,0.1709880828857422,0.010441991500556469
Bearing1_4,1153,0.17028731107711792,0.010440227575600147
Bearing1_4,1154,0.16958653926849365,0.010457005351781845
Bearing1_4,1155,0.16888576745986938,0.010451948270201683
Bearing1_4,1156,0.1681850105524063,0.010460582561790943
Bearing1_4,1157,0.16748423874378204,0.010426176711916924
Bearing1_4,1158,0.16678346693515778,0.010448861867189407
Bearing1_4,1159,0.1660826951265335,0.010442499071359634
Bearing1_4,1160,0.16538192331790924,0.010446312837302685
Bearing1_4,1161,0.16468115150928497,0.010446893982589245
Bearing1_4,1162,0.1639803797006607,0.010411527007818222
Bearing1_4,1163,0.16327960789203644,0.010431068949401379
Bearing1_4,1164,0.16257883608341217,0.010442647151648998
Bearing1_4,1165,0.1618780642747879,0.010427634231746197
Bearing1_4,1166,0.16117729246616364,0.010415555909276009
Bearing1_4,1167,0.16047652065753937,0.01045957114547491
Bearing1_4,1168,0.1597757488489151,0.010480200871825218
Bearing1_4,1169,0.15907497704029083,0.010439355857670307
Bearing1_4,1170,0.15837420523166656,0.010532965883612633
Bearing1_4,1171,0.1576734334230423,0.010512893088161945
Bearing1_4,1172,0.15697267651557922,0.010495384223759174
Bearing1_4,1173,0.15627190470695496,0.010582169517874718
Bearing1_4,1174,0.1555711328983307,0.010496225208044052
Bearing1_4,1175,0.15487036108970642,0.010483212769031525
Bearing1_4,1176,0.15416958928108215,0.010496349073946476
Bearing1_4,1177,0.15346881747245789,0.010482258163392544
Bearing1_4,1178,0.15276804566383362,0.01047685369849205
Bearing1_4,1179,0.15206727385520935,0.010472949594259262
Bearing1_4,1180,0.15136650204658508,0.010477328673005104
Bearing1_4,1181,0.15066573023796082,0.010461308062076569
Bearing1_4,1182,0.14996495842933655,0.010479182004928589
Bearing1_4,1183,0.14926418662071228,0.010481027886271477
Bearing1_4,1184,0.148563414812088,0.010506119579076767
Bearing1_4,1185,0.14786264300346375,0.010544964112341404
Bearing1_4,1186,0.14716187119483948,0.010500049218535423
Bearing1_4,1187,0.1464611142873764,0.010506288148462772
Bearing1_4,1188,0.14576034247875214,0.010500198230147362
Bearing1_4,1189,0.14505957067012787,0.01046860683709383
Bearing1_4,1190,0.1443587988615036,0.010513086803257465
Bearing1_4,1191,0.14365802705287933,0.010485760867595673
Bearing1_4,1192,0.14295725524425507,0.010474215261638165
Bearing1_4,1193,0.1422564834356308,0.010521686635911465
Bearing1_4,1194,0.14155571162700653,0.010528326034545898
Bearing1_4,1195,0.14085493981838226,0.010545546188950539
Bearing1_4,1196,0.140154168009758,0.010564061813056469
Bearing1_4,1197,0.13945339620113373,0.010582000017166138
Bearing1_4,1198,0.13875262439250946,0.010592808946967125
Bearing1_4,1199,0.1380518525838852,0.010704251006245613
Bearing1_4,1200,0.13735108077526093,0.010678437538444996
Bearing1_4,1201,0.13665030896663666,0.010707246139645576
Bearing1_4,1202,0.1359495371580124,0.010661997832357883
Bearing1_4,1203,0.13524878025054932,0.010732326656579971
Bearing1_4,1204,0.13454800844192505,0.010701922699809074
Bearing1_4,1205,0.13384723663330078,0.01067208219319582
Bearing1_4,1206,0.1331464648246765,0.010699727572500706
Bearing1_4,1207,0.13244569301605225,0.010671081021428108
Bearing1_4,1208,0.13174492120742798,0.01068979874253273
Bearing1_4,1209,0.1310441493988037,0.010735055431723595
Bearing1_4,1210,0.13034337759017944,0.010696234181523323
Bearing1_4,1211,0.12964260578155518,0.010668140836060047
Bearing1_4,1212,0.1289418339729309,0.010697278194129467
Bearing1_4,1213,0.12824106216430664,0.010665769688785076
Bearing1_4,1214,0.12754029035568237,0.01064746081829071
Bearing1_4,1215,0.1268395185470581,0.010769793763756752
Bearing1_4,1216,0.12613874673843384,0.010830783285200596
Bearing1_4,1217,0.12543797492980957,0.010814325883984566
Bearing1_4,1218,0.1247372105717659,0.010762405581772327
Bearing1_4,1219,0.12403643876314163,0.01084288302809
Bearing1_4,1220,0.12333566695451736,0.010916147381067276
Bearing1_4,1221,0.1226348951458931,0.010897411964833736
Bearing1_4,1222,0.12193413078784943,0.011014760471880436
Bearing1_4,1223,0.12123335897922516,0.010976852849125862
Bearing1_4,1224,0.12053258717060089,0.011004210449755192
Bearing1_4,1225,0.11983181536197662,0.011185538955032825
Bearing1_4,1226,0.11913104355335236,0.012321758083999157
Bearing1_4,1227,0.11843027174472809,0.011483532376587391
Bearing1_4,1228,0.11772949993610382,0.011197902262210846
Bearing1_4,1229,0.11702872812747955,0.011032725684344769
Bearing1_4,1230,0.11632796376943588,0.01101876050233841
Bearing1_4,1231,0.11562719196081161,0.010942605324089527
Bearing1_4,1232,0.11492642015218735,0.010879469104111195
Bearing1_4,1233,0.11422564834356308,0.010791192762553692
Bearing1_4,1234,0.11352487653493881,0.010870975442230701
Bearing1_4,1235,0.11282410472631454,0.01103233639150858
Bearing1_4,1236,0.11212333291769028,0.011330198496580124
Bearing1_4,1237,0.11142256110906601,0.012113701552152634
Bearing1_4,1238,0.11072179675102234,0.011349503882229328
Bearing1_4,1239,0.11002102494239807,0.011279582977294922
Bearing1_4,1240,0.1093202531337738,0.011147734709084034
Bearing1_4,1241,0.10861948132514954,0.011034968309104443
Bearing1_4,1242,0.10791870951652527,0.011908669024705887
Bearing1_4,1243,0.107217937707901,0.012426172383129597
Bearing1_4,1244,0.10651716589927673,0.012261806055903435
Bearing1_4,1245,0.10581640154123306,0.01167184580117464
Bearing1_4,1246,0.1051156297326088,0.01143505796790123
Bearing1_4,1247,0.10441485792398453,0.012190434150397778
Bearing1_4,1248,0.10371408611536026,0.012362283654510975
Bearing1_4,1249,0.10301331430673599,0.012384788133203983
Bearing1_4,1250,0.10231254249811172,0.012809298932552338
Bearing1_4,1251,0.10161177068948746,0.012420649640262127
Bearing1_4,1252,0.10091099888086319,0.01134906429797411
Bearing1_4,1253,0.10021023452281952,0.011138860136270523
Bearing1_4,1254,0.09950946271419525,0.011079952120780945
Bearing1_4,1255,0.09880869090557098,0.011154627427458763
Bearing1_4,1256,0.09810791909694672,0.011133519932627678
Bearing1_4,1257,0.09740714728832245,0.011094209738075733
Bearing1_4,1258,0.09670637547969818,0.011156190186738968
Bearing1_4,1259,0.09600560367107391,0.011152171529829502
Bearing1_4,1260,0.09530483186244965,0.011288429610431194
Bearing1_4,1261,0.09460406750440598,0.011706860736012459
Bearing1_4,1262,0.09390329569578171,0.011520838364958763
Bearing1_4,1263,0.09320252388715744,0.011494141072034836
Bearing1_4,1264,0.09250175207853317,0.01156127080321312
Bearing1_4,1265,0.0918009802699089,0.013081295415759087
Bearing1_4,1266,0.09110020846128464,0.013371354900300503
Bearing1_4,1267,0.09039943665266037,0.013719214126467705
Bearing1_4,1268,0.0896986648440361,0.013964604586362839
Bearing1_4,1269,0.08899790048599243,0.013674934394657612
Bearing1_4,1270,0.08829712867736816,0.014063210226595402
Bearing1_4,1271,0.0875963568687439,0.014109187759459019
Bearing1_4,1272,0.08689558506011963,0.014201048761606216
Bearing1_4,1273,0.08619481325149536,0.014251348562538624
Bearing1_4,1274,0.0854940414428711,0.014305911026895046
Bearing1_4,1275,0.08479326963424683,0.014295157976448536
Bearing1_4,1276,0.08409250527620316,0.014300424605607986
Bearing1_4,1277,0.08339173346757889,0.014323708601295948
Bearing1_4,1278,0.08269096165895462,0.014342064969241619
Bearing1_4,1279,0.08199018985033035,0.014423741027712822
Bearing1_4,1280,0.08128941804170609,0.01443430595099926
Bearing1_4,1281,0.08058864623308182,0.014441796578466892
Bearing1_4,1282,0.07988787442445755,0.014377766288816929
Bearing1_4,1283,0.07918710261583328,0.014535374939441681
Bearing1_4,1284,0.07848633825778961,0.014461247250437737
Bearing1_4,1285,0.07778556644916534,0.014565677382051945
Bearing1_4,1286,0.07708479464054108,0.01452505774796009
Bearing1_4,1287,0.07638402283191681,0.014550353400409222
Bearing1_4,1288,0.07568325102329254,0.01458637323230505
Bearing1_4,1289,0.07498247921466827,0.014532238245010376
Bearing1_4,1290,0.074281707406044,0.01457770075649023
Bearing1_4,1291,0.07358093559741974,0.01444883644580841
Bearing1_4,1292,0.07288017123937607,0.01441199891269207
Bearing1_4,1293,0.0721793994307518,0.014369410462677479
Bearing1_4,1294,0.07147862762212753,0.014360026456415653
Bearing1_4,1295,0.07077785581350327,0.014340358786284924
Bearing1_4,1296,0.070077084004879,0.014243499375879765
Bearing1_4,1297,0.06937631219625473,0.014403853565454483
Bearing1_4,1298,0.06867554038763046,0.014384119771420956
Bearing1_4,1299,0.0679747685790062,0.01421866100281477
Bearing1_4,1300,0.06727400422096252,0.014247598126530647
Bearing1_4,1301,0.06657323241233826,0.014133458957076073
Bearing1_4,1302,0.06587246060371399,0.014115476980805397
Bearing1_4,1303,0.06517168879508972,0.014144192449748516
Bearing1_4,1304,0.06447091698646545,0.014155958779156208
Bearing1_4,1305,0.06377014517784119,0.014173105359077454
Bearing1_4,1306,0.06306937336921692,0.014045528136193752
Bearing1_4,1307,0.06236860528588295,0.014006458222866058
Bearing1_4,1308,0.06166783347725868,0.013985032215714455
Bearing1_4,1309,0.06096706539392471,0.01399296335875988
Bearing1_4,1310,0.060266293585300446,0.014136334881186485
Bearing1_4,1311,0.05956552177667618,0.014159646816551685
Bearing1_4,1312,0.05886474996805191,0.014223568141460419
Bearing1_4,1313,0.05816398188471794,0.014299310743808746
Bearing1_4,1314,0.057463210076093674,0.014152035117149353
Bearing1_4,1315,0.056762438267469406,0.01420506089925766
Bearing1_4,1316,0.05606166645884514,0.014279698953032494
Bearing1_4,1317,0.05536089837551117,0.014323996379971504
Bearing1_4,1318,0.0546601265668869,0.01437621284276247
Bearing1_4,1319,0.053959354758262634,0.014382206834852695
Bearing1_4,1320,0.05325858294963837,0.0144478315487504
Bearing1_4,1321,0.0525578148663044,0.014360599219799042
Bearing1_4,1322,0.05185704305768013,0.01447830069810152
Bearing1_4,1323,0.05115627124905586,0.014442604966461658
Bearing1_4,1324,0.050455499440431595,0.014574014581739902
Bearing1_4,1325,0.049754731357097626,0.014541338197886944
Bearing1_4,1326,0.04905395954847336,0.014540087431669235
Bearing1_4,1327,0.04835318773984909,0.014567825943231583
Bearing1_4,1328,0.04765241593122482,0.014682205393910408
Bearing1_4,1329,0.046951647847890854,0.01481887511909008
Bearing1_4,1330,0.046250876039266586,0.014735409989953041
Bearing1_4,1331,0.04555010423064232,0.014791755937039852
Bearing1_4,1332,0.04484933242201805,0.014793362468481064
Bearing1_4,1333,0.04414856433868408,0.014773325063288212
Bearing1_4,1334,0.043447792530059814,0.014750481583178043
Bearing1_4,1335,0.04274702072143555,0.014771291986107826
Bearing1_4,1336,0.04204625263810158,0.014914866536855698
Bearing1_4,1337,0.04134548082947731,0.014925673604011536
Bearing1_4,1338,0.04064470902085304,0.015043342486023903
Bearing1_4,1339,0.039943937212228775,0.014935632236301899
Bearing1_4,1340,0.039243169128894806,0.015114491805434227
Bearing1_4,1341,0.03854239732027054,0.015147358179092407
Bearing1_4,1342,0.03784162551164627,0.015224738977849483
Bearing1_4,1343,0.037140853703022,0.015266245231032372
Bearing1_4,1344,0.036440085619688034,0.015312974341213703
Bearing1_4,1345,0.035739313811063766,0.015120535157620907
Bearing1_4,1346,0.0350385420024395,0.01548168994486332
Bearing1_4,1347,0.03433777019381523,0.01551789604127407
Bearing1_4,1348,0.03363700211048126,0.015606243163347244
Bearing1_4,1349,0.032936230301856995,0.015604846179485321
Bearing1_4,1350,0.03223545849323273,0.015790287405252457
Bearing1_4,1351,0.03153468668460846,0.01577296480536461
Bearing1_4,1352,0.03083391673862934,0.01580808311700821
Bearing1_4,1353,0.030133146792650223,0.015574205666780472
Bearing1_4,1354,0.029432374984025955,0.01569332741200924
Bearing1_4,1355,0.028731605038046837,0.015388899482786655
Bearing1_4,1356,0.02803083322942257,0.015607687644660473
Bearing1_4,1357,0.02733006328344345,0.015642371028661728
Bearing1_4,1358,0.026629291474819183,0.01570277288556099
Bearing1_4,1359,0.025928521528840065,0.015716206282377243
Bearing1_4,1360,0.025227749720215797,0.015647534281015396
Bearing1_4,1361,0.02452697977423668,0.01515904814004898
Bearing1_4,1362,0.02382620796561241,0.015648091211915016
Bearing1_4,1363,0.023125438019633293,0.015715984627604485
Bearing1_4,1364,0.022424666211009026,0.015707511454820633
Bearing1_4,1365,0.021723896265029907,0.014557533897459507
Bearing1_4,1366,0.02102312631905079,0.015706369653344154
Bearing1_4,1367,0.02032235451042652,0.015678416937589645
Bearing1_4,1368,0.019621584564447403,0.015781152993440628
Bearing1_4,1369,0.018920812755823135,0.015777109190821648
Bearing1_4,1370,0.018220042809844017,0.015728499740362167
Bearing1_4,1371,0.01751927100121975,0.015792571008205414
Bearing1_4,1372,0.01681850105524063,0.01596967503428459
Bearing1_4,1373,0.016117729246616364,0.015967322513461113
Bearing1_4,1374,0.01541695836931467,0.014708925038576126
Bearing1_4,1375,0.014716187492012978,0.01468582171946764
Bearing1_4,1376,0.014015416614711285,0.01462484709918499
Bearing1_4,1377,0.013314645737409592,0.01576710306107998
Bearing1_4,1378,0.012613874860107899,0.015807749703526497
Bearing1_4,1379,0.011913103982806206,0.01579996943473816
Bearing1_4,1380,0.011212333105504513,0.0157424658536911
Bearing1_4,1381,0.010511563159525394,0.015764987096190453
Bearing1_4,1382,0.009810792282223701,0.015729837119579315
Bearing1_4,1383,0.009110021404922009,0.0156595166772604
Bearing1_4,1384,0.008409250527620316,0.015825578942894936
Bearing1_4,1385,0.007708479184657335,0.015621687285602093
Bearing1_4,1386,0.007007708307355642,0.016014399006962776
Bearing1_4,1387,0.006306937430053949,0.014947709627449512
Bearing1_4,1388,0.005606166552752256,0.015219912864267826
Bearing1_4,1389,0.004905396141111851,0.014954647980630398
Bearing1_4,1390,0.004204625263810158,0.016044391319155693
Bearing1_4,1391,0.003503854153677821,0.01623421721160412
Bearing1_4,1392,0.002803083276376128,0.01622794382274151
Bearing1_4,1393,0.002102312631905079,0.016318734735250473
Bearing1_4,1394,0.001401541638188064,0.01650908961892128
Bearing1_4,1395,0.000700770819094032,0.01653384231030941
Bearing1_4,1396,0.0,0.01658635400235653
Bearing1_5,0,0.9874086380004883,0.9505032896995544
Bearing1_5,1,0.987002432346344,0.9453328847885132
Bearing1_5,2,0.9865962862968445,0.9447712898254395
Bearing1_5,3,0.9861900806427002,0.9430808424949646
Bearing1_5,4,0.9857839345932007,0.9359449744224548
Bearing1_5,5,0.9853777289390564,0.9368423223495483
Bearing1_5,6,0.9849715828895569,0.9391083717346191
Bearing1_5,7,0.9845653772354126,0.9420900344848633
Bearing1_5,8,0.9841592311859131,0.9464154243469238
Bearing1_5,9,0.9837530255317688,0.9487173557281494
Bearing1_5,10,0.9833468794822693,0.9488916397094727
Bearing1_5,11,0.982940673828125,0.9474790096282959
Bearing1_5,12,0.9825345277786255,0.9493942260742188
Bearing1_5,13,0.9821283221244812,0.9515296220779419
Bearing1_5,14,0.9817221760749817,0.95132976770401
Bearing1_5,15,0.9813160300254822,0.9535494446754456
Bearing1_5,16,0.9809098243713379,0.9532605409622192
Bearing1_5,17,0.9805036783218384,0.9530364871025085
Bearing1_5,18,0.9800974726676941,0.9501098394393921
Bearing1_5,19,0.9796913266181946,0.947597086429596
Bearing1_5,20,0.9792851209640503,0.9465694427490234
Bearing1_5,21,0.9788789749145508,0.9458121061325073
Bearing1_5,22,0.9784727692604065,0.9454419016838074
Bearing1_5,23,0.978066623210907,0.9442282915115356
Bearing1_5,24,0.9776604175567627,0.9444661736488342
Bearing1_5,25,0.9772542715072632,0.9442891478538513
Bearing1_5,26,0.9768480658531189,0.9418524503707886
Bearing1_5,27,0.9764419198036194,0.9421020746231079
Bearing1_5,28,0.9760357141494751,0.9408280253410339
Bearing1_5,29,0.9756295680999756,0.9366598725318909
Bearing1_5,30,0.9752234220504761,0.9331194758415222
Bearing1_5,31,0.9748172163963318,0.9333019852638245
Bearing1_5,32,0.9744110703468323,0.9336890578269958
Bearing1_5,33,0.974004864692688,0.9343734979629517
Bearing1_5,34,0.9735987186431885,0.9361473917961121
Bearing1_5,35,0.9731925129890442,0.9336633682250977
Bearing1_5,36,0.9727863669395447,0.9327049851417542
Bearing1_5,37,0.9723801612854004,0.9327104091644287
Bearing1_5,38,0.9719740152359009,0.9283599853515625
Bearing1_5,39,0.9715678095817566,0.9257500171661377
Bearing1_5,40,0.9711616635322571,0.9245060086250305
Bearing1_5,41,0.9707554578781128,0.9261149764060974
Bearing1_5,42,0.9703493118286133,0.9238665699958801
Bearing1_5,43,0.969943106174469,0.9245743751525879
Bearing1_5,44,0.9695369601249695,0.9222642183303833
Bearing1_5,45,0.96913081407547,0.9221403002738953
Bearing1_5,46,0.9687246084213257,0.9223045706748962
Bearing1_5,47,0.9683184623718262,0.9236020445823669
Bearing1_5,48,0.9679122567176819,0.9236147403717041
Bearing1_5,49,0.9675061106681824,0.925783634185791
Bearing1_5,50,0.9670999050140381,0.9231972694396973
Bearing1_5,51,0.9666937589645386,0.9237979054450989
Bearing1_5,52,0.9662875533103943,0.9221347570419312
Bearing1_5,53,0.9658814072608948,0.9227595925331116
Bearing1_5,54,0.9654752016067505,0.9235299229621887
Bearing1_5,55,0.965069055557251,0.9214426875114441
Bearing1_5,56,0.9646628499031067,0.9209631085395813
Bearing1_5,57,0.9642567038536072,0.9203705787658691
Bearing1_5,58,0.9638505578041077,0.9170433282852173
Bearing1_5,59,0.9634443521499634,0.9160467982292175
Bearing1_5,60,0.9630382061004639,0.9155598878860474
Bearing1_5,61,0.9626320004463196,0.912632942199707
Bearing1_5,62,0.9622258543968201,0.9095969796180725
Bearing1_5,63,0.9618196487426758,0.9093214869499207
Bearing1_5,64,0.9614135026931763,0.9028417468070984
Bearing1_5,65,0.961007297039032,0.9012745022773743
Bearing1_5,66,0.9606011509895325,0.8977119326591492
Bearing1_5,67,0.9601949453353882,0.8965468406677246
Bearing1_5,68,0.9597887992858887,0.8942411541938782
Bearing1_5,69,0.9593825936317444,0.8965505361557007
Bearing1_5,70,0.9589764475822449,0.8999537229537964
Bearing1_5,71,0.9585702419281006,0.899939775466919
Bearing1_5,72,0.9581640958786011,0.9006220102310181
Bearing1_5,73,0.9577579498291016,0.8986969590187073
Bearing1_5,74,0.9573517441749573,0.9018134474754333
Bearing1_5,75,0.9569455981254578,0.8978838920593262
Bearing1_5,76,0.9565393924713135,0.9007819890975952
Bearing1_5,77,0.956133246421814,0.9069465398788452
Bearing1_5,78,0.9557270407676697,0.9117996692657471
Bearing1_5,79,0.9553208947181702,0.9120224118232727
Bearing1_5,80,0.9549146890640259,0.9072005748748779
Bearing1_5,81,0.9545085430145264,0.9088320732116699
Bearing1_5,82,0.9541023373603821,0.9146456718444824
Bearing1_5,83,0.9536961913108826,0.9123734831809998
Bearing1_5,84,0.9532899856567383,0.9117027521133423
Bearing1_5,85,0.9528838396072388,0.9064635634422302
Bearing1_5,86,0.9524776339530945,0.9043830037117004
Bearing1_5,87,0.952071487903595,0.9089816212654114
Bearing1_5,88,0.9516653418540955,0.9102738499641418
Bearing1_5,89,0.9512591361999512,0.9140912294387817
Bearing1_5,90,0.9508529901504517,0.9143336415290833
Bearing1_5,91,0.9504467844963074,0.910053551197052
Bearing1_5,92,0.9500406384468079,0.906162679195404
Bearing1_5,93,0.9496344327926636,0.8988372683525085
Bearing1_5,94,0.9492282867431641,0.9023545980453491
Bearing1_5,95,0.9488220810890198,0.896397590637207
Bearing1_5,96,0.9484159350395203,0.8952513337135315
Bearing1_5,97,0.948009729385376,0.8972976803779602
Bearing1_5,98,0.9476035833358765,0.8988919258117676
Bearing1_5,99,0.9471973776817322,0.898137629032135
Bearing1_5,100,0.9467912316322327,0.9026268720626831
Bearing1_5,101,0.9463850259780884,0.9007788300514221
Bearing1_5,102,0.9459788799285889,0.9105620980262756
Bearing1_5,103,0.9455727338790894,0.9122546315193176
Bearing1_5,104,0.9451665282249451,0.9137526750564575
Bearing1_5,105,0.9447603821754456,0.9129818677902222
Bearing1_5,106,0.9443541765213013,0.9134093523025513
Bearing1_5,107,0.9439480304718018,0.9118014574050903
Bearing1_5,108,0.9435418248176575,0.9076603651046753
Bearing1_5,109,0.943135678768158,0.9045752286911011
Bearing1_5,110,0.9427294731140137,0.9067758917808533
Bearing1_5,111,0.9423233270645142,0.9029195308685303
Bearing1_5,112,0.9419171214103699,0.9033389687538147
Bearing1_5,113,0.9415109753608704,0.909794270992279
Bearing1_5,114,0.9411047697067261,0.9070550203323364
Bearing1_5,115,0.9406986236572266,0.9055363535881042
Bearing1_5,116,0.9402924180030823,0.9034574627876282
Bearing1_5,117,0.9398862719535828,0.9054276347160339
Bearing1_5,118,0.9394801259040833,0.906237781047821
Bearing1_5,119,0.939073920249939,0.8981682062149048
Bearing1_5,120,0.9386677742004395,0.8976180553436279
Bearing1_5,121,0.9382615685462952,0.8979070782661438
Bearing1_5,122,0.9378554224967957,0.8993424773216248
Bearing1_5,123,0.9374492168426514,0.899190366268158
Bearing1_5,124,0.9370430707931519,0.9002990126609802
Bearing1_5,125,0.9366368651390076,0.9065035581588745
Bearing1_5,126,0.9362307190895081,0.9016305804252625
Bearing1_5,127,0.9358245134353638,0.8966956734657288
Bearing1_5,128,0.9354183673858643,0.9000350832939148
Bearing1_5,129,0.93501216173172,0.8994342684745789
Bearing1_5,130,0.9346060156822205,0.9061356782913208
Bearing1_5,131,0.9341998100280762,0.9085776805877686
Bearing1_5,132,0.9337936639785767,0.9093348979949951
Bearing1_5,133,0.9333875179290771,0.908843994140625
Bearing1_5,134,0.9329813122749329,0.9098829627037048
Bearing1_5,135,0.9325751662254333,0.9098150730133057
Bearing1_5,136,0.9321689605712891,0.9116114974021912
Bearing1_5,137,0.9317628145217896,0.9161009192466736
Bearing1_5,138,0.9313566088676453,0.9176990389823914
Bearing1_5,139,0.9309504628181458,0.9222688674926758
Bearing1_5,140,0.9305442571640015,0.9244291186332703
Bearing1_5,141,0.930138111114502,0.9250260591506958
Bearing1_5,142,0.9297319054603577,0.9252790808677673
Bearing1_5,143,0.9293257594108582,0.928091287612915
Bearing1_5,144,0.9289195537567139,0.9270231127738953
Bearing1_5,145,0.9285134077072144,0.9239557385444641
Bearing1_5,146,0.9281072020530701,0.9152405261993408
Bearing1_5,147,0.9277010560035706,0.907937228679657
Bearing1_5,148,0.927294909954071,0.9034066796302795
Bearing1_5,149,0.9268887042999268,0.9031731486320496
Bearing1_5,150,0.9264825582504272,0.8991237878799438
Bearing1_5,151,0.926076352596283,0.9013841152191162
Bearing1_5,152,0.9256702065467834,0.9052190780639648
Bearing1_5,153,0.9252640008926392,0.9074032306671143
Bearing1_5,154,0.9248578548431396,0.9031979441642761
Bearing1_5,155,0.9244516491889954,0.8988540768623352
Bearing1_5,156,0.9240455031394958,0.9004366397857666
Bearing1_5,157,0.9236392974853516,0.8904808163642883
Bearing1_5,158,0.923233151435852,0.8801223635673523
Bearing1_5,159,0.9228269457817078,0.8808821439743042
Bearing1_5,160,0.9224207997322083,0.8768544793128967
Bearing1_5,161,0.922014594078064,0.8629955053329468
Bearing1_5,162,0.9216084480285645,0.8585041761398315
Bearing1_5,163,0.9212023019790649,0.8593637347221375
Bearing1_5,164,0.9207960963249207,0.8606541752815247
Bearing1_5,165,0.9203899502754211,0.8635585904121399
Bearing1_5,166,0.9199837446212769,0.8636804819107056
Bearing1_5,167,0.9195775985717773,0.8623031973838806
Bearing1_5,168,0.9191713929176331,0.8636638522148132
Bearing1_5,169,0.9187652468681335,0.8644364476203918
Bearing1_5,170,0.9183590412139893,0.8674184679985046
Bearing1_5,171,0.9179528951644897,0.8728864192962646
Bearing1_5,172,0.9175466895103455,0.8718379735946655
Bearing1_5,173,0.917140543460846,0.8753504753112793
Bearing1_5,174,0.9167343378067017,0.8864941000938416
Bearing1_5,175,0.9163281917572021,0.8901849389076233
Bearing1_5,176,0.9159219861030579,0.8957444429397583
Bearing1_5,177,0.9155158400535583,0.9002454876899719
Bearing1_5,178,0.9151096940040588,0.8996134996414185
Bearing1_5,179,0.9147034883499146,0.8999607563018799
Bearing1_5,180,0.914297342300415,0.9033297300338745
Bearing1_5,181,0.9138911366462708,0.9045738577842712
Bearing1_5,182,0.9134849905967712,0.9070841670036316
Bearing1_5,183,0.913078784942627,0.9055742025375366
Bearing1_5,184,0.9126726388931274,0.9067394137382507
Bearing1_5,185,0.9122664332389832,0.910227358341217
Bearing1_5,186,0.9118602871894836,0.9143024682998657
Bearing1_5,187,0.9114540815353394,0.9095025062561035
Bearing1_5,188,0.9110479354858398,0.9092051982879639
Bearing1_5,189,0.9106417298316956,0.9121637344360352
Bearing1_5,190,0.910235583782196,0.906684935092926
Bearing1_5,191,0.9098293781280518,0.9090641736984253
Bearing1_5,192,0.9094232320785522,0.9128559827804565
Bearing1_5,193,0.9090170860290527,0.9179707169532776
Bearing1_5,194,0.9086108803749084,0.9175938367843628
Bearing1_5,195,0.9082047343254089,0.9176149964332581
Bearing1_5,196,0.9077985286712646,0.921430766582489
Bearing1_5,197,0.9073923826217651,0.9216669797897339
Bearing1_5,198,0.9069861769676208,0.9198201298713684
Bearing1_5,199,0.9065800309181213,0.9211986660957336
Bearing1_5,200,0.906173825263977,0.9211810231208801
Bearing1_5,201,0.9057676792144775,0.9226917624473572
Bearing1_5,202,0.9053614735603333,0.9198036193847656
Bearing1_5,203,0.9049553275108337,0.9190537333488464
Bearing1_5,204,0.9045491218566895,0.9194803833961487
Bearing1_5,205,0.9041429758071899,0.9208007454872131
Bearing1_5,206,0.9037367701530457,0.915909469127655
Bearing1_5,207,0.9033306241035461,0.9166686534881592
Bearing1_5,208,0.9029244780540466,0.9192858338356018
Bearing1_5,209,0.9025182723999023,0.9204459190368652
Bearing1_5,210,0.9021121263504028,0.9190125465393066
Bearing1_5,211,0.9017059206962585,0.9152459502220154
Bearing1_5,212,0.901299774646759,0.9157946705818176
Bearing1_5,213,0.9008935689926147,0.9129255414009094
Bearing1_5,214,0.9004874229431152,0.9125377535820007
Bearing1_5,215,0.900081217288971,0.9084015488624573
Bearing1_5,216,0.8996750712394714,0.9076984524726868
Bearing1_5,217,0.8992688655853271,0.9076313972473145
Bearing1_5,218,0.8988627195358276,0.9092317819595337
Bearing1_5,219,0.8984565138816833,0.911865770816803
Bearing1_5,220,0.8980503678321838,0.9021856784820557
Bearing1_5,221,0.8976441621780396,0.8971905708312988
Bearing1_5,222,0.89723801612854,0.8957642316818237
Bearing1_5,223,0.8968318700790405,0.8860248923301697
Bearing1_5,224,0.8964256644248962,0.8840278387069702
Bearing1_5,225,0.8960195183753967,0.8841936588287354
Bearing1_5,226,0.8956133127212524,0.8746692538261414
Bearing1_5,227,0.8952071666717529,0.8713348507881165
Bearing1_5,228,0.8948009610176086,0.8690227270126343
Bearing1_5,229,0.8943948149681091,0.8722860813140869
Bearing1_5,230,0.8939886093139648,0.870835542678833
Bearing1_5,231,0.8935824632644653,0.8738545775413513
Bearing1_5,232,0.893176257610321,0.8749022483825684
Bearing1_5,233,0.8927701115608215,0.8774536848068237
Bearing1_5,234,0.8923639059066772,0.8710014224052429
Bearing1_5,235,0.8919577598571777,0.8730690479278564
Bearing1_5,236,0.8915516138076782,0.8692623972892761
Bearing1_5,237,0.8911454081535339,0.8637301921844482
Bearing1_5,238,0.8907392621040344,0.8612425327301025
Bearing1_5,239,0.8903330564498901,0.8591099977493286
Bearing1_5,240,0.8899269104003906,0.8631057739257812
Bearing1_5,241,0.8895207047462463,0.8715574741363525
Bearing1_5,242,0.8891145586967468,0.870312511920929
Bearing1_5,243,0.8887083530426025,0.874755859375
Bearing1_5,244,0.888302206993103,0.8717678785324097
Bearing1_5,245,0.8878960013389587,0.8715686798095703
Bearing1_5,246,0.8874898552894592,0.8775485157966614
Bearing1_5,247,0.8870836496353149,0.8777969479560852
Bearing1_5,248,0.8866775035858154,0.8758376240730286
Bearing1_5,249,0.8862712979316711,0.8758226037025452
Bearing1_5,250,0.8858651518821716,0.8748819828033447
Bearing1_5,251,0.8854590058326721,0.878951907157898
Bearing1_5,252,0.8850528001785278,0.8863492012023926
Bearing1_5,253,0.8846466541290283,0.8852166533470154
Bearing1_5,254,0.884240448474884,0.8835923075675964
Bearing1_5,255,0.8838343024253845,0.8807322978973389
Bearing1_5,256,0.8834280967712402,0.8784807920455933
Bearing1_5,257,0.8830219507217407,0.8764393925666809
Bearing1_5,258,0.8826157450675964,0.8785948753356934
Bearing1_5,259,0.8822095990180969,0.8777614235877991
Bearing1_5,260,0.8818033933639526,0.868484377861023
Bearing1_5,261,0.8813972473144531,0.8700900077819824
Bearing1_5,262,0.8809910416603088,0.8671923279762268
Bearing1_5,263,0.8805848956108093,0.8709326386451721
Bearing1_5,264,0.880178689956665,0.8699052929878235
Bearing1_5,265,0.8797725439071655,0.8733355402946472
Bearing1_5,266,0.879366397857666,0.8612768054008484
Bearing1_5,267,0.8789601922035217,0.85847407579422
Bearing1_5,268,0.8785540461540222,0.8542311787605286
Bearing1_5,269,0.8781478404998779,0.8526955246925354
Bearing1_5,270,0.8777416944503784,0.848272442817688
Bearing1_5,271,0.8773354887962341,0.8483744859695435
Bearing1_5,272,0.8769293427467346,0.8412433862686157
Bearing1_5,273,0.8765231370925903,0.8421586155891418
Bearing1_5,274,0.8761169910430908,0.844702422618866
Bearing1_5,275,0.8757107853889465,0.8449029326438904
Bearing1_5,276,0.875304639339447,0.8400266170501709
Bearing1_5,277,0.8748984336853027,0.8360099792480469
Bearing1_5,278,0.8744922876358032,0.8361784219741821
Bearing1_5,279,0.8740860819816589,0.8372896313667297
Bearing1_5,280,0.8736799359321594,0.8356706500053406
Bearing1_5,281,0.8732737898826599,0.8389024138450623
Bearing1_5,282,0.8728675842285156,0.8463886380195618
Bearing1_5,283,0.8724614381790161,0.8490527272224426
Bearing1_5,284,0.8720552325248718,0.8480159640312195
Bearing1_5,285,0.8716490864753723,0.8558699488639832
Bearing1_5,286,0.871242880821228,0.8592848181724548
Bearing1_5,287,0.8708367347717285,0.8626664876937866
Bearing1_5,288,0.8704305291175842,0.8622730374336243
Bearing1_5,289,0.8700243830680847,0.8619256615638733
Bearing1_5,290,0.8696181774139404,0.8633995056152344
Bearing1_5,291,0.8692120313644409,0.8707564473152161
Bearing1_5,292,0.8688058257102966,0.8703028559684753
Bearing1_5,293,0.8683996796607971,0.8735139966011047
Bearing1_5,294,0.8679934740066528,0.8771049380302429
Bearing1_5,295,0.8675873279571533,0.8809394240379333
Bearing1_5,296,0.8671811819076538,0.88401198387146
Bearing1_5,297,0.8667749762535095,0.8896738290786743
Bearing1_5,298,0.86636883020401,0.8934391140937805
Bearing1_5,299,0.8659626245498657,0.8964428901672363
Bearing1_5,300,0.8655564785003662,0.897683322429657
Bearing1_5,301,0.8651502728462219,0.8980246186256409
Bearing1_5,302,0.8647441267967224,0.895767092704773
Bearing1_5,303,0.8643379211425781,0.8933005928993225
Bearing1_5,304,0.8639317750930786,0.8924883008003235
Bearing1_5,305,0.8635255694389343,0.8942849040031433
Bearing1_5,306,0.8631194233894348,0.8965499997138977
Bearing1_5,307,0.8627132177352905,0.8967153429985046
Bearing1_5,308,0.862307071685791,0.8997253179550171
Bearing1_5,309,0.8619008660316467,0.9003940224647522
Bearing1_5,310,0.8614947199821472,0.894740879535675
Bearing1_5,311,0.8610885739326477,0.8916096687316895
Bearing1_5,312,0.8606823682785034,0.8802004456520081
Bearing1_5,313,0.8602762222290039,0.8644239902496338
Bearing1_5,314,0.8598700165748596,0.8627679347991943
Bearing1_5,315,0.8594638705253601,0.8642768263816833
Bearing1_5,316,0.8590576648712158,0.8577120900154114
Bearing1_5,317,0.8586515188217163,0.8488517999649048
Bearing1_5,318,0.858245313167572,0.8341989517211914
Bearing1_5,319,0.8578391671180725,0.8352026343345642
Bearing1_5,320,0.8574329614639282,0.8333156108856201
Bearing1_5,321,0.8570268154144287,0.8371490240097046
Bearing1_5,322,0.8566206097602844,0.8298133611679077
Bearing1_5,323,0.8562144637107849,0.8304092288017273
Bearing1_5,324,0.8558082580566406,0.8267849683761597
Bearing1_5,325,0.8554021120071411,0.8254173398017883
Bearing1_5,326,0.8549959659576416,0.8236689567565918
Bearing1_5,327,0.8545897603034973,0.8232250213623047
Bearing1_5,328,0.8541836142539978,0.8242893218994141
Bearing1_5,329,0.8537774085998535,0.8259578347206116
Bearing1_5,330,0.853371262550354,0.8289656639099121
Bearing1_5,331,0.8529650568962097,0.8309015035629272
Bearing1_5,332,0.8525589108467102,0.8340266346931458
Bearing1_5,333,0.8521527051925659,0.8284024596214294
Bearing1_5,334,0.8517465591430664,0.8304454684257507
Bearing1_5,335,0.8513403534889221,0.8311149477958679
Bearing1_5,336,0.8509342074394226,0.8274631500244141
Bearing1_5,337,0.8505280017852783,0.8299922347068787
Bearing1_5,338,0.8501218557357788,0.8298723101615906
Bearing1_5,339,0.8497156500816345,0.8319509625434875
Bearing1_5,340,0.849309504032135,0.8336921334266663
Bearing1_5,341,0.8489033579826355,0.8414885997772217
Bearing1_5,342,0.8484971523284912,0.8458828330039978
Bearing1_5,343,0.8480910062789917,0.8480483889579773
Bearing1_5,344,0.8476848006248474,0.8510931134223938
Bearing1_5,345,0.8472786545753479,0.8524492383003235
Bearing1_5,346,0.8468724489212036,0.8492761254310608
Bearing1_5,347,0.8464663028717041,0.8516666889190674
Bearing1_5,348,0.8460600972175598,0.8516914248466492
Bearing1_5,349,0.8456539511680603,0.8524346947669983
Bearing1_5,350,0.845247745513916,0.8581170439720154
Bearing1_5,351,0.8448415994644165,0.854814887046814
Bearing1_5,352,0.8444353938102722,0.8533229231834412
Bearing1_5,353,0.8440292477607727,0.8505755066871643
Bearing1_5,354,0.8436230421066284,0.85626220703125
Bearing1_5,355,0.8432168960571289,0.8588723540306091
Bearing1_5,356,0.8428107500076294,0.8617841601371765
Bearing1_5,357,0.8424045443534851,0.8627852201461792
Bearing1_5,358,0.8419983983039856,0.867368221282959
Bearing1_5,359,0.8415921926498413,0.8670617341995239
Bearing1_5,360,0.8411860466003418,0.8635852336883545
Bearing1_5,361,0.8407798409461975,0.8660966753959656
Bearing1_5,362,0.840373694896698,0.8686477541923523
Bearing1_5,363,0.8399674892425537,0.8725926280021667
Bearing1_5,364,0.8395613431930542,0.8690786361694336
Bearing1_5,365,0.8391551375389099,0.8730631470680237
Bearing1_5,366,0.8387489914894104,0.8750073313713074
Bearing1_5,367,0.8383427858352661,0.8761857748031616
Bearing1_5,368,0.8379366397857666,0.8735339641571045
Bearing1_5,369,0.8375304341316223,0.8659040927886963
Bearing1_5,370,0.8371242880821228,0.8577820062637329
Bearing1_5,371,0.8367181420326233,0.8576908707618713
Bearing1_5,372,0.836311936378479,0.8536207675933838
Bearing1_5,373,0.8359057903289795,0.8474213480949402
Bearing1_5,374,0.8354995846748352,0.8434317111968994
Bearing1_5,375,0.8350934386253357,0.8400817513465881
Bearing1_5,376,0.8346872329711914,0.8380025029182434
Bearing1_5,377,0.8342810869216919,0.8434102535247803
Bearing1_5,378,0.8338748812675476,0.839516818523407
Bearing1_5,379,0.8334687352180481,0.8353772759437561
Bearing1_5,380,0.8330625295639038,0.8273642659187317
Bearing1_5,381,0.8326563835144043,0.8170504570007324
Bearing1_5,382,0.83225017786026,0.8135755062103271
Bearing1_5,383,0.8318440318107605,0.8105176687240601
Bearing1_5,384,0.8314378261566162,0.8107032775878906
Bearing1_5,385,0.8310316801071167,0.8099877834320068
Bearing1_5,386,0.8306255340576172,0.7964014410972595
Bearing1_5,387,0.8302193284034729,0.7849023938179016
Bearing1_5,388,0.8298131823539734,0.785023033618927
Bearing1_5,389,0.8294069766998291,0.7871964573860168
Bearing1_5,390,0.8290008306503296,0.7846886515617371
Bearing1_5,391,0.8285946249961853,0.7816968560218811
Bearing1_5,392,0.8281884789466858,0.7694826722145081
Bearing1_5,393,0.8277822732925415,0.7756355404853821
Bearing1_5,394,0.827376127243042,0.7776739597320557
Bearing1_5,395,0.8269699215888977,0.777859091758728
Bearing1_5,396,0.8265637755393982,0.7826805114746094
Bearing1_5,397,0.8261575698852539,0.7817575335502625
Bearing1_5,398,0.8257514238357544,0.7824236154556274
Bearing1_5,399,0.8253452181816101,0.7858171463012695
Bearing1_5,400,0.8249390721321106,0.789352297782898
Bearing1_5,401,0.8245329260826111,0.7930004000663757
Bearing1_5,402,0.8241267204284668,0.7949400544166565
Bearing1_5,403,0.8237205743789673,0.7983269691467285
Bearing1_5,404,0.823314368724823,0.7987470626831055
Bearing1_5,405,0.8229082226753235,0.8018699884414673
Bearing1_5,406,0.8225020170211792,0.8033682107925415
Bearing1_5,407,0.8220958709716797,0.8027212619781494
Bearing1_5,408,0.8216896653175354,0.8037635684013367
Bearing1_5,409,0.8212835192680359,0.8014919757843018
Bearing1_5,410,0.8208773136138916,0.7994335889816284
Bearing1_5,411,0.8204711675643921,0.8015486598014832
Bearing1_5,412,0.8200649619102478,0.8064044117927551
Bearing1_5,413,0.8196588158607483,0.8116794228553772
Bearing1_5,414,0.8192526698112488,0.811916708946228
Bearing1_5,415,0.8188464641571045,0.8117364645004272
Bearing1_5,416,0.818440318107605,0.8036590218544006
Bearing1_5,417,0.8180341124534607,0.8059724569320679
Bearing1_5,418,0.8176279664039612,0.8039405941963196
Bearing1_5,419,0.8172217607498169,0.8019446134567261
Bearing1_5,420,0.8168156147003174,0.8044542670249939
Bearing1_5,421,0.8164094090461731,0.8010915517807007
Bearing1_5,422,0.8160032629966736,0.7979962825775146
Bearing1_5,423,0.8155970573425293,0.7915055155754089
Bearing1_5,424,0.8151909112930298,0.79918372631073
Bearing1_5,425,0.8147847056388855,0.7919406890869141
Bearing1_5,426,0.814378559589386,0.7925132513046265
Bearing1_5,427,0.8139723539352417,0.794188916683197
Bearing1_5,428,0.8135662078857422,0.7944058775901794
Bearing1_5,429,0.8131600618362427,0.7874756455421448
Bearing1_5,430,0.8127538561820984,0.777744710445404
Bearing1_5,431,0.8123477101325989,0.7773354053497314
Bearing1_5,432,0.8119415044784546,0.7743360996246338
Bearing1_5,433,0.8115353584289551,0.7714292407035828
Bearing1_5,434,0.8111291527748108,0.7730976343154907
Bearing1_5,435,0.8107230067253113,0.7680391669273376
Bearing1_5,436,0.810316801071167,0.769006073474884
Bearing1_5,437,0.8099106550216675,0.7687711715698242
Bearing1_5,438,0.8095044493675232,0.7687650918960571
Bearing1_5,439,0.8090983033180237,0.7708509564399719
Bearing1_5,440,0.8086920976638794,0.7650184035301208
Bearing1_5,441,0.8082859516143799,0.7650984525680542
Bearing1_5,442,0.8078797459602356,0.7688539624214172
Bearing1_5,443,0.8074735999107361,0.7677287459373474
Bearing1_5,444,0.8070674538612366,0.771925151348114
Bearing1_5,445,0.8066612482070923,0.7776959538459778
Bearing1_5,446,0.8062551021575928,0.7779000401496887
Bearing1_5,447,0.8058488965034485,0.782314658164978
Bearing1_5,448,0.805442750453949,0.7849723100662231
Bearing1_5,449,0.8050365447998047,0.788556694984436
Bearing1_5,450,0.8046303987503052,0.7981255650520325
Bearing1_5,451,0.8042241930961609,0.802093505859375
Bearing1_5,452,0.8038180470466614,0.807459831237793
Bearing1_5,453,0.8034118413925171,0.8104261159896851
Bearing1_5,454,0.8030056953430176,0.8129819631576538
Bearing1_5,455,0.8025994896888733,0.8173709511756897
Bearing1_5,456,0.8021933436393738,0.8111274838447571
Bearing1_5,457,0.8017871379852295,0.8094999194145203
Bearing1_5,458,0.80138099193573,0.8091089129447937
Bearing1_5,459,0.8009748458862305,0.8039011359214783
Bearing1_5,460,0.8005686402320862,0.8010143637657166
Bearing1_5,461,0.8001624941825867,0.8043882846832275
Bearing1_5,462,0.7997562885284424,0.7997415065765381
Bearing1_5,463,0.7993501424789429,0.7975576519966125
Bearing1_5,464,0.7989439368247986,0.793324887752533
Bearing1_5,465,0.7985377907752991,0.787175714969635
Bearing1_5,466,0.7981315851211548,0.7836736440658569
Bearing1_5,467,0.7977254390716553,0.7830031514167786
Bearing1_5,468,0.797319233417511,0.7779728770256042
Bearing1_5,469,0.7969130873680115,0.7717926502227783
Bearing1_5,470,0.7965068817138672,0.7707624435424805
Bearing1_5,471,0.7961007356643677,0.7712547779083252
Bearing1_5,472,0.7956945300102234,0.7735555171966553
Bearing1_5,473,0.7952883839607239,0.7694516181945801
Bearing1_5,474,0.7948822379112244,0.7670320272445679
Bearing1_5,475,0.7944760322570801,0.755537748336792
Bearing1_5,476,0.7940698862075806,0.7503511309623718
Bearing1_5,477,0.7936636805534363,0.7412092089653015
Bearing1_5,478,0.7932575345039368,0.7412316203117371
Bearing1_5,479,0.7928513288497925,0.7383031845092773
Bearing1_5,480,0.792445182800293,0.7379921674728394
Bearing1_5,481,0.7920389771461487,0.7316995859146118
Bearing1_5,482,0.7916328310966492,0.7234267592430115
Bearing1_5,483,0.7912266254425049,0.7257851958274841
Bearing1_5,484,0.7908204793930054,0.7259859442710876
Bearing1_5,485,0.7904142737388611,0.7309126257896423
Bearing1_5,486,0.7900081276893616,0.7373521327972412
Bearing1_5,487,0.7896019220352173,0.7364324927330017
Bearing1_5,488,0.7891957759857178,0.7483519315719604
Bearing1_5,489,0.7887896299362183,0.7488068342208862
Bearing1_5,490,0.788383424282074,0.7490837574005127
Bearing1_5,491,0.7879772782325745,0.7596742510795593
Bearing1_5,492,0.7875710725784302,0.7652602791786194
Bearing1_5,493,0.7871649265289307,0.7657918334007263
Bearing1_5,494,0.7867587208747864,0.7679530382156372
Bearing1_5,495,0.7863525748252869,0.768684446811676
Bearing1_5,496,0.7859463691711426,0.7706184983253479
Bearing1_5,497,0.7855402231216431,0.7747198343276978
Bearing1_5,498,0.7851340174674988,0.773097574710846
Bearing1_5,499,0.7847278714179993,0.7731351256370544
Bearing1_5,500,0.784321665763855,0.7671998739242554
Bearing1_5,501,0.7839155197143555,0.7657756805419922
Bearing1_5,502,0.7835093140602112,0.7612978219985962
Bearing1_5,503,0.7831031680107117,0.7546986937522888
Bearing1_5,504,0.7826970219612122,0.757983922958374
Bearing1_5,505,0.7822908163070679,0.7617550492286682
Bearing1_5,506,0.7818846702575684,0.75947105884552
Bearing1_5,507,0.7814784646034241,0.7668077349662781
Bearing1_5,508,0.7810723185539246,0.7683086395263672
Bearing1_5,509,0.7806661128997803,0.7671869993209839
Bearing1_5,510,0.7802599668502808,0.7624820470809937
Bearing1_5,511,0.7798537611961365,0.7569067478179932
Bearing1_5,512,0.779447615146637,0.756152331829071
Bearing1_5,513,0.7790414094924927,0.7529224753379822
Bearing1_5,514,0.7786352634429932,0.7484525442123413
Bearing1_5,515,0.7782290577888489,0.7422796487808228
Bearing1_5,516,0.7778229117393494,0.7359960675239563
Bearing1_5,517,0.7774167060852051,0.7334674596786499
Bearing1_5,518,0.7770105600357056,0.7225987315177917
Bearing1_5,519,0.776604413986206,0.7233672142028809
Bearing1_5,520,0.7761982083320618,0.7158786058425903
Bearing1_5,521,0.7757920622825623,0.7192714214324951
Bearing1_5,522,0.775385856628418,0.7130119800567627
Bearing1_5,523,0.7749797105789185,0.7007040977478027
Bearing1_5,524,0.7745735049247742,0.6973013281822205
Bearing1_5,525,0.7741673588752747,0.6965487599372864
Bearing1_5,526,0.7737611532211304,0.6934940814971924
Bearing1_5,527,0.7733550071716309,0.6912425756454468
Bearing1_5,528,0.7729488015174866,0.6940040588378906
Bearing1_5,529,0.7725426554679871,0.6911032199859619
Bearing1_5,530,0.7721364498138428,0.6916825771331787
Bearing1_5,531,0.7717303037643433,0.6918752193450928
Bearing1_5,532,0.771324098110199,0.702336847782135
Bearing1_5,533,0.7709179520606995,0.698447585105896
Bearing1_5,534,0.7705118060112,0.6991931200027466
Bearing1_5,535,0.7701056003570557,0.6952071189880371
Bearing1_5,536,0.7696994543075562,0.6878666281700134
Bearing1_5,537,0.7692932486534119,0.6820181608200073
Bearing1_5,538,0.7688871026039124,0.6837917566299438
Bearing1_5,539,0.7684808969497681,0.6805132627487183
Bearing1_5,540,0.7680747509002686,0.6815968155860901
Bearing1_5,541,0.7676685452461243,0.68575119972229
Bearing1_5,542,0.7672623991966248,0.6875694394111633
Bearing1_5,543,0.7668561935424805,0.6917346119880676
Bearing1_5,544,0.766450047492981,0.6940668225288391
Bearing1_5,545,0.7660438418388367,0.6967722773551941
Bearing1_5,546,0.7656376957893372,0.691448986530304
Bearing1_5,547,0.7652314901351929,0.6945241093635559
Bearing1_5,548,0.7648253440856934,0.692862868309021
Bearing1_5,549,0.7644191980361938,0.6940529346466064
Bearing1_5,550,0.7640129923820496,0.6974443793296814
Bearing1_5,551,0.76360684633255,0.6982085704803467
Bearing1_5,552,0.7632006406784058,0.6990042924880981
Bearing1_5,553,0.7627944946289062,0.6966792941093445
Bearing1_5,554,0.762388288974762,0.7011722922325134
Bearing1_5,555,0.7619821429252625,0.707161545753479
Bearing1_5,556,0.7615759372711182,0.7112634181976318
Bearing1_5,557,0.7611697912216187,0.7122781276702881
Bearing1_5,558,0.7607635855674744,0.7146917581558228
Bearing1_5,559,0.7603574395179749,0.7120839953422546
Bearing1_5,560,0.7599512338638306,0.7115762233734131
Bearing1_5,561,0.759545087814331,0.7172494530677795
Bearing1_5,562,0.7591388821601868,0.7229533791542053
Bearing1_5,563,0.7587327361106873,0.724830687046051
Bearing1_5,564,0.7583265900611877,0.7207881808280945
Bearing1_5,565,0.7579203844070435,0.722957193851471
Bearing1_5,566,0.757514238357544,0.7228421568870544
Bearing1_5,567,0.7571080327033997,0.7179601788520813
Bearing1_5,568,0.7567018866539001,0.7181887030601501
Bearing1_5,569,0.7562956809997559,0.7175405025482178
Bearing1_5,570,0.7558895349502563,0.7108717560768127
Bearing1_5,571,0.7554833292961121,0.7101693749427795
Bearing1_5,572,0.7550771832466125,0.7063561677932739
Bearing1_5,573,0.7546709775924683,0.7054809927940369
Bearing1_5,574,0.7542648315429688,0.7018611431121826
Bearing1_5,575,0.7538586258888245,0.6969230771064758
Bearing1_5,576,0.753452479839325,0.6932395696640015
Bearing1_5,577,0.7530462741851807,0.6941747665405273
Bearing1_5,578,0.7526401281356812,0.6946260333061218
Bearing1_5,579,0.7522339820861816,0.687785804271698
Bearing1_5,580,0.7518277764320374,0.6876353621482849
Bearing1_5,581,0.7514216303825378,0.6876296997070312
Bearing1_5,582,0.7510154247283936,0.6881469488143921
Bearing1_5,583,0.750609278678894,0.6799114346504211
Bearing1_5,584,0.7502030730247498,0.6769635677337646
Bearing1_5,585,0.7497969269752502,0.6733642816543579
Bearing1_5,586,0.749390721321106,0.6720132231712341
Bearing1_5,587,0.7489845752716064,0.6676885485649109
Bearing1_5,588,0.7485783696174622,0.662125289440155
Bearing1_5,589,0.7481722235679626,0.6641978025436401
Bearing1_5,590,0.7477660179138184,0.665772557258606
Bearing1_5,591,0.7473598718643188,0.6725911498069763
Bearing1_5,592,0.7469537258148193,0.6707707047462463
Bearing1_5,593,0.746547520160675,0.667713463306427
Bearing1_5,594,0.7461413741111755,0.664580225944519
Bearing1_5,595,0.7457351684570312,0.669093132019043
Bearing1_5,596,0.7453290224075317,0.6732881665229797
Bearing1_5,597,0.7449228167533875,0.6714943051338196
Bearing1_5,598,0.7445166707038879,0.6764594316482544
Bearing1_5,599,0.7441104650497437,0.6784372329711914
Bearing1_5,600,0.7437043190002441,0.6798451542854309
Bearing1_5,601,0.7432981133460999,0.6834571361541748
Bearing1_5,602,0.7428919672966003,0.6869754791259766
Bearing1_5,603,0.742485761642456,0.6895619630813599
Bearing1_5,604,0.7420796155929565,0.6983714699745178
Bearing1_5,605,0.7416734099388123,0.7012521028518677
Bearing1_5,606,0.7412672638893127,0.7038971185684204
Bearing1_5,607,0.7408611178398132,0.7092191576957703
Bearing1_5,608,0.740454912185669,0.707857608795166
Bearing1_5,609,0.7400487661361694,0.7063649892807007
Bearing1_5,610,0.7396425604820251,0.7063406705856323
Bearing1_5,611,0.7392364144325256,0.7054255604743958
Bearing1_5,612,0.7388302087783813,0.7006815075874329
Bearing1_5,613,0.7384240627288818,0.6964844465255737
Bearing1_5,614,0.7380178570747375,0.6925380229949951
Bearing1_5,615,0.737611711025238,0.6889839172363281
Bearing1_5,616,0.7372055053710938,0.6839994788169861
Bearing1_5,617,0.7367993593215942,0.6811302900314331
Bearing1_5,618,0.73639315366745,0.6808004379272461
Bearing1_5,619,0.7359870076179504,0.6834555268287659
Bearing1_5,620,0.7355808019638062,0.6791319847106934
Bearing1_5,621,0.7351746559143066,0.6815859079360962
Bearing1_5,622,0.7347685098648071,0.6837387084960938
Bearing1_5,623,0.7343623042106628,0.6884438991546631
Bearing1_5,624,0.7339561581611633,0.6934653520584106
Bearing1_5,625,0.733549952507019,0.7006586194038391
Bearing1_5,626,0.7331438064575195,0.7052811980247498
Bearing1_5,627,0.7327376008033752,0.7102348804473877
Bearing1_5,628,0.7323314547538757,0.717426061630249
Bearing1_5,629,0.7319252490997314,0.7279072403907776
Bearing1_5,630,0.7315191030502319,0.7298195362091064
Bearing1_5,631,0.7311128973960876,0.7386865019798279
Bearing1_5,632,0.7307067513465881,0.7379171848297119
Bearing1_5,633,0.7303005456924438,0.7388523817062378
Bearing1_5,634,0.7298943996429443,0.7398805022239685
Bearing1_5,635,0.7294881939888,0.7393380403518677
Bearing1_5,636,0.7290820479393005,0.7376222014427185
Bearing1_5,637,0.728675901889801,0.7379303574562073
Bearing1_5,638,0.7282696962356567,0.7326782941818237
Bearing1_5,639,0.7278635501861572,0.728703498840332
Bearing1_5,640,0.7274573445320129,0.7231752276420593
Bearing1_5,641,0.7270511984825134,0.7236655354499817
Bearing1_5,642,0.7266449928283691,0.7207304239273071
Bearing1_5,643,0.7262388467788696,0.7158404588699341
Bearing1_5,644,0.7258326411247253,0.7153088450431824
Bearing1_5,645,0.7254264950752258,0.7159215807914734
Bearing1_5,646,0.7250202894210815,0.717111349105835
Bearing1_5,647,0.724614143371582,0.7241888642311096
Bearing1_5,648,0.7242079377174377,0.7255111336708069
Bearing1_5,649,0.7238017916679382,0.7210344672203064
Bearing1_5,650,0.723395586013794,0.7207071781158447
Bearing1_5,651,0.7229894399642944,0.7167426347732544
Bearing1_5,652,0.7225832939147949,0.7230656743049622
Bearing1_5,653,0.7221770882606506,0.7227869629859924
Bearing1_5,654,0.7217709422111511,0.7222766280174255
Bearing1_5,655,0.7213647365570068,0.7172755002975464
Bearing1_5,656,0.7209585905075073,0.7130511403083801
Bearing1_5,657,0.720552384853363,0.7143470048904419
Bearing1_5,658,0.7201462388038635,0.7126377820968628
Bearing1_5,659,0.7197400331497192,0.7064161896705627
Bearing1_5,660,0.7193338871002197,0.7077481150627136
Bearing1_5,661,0.7189276814460754,0.699685275554657
Bearing1_5,662,0.7185215353965759,0.6985137462615967
Bearing1_5,663,0.7181153297424316,0.6940094828605652
Bearing1_5,664,0.7177091836929321,0.6929814219474792
Bearing1_5,665,0.7173029780387878,0.6886453628540039
Bearing1_5,666,0.7168968319892883,0.6868658661842346
Bearing1_5,667,0.7164906859397888,0.6834768652915955
Bearing1_5,668,0.7160844802856445,0.6859093308448792
Bearing1_5,669,0.715678334236145,0.6865081787109375
Bearing1_5,670,0.7152721285820007,0.692958652973175
Bearing1_5,671,0.7148659825325012,0.6886563897132874
Bearing1_5,672,0.7144597768783569,0.6962679028511047
Bearing1_5,673,0.7140536308288574,0.6942211985588074
Bearing1_5,674,0.7136474251747131,0.7022110223770142
Bearing1_5,675,0.7132412791252136,0.7140243649482727
Bearing1_5,676,0.7128350734710693,0.7140728831291199
Bearing1_5,677,0.7124289274215698,0.7137146592140198
Bearing1_5,678,0.7120227217674255,0.7175911068916321
Bearing1_5,679,0.711616575717926,0.7175281047821045
Bearing1_5,680,0.7112103700637817,0.7209867238998413
Bearing1_5,681,0.7108042240142822,0.729019045829773
Bearing1_5,682,0.7103980779647827,0.7300738096237183
Bearing1_5,683,0.7099918723106384,0.7328348159790039
Bearing1_5,684,0.7095857262611389,0.7343340516090393
Bearing1_5,685,0.7091795206069946,0.733757495880127
Bearing1_5,686,0.7087733745574951,0.730246901512146
Bearing1_5,687,0.7083671689033508,0.7301589846611023
Bearing1_5,688,0.7079610228538513,0.7272718548774719
Bearing1_5,689,0.707554817199707,0.7240409851074219
Bearing1_5,690,0.7071486711502075,0.7199444770812988
Bearing1_5,691,0.7067424654960632,0.7251518964767456
Bearing1_5,692,0.7063363194465637,0.7195882201194763
Bearing1_5,693,0.7059301137924194,0.7238296866416931
Bearing1_5,694,0.7055239677429199,0.7227964997291565
Bearing1_5,695,0.7051177620887756,0.7271442413330078
Bearing1_5,696,0.7047116160392761,0.7325039505958557
Bearing1_5,697,0.7043054699897766,0.7341371774673462
Bearing1_5,698,0.7038992643356323,0.7316067814826965
Bearing1_5,699,0.7034931182861328,0.72996985912323
Bearing1_5,700,0.7030869126319885,0.7226824164390564
Bearing1_5,701,0.702680766582489,0.7139909267425537
Bearing1_5,702,0.7022745609283447,0.7101424932479858
Bearing1_5,703,0.7018684148788452,0.7110490202903748
Bearing1_5,704,0.7014622092247009,0.7043939828872681
Bearing1_5,705,0.7010560631752014,0.700316846370697
Bearing1_5,706,0.7006498575210571,0.6946808695793152
Bearing1_5,707,0.7002437114715576,0.6922488808631897
Bearing1_5,708,0.6998375058174133,0.6915081143379211
Bearing1_5,709,0.6994313597679138,0.6885411739349365
Bearing1_5,710,0.6990251541137695,0.6776529550552368
Bearing1_5,711,0.69861900806427,0.6786289215087891
Bearing1_5,712,0.6982128620147705,0.673267662525177
Bearing1_5,713,0.6978066563606262,0.6707971692085266
Bearing1_5,714,0.6974005103111267,0.67222660779953
Bearing1_5,715,0.6969943046569824,0.6737820506095886
Bearing1_5,716,0.6965881586074829,0.6725841164588928
Bearing1_5,717,0.6961819529533386,0.6773341298103333
Bearing1_5,718,0.6957758069038391,0.6853796243667603
Bearing1_5,719,0.6953696012496948,0.6840267181396484
Bearing1_5,720,0.6949634552001953,0.6828842759132385
Bearing1_5,721,0.694557249546051,0.6870623230934143
Bearing1_5,722,0.6941511034965515,0.6898610591888428
Bearing1_5,723,0.6937448978424072,0.6755349636077881
Bearing1_5,724,0.6933387517929077,0.6806546449661255
Bearing1_5,725,0.6929325461387634,0.6748613119125366
Bearing1_5,726,0.6925264000892639,0.6762088537216187
Bearing1_5,727,0.6921202540397644,0.6775708794593811
Bearing1_5,728,0.6917140483856201,0.683834433555603
Bearing1_5,729,0.6913079023361206,0.6873973608016968
Bearing1_5,730,0.6909016966819763,0.694316029548645
Bearing1_5,731,0.6904955506324768,0.6974363327026367
Bearing1_5,732,0.6900893449783325,0.708329975605011
Bearing1_5,733,0.689683198928833,0.718940019607544
Bearing1_5,734,0.6892769932746887,0.7248393297195435
Bearing1_5,735,0.6888708472251892,0.7282403707504272
Bearing1_5,736,0.6884646415710449,0.7294201254844666
Bearing1_5,737,0.6880584955215454,0.728050947189331
Bearing1_5,738,0.6876522898674011,0.73005211353302
Bearing1_5,739,0.6872461438179016,0.7310121059417725
Bearing1_5,740,0.6868399381637573,0.7347277402877808
Bearing1_5,741,0.6864337921142578,0.7408508062362671
Bearing1_5,742,0.6860276460647583,0.7487048506736755
Bearing1_5,743,0.685621440410614,0.7481234073638916
Bearing1_5,744,0.6852152943611145,0.7432659864425659
Bearing1_5,745,0.6848090887069702,0.7395867109298706
Bearing1_5,746,0.6844029426574707,0.7345631122589111
Bearing1_5,747,0.6839967370033264,0.7283858060836792
Bearing1_5,748,0.6835905909538269,0.7250586152076721
Bearing1_5,749,0.6831843852996826,0.7189503312110901
Bearing1_5,750,0.6827782392501831,0.7153980731964111
Bearing1_5,751,0.6823720335960388,0.7098866701126099
Bearing1_5,752,0.6819658875465393,0.7084600925445557
Bearing1_5,753,0.681559681892395,0.7018637657165527
Bearing1_5,754,0.6811535358428955,0.6989057064056396
Bearing1_5,755,0.6807473301887512,0.7004749774932861
Bearing1_5,756,0.6803411841392517,0.6918137669563293
Bearing1_5,757,0.6799350380897522,0.6892852783203125
Bearing1_5,758,0.6795288324356079,0.6812585592269897
Bearing1_5,759,0.6791226863861084,0.676723837852478
Bearing1_5,760,0.6787164807319641,0.6638512015342712
Bearing1_5,761,0.6783103346824646,0.6585211157798767
Bearing1_5,762,0.6779041290283203,0.6582990884780884
Bearing1_5,763,0.6774979829788208,0.6598981618881226
Bearing1_5,764,0.6770917773246765,0.6482867002487183
Bearing1_5,765,0.676685631275177,0.6413449048995972
Bearing1_5,766,0.6762794256210327,0.6425924301147461
Bearing1_5,767,0.6758732795715332,0.6426036357879639
Bearing1_5,768,0.6754670739173889,0.6407341361045837
Bearing1_5,769,0.6750609278678894,0.6430793404579163
Bearing1_5,770,0.6746547818183899,0.6409958600997925
Bearing1_5,771,0.6742485761642456,0.6408315300941467
Bearing1_5,772,0.6738424301147461,0.6411009430885315
Bearing1_5,773,0.6734362244606018,0.63986736536026
Bearing1_5,774,0.6730300784111023,0.6393794417381287
Bearing1_5,775,0.672623872756958,0.6389256715774536
Bearing1_5,776,0.6722177267074585,0.6386444568634033
Bearing1_5,777,0.6718115210533142,0.6381312608718872
Bearing1_5,778,0.6714053750038147,0.6384082436561584
Bearing1_5,779,0.6709991693496704,0.6394046545028687
Bearing1_5,780,0.6705930233001709,0.6405109763145447
Bearing1_5,781,0.6701868176460266,0.6413906812667847
Bearing1_5,782,0.6697806715965271,0.6374155879020691
Bearing1_5,783,0.6693744659423828,0.640625536441803
Bearing1_5,784,0.6689683198928833,0.6397503614425659
Bearing1_5,785,0.6685621738433838,0.6377625465393066
Bearing1_5,786,0.6681559681892395,0.6339111924171448
Bearing1_5,787,0.66774982213974,0.6335704326629639
Bearing1_5,788,0.6673436164855957,0.6388387084007263
Bearing1_5,789,0.6669374704360962,0.6376924514770508
Bearing1_5,790,0.6665312647819519,0.6387472152709961
Bearing1_5,791,0.6661251187324524,0.6389442682266235
Bearing1_5,792,0.6657189130783081,0.6460440158843994
Bearing1_5,793,0.6653127670288086,0.6455326676368713
Bearing1_5,794,0.6649065613746643,0.6373900771141052
Bearing1_5,795,0.6645004153251648,0.6293567419052124
Bearing1_5,796,0.6640942096710205,0.6295226216316223
Bearing1_5,797,0.663688063621521,0.6273312568664551
Bearing1_5,798,0.6632818579673767,0.6233906149864197
Bearing1_5,799,0.6628757119178772,0.6191354990005493
Bearing1_5,800,0.6624695658683777,0.621548056602478
Bearing1_5,801,0.6620633602142334,0.6256853342056274
Bearing1_5,802,0.6616572141647339,0.6259875297546387
Bearing1_5,803,0.6612510085105896,0.6242517828941345
Bearing1_5,804,0.6608448624610901,0.618769109249115
Bearing1_5,805,0.6604386568069458,0.6113892197608948
Bearing1_5,806,0.6600325107574463,0.6073248386383057
Bearing1_5,807,0.659626305103302,0.6008604168891907
Bearing1_5,808,0.6592201590538025,0.6059326529502869
Bearing1_5,809,0.6588139533996582,0.5922515392303467
Bearing1_5,810,0.6584078073501587,0.5862113237380981
Bearing1_5,811,0.6580016016960144,0.576902449131012
Bearing1_5,812,0.6575954556465149,0.5502050518989563
Bearing1_5,813,0.6571892499923706,0.5216546654701233
Bearing1_5,814,0.6567831039428711,0.5154186487197876
Bearing1_5,815,0.6563769578933716,0.5005427002906799
Bearing1_5,816,0.6559707522392273,0.4786053001880646
Bearing1_5,817,0.6555646061897278,0.4839087724685669
Bearing1_5,818,0.6551584005355835,0.4688020646572113
Bearing1_5,819,0.654752254486084,0.4575841426849365
Bearing1_5,820,0.6543460488319397,0.43762239813804626
Bearing1_5,821,0.6539399027824402,0.4200887680053711
Bearing1_5,822,0.6535336971282959,0.4528963565826416
Bearing1_5,823,0.6531275510787964,0.48149579763412476
Bearing1_5,824,0.6527213454246521,0.48101913928985596
Bearing1_5,825,0.6523151993751526,0.516555905342102
Bearing1_5,826,0.6519089937210083,0.5225382447242737
Bearing1_5,827,0.6515028476715088,0.57243812084198
Bearing1_5,828,0.6510966420173645,0.5697250962257385
Bearing1_5,829,0.650690495967865,0.5932087898254395
Bearing1_5,830,0.6502843499183655,0.5972551107406616
Bearing1_5,831,0.6498781442642212,0.6095178723335266
Bearing1_5,832,0.6494719982147217,0.6125121712684631
Bearing1_5,833,0.6490657925605774,0.6013350486755371
Bearing1_5,834,0.6486596465110779,0.6088302731513977
Bearing1_5,835,0.6482534408569336,0.6057006120681763
Bearing1_5,836,0.6478472948074341,0.5966470241546631
Bearing1_5,837,0.6474410891532898,0.6117787957191467
Bearing1_5,838,0.6470349431037903,0.6045104265213013
Bearing1_5,839,0.646628737449646,0.6047806143760681
Bearing1_5,840,0.6462225914001465,0.599172830581665
Bearing1_5,841,0.6458163857460022,0.6076000332832336
Bearing1_5,842,0.6454102396965027,0.6049228310585022
Bearing1_5,843,0.6450040340423584,0.5982257723808289
Bearing1_5,844,0.6445978879928589,0.6000288724899292
Bearing1_5,845,0.6441917419433594,0.5995726585388184
Bearing1_5,846,0.6437855362892151,0.599818229675293
Bearing1_5,847,0.6433793902397156,0.5988366603851318
Bearing1_5,848,0.6429731845855713,0.5976269245147705
Bearing1_5,849,0.6425670385360718,0.5870236754417419
Bearing1_5,850,0.6421608328819275,0.5743498206138611
Bearing1_5,851,0.641754686832428,0.5691056251525879
Bearing1_5,852,0.6413484811782837,0.5816076993942261
Bearing1_5,853,0.6409423351287842,0.5928865671157837
Bearing1_5,854,0.6405361294746399,0.5923612713813782
Bearing1_5,855,0.6401299834251404,0.5864090323448181
Bearing1_5,856,0.6397237777709961,0.5838009119033813
Bearing1_5,857,0.6393176317214966,0.5821715593338013
Bearing1_5,858,0.6389114260673523,0.581200361251831
Bearing1_5,859,0.6385052800178528,0.5721548199653625
Bearing1_5,860,0.6380991339683533,0.5661672353744507
Bearing1_5,861,0.637692928314209,0.5672942399978638
Bearing1_5,862,0.6372867822647095,0.5567739009857178
Bearing1_5,863,0.6368805766105652,0.5493107438087463
Bearing1_5,864,0.6364744305610657,0.547122597694397
Bearing1_5,865,0.6360682249069214,0.5401394963264465
Bearing1_5,866,0.6356620788574219,0.530238926410675
Bearing1_5,867,0.6352558732032776,0.5042358636856079
Bearing1_5,868,0.6348497271537781,0.4758080244064331
Bearing1_5,869,0.6344435214996338,0.4750889837741852
Bearing1_5,870,0.6340373754501343,0.4780685603618622
Bearing1_5,871,0.63363116979599,0.48941898345947266
Bearing1_5,872,0.6332250237464905,0.49226251244544983
Bearing1_5,873,0.6328188180923462,0.46563342213630676
Bearing1_5,874,0.6324126720428467,0.47212523221969604
Bearing1_5,875,0.6320065259933472,0.4792015850543976
Bearing1_5,876,0.6316003203392029,0.48174768686294556
Bearing1_5,877,0.6311941742897034,0.4635917842388153
Bearing1_5,878,0.6307879686355591,0.4544626474380493
Bearing1_5,879,0.6303818225860596,0.4397110044956207
Bearing1_5,880,0.6299756169319153,0.4733479619026184
Bearing1_5,881,0.6295694708824158,0.49426522850990295
Bearing1_5,882,0.6291632652282715,0.5431755185127258
Bearing1_5,883,0.628757119178772,0.5434123277664185
Bearing1_5,884,0.6283509135246277,0.518070638179779
Bearing1_5,885,0.6279447674751282,0.33813732862472534
Bearing1_5,886,0.6275385618209839,0.4622240662574768
Bearing1_5,887,0.6271324157714844,0.5507541298866272
Bearing1_5,888,0.6267262101173401,0.5587669014930725
Bearing1_5,889,0.6263200640678406,0.5819236636161804
Bearing1_5,890,0.6259139180183411,0.5968621969223022
Bearing1_5,891,0.6255077123641968,0.606137752532959
Bearing1_5,892,0.6251015663146973,0.6118561029434204
Bearing1_5,893,0.624695360660553,0.618362307548523
Bearing1_5,894,0.6242892146110535,0.620118260383606
Bearing1_5,895,0.6238830089569092,0.6202082633972168
Bearing1_5,896,0.6234768629074097,0.6214484572410583
Bearing1_5,897,0.6230706572532654,0.6257877945899963
Bearing1_5,898,0.6226645112037659,0.6297821998596191
Bearing1_5,899,0.6222583055496216,0.630449652671814
Bearing1_5,900,0.6218521595001221,0.6297014355659485
Bearing1_5,901,0.6214459538459778,0.6269018650054932
Bearing1_5,902,0.6210398077964783,0.6225390434265137
Bearing1_5,903,0.620633602142334,0.6165463924407959
Bearing1_5,904,0.6202274560928345,0.6165239810943604
Bearing1_5,905,0.619821310043335,0.6154546141624451
Bearing1_5,906,0.6194151043891907,0.6189135909080505
Bearing1_5,907,0.6190089583396912,0.6192317008972168
Bearing1_5,908,0.6186027526855469,0.6178227066993713
Bearing1_5,909,0.6181966066360474,0.6199895739555359
Bearing1_5,910,0.6177904009819031,0.6225161552429199
Bearing1_5,911,0.6173842549324036,0.6195898652076721
Bearing1_5,912,0.6169780492782593,0.6205884218215942
Bearing1_5,913,0.6165719032287598,0.6238416433334351
Bearing1_5,914,0.6161656975746155,0.6246553659439087
Bearing1_5,915,0.615759551525116,0.6282072067260742
Bearing1_5,916,0.6153533458709717,0.6311041712760925
Bearing1_5,917,0.6149471998214722,0.62999027967453
Bearing1_5,918,0.6145409941673279,0.6316720843315125
Bearing1_5,919,0.6141348481178284,0.6327086091041565
Bearing1_5,920,0.6137287020683289,0.6311749815940857
Bearing1_5,921,0.6133224964141846,0.6317226886749268
Bearing1_5,922,0.6129163503646851,0.6313514113426208
Bearing1_5,923,0.6125101447105408,0.6274729371070862
Bearing1_5,924,0.6121039986610413,0.6225371956825256
Bearing1_5,925,0.611697793006897,0.6194545030593872
Bearing1_5,926,0.6112916469573975,0.6194183826446533
Bearing1_5,927,0.6108854413032532,0.6180055141448975
Bearing1_5,928,0.6104792952537537,0.6186816692352295
Bearing1_5,929,0.6100730895996094,0.6151941418647766
Bearing1_5,930,0.6096669435501099,0.6117423176765442
Bearing1_5,931,0.6092607378959656,0.6095768809318542
Bearing1_5,932,0.6088545918464661,0.6138063669204712
Bearing1_5,933,0.6084483861923218,0.6138517260551453
Bearing1_5,934,0.6080422401428223,0.6205354332923889
Bearing1_5,935,0.6076360940933228,0.6336790919303894
Bearing1_5,936,0.6072298884391785,0.6253991723060608
Bearing1_5,937,0.606823742389679,0.6180444955825806
Bearing1_5,938,0.6064175367355347,0.6074197888374329
Bearing1_5,939,0.6060113906860352,0.6037901639938354
Bearing1_5,940,0.6056051850318909,0.6039140820503235
Bearing1_5,941,0.6051990389823914,0.5944021344184875
Bearing1_5,942,0.6047928333282471,0.5889814496040344
Bearing1_5,943,0.6043866872787476,0.5909996032714844
Bearing1_5,944,0.6039804816246033,0.5916875600814819
Bearing1_5,945,0.6035743355751038,0.5968425869941711
Bearing1_5,946,0.6031681299209595,0.6015971302986145
Bearing1_5,947,0.60276198387146,0.6041737198829651
Bearing1_5,948,0.6023558378219604,0.6074060797691345
Bearing1_5,949,0.6019496321678162,0.611259400844574
Bearing1_5,950,0.6015434861183167,0.6147567629814148
Bearing1_5,951,0.6011372804641724,0.6173467636108398
Bearing1_5,952,0.6007311344146729,0.6142864227294922
Bearing1_5,953,0.6003249287605286,0.6174527406692505
Bearing1_5,954,0.599918782711029,0.6184195876121521
Bearing1_5,955,0.5995125770568848,0.6243079900741577
Bearing1_5,956,0.5991064310073853,0.6294642090797424
Bearing1_5,957,0.598700225353241,0.6355648636817932
Bearing1_5,958,0.5982940793037415,0.6391584277153015
Bearing1_5,959,0.5978878736495972,0.6488192677497864
Bearing1_5,960,0.5974817276000977,0.6481766104698181
Bearing1_5,961,0.5970755219459534,0.6504383683204651
Bearing1_5,962,0.5966693758964539,0.6536042094230652
Bearing1_5,963,0.5962632298469543,0.6618756651878357
Bearing1_5,964,0.5958570241928101,0.6604087352752686
Bearing1_5,965,0.5954508781433105,0.6685810685157776
Bearing1_5,966,0.5950446724891663,0.6682504415512085
Bearing1_5,967,0.5946385264396667,0.6657004952430725
Bearing1_5,968,0.5942323207855225,0.6624424457550049
Bearing1_5,969,0.593826174736023,0.6650708913803101
Bearing1_5,970,0.5934199690818787,0.6651637554168701
Bearing1_5,971,0.5930138230323792,0.6615127921104431
Bearing1_5,972,0.5926076173782349,0.6554456949234009
Bearing1_5,973,0.5922014713287354,0.6575582027435303
Bearing1_5,974,0.5917952656745911,0.6536308526992798
Bearing1_5,975,0.5913891196250916,0.6505353450775146
Bearing1_5,976,0.5909829139709473,0.6485287547111511
Bearing1_5,977,0.5905767679214478,0.6412662267684937
Bearing1_5,978,0.5901706218719482,0.6319018006324768
Bearing1_5,979,0.589764416217804,0.6232207417488098
Bearing1_5,980,0.5893582701683044,0.6201006770133972
Bearing1_5,981,0.5889520645141602,0.6167405843734741
Bearing1_5,982,0.5885459184646606,0.6111726760864258
Bearing1_5,983,0.5881397128105164,0.6129094958305359
Bearing1_5,984,0.5877335667610168,0.6188839673995972
Bearing1_5,985,0.5873273611068726,0.6094014048576355
Bearing1_5,986,0.586921215057373,0.6078841090202332
Bearing1_5,987,0.5865150094032288,0.594930112361908
Bearing1_5,988,0.5861088633537292,0.5914040207862854
Bearing1_5,989,0.585702657699585,0.5852658152580261
Bearing1_5,990,0.5852965116500854,0.5753889679908752
Bearing1_5,991,0.5848903059959412,0.5637190937995911
Bearing1_5,992,0.5844841599464417,0.5793954730033875
Bearing1_5,993,0.5840780138969421,0.5816888809204102
Bearing1_5,994,0.5836718082427979,0.5790157318115234
Bearing1_5,995,0.5832656621932983,0.5645873546600342
Bearing1_5,996,0.582859456539154,0.5779479146003723
Bearing1_5,997,0.5824533104896545,0.5669782161712646
Bearing1_5,998,0.5820471048355103,0.5805016160011292
Bearing1_5,999,0.5816409587860107,0.584484875202179
Bearing1_5,1000,0.5812347531318665,0.5923670530319214
Bearing1_5,1001,0.5808286070823669,0.5891090035438538
Bearing1_5,1002,0.5804224014282227,0.591935932636261
Bearing1_5,1003,0.5800162553787231,0.5954149961471558
Bearing1_5,1004,0.5796100497245789,0.5958959460258484
Bearing1_5,1005,0.5792039036750793,0.595162570476532
Bearing1_5,1006,0.5787976980209351,0.5950637459754944
Bearing1_5,1007,0.5783915519714355,0.5938272476196289
Bearing1_5,1008,0.577985405921936,0.5925917625427246
Bearing1_5,1009,0.5775792002677917,0.5886947512626648
Bearing1_5,1010,0.5771730542182922,0.583868145942688
Bearing1_5,1011,0.576766848564148,0.5804129242897034
Bearing1_5,1012,0.5763607025146484,0.5806474685668945
Bearing1_5,1013,0.5759544968605042,0.5762649178504944
Bearing1_5,1014,0.5755483508110046,0.5695504546165466
Bearing1_5,1015,0.5751421451568604,0.5630130767822266
Bearing1_5,1016,0.5747359991073608,0.5621017813682556
Bearing1_5,1017,0.5743297934532166,0.5578054785728455
Bearing1_5,1018,0.573923647403717,0.5561045408248901
Bearing1_5,1019,0.5735174417495728,0.5448294878005981
Bearing1_5,1020,0.5731112957000732,0.5399924516677856
Bearing1_5,1021,0.572705090045929,0.540685772895813
Bearing1_5,1022,0.5722989439964294,0.5385324954986572
Bearing1_5,1023,0.5718927979469299,0.535637378692627
Bearing1_5,1024,0.5714865922927856,0.5223134160041809
Bearing1_5,1025,0.5710804462432861,0.5405568480491638
Bearing1_5,1026,0.5706742405891418,0.5476217269897461
Bearing1_5,1027,0.5702680945396423,0.5502548217773438
Bearing1_5,1028,0.569861888885498,0.5482096672058105
Bearing1_5,1029,0.5694557428359985,0.5409402847290039
Bearing1_5,1030,0.5690495371818542,0.5610716938972473
Bearing1_5,1031,0.5686433911323547,0.5776419043540955
Bearing1_5,1032,0.5682371854782104,0.5876796245574951
Bearing1_5,1033,0.5678310394287109,0.5982846021652222
Bearing1_5,1034,0.5674248337745667,0.6001424193382263
Bearing1_5,1035,0.5670186877250671,0.602631688117981
Bearing1_5,1036,0.5666124820709229,0.6045027375221252
Bearing1_5,1037,0.5662063360214233,0.6039022207260132
Bearing1_5,1038,0.5658001899719238,0.6054821610450745
Bearing1_5,1039,0.5653939843177795,0.6078073978424072
Bearing1_5,1040,0.56498783826828,0.6041966676712036
Bearing1_5,1041,0.5645816326141357,0.6078055500984192
Bearing1_5,1042,0.5641754865646362,0.6046964526176453
Bearing1_5,1043,0.5637692809104919,0.5984230637550354
Bearing1_5,1044,0.5633631348609924,0.5833684802055359
Bearing1_5,1045,0.5629569292068481,0.563956618309021
Bearing1_5,1046,0.5625507831573486,0.5445319414138794
Bearing1_5,1047,0.5621445775032043,0.5370334386825562
Bearing1_5,1048,0.5617384314537048,0.5257768034934998
Bearing1_5,1049,0.5613322257995605,0.5160254836082458
Bearing1_5,1050,0.560926079750061,0.5073161125183105
Bearing1_5,1051,0.5605198740959167,0.5058383345603943
Bearing1_5,1052,0.5601137280464172,0.5076990127563477
Bearing1_5,1053,0.5597075819969177,0.4775622487068176
Bearing1_5,1054,0.5593013763427734,0.4894196093082428
Bearing1_5,1055,0.5588952302932739,0.4887855648994446
Bearing1_5,1056,0.5584890246391296,0.47953271865844727
Bearing1_5,1057,0.5580828785896301,0.45246461033821106
Bearing1_5,1058,0.5576766729354858,0.4437909722328186
Bearing1_5,1059,0.5572705268859863,0.43558603525161743
Bearing1_5,1060,0.556864321231842,0.4466192424297333
Bearing1_5,1061,0.5564581751823425,0.460782915353775
Bearing1_5,1062,0.5560519695281982,0.40783217549324036
Bearing1_5,1063,0.5556458234786987,0.32256606221199036
Bearing1_5,1064,0.5552396178245544,0.2670895755290985
Bearing1_5,1065,0.5548334717750549,0.2764910161495209
Bearing1_5,1066,0.5544272661209106,0.26981547474861145
Bearing1_5,1067,0.5540211200714111,0.26358485221862793
Bearing1_5,1068,0.5536149740219116,0.26841405034065247
Bearing1_5,1069,0.5532087683677673,0.32983288168907166
Bearing1_5,1070,0.5528026223182678,0.26776647567749023
Bearing1_5,1071,0.5523964166641235,0.2722288966178894
Bearing1_5,1072,0.551990270614624,0.26898831129074097
Bearing1_5,1073,0.5515840649604797,0.2772045135498047
Bearing1_5,1074,0.5511779189109802,0.35051804780960083
Bearing1_5,1075,0.5507717132568359,0.49053192138671875
Bearing1_5,1076,0.5503655672073364,0.5387044548988342
Bearing1_5,1077,0.5499593615531921,0.5666893124580383
Bearing1_5,1078,0.5495532155036926,0.5796639919281006
Bearing1_5,1079,0.5491470098495483,0.5796884894371033
Bearing1_5,1080,0.5487408638000488,0.57787024974823
Bearing1_5,1081,0.5483346581459045,0.5712841749191284
Bearing1_5,1082,0.547928512096405,0.5793595314025879
Bearing1_5,1083,0.5475223660469055,0.5815294981002808
Bearing1_5,1084,0.5471161603927612,0.5837540626525879
Bearing1_5,1085,0.5467100143432617,0.5735191702842712
Bearing1_5,1086,0.5463038086891174,0.5696180462837219
Bearing1_5,1087,0.5458976626396179,0.5577162504196167
Bearing1_5,1088,0.5454914569854736,0.5587663054466248
Bearing1_5,1089,0.5450853109359741,0.5596348643302917
Bearing1_5,1090,0.5446791052818298,0.5721800327301025
Bearing1_5,1091,0.5442729592323303,0.5764433145523071
Bearing1_5,1092,0.543866753578186,0.5629870295524597
Bearing1_5,1093,0.5434606075286865,0.5467920899391174
Bearing1_5,1094,0.5430544018745422,0.543950080871582
Bearing1_5,1095,0.5426482558250427,0.5470820665359497
Bearing1_5,1096,0.5422420501708984,0.538185179233551
Bearing1_5,1097,0.5418359041213989,0.5244848132133484
Bearing1_5,1098,0.5414297580718994,0.5289751887321472
Bearing1_5,1099,0.5410235524177551,0.5142427682876587
Bearing1_5,1100,0.5406174063682556,0.5080130696296692
Bearing1_5,1101,0.5402112007141113,0.4997952878475189
Bearing1_5,1102,0.5398050546646118,0.5152105689048767
Bearing1_5,1103,0.5393988490104675,0.5286931991577148
Bearing1_5,1104,0.538992702960968,0.5396776795387268
Bearing1_5,1105,0.5385864973068237,0.5257067680358887
Bearing1_5,1106,0.5381803512573242,0.5356314182281494
Bearing1_5,1107,0.5377741456031799,0.5356846451759338
Bearing1_5,1108,0.5373679995536804,0.5509263277053833
Bearing1_5,1109,0.5369617938995361,0.5351124405860901
Bearing1_5,1110,0.5365556478500366,0.49198096990585327
Bearing1_5,1111,0.5361494421958923,0.5485584139823914
Bearing1_5,1112,0.5357432961463928,0.5677177906036377
Bearing1_5,1113,0.5353371500968933,0.5793964266777039
Bearing1_5,1114,0.534930944442749,0.5700390338897705
Bearing1_5,1115,0.5345247983932495,0.5773390531539917
Bearing1_5,1116,0.5341185927391052,0.5830708146095276
Bearing1_5,1117,0.5337124466896057,0.5932170152664185
Bearing1_5,1118,0.5333062410354614,0.5918779373168945
Bearing1_5,1119,0.5329000949859619,0.5915523767471313
Bearing1_5,1120,0.5324938893318176,0.5903064608573914
Bearing1_5,1121,0.5320877432823181,0.5904918909072876
Bearing1_5,1122,0.5316815376281738,0.586042046546936
Bearing1_5,1123,0.5312753915786743,0.5909731388092041
Bearing1_5,1124,0.53086918592453,0.5879767537117004
Bearing1_5,1125,0.5304630398750305,0.5894368290901184
Bearing1_5,1126,0.530056893825531,0.5857135653495789
Bearing1_5,1127,0.5296506881713867,0.5866990685462952
Bearing1_5,1128,0.5292445421218872,0.582914412021637
Bearing1_5,1129,0.5288383364677429,0.5769848823547363
Bearing1_5,1130,0.5284321904182434,0.5794675946235657
Bearing1_5,1131,0.5280259847640991,0.5850802659988403
Bearing1_5,1132,0.5276198387145996,0.5868446230888367
Bearing1_5,1133,0.5272136330604553,0.5830994844436646
Bearing1_5,1134,0.5268074870109558,0.5826181173324585
Bearing1_5,1135,0.5264012813568115,0.5781528949737549
Bearing1_5,1136,0.525995135307312,0.5792617797851562
Bearing1_5,1137,0.5255889296531677,0.580199658870697
Bearing1_5,1138,0.5251827836036682,0.5827208161354065
Bearing1_5,1139,0.5247765779495239,0.5771052241325378
Bearing1_5,1140,0.5243704319000244,0.5689085721969604
Bearing1_5,1141,0.5239642858505249,0.5603843331336975
Bearing1_5,1142,0.5235580801963806,0.5573550462722778
Bearing1_5,1143,0.5231519341468811,0.5535949468612671
Bearing1_5,1144,0.5227457284927368,0.5520740151405334
Bearing1_5,1145,0.5223395824432373,0.5545303821563721
Bearing1_5,1146,0.521933376789093,0.5617143511772156
Bearing1_5,1147,0.5215272307395935,0.5572428703308105
Bearing1_5,1148,0.5211210250854492,0.5512730479240417
Bearing1_5,1149,0.5207148790359497,0.5437577962875366
Bearing1_5,1150,0.5203086733818054,0.548636257648468
Bearing1_5,1151,0.5199025273323059,0.5510221123695374
Bearing1_5,1152,0.5194963216781616,0.5458932518959045
Bearing1_5,1153,0.5190901756286621,0.5374212861061096
Bearing1_5,1154,0.5186839699745178,0.5373616218566895
Bearing1_5,1155,0.5182778239250183,0.5267055630683899
Bearing1_5,1156,0.5178716778755188,0.5278446078300476
Bearing1_5,1157,0.5174654722213745,0.5183698534965515
Bearing1_5,1158,0.517059326171875,0.5161148905754089
Bearing1_5,1159,0.5166531205177307,0.5052472352981567
Bearing1_5,1160,0.5162469744682312,0.5217721462249756
Bearing1_5,1161,0.5158407688140869,0.5235891342163086
Bearing1_5,1162,0.5154346227645874,0.518095850944519
Bearing1_5,1163,0.5150284171104431,0.5121322870254517
Bearing1_5,1164,0.5146222710609436,0.503155529499054
Bearing1_5,1165,0.5142160654067993,0.5065469741821289
Bearing1_5,1166,0.5138099193572998,0.5106104612350464
Bearing1_5,1167,0.5134037137031555,0.5186731219291687
Bearing1_5,1168,0.512997567653656,0.5151984691619873
Bearing1_5,1169,0.5125913619995117,0.5112828612327576
Bearing1_5,1170,0.5121852159500122,0.5075863599777222
Bearing1_5,1171,0.5117790699005127,0.5276992917060852
Bearing1_5,1172,0.5113728642463684,0.5239651203155518
Bearing1_5,1173,0.5109667181968689,0.5358431935310364
Bearing1_5,1174,0.5105605125427246,0.535488486289978
Bearing1_5,1175,0.5101543664932251,0.5309096574783325
Bearing1_5,1176,0.5097481608390808,0.5226208567619324
Bearing1_5,1177,0.5093420147895813,0.5121081471443176
Bearing1_5,1178,0.508935809135437,0.5106176733970642
Bearing1_5,1179,0.5085296630859375,0.5102142691612244
Bearing1_5,1180,0.5081234574317932,0.4984922707080841
Bearing1_5,1181,0.5077173113822937,0.4993946850299835
Bearing1_5,1182,0.5073111057281494,0.4905008375644684
Bearing1_5,1183,0.5069049596786499,0.4775272309780121
Bearing1_5,1184,0.5064987540245056,0.47261691093444824
Bearing1_5,1185,0.5060926079750061,0.4694381356239319
Bearing1_5,1186,0.5056864619255066,0.4653332829475403
Bearing1_5,1187,0.5052802562713623,0.46682703495025635
Bearing1_5,1188,0.5048741102218628,0.46255964040756226
Bearing1_5,1189,0.5044679045677185,0.46005794405937195
Bearing1_5,1190,0.504061758518219,0.46060922741889954
Bearing1_5,1191,0.5036555528640747,0.45733505487442017
Bearing1_5,1192,0.5032494068145752,0.43733635544776917
Bearing1_5,1193,0.5028432011604309,0.4331890046596527
Bearing1_5,1194,0.5024370551109314,0.4234555661678314
Bearing1_5,1195,0.5020308494567871,0.4345676898956299
Bearing1_5,1196,0.5016247034072876,0.4446011483669281
Bearing1_5,1197,0.5012184977531433,0.4277275502681732
Bearing1_5,1198,0.5008123517036438,0.3999280631542206
Bearing1_5,1199,0.5004061460494995,0.39551687240600586
Bearing1_5,1200,0.5,0.3694097399711609
Bearing1_5,1201,0.4995938241481781,0.3647182285785675
Bearing1_5,1202,0.4991876482963562,0.33641690015792847
Bearing1_5,1203,0.4987814724445343,0.3155742585659027
Bearing1_5,1204,0.4983752965927124,0.35053592920303345
Bearing1_5,1205,0.4979691207408905,0.31509965658187866
Bearing1_5,1206,0.4975629448890686,0.3171531558036804
Bearing1_5,1207,0.4971567690372467,0.3082970976829529
Bearing1_5,1208,0.4967506229877472,0.3429362177848816
Bearing1_5,1209,0.4963444471359253,0.3562677800655365
Bearing1_5,1210,0.4959382712841034,0.32606416940689087
Bearing1_5,1211,0.4955320954322815,0.367922306060791
Bearing1_5,1212,0.4951259195804596,0.36383873224258423
Bearing1_5,1213,0.4947197437286377,0.4028242230415344
Bearing1_5,1214,0.4943135678768158,0.4320135712623596
Bearing1_5,1215,0.4939073920249939,0.44200241565704346
Bearing1_5,1216,0.493501216173172,0.5163185000419617
Bearing1_5,1217,0.4930950403213501,0.5277690291404724
Bearing1_5,1218,0.4926888644695282,0.5156186819076538
Bearing1_5,1219,0.4922826886177063,0.4925266206264496
Bearing1_5,1220,0.4918765127658844,0.4950919449329376
Bearing1_5,1221,0.4914703369140625,0.5144108533859253
Bearing1_5,1222,0.4910641610622406,0.43758824467658997
Bearing1_5,1223,0.4906580150127411,0.4133622348308563
Bearing1_5,1224,0.4902518391609192,0.42280149459838867
Bearing1_5,1225,0.4898456633090973,0.47430503368377686
Bearing1_5,1226,0.4894394874572754,0.48134928941726685
Bearing1_5,1227,0.4890333116054535,0.4510291814804077
Bearing1_5,1228,0.4886271357536316,0.4950171411037445
Bearing1_5,1229,0.4882209599018097,0.4757230877876282
Bearing1_5,1230,0.4878147840499878,0.49289774894714355
Bearing1_5,1231,0.4874086081981659,0.48553794622421265
Bearing1_5,1232,0.487002432346344,0.5027576684951782
Bearing1_5,1233,0.4865962564945221,0.5105469822883606
Bearing1_5,1234,0.4861900806427002,0.5283405184745789
Bearing1_5,1235,0.4857839047908783,0.5414019823074341
Bearing1_5,1236,0.4853777289390564,0.5423380136489868
Bearing1_5,1237,0.4849715530872345,0.5333259701728821
Bearing1_5,1238,0.484565407037735,0.5075377821922302
Bearing1_5,1239,0.4841592311859131,0.4976344406604767
Bearing1_5,1240,0.4837530553340912,0.47987234592437744
Bearing1_5,1241,0.4833468794822693,0.4626542329788208
Bearing1_5,1242,0.4829407036304474,0.46563777327537537
Bearing1_5,1243,0.4825345277786255,0.4404246509075165
Bearing1_5,1244,0.4821283519268036,0.4521919786930084
Bearing1_5,1245,0.4817221760749817,0.4250779449939728
Bearing1_5,1246,0.4813160002231598,0.4072938561439514
Bearing1_5,1247,0.4809098243713379,0.41466817259788513
Bearing1_5,1248,0.480503648519516,0.39361780881881714
Bearing1_5,1249,0.4800974726676941,0.3972513675689697
Bearing1_5,1250,0.4796912968158722,0.40630418062210083
Bearing1_5,1251,0.4792851209640503,0.4340384304523468
Bearing1_5,1252,0.4788789749145508,0.4228363335132599
Bearing1_5,1253,0.4784727990627289,0.3992040753364563
Bearing1_5,1254,0.478066623210907,0.3869706094264984
Bearing1_5,1255,0.4776604473590851,0.3865734338760376
Bearing1_5,1256,0.4772542715072632,0.36647099256515503
Bearing1_5,1257,0.4768480956554413,0.3463657796382904
Bearing1_5,1258,0.4764419198036194,0.32997551560401917
Bearing1_5,1259,0.4760357439517975,0.3140183091163635
Bearing1_5,1260,0.4756295680999756,0.2901090383529663
Bearing1_5,1261,0.4752233922481537,0.31026342511177063
Bearing1_5,1262,0.4748172163963318,0.30255159735679626
Bearing1_5,1263,0.4744110405445099,0.3266788721084595
Bearing1_5,1264,0.474004864692688,0.31001418828964233
Bearing1_5,1265,0.4735986888408661,0.2739759087562561
Bearing1_5,1266,0.4731925129890442,0.25929874181747437
Bearing1_5,1267,0.4727863669395447,0.2544224262237549
Bearing1_5,1268,0.4723801910877228,0.2535970211029053
Bearing1_5,1269,0.4719740152359009,0.2518012523651123
Bearing1_5,1270,0.471567839384079,0.25989001989364624
Bearing1_5,1271,0.4711616635322571,0.2695796489715576
Bearing1_5,1272,0.4707554876804352,0.2740245461463928
Bearing1_5,1273,0.4703493118286133,0.2809290289878845
Bearing1_5,1274,0.4699431359767914,0.282822847366333
Bearing1_5,1275,0.4695369601249695,0.2774331271648407
Bearing1_5,1276,0.4691307842731476,0.2688724994659424
Bearing1_5,1277,0.4687246084213257,0.2851777672767639
Bearing1_5,1278,0.4683184325695038,0.27753815054893494
Bearing1_5,1279,0.4679122567176819,0.27611833810806274
Bearing1_5,1280,0.46750608086586,0.27498191595077515
Bearing1_5,1281,0.4670999050140381,0.27127307653427124
Bearing1_5,1282,0.4666937589645386,0.27708131074905396
Bearing1_5,1283,0.4662875831127167,0.26906782388687134
Bearing1_5,1284,0.4658814072608948,0.27061182260513306
Bearing1_5,1285,0.4654752314090729,0.272599995136261
Bearing1_5,1286,0.465069055557251,0.3325413465499878
Bearing1_5,1287,0.4646628797054291,0.3014032244682312
Bearing1_5,1288,0.4642567038536072,0.3084476888179779
Bearing1_5,1289,0.4638505280017853,0.30484500527381897
Bearing1_5,1290,0.4634443521499634,0.329368531703949
Bearing1_5,1291,0.4630381762981415,0.2939367890357971
Bearing1_5,1292,0.4626320004463196,0.26215678453445435
Bearing1_5,1293,0.4622258245944977,0.26407289505004883
Bearing1_5,1294,0.4618196487426758,0.26030269265174866
Bearing1_5,1295,0.4614134728908539,0.2557058036327362
Bearing1_5,1296,0.461007297039032,0.26038864254951477
Bearing1_5,1297,0.46060115098953247,0.2676803767681122
Bearing1_5,1298,0.46019497513771057,0.27146971225738525
Bearing1_5,1299,0.45978879928588867,0.2780505120754242
Bearing1_5,1300,0.4593826234340668,0.29378193616867065
Bearing1_5,1301,0.4589764475822449,0.2955644428730011
Bearing1_5,1302,0.458570271730423,0.2893066108226776
Bearing1_5,1303,0.4581640958786011,0.2750488519668579
Bearing1_5,1304,0.4577579200267792,0.27112752199172974
Bearing1_5,1305,0.4573517441749573,0.26782697439193726
Bearing1_5,1306,0.4569455683231354,0.2599535286426544
Bearing1_5,1307,0.4565393924713135,0.2581467926502228
Bearing1_5,1308,0.4561332166194916,0.26563987135887146
Bearing1_5,1309,0.4557270407676697,0.27052223682403564
Bearing1_5,1310,0.4553208649158478,0.2720811367034912
Bearing1_5,1311,0.4549146890640259,0.2685476541519165
Bearing1_5,1312,0.45450854301452637,0.2788984775543213
Bearing1_5,1313,0.45410236716270447,0.3010541498661041
Bearing1_5,1314,0.45369619131088257,0.29079192876815796
Bearing1_5,1315,0.45329001545906067,0.30942150950431824
Bearing1_5,1316,0.45288383960723877,0.3116934299468994
Bearing1_5,1317,0.45247766375541687,0.31888648867607117
Bearing1_5,1318,0.45207148790359497,0.3325809836387634
Bearing1_5,1319,0.45166531205177307,0.33740121126174927
Bearing1_5,1320,0.45125913619995117,0.32834360003471375
Bearing1_5,1321,0.4508529603481293,0.33230283856391907
Bearing1_5,1322,0.4504467844963074,0.3555571734905243
Bearing1_5,1323,0.4500406086444855,0.4025077521800995
Bearing1_5,1324,0.4496344327926636,0.4033285975456238
Bearing1_5,1325,0.4492282569408417,0.4319792091846466
Bearing1_5,1326,0.4488220810890198,0.4288085401058197
Bearing1_5,1327,0.44841593503952026,0.4376515746116638
Bearing1_5,1328,0.44800975918769836,0.43236565589904785
Bearing1_5,1329,0.44760358333587646,0.4216492772102356
Bearing1_5,1330,0.44719740748405457,0.42464444041252136
Bearing1_5,1331,0.44679123163223267,0.41569387912750244
Bearing1_5,1332,0.44638505578041077,0.41000857949256897
Bearing1_5,1333,0.44597887992858887,0.3638172745704651
Bearing1_5,1334,0.44557270407676697,0.3510986566543579
Bearing1_5,1335,0.44516652822494507,0.3152342736721039
Bearing1_5,1336,0.44476035237312317,0.27540123462677
Bearing1_5,1337,0.44435417652130127,0.3233114182949066
Bearing1_5,1338,0.44394800066947937,0.3004430830478668
Bearing1_5,1339,0.44354182481765747,0.31493300199508667
Bearing1_5,1340,0.44313564896583557,0.3174006938934326
Bearing1_5,1341,0.44272950291633606,0.28909334540367126
Bearing1_5,1342,0.44232332706451416,0.30934616923332214
Bearing1_5,1343,0.44191715121269226,0.2995322644710541
Bearing1_5,1344,0.44151097536087036,0.29461798071861267
Bearing1_5,1345,0.44110479950904846,0.3067472577095032
Bearing1_5,1346,0.44069862365722656,0.30200329422950745
Bearing1_5,1347,0.44029244780540466,0.3023960292339325
Bearing1_5,1348,0.43988627195358276,0.29769405722618103
Bearing1_5,1349,0.43948009610176086,0.2913263738155365
Bearing1_5,1350,0.43907392024993896,0.3963741958141327
Bearing1_5,1351,0.43866774439811707,0.42721980810165405
Bearing1_5,1352,0.43826156854629517,0.4376779794692993
Bearing1_5,1353,0.43785539269447327,0.38200992345809937
Bearing1_5,1354,0.43744921684265137,0.2689318060874939
Bearing1_5,1355,0.43704304099082947,0.2666323482990265
Bearing1_5,1356,0.43663689494132996,0.2645052671432495
Bearing1_5,1357,0.43623071908950806,0.2779368758201599
Bearing1_5,1358,0.43582454323768616,0.28692400455474854
Bearing1_5,1359,0.43541836738586426,0.36825141310691833
Bearing1_5,1360,0.43501219153404236,0.437817245721817
Bearing1_5,1361,0.43460601568222046,0.45142611861228943
Bearing1_5,1362,0.43419983983039856,0.446521520614624
Bearing1_5,1363,0.43379366397857666,0.44739198684692383
Bearing1_5,1364,0.43338748812675476,0.4633883535861969
Bearing1_5,1365,0.43298131227493286,0.47401514649391174
Bearing1_5,1366,0.43257513642311096,0.4721713662147522
Bearing1_5,1367,0.43216896057128906,0.4773642420768738
Bearing1_5,1368,0.43176278471946716,0.4611099362373352
Bearing1_5,1369,0.43135660886764526,0.44336819648742676
Bearing1_5,1370,0.43095043301582336,0.4307352602481842
Bearing1_5,1371,0.43054428696632385,0.42991164326667786
Bearing1_5,1372,0.43013811111450195,0.44048023223876953
Bearing1_5,1373,0.42973193526268005,0.4190964102745056
Bearing1_5,1374,0.42932575941085815,0.41544607281684875
Bearing1_5,1375,0.42891958355903625,0.40644311904907227
Bearing1_5,1376,0.42851340770721436,0.34764233231544495
Bearing1_5,1377,0.42810723185539246,0.3275313973426819
Bearing1_5,1378,0.42770105600357056,0.32300516963005066
Bearing1_5,1379,0.42729488015174866,0.3151184618473053
Bearing1_5,1380,0.42688870429992676,0.3190978765487671
Bearing1_5,1381,0.42648252844810486,0.32977017760276794
Bearing1_5,1382,0.42607635259628296,0.3475562036037445
Bearing1_5,1383,0.42567017674446106,0.3594038486480713
Bearing1_5,1384,0.42526400089263916,0.3299329876899719
Bearing1_5,1385,0.42485782504081726,0.3311437666416168
Bearing1_5,1386,0.42445167899131775,0.28441303968429565
Bearing1_5,1387,0.42404550313949585,0.2816821336746216
Bearing1_5,1388,0.42363932728767395,0.28968122601509094
Bearing1_5,1389,0.42323315143585205,0.29033246636390686
Bearing1_5,1390,0.42282697558403015,0.317345529794693
Bearing1_5,1391,0.42242079973220825,0.2830134332180023
Bearing1_5,1392,0.42201462388038635,0.2808592915534973
Bearing1_5,1393,0.42160844802856445,0.40916112065315247
Bearing1_5,1394,0.42120227217674255,0.4138222932815552
Bearing1_5,1395,0.42079609632492065,0.4099271297454834
Bearing1_5,1396,0.42038992047309875,0.28242766857147217
Bearing1_5,1397,0.41998374462127686,0.2922589182853699
Bearing1_5,1398,0.41957756876945496,0.3506622016429901
Bearing1_5,1399,0.41917139291763306,0.3666000962257385
Bearing1_5,1400,0.41876521706581116,0.3643040955066681
Bearing1_5,1401,0.41835907101631165,0.32918280363082886
Bearing1_5,1402,0.41795289516448975,0.347586989402771
Bearing1_5,1403,0.41754671931266785,0.33653897047042847
Bearing1_5,1404,0.41714054346084595,0.2771538496017456
Bearing1_5,1405,0.41673436760902405,0.281120240688324
Bearing1_5,1406,0.41632819175720215,0.3215738832950592
Bearing1_5,1407,0.41592201590538025,0.3223629593849182
Bearing1_5,1408,0.41551584005355835,0.35113993287086487
Bearing1_5,1409,0.41510966420173645,0.3320266902446747
Bearing1_5,1410,0.41470348834991455,0.3009103238582611
Bearing1_5,1411,0.41429731249809265,0.29307374358177185
Bearing1_5,1412,0.41389113664627075,0.26751548051834106
Bearing1_5,1413,0.41348496079444885,0.2603960931301117
Bearing1_5,1414,0.41307878494262695,0.24830202758312225
Bearing1_5,1415,0.41267260909080505,0.2332330197095871
Bearing1_5,1416,0.41226646304130554,0.23317985236644745
Bearing1_5,1417,0.41186028718948364,0.23326502740383148
Bearing1_5,1418,0.41145411133766174,0.23556655645370483
Bearing1_5,1419,0.41104793548583984,0.23536980152130127
Bearing1_5,1420,0.41064175963401794,0.23112286627292633
Bearing1_5,1421,0.41023558378219604,0.23222659528255463
Bearing1_5,1422,0.40982940793037415,0.2276587337255478
Bearing1_5,1423,0.40942323207855225,0.2282659113407135
Bearing1_5,1424,0.40901705622673035,0.2244511842727661
Bearing1_5,1425,0.40861088037490845,0.22101469337940216
Bearing1_5,1426,0.40820470452308655,0.23176802694797516
Bearing1_5,1427,0.40779852867126465,0.23234662413597107
Bearing1_5,1428,0.40739235281944275,0.238073468208313
Bearing1_5,1429,0.40698617696762085,0.23639574646949768
Bearing1_5,1430,0.40658003091812134,0.23559176921844482
Bearing1_5,1431,0.40617385506629944,0.2308073490858078
Bearing1_5,1432,0.40576767921447754,0.2304915189743042
Bearing1_5,1433,0.40536150336265564,0.23794491589069366
Bearing1_5,1434,0.40495532751083374,0.23411771655082703
Bearing1_5,1435,0.40454915165901184,0.23292775452136993
Bearing1_5,1436,0.40414297580718994,0.2307022511959076
Bearing1_5,1437,0.40373679995536804,0.23711325228214264
Bearing1_5,1438,0.40333062410354614,0.23929622769355774
Bearing1_5,1439,0.40292444825172424,0.23972396552562714
Bearing1_5,1440,0.40251827239990234,0.23767241835594177
Bearing1_5,1441,0.40211209654808044,0.23479735851287842
Bearing1_5,1442,0.40170592069625854,0.23571284115314484
Bearing1_5,1443,0.40129974484443665,0.24080625176429749
Bearing1_5,1444,0.40089356899261475,0.24000278115272522
Bearing1_5,1445,0.40048742294311523,0.23974108695983887
Bearing1_5,1446,0.40008124709129333,0.24064534902572632
Bearing1_5,1447,0.39967507123947144,0.23834934830665588
Bearing1_5,1448,0.39926889538764954,0.23528754711151123
Bearing1_5,1449,0.39886271953582764,0.23389026522636414
Bearing1_5,1450,0.39845654368400574,0.22716021537780762
Bearing1_5,1451,0.39805036783218384,0.22847799956798553
Bearing1_5,1452,0.39764419198036194,0.22748185694217682
Bearing1_5,1453,0.39723801612854004,0.22137576341629028
Bearing1_5,1454,0.39683184027671814,0.2183275669813156
Bearing1_5,1455,0.39642566442489624,0.2140817791223526
Bearing1_5,1456,0.39601948857307434,0.2126837521791458
Bearing1_5,1457,0.39561331272125244,0.21212460100650787
Bearing1_5,1458,0.39520713686943054,0.2065952569246292
Bearing1_5,1459,0.39480096101760864,0.20464076101779938
Bearing1_5,1460,0.39439481496810913,0.20259179174900055
Bearing1_5,1461,0.39398863911628723,0.20264793932437897
Bearing1_5,1462,0.39358246326446533,0.20888511836528778
Bearing1_5,1463,0.39317628741264343,0.21388138830661774
Bearing1_5,1464,0.39277011156082153,0.21597179770469666
Bearing1_5,1465,0.39236393570899963,0.21754072606563568
Bearing1_5,1466,0.39195775985717773,0.21846698224544525
Bearing1_5,1467,0.39155158400535583,0.2210696041584015
Bearing1_5,1468,0.39114540815353394,0.2281123697757721
Bearing1_5,1469,0.39073923230171204,0.23348084092140198
Bearing1_5,1470,0.39033305644989014,0.2385612577199936
Bearing1_5,1471,0.38992688059806824,0.24396145343780518
Bearing1_5,1472,0.38952070474624634,0.2578217387199402
Bearing1_5,1473,0.38911452889442444,0.25976523756980896
Bearing1_5,1474,0.38870835304260254,0.2602400481700897
Bearing1_5,1475,0.388302206993103,0.26584097743034363
Bearing1_5,1476,0.38789603114128113,0.2685941755771637
Bearing1_5,1477,0.38748985528945923,0.27397507429122925
Bearing1_5,1478,0.38708367943763733,0.2746576964855194
Bearing1_5,1479,0.38667750358581543,0.2811095416545868
Bearing1_5,1480,0.38627132773399353,0.28399428725242615
Bearing1_5,1481,0.38586515188217163,0.2787202000617981
Bearing1_5,1482,0.38545897603034973,0.3028942942619324
Bearing1_5,1483,0.38505280017852783,0.29698434472084045
Bearing1_5,1484,0.38464662432670593,0.3694187104701996
Bearing1_5,1485,0.38424044847488403,0.40126004815101624
Bearing1_5,1486,0.38383427262306213,0.39524340629577637
Bearing1_5,1487,0.38342809677124023,0.4092329740524292
Bearing1_5,1488,0.38302192091941833,0.403719037771225
Bearing1_5,1489,0.38261574506759644,0.40577733516693115
Bearing1_5,1490,0.3822095990180969,0.365885853767395
Bearing1_5,1491,0.381803423166275,0.373744934797287
Bearing1_5,1492,0.3813972473144531,0.39178466796875
Bearing1_5,1493,0.3809910714626312,0.4023984670639038
Bearing1_5,1494,0.3805848956108093,0.3895975649356842
Bearing1_5,1495,0.3801787197589874,0.3881148397922516
Bearing1_5,1496,0.3797725439071655,0.374634712934494
Bearing1_5,1497,0.37936636805534363,0.34652775526046753
Bearing1_5,1498,0.37896019220352173,0.3864224851131439
Bearing1_5,1499,0.37855401635169983,0.33224934339523315
Bearing1_5,1500,0.37814784049987793,0.3062010705471039
Bearing1_5,1501,0.37774166464805603,0.29422006011009216
Bearing1_5,1502,0.37733548879623413,0.2875969111919403
Bearing1_5,1503,0.37692931294441223,0.38646459579467773
Bearing1_5,1504,0.37652313709259033,0.3585488498210907
Bearing1_5,1505,0.3761169910430908,0.34891971945762634
Bearing1_5,1506,0.3757108151912689,0.40656352043151855
Bearing1_5,1507,0.375304639339447,0.3792470395565033
Bearing1_5,1508,0.3748984634876251,0.3660242557525635
Bearing1_5,1509,0.3744922876358032,0.3333718478679657
Bearing1_5,1510,0.3740861117839813,0.36334553360939026
Bearing1_5,1511,0.3736799359321594,0.3661610186100006
Bearing1_5,1512,0.3732737600803375,0.3698430061340332
Bearing1_5,1513,0.3728675842285156,0.3792365491390228
Bearing1_5,1514,0.3724614083766937,0.38811159133911133
Bearing1_5,1515,0.3720552325248718,0.3605332672595978
Bearing1_5,1516,0.3716490566730499,0.3124493360519409
Bearing1_5,1517,0.371242880821228,0.2916465997695923
Bearing1_5,1518,0.37083670496940613,0.29713645577430725
Bearing1_5,1519,0.3704305589199066,0.2749602794647217
Bearing1_5,1520,0.3700243830680847,0.287352591753006
Bearing1_5,1521,0.3696182072162628,0.2994379699230194
Bearing1_5,1522,0.3692120313644409,0.3244595229625702
Bearing1_5,1523,0.368805855512619,0.31475961208343506
Bearing1_5,1524,0.3683996796607971,0.2980178892612457
Bearing1_5,1525,0.3679935038089752,0.2819440960884094
Bearing1_5,1526,0.3675873279571533,0.2768595814704895
Bearing1_5,1527,0.3671811521053314,0.26813623309135437
Bearing1_5,1528,0.3667749762535095,0.2961742877960205
Bearing1_5,1529,0.3663688004016876,0.279655784368515
Bearing1_5,1530,0.3659626245498657,0.26079267263412476
Bearing1_5,1531,0.3655564486980438,0.2838396728038788
Bearing1_5,1532,0.3651502728462219,0.28060382604599
Bearing1_5,1533,0.3647440969944,0.26800015568733215
Bearing1_5,1534,0.3643379509449005,0.27790573239326477
Bearing1_5,1535,0.3639317750930786,0.28701865673065186
Bearing1_5,1536,0.3635255992412567,0.29289788007736206
Bearing1_5,1537,0.3631194233894348,0.24997597932815552
Bearing1_5,1538,0.3627132475376129,0.23832383751869202
Bearing1_5,1539,0.362307071685791,0.24609486758708954
Bearing1_5,1540,0.3619008958339691,0.25566479563713074
Bearing1_5,1541,0.3614947199821472,0.24062256515026093
Bearing1_5,1542,0.3610885441303253,0.2391664981842041
Bearing1_5,1543,0.3606823682785034,0.23778851330280304
Bearing1_5,1544,0.3602761924266815,0.23788197338581085
Bearing1_5,1545,0.3598700165748596,0.2412015050649643
Bearing1_5,1546,0.3594638407230377,0.23083481192588806
Bearing1_5,1547,0.3590576648712158,0.22447159886360168
Bearing1_5,1548,0.3586514890193939,0.2284061759710312
Bearing1_5,1549,0.3582453429698944,0.22444020211696625
Bearing1_5,1550,0.3578391671180725,0.23164421319961548
Bearing1_5,1551,0.3574329912662506,0.23098964989185333
Bearing1_5,1552,0.3570268154144287,0.24070605635643005
Bearing1_5,1553,0.3566206395626068,0.2363855391740799
Bearing1_5,1554,0.3562144637107849,0.2539142668247223
Bearing1_5,1555,0.355808287858963,0.25943437218666077
Bearing1_5,1556,0.3554021120071411,0.27482879161834717
Bearing1_5,1557,0.3549959361553192,0.2813469171524048
Bearing1_5,1558,0.3545897603034973,0.2948261797428131
Bearing1_5,1559,0.3541835844516754,0.29819074273109436
Bearing1_5,1560,0.3537774085998535,0.28623995184898376
Bearing1_5,1561,0.3533712327480316,0.3338037133216858
Bearing1_5,1562,0.3529650568962097,0.2855057716369629
Bearing1_5,1563,0.3525588810443878,0.3200230598449707
Bearing1_5,1564,0.3521527349948883,0.35746875405311584
Bearing1_5,1565,0.3517465591430664,0.3828131854534149
Bearing1_5,1566,0.3513403832912445,0.3929970860481262
Bearing1_5,1567,0.3509342074394226,0.38480082154273987
Bearing1_5,1568,0.3505280315876007,0.36093825101852417
Bearing1_5,1569,0.3501218557357788,0.442901611328125
Bearing1_5,1570,0.3497156798839569,0.43466752767562866
Bearing1_5,1571,0.349309504032135,0.45668452978134155
Bearing1_5,1572,0.3489033281803131,0.4568268954753876
Bearing1_5,1573,0.3484971523284912,0.45981845259666443
Bearing1_5,1574,0.3480909764766693,0.47825565934181213
Bearing1_5,1575,0.3476848006248474,0.49605727195739746
Bearing1_5,1576,0.3472786247730255,0.48217085003852844
Bearing1_5,1577,0.3468724489212036,0.49383795261383057
Bearing1_5,1578,0.3464662730693817,0.471346914768219
Bearing1_5,1579,0.3460601270198822,0.4873441457748413
Bearing1_5,1580,0.3456539511680603,0.4723306894302368
Bearing1_5,1581,0.3452477753162384,0.43474283814430237
Bearing1_5,1582,0.3448415994644165,0.3941926062107086
Bearing1_5,1583,0.3444354236125946,0.42490771412849426
Bearing1_5,1584,0.3440292477607727,0.39948660135269165
Bearing1_5,1585,0.3436230719089508,0.402749240398407
Bearing1_5,1586,0.3432168960571289,0.3361643850803375
Bearing1_5,1587,0.342810720205307,0.30999892950057983
Bearing1_5,1588,0.3424045443534851,0.3970332741737366
Bearing1_5,1589,0.3419983685016632,0.411685049533844
Bearing1_5,1590,0.3415921926498413,0.4483218193054199
Bearing1_5,1591,0.3411860167980194,0.4423249661922455
Bearing1_5,1592,0.3407798409461975,0.43894630670547485
Bearing1_5,1593,0.3403736650943756,0.42615044116973877
Bearing1_5,1594,0.3399675190448761,0.4076482951641083
Bearing1_5,1595,0.3395613431930542,0.4029374122619629
Bearing1_5,1596,0.3391551673412323,0.39090266823768616
Bearing1_5,1597,0.3387489914894104,0.37360578775405884
Bearing1_5,1598,0.3383428156375885,0.33586663007736206
Bearing1_5,1599,0.3379366397857666,0.28768017888069153
Bearing1_5,1600,0.3375304639339447,0.26238754391670227
Bearing1_5,1601,0.3371242880821228,0.25213104486465454
Bearing1_5,1602,0.3367181122303009,0.25541186332702637
Bearing1_5,1603,0.336311936378479,0.2538260221481323
Bearing1_5,1604,0.3359057605266571,0.26352617144584656
Bearing1_5,1605,0.3354995846748352,0.26962336897850037
Bearing1_5,1606,0.3350934088230133,0.2686549425125122
Bearing1_5,1607,0.3346872329711914,0.26896926760673523
Bearing1_5,1608,0.3342810869216919,0.2786039710044861
Bearing1_5,1609,0.33387491106987,0.2800501883029938
Bearing1_5,1610,0.3334687352180481,0.28872087597846985
Bearing1_5,1611,0.3330625593662262,0.2905496656894684
Bearing1_5,1612,0.3326563835144043,0.3040218949317932
Bearing1_5,1613,0.3322502076625824,0.3076227903366089
Bearing1_5,1614,0.3318440318107605,0.3125269412994385
Bearing1_5,1615,0.3314378559589386,0.31116557121276855
Bearing1_5,1616,0.3310316801071167,0.30896008014678955
Bearing1_5,1617,0.3306255042552948,0.31005051732063293
Bearing1_5,1618,0.3302193284034729,0.3080626428127289
Bearing1_5,1619,0.329813152551651,0.31015944480895996
Bearing1_5,1620,0.3294069766998291,0.31608763337135315
Bearing1_5,1621,0.3290008008480072,0.33579781651496887
Bearing1_5,1622,0.3285946249961853,0.37191975116729736
Bearing1_5,1623,0.3281884789466858,0.4326215386390686
Bearing1_5,1624,0.3277823030948639,0.43340829014778137
Bearing1_5,1625,0.327376127243042,0.4710664451122284
Bearing1_5,1626,0.3269699513912201,0.48187559843063354
Bearing1_5,1627,0.3265637755393982,0.49257972836494446
Bearing1_5,1628,0.3261575996875763,0.5150278210639954
Bearing1_5,1629,0.3257514238357544,0.5114627480506897
Bearing1_5,1630,0.3253452479839325,0.5056881904602051
Bearing1_5,1631,0.3249390721321106,0.49827611446380615
Bearing1_5,1632,0.3245328962802887,0.49246111512184143
Bearing1_5,1633,0.3241267204284668,0.47810378670692444
Bearing1_5,1634,0.3237205445766449,0.4595429301261902
Bearing1_5,1635,0.323314368724823,0.4247434437274933
Bearing1_5,1636,0.3229081928730011,0.4265535771846771
Bearing1_5,1637,0.3225020170211792,0.4001871347427368
Bearing1_5,1638,0.3220958709716797,0.3608105778694153
Bearing1_5,1639,0.3216896951198578,0.36813339591026306
Bearing1_5,1640,0.3212835192680359,0.32849451899528503
Bearing1_5,1641,0.320877343416214,0.3608224391937256
Bearing1_5,1642,0.3204711675643921,0.3338005542755127
Bearing1_5,1643,0.3200649917125702,0.3225421607494354
Bearing1_5,1644,0.3196588158607483,0.3025674819946289
Bearing1_5,1645,0.3192526400089264,0.3157878518104553
Bearing1_5,1646,0.3188464641571045,0.29349151253700256
Bearing1_5,1647,0.3184402883052826,0.30436867475509644
Bearing1_5,1648,0.3180341124534607,0.30734679102897644
Bearing1_5,1649,0.3176279366016388,0.29536476731300354
Bearing1_5,1650,0.3172217607498169,0.2851347327232361
Bearing1_5,1651,0.316815584897995,0.2727932631969452
Bearing1_5,1652,0.3164094090461731,0.3012772798538208
Bearing1_5,1653,0.3160032629966736,0.2736840844154358
Bearing1_5,1654,0.3155970871448517,0.2837282419204712
Bearing1_5,1655,0.3151909112930298,0.24923209846019745
Bearing1_5,1656,0.3147847354412079,0.24496807157993317
Bearing1_5,1657,0.314378559589386,0.2458793818950653
Bearing1_5,1658,0.3139723837375641,0.23514795303344727
Bearing1_5,1659,0.3135662078857422,0.2291027456521988
Bearing1_5,1660,0.3131600320339203,0.2338157594203949
Bearing1_5,1661,0.3127538561820984,0.24016417562961578
Bearing1_5,1662,0.3123476803302765,0.252999871969223
Bearing1_5,1663,0.3119415044784546,0.2599720060825348
Bearing1_5,1664,0.3115353286266327,0.26495370268821716
Bearing1_5,1665,0.3111291527748108,0.2790352702140808
Bearing1_5,1666,0.3107229769229889,0.28095000982284546
Bearing1_5,1667,0.310316801071167,0.2789388597011566
Bearing1_5,1668,0.3099106550216675,0.2906005382537842
Bearing1_5,1669,0.3095044791698456,0.2969353497028351
Bearing1_5,1670,0.3090983033180237,0.29885441064834595
Bearing1_5,1671,0.3086921274662018,0.31162285804748535
Bearing1_5,1672,0.3082859516143799,0.33927997946739197
Bearing1_5,1673,0.307879775762558,0.3370862305164337
Bearing1_5,1674,0.3074735999107361,0.3787316679954529
Bearing1_5,1675,0.3070674240589142,0.34001389145851135
Bearing1_5,1676,0.3066612482070923,0.44873785972595215
Bearing1_5,1677,0.3062550723552704,0.4034152328968048
Bearing1_5,1678,0.3058488965034485,0.47838830947875977
Bearing1_5,1679,0.3054427206516266,0.40844303369522095
Bearing1_5,1680,0.3050365447998047,0.3767350912094116
Bearing1_5,1681,0.3046303689479828,0.3812311887741089
Bearing1_5,1682,0.3042241930961609,0.44032368063926697
Bearing1_5,1683,0.3038180470466614,0.4418717324733734
Bearing1_5,1684,0.3034118711948395,0.41483286023139954
Bearing1_5,1685,0.3030056953430176,0.41274160146713257
Bearing1_5,1686,0.3025995194911957,0.4127373695373535
Bearing1_5,1687,0.3021933436393738,0.4104447066783905
Bearing1_5,1688,0.3017871677875519,0.3894460201263428
Bearing1_5,1689,0.30138099193573,0.3613088130950928
Bearing1_5,1690,0.3009748160839081,0.3520026206970215
Bearing1_5,1691,0.3005686402320862,0.35665789246559143
Bearing1_5,1692,0.3001624643802643,0.3300008177757263
Bearing1_5,1693,0.2997562885284424,0.2966846823692322
Bearing1_5,1694,0.2993501126766205,0.2803582549095154
Bearing1_5,1695,0.2989439368247986,0.2611505091190338
Bearing1_5,1696,0.2985377609729767,0.26915469765663147
Bearing1_5,1697,0.2981316149234772,0.2649535834789276
Bearing1_5,1698,0.2977254390716553,0.2490769922733307
Bearing1_5,1699,0.2973192632198334,0.2576267421245575
Bearing1_5,1700,0.2969130873680115,0.24993406236171722
Bearing1_5,1701,0.2965069115161896,0.24066804349422455
Bearing1_5,1702,0.2961007356643677,0.23654328286647797
Bearing1_5,1703,0.2956945598125458,0.23679716885089874
Bearing1_5,1704,0.2952883839607239,0.23616339266300201
Bearing1_5,1705,0.294882208108902,0.24457724392414093
Bearing1_5,1706,0.2944760322570801,0.24618805944919586
Bearing1_5,1707,0.2940698564052582,0.24388621747493744
Bearing1_5,1708,0.2936636805534363,0.24659501016139984
Bearing1_5,1709,0.2932575047016144,0.25430428981781006
Bearing1_5,1710,0.2928513288497925,0.25019505620002747
Bearing1_5,1711,0.2924451529979706,0.25791028141975403
Bearing1_5,1712,0.29203900694847107,0.26233047246932983
Bearing1_5,1713,0.29163283109664917,0.26121509075164795
Bearing1_5,1714,0.29122665524482727,0.26146894693374634
Bearing1_5,1715,0.29082047939300537,0.2624269723892212
Bearing1_5,1716,0.29041430354118347,0.28393617272377014
Bearing1_5,1717,0.2900081276893616,0.3076281249523163
Bearing1_5,1718,0.2896019518375397,0.2950291335582733
Bearing1_5,1719,0.2891957759857178,0.32873430848121643
Bearing1_5,1720,0.2887896001338959,0.36421939730644226
Bearing1_5,1721,0.288383424282074,0.38154810667037964
Bearing1_5,1722,0.2879772484302521,0.38670381903648376
Bearing1_5,1723,0.2875710725784302,0.36988797783851624
Bearing1_5,1724,0.2871648967266083,0.35366031527519226
Bearing1_5,1725,0.2867587208747864,0.31354519724845886
Bearing1_5,1726,0.2863525450229645,0.30768442153930664
Bearing1_5,1727,0.28594639897346497,0.2652799189090729
Bearing1_5,1728,0.28554022312164307,0.24146465957164764
Bearing1_5,1729,0.28513404726982117,0.2314140647649765
Bearing1_5,1730,0.28472787141799927,0.23209312558174133
Bearing1_5,1731,0.28432169556617737,0.23035526275634766
Bearing1_5,1732,0.28391551971435547,0.237186998128891
Bearing1_5,1733,0.28350934386253357,0.24624480307102203
Bearing1_5,1734,0.28310316801071167,0.23222407698631287
Bearing1_5,1735,0.28269699215888977,0.2315347045660019
Bearing1_5,1736,0.28229081630706787,0.22592560946941376
Bearing1_5,1737,0.28188464045524597,0.21868103742599487
Bearing1_5,1738,0.2814784646034241,0.22012993693351746
Bearing1_5,1739,0.2810722887516022,0.22327321767807007
Bearing1_5,1740,0.2806661128997803,0.2237822413444519
Bearing1_5,1741,0.2802599370479584,0.22624428570270538
Bearing1_5,1742,0.27985379099845886,0.2316986322402954
Bearing1_5,1743,0.27944761514663696,0.22730284929275513
Bearing1_5,1744,0.27904143929481506,0.23827393352985382
Bearing1_5,1745,0.27863526344299316,0.2530251145362854
Bearing1_5,1746,0.27822908759117126,0.26045724749565125
Bearing1_5,1747,0.27782291173934937,0.25631648302078247
Bearing1_5,1748,0.27741673588752747,0.25843316316604614
Bearing1_5,1749,0.27701056003570557,0.2529110908508301
Bearing1_5,1750,0.27660438418388367,0.2532769739627838
Bearing1_5,1751,0.27619820833206177,0.2524084448814392
Bearing1_5,1752,0.27579203248023987,0.2515873610973358
Bearing1_5,1753,0.27538585662841797,0.2560732066631317
Bearing1_5,1754,0.27497968077659607,0.24785655736923218
Bearing1_5,1755,0.27457350492477417,0.25244930386543274
Bearing1_5,1756,0.27416732907295227,0.2572175860404968
Bearing1_5,1757,0.27376118302345276,0.2715597152709961
Bearing1_5,1758,0.27335500717163086,0.2838941216468811
Bearing1_5,1759,0.27294883131980896,0.2806412875652313
Bearing1_5,1760,0.27254265546798706,0.29917779564857483
Bearing1_5,1761,0.27213647961616516,0.2689052224159241
Bearing1_5,1762,0.27173030376434326,0.2521132826805115
Bearing1_5,1763,0.27132412791252136,0.24545085430145264
Bearing1_5,1764,0.27091795206069946,0.24674977362155914
Bearing1_5,1765,0.27051177620887756,0.2464977353811264
Bearing1_5,1766,0.27010560035705566,0.24511712789535522
Bearing1_5,1767,0.26969942450523376,0.2430068701505661
Bearing1_5,1768,0.26929324865341187,0.23055477440357208
Bearing1_5,1769,0.26888707280158997,0.23313190042972565
Bearing1_5,1770,0.26848089694976807,0.2279093861579895
Bearing1_5,1771,0.26807472109794617,0.22313480079174042
Bearing1_5,1772,0.26766857504844666,0.2238127589225769
Bearing1_5,1773,0.26726239919662476,0.2199358344078064
Bearing1_5,1774,0.26685622334480286,0.21846316754817963
Bearing1_5,1775,0.26645004749298096,0.2245592325925827
Bearing1_5,1776,0.26604387164115906,0.21916168928146362
Bearing1_5,1777,0.26563769578933716,0.22056204080581665
Bearing1_5,1778,0.26523151993751526,0.21878723800182343
Bearing1_5,1779,0.26482534408569336,0.22587433457374573
Bearing1_5,1780,0.26441916823387146,0.2214384227991104
Bearing1_5,1781,0.26401299238204956,0.2212621420621872
Bearing1_5,1782,0.26360681653022766,0.22724810242652893
Bearing1_5,1783,0.26320064067840576,0.22884529829025269
Bearing1_5,1784,0.26279446482658386,0.22590285539627075
Bearing1_5,1785,0.26238828897476196,0.22400549054145813
Bearing1_5,1786,0.26198214292526245,0.23122072219848633
Bearing1_5,1787,0.26157596707344055,0.2340436577796936
Bearing1_5,1788,0.26116979122161865,0.23236803710460663
Bearing1_5,1789,0.26076361536979675,0.2317868173122406
Bearing1_5,1790,0.26035743951797485,0.23565632104873657
Bearing1_5,1791,0.25995126366615295,0.23504233360290527
Bearing1_5,1792,0.25954508781433105,0.2328692525625229
Bearing1_5,1793,0.25913891196250916,0.24306948482990265
Bearing1_5,1794,0.25873273611068726,0.24009764194488525
Bearing1_5,1795,0.25832656025886536,0.24025240540504456
Bearing1_5,1796,0.25792038440704346,0.24363328516483307
Bearing1_5,1797,0.25751420855522156,0.2516535222530365
Bearing1_5,1798,0.25710803270339966,0.24492314457893372
Bearing1_5,1799,0.25670185685157776,0.24032644927501678
Bearing1_5,1800,0.25629568099975586,0.2522970736026764
Bearing1_5,1801,0.25588953495025635,0.2498740553855896
Bearing1_5,1802,0.25548335909843445,0.24836570024490356
Bearing1_5,1803,0.25507718324661255,0.2599749267101288
Bearing1_5,1804,0.25467100739479065,0.24911479651927948
Bearing1_5,1805,0.25426483154296875,0.2525380253791809
Bearing1_5,1806,0.25385865569114685,0.2527540624141693
Bearing1_5,1807,0.25345247983932495,0.2652742564678192
Bearing1_5,1808,0.25304630398750305,0.27662813663482666
Bearing1_5,1809,0.25264012813568115,0.2743533253669739
Bearing1_5,1810,0.25223395228385925,0.27450132369995117
Bearing1_5,1811,0.25182777643203735,0.2801284193992615
Bearing1_5,1812,0.25142160058021545,0.2974332273006439
Bearing1_5,1813,0.25101542472839355,0.2963409423828125
Bearing1_5,1814,0.25060924887657166,0.29971033334732056
Bearing1_5,1815,0.25020307302474976,0.292910635471344
Bearing1_5,1816,0.24979691207408905,0.30152079463005066
Bearing1_5,1817,0.24939073622226715,0.2995222210884094
Bearing1_5,1818,0.24898456037044525,0.2974781095981598
Bearing1_5,1819,0.24857838451862335,0.31150022149086
Bearing1_5,1820,0.24817222356796265,0.33759719133377075
Bearing1_5,1821,0.24776604771614075,0.38795986771583557
Bearing1_5,1822,0.24735987186431885,0.3763335943222046
Bearing1_5,1823,0.24695369601249695,0.40644338726997375
Bearing1_5,1824,0.24654752016067505,0.3536599576473236
Bearing1_5,1825,0.24614134430885315,0.30207130312919617
Bearing1_5,1826,0.24573516845703125,0.3484637439250946
Bearing1_5,1827,0.24532900750637054,0.34044620394706726
Bearing1_5,1828,0.24492283165454865,0.30276334285736084
Bearing1_5,1829,0.24451665580272675,0.31611356139183044
Bearing1_5,1830,0.24411047995090485,0.321822851896286
Bearing1_5,1831,0.24370430409908295,0.34103113412857056
Bearing1_5,1832,0.24329812824726105,0.35593006014823914
Bearing1_5,1833,0.24289195239543915,0.37103694677352905
Bearing1_5,1834,0.24248577654361725,0.3676499128341675
Bearing1_5,1835,0.24207961559295654,0.34469515085220337
Bearing1_5,1836,0.24167343974113464,0.38824501633644104
Bearing1_5,1837,0.24126726388931274,0.37131041288375854
Bearing1_5,1838,0.24086108803749084,0.3262641429901123
Bearing1_5,1839,0.24045491218566895,0.34218183159828186
Bearing1_5,1840,0.24004873633384705,0.3064906895160675
Bearing1_5,1841,0.23964256048202515,0.31231310963630676
Bearing1_5,1842,0.23923639953136444,0.3905716836452484
Bearing1_5,1843,0.23883022367954254,0.42488521337509155
Bearing1_5,1844,0.23842404782772064,0.40857332944869995
Bearing1_5,1845,0.23801787197589874,0.40904858708381653
Bearing1_5,1846,0.23761169612407684,0.4060617983341217
Bearing1_5,1847,0.23720552027225494,0.3782586455345154
Bearing1_5,1848,0.23679934442043304,0.32754090428352356
Bearing1_5,1849,0.23639318346977234,0.2847985625267029
Bearing1_5,1850,0.23598700761795044,0.32574471831321716
Bearing1_5,1851,0.23558083176612854,0.3739050328731537
Bearing1_5,1852,0.23517465591430664,0.38984787464141846
Bearing1_5,1853,0.23476848006248474,0.38992753624916077
Bearing1_5,1854,0.23436230421066284,0.39479783177375793
Bearing1_5,1855,0.23395612835884094,0.4240301847457886
Bearing1_5,1856,0.23354995250701904,0.45190152525901794
Bearing1_5,1857,0.23314379155635834,0.47317183017730713
Bearing1_5,1858,0.23273761570453644,0.4819018542766571
Bearing1_5,1859,0.23233143985271454,0.4933381676673889
Bearing1_5,1860,0.23192526400089264,0.5187076330184937
Bearing1_5,1861,0.23151908814907074,0.5057433843612671
Bearing1_5,1862,0.23111291229724884,0.4888498783111572
Bearing1_5,1863,0.23070673644542694,0.5069375038146973
Bearing1_5,1864,0.23030057549476624,0.4704042971134186
Bearing1_5,1865,0.22989439964294434,0.49967673420906067
Bearing1_5,1866,0.22948822379112244,0.5042591691017151
Bearing1_5,1867,0.22908204793930054,0.4862532615661621
Bearing1_5,1868,0.22867587208747864,0.4560229480266571
Bearing1_5,1869,0.22826969623565674,0.40579214692115784
Bearing1_5,1870,0.22786352038383484,0.44306349754333496
Bearing1_5,1871,0.22745734453201294,0.44928136467933655
Bearing1_5,1872,0.22705118358135223,0.44978731870651245
Bearing1_5,1873,0.22664500772953033,0.4491194486618042
Bearing1_5,1874,0.22623883187770844,0.43048620223999023
Bearing1_5,1875,0.22583265602588654,0.43563443422317505
Bearing1_5,1876,0.22542648017406464,0.43757879734039307
Bearing1_5,1877,0.22502030432224274,0.41677355766296387
Bearing1_5,1878,0.22461412847042084,0.4092939794063568
Bearing1_5,1879,0.22420796751976013,0.4052973687648773
Bearing1_5,1880,0.22380179166793823,0.41427499055862427
Bearing1_5,1881,0.22339561581611633,0.406306654214859
Bearing1_5,1882,0.22298943996429443,0.37003985047340393
Bearing1_5,1883,0.22258326411247253,0.382238507270813
Bearing1_5,1884,0.22217708826065063,0.35042306780815125
Bearing1_5,1885,0.22177091240882874,0.35297074913978577
Bearing1_5,1886,0.22136475145816803,0.3643175959587097
Bearing1_5,1887,0.22095857560634613,0.30021676421165466
Bearing1_5,1888,0.22055239975452423,0.27900007367134094
Bearing1_5,1889,0.22014622390270233,0.2668648064136505
Bearing1_5,1890,0.21974004805088043,0.27869099378585815
Bearing1_5,1891,0.21933387219905853,0.2817997932434082
Bearing1_5,1892,0.21892769634723663,0.28431081771850586
Bearing1_5,1893,0.21852152049541473,0.27771514654159546
Bearing1_5,1894,0.21811535954475403,0.2846650183200836
Bearing1_5,1895,0.21770918369293213,0.28393468260765076
Bearing1_5,1896,0.21730300784111023,0.2889651954174042
Bearing1_5,1897,0.21689683198928833,0.30293408036231995
Bearing1_5,1898,0.21649065613746643,0.31834784150123596
Bearing1_5,1899,0.21608448028564453,0.36552631855010986
Bearing1_5,1900,0.21567830443382263,0.36697056889533997
Bearing1_5,1901,0.21527214348316193,0.4439980089664459
Bearing1_5,1902,0.21486596763134003,0.4639279544353485
Bearing1_5,1903,0.21445979177951813,0.47682562470436096
Bearing1_5,1904,0.21405361592769623,0.4868515431880951
Bearing1_5,1905,0.21364744007587433,0.46499496698379517
Bearing1_5,1906,0.21324126422405243,0.46787887811660767
Bearing1_5,1907,0.21283508837223053,0.45031803846359253
Bearing1_5,1908,0.21242891252040863,0.44634589552879333
Bearing1_5,1909,0.21202275156974792,0.4633810222148895
Bearing1_5,1910,0.21161657571792603,0.4586494266986847
Bearing1_5,1911,0.21121039986610413,0.4577653110027313
Bearing1_5,1912,0.21080422401428223,0.4427608549594879
Bearing1_5,1913,0.21039804816246033,0.45818397402763367
Bearing1_5,1914,0.20999187231063843,0.4623654782772064
Bearing1_5,1915,0.20958569645881653,0.4587746262550354
Bearing1_5,1916,0.20917953550815582,0.4615662395954132
Bearing1_5,1917,0.20877335965633392,0.46233177185058594
Bearing1_5,1918,0.20836718380451202,0.451478511095047
Bearing1_5,1919,0.20796100795269012,0.45459651947021484
Bearing1_5,1920,0.20755483210086823,0.45147210359573364
Bearing1_5,1921,0.20714865624904633,0.45460277795791626
Bearing1_5,1922,0.20674248039722443,0.41074803471565247
Bearing1_5,1923,0.20633630454540253,0.4193004071712494
Bearing1_5,1924,0.20593014359474182,0.4266507029533386
Bearing1_5,1925,0.20552396774291992,0.4390256106853485
Bearing1_5,1926,0.20511779189109802,0.4226023554801941
Bearing1_5,1927,0.20471161603927612,0.42186811566352844
Bearing1_5,1928,0.20430544018745422,0.3991190195083618
Bearing1_5,1929,0.20389926433563232,0.3919878304004669
Bearing1_5,1930,0.20349308848381042,0.37607821822166443
Bearing1_5,1931,0.20308692753314972,0.3885214328765869
Bearing1_5,1932,0.20268075168132782,0.3996642827987671
Bearing1_5,1933,0.20227457582950592,0.39828506112098694
Bearing1_5,1934,0.20186839997768402,0.3991844952106476
Bearing1_5,1935,0.20146222412586212,0.416245698928833
Bearing1_5,1936,0.20105604827404022,0.4207930862903595
Bearing1_5,1937,0.20064987242221832,0.4486469030380249
Bearing1_5,1938,0.20024371147155762,0.43419915437698364
Bearing1_5,1939,0.19983753561973572,0.4456024169921875
Bearing1_5,1940,0.19943135976791382,0.4409697353839874
Bearing1_5,1941,0.19902518391609192,0.4246269762516022
Bearing1_5,1942,0.19861900806427002,0.41688093543052673
Bearing1_5,1943,0.19821283221244812,0.4048934280872345
Bearing1_5,1944,0.19780665636062622,0.3613106906414032
Bearing1_5,1945,0.19740048050880432,0.3309157192707062
Bearing1_5,1946,0.19699431955814362,0.3493154048919678
Bearing1_5,1947,0.19658814370632172,0.3326902985572815
Bearing1_5,1948,0.19618196785449982,0.3223225176334381
Bearing1_5,1949,0.19577579200267792,0.3078484833240509
Bearing1_5,1950,0.19536961615085602,0.31337970495224
Bearing1_5,1951,0.19496344029903412,0.3028862774372101
Bearing1_5,1952,0.19455726444721222,0.2889726459980011
Bearing1_5,1953,0.1941511034965515,0.28974777460098267
Bearing1_5,1954,0.19374492764472961,0.2884213924407959
Bearing1_5,1955,0.19333875179290771,0.289528489112854
Bearing1_5,1956,0.19293257594108582,0.2929801940917969
Bearing1_5,1957,0.19252640008926392,0.3103592097759247
Bearing1_5,1958,0.19212022423744202,0.30079415440559387
Bearing1_5,1959,0.19171404838562012,0.2996876537799835
Bearing1_5,1960,0.19130787253379822,0.30492183566093445
Bearing1_5,1961,0.1909017115831375,0.3174196779727936
Bearing1_5,1962,0.1904955357313156,0.2768288552761078
Bearing1_5,1963,0.1900893598794937,0.2807595729827881
Bearing1_5,1964,0.18968318402767181,0.27302277088165283
Bearing1_5,1965,0.18927700817584991,0.27858567237854004
Bearing1_5,1966,0.18887083232402802,0.28516411781311035
Bearing1_5,1967,0.18846465647220612,0.29228219389915466
Bearing1_5,1968,0.1880584955215454,0.29599469900131226
Bearing1_5,1969,0.1876523196697235,0.2961643934249878
Bearing1_5,1970,0.1872461438179016,0.2994203567504883
Bearing1_5,1971,0.1868399679660797,0.3757912516593933
Bearing1_5,1972,0.1864337921142578,0.3738725781440735
Bearing1_5,1973,0.1860276162624359,0.3641361892223358
Bearing1_5,1974,0.185621440410614,0.3099222779273987
Bearing1_5,1975,0.1852152794599533,0.36447879672050476
Bearing1_5,1976,0.1848091036081314,0.39565470814704895
Bearing1_5,1977,0.1844029277563095,0.402347207069397
Bearing1_5,1978,0.1839967519044876,0.3884856402873993
Bearing1_5,1979,0.1835905760526657,0.40570810437202454
Bearing1_5,1980,0.1831844002008438,0.4076559245586395
Bearing1_5,1981,0.1827782243490219,0.39619648456573486
Bearing1_5,1982,0.1823720484972,0.4115072786808014
Bearing1_5,1983,0.1819658875465393,0.417680025100708
Bearing1_5,1984,0.1815597116947174,0.40985360741615295
Bearing1_5,1985,0.1811535358428955,0.3272603452205658
Bearing1_5,1986,0.1807473599910736,0.28170594573020935
Bearing1_5,1987,0.1803411841392517,0.3063865900039673
Bearing1_5,1988,0.1799350082874298,0.3711651861667633
Bearing1_5,1989,0.1795288324356079,0.36260026693344116
Bearing1_5,1990,0.1791226714849472,0.39205098152160645
Bearing1_5,1991,0.1787164956331253,0.39114969968795776
Bearing1_5,1992,0.1783103197813034,0.38410475850105286
Bearing1_5,1993,0.1779041439294815,0.3871312141418457
Bearing1_5,1994,0.1774979680776596,0.36131399869918823
Bearing1_5,1995,0.1770917922258377,0.37679973244667053
Bearing1_5,1996,0.1766856163740158,0.3741535544395447
Bearing1_5,1997,0.1762794405221939,0.38937240839004517
Bearing1_5,1998,0.1758732795715332,0.3954007923603058
Bearing1_5,1999,0.1754671037197113,0.36528870463371277
Bearing1_5,2000,0.1750609278678894,0.3621690273284912
Bearing1_5,2001,0.1746547520160675,0.3747241795063019
Bearing1_5,2002,0.1742485761642456,0.40767818689346313
Bearing1_5,2003,0.1738424003124237,0.4025511145591736
Bearing1_5,2004,0.1734362244606018,0.42451223731040955
Bearing1_5,2005,0.1730300635099411,0.4602155387401581
Bearing1_5,2006,0.1726238876581192,0.4505433440208435
Bearing1_5,2007,0.1722177118062973,0.5063088536262512
Bearing1_5,2008,0.1718115359544754,0.5182554125785828
Bearing1_5,2009,0.1714053601026535,0.5394168496131897
Bearing1_5,2010,0.1709991842508316,0.53082275390625
Bearing1_5,2011,0.1705930083990097,0.5392696261405945
Bearing1_5,2012,0.1701868325471878,0.5598498582839966
Bearing1_5,2013,0.1697806715965271,0.5604061484336853
Bearing1_5,2014,0.1693744957447052,0.5386715531349182
Bearing1_5,2015,0.1689683198928833,0.5534731149673462
Bearing1_5,2016,0.1685621440410614,0.5555067658424377
Bearing1_5,2017,0.1681559681892395,0.5591214895248413
Bearing1_5,2018,0.1677497923374176,0.5562044978141785
Bearing1_5,2019,0.1673436164855957,0.5425350069999695
Bearing1_5,2020,0.166937455534935,0.5463927984237671
Bearing1_5,2021,0.1665312796831131,0.553770899772644
Bearing1_5,2022,0.1661251038312912,0.5446559190750122
Bearing1_5,2023,0.1657189279794693,0.5340335965156555
Bearing1_5,2024,0.1653127521276474,0.5266945362091064
Bearing1_5,2025,0.1649065762758255,0.5216894745826721
Bearing1_5,2026,0.1645004004240036,0.5157815217971802
Bearing1_5,2027,0.1640942394733429,0.5094373822212219
Bearing1_5,2028,0.163688063621521,0.5029972791671753
Bearing1_5,2029,0.1632818877696991,0.4955430328845978
Bearing1_5,2030,0.1628757119178772,0.4996846616268158
Bearing1_5,2031,0.1624695360660553,0.5013716220855713
Bearing1_5,2032,0.1620633602142334,0.4882303476333618
Bearing1_5,2033,0.1616571843624115,0.49268752336502075
Bearing1_5,2034,0.1612510085105896,0.4902510941028595
Bearing1_5,2035,0.1608448475599289,0.48513638973236084
Bearing1_5,2036,0.160438671708107,0.4742598533630371
Bearing1_5,2037,0.1600324958562851,0.4676640033721924
Bearing1_5,2038,0.1596263200044632,0.45179110765457153
Bearing1_5,2039,0.1592201441526413,0.4482349753379822
Bearing1_5,2040,0.1588139683008194,0.42743122577667236
Bearing1_5,2041,0.1584077924489975,0.4159122109413147
Bearing1_5,2042,0.1580016314983368,0.42357945442199707
Bearing1_5,2043,0.1575954556465149,0.42457059025764465
Bearing1_5,2044,0.157189279794693,0.4335413873195648
Bearing1_5,2045,0.1567831039428711,0.4353660047054291
Bearing1_5,2046,0.1563769280910492,0.45741939544677734
Bearing1_5,2047,0.1559707522392273,0.45812907814979553
Bearing1_5,2048,0.1555645763874054,0.4550971984863281
Bearing1_5,2049,0.1551584005355835,0.4382418394088745
Bearing1_5,2050,0.1547522395849228,0.43630701303482056
Bearing1_5,2051,0.1543460637331009,0.4435851275920868
Bearing1_5,2052,0.153939887881279,0.4197556972503662
Bearing1_5,2053,0.1535337120294571,0.3822411000728607
Bearing1_5,2054,0.1531275361776352,0.41300031542778015
Bearing1_5,2055,0.1527213603258133,0.41859161853790283
Bearing1_5,2056,0.1523151844739914,0.4066964089870453
Bearing1_5,2057,0.1519090235233307,0.3952343761920929
Bearing1_5,2058,0.1515028476715088,0.3892045319080353
Bearing1_5,2059,0.1510966718196869,0.39874738454818726
Bearing1_5,2060,0.150690495967865,0.3981017768383026
Bearing1_5,2061,0.1502843201160431,0.40992337465286255
Bearing1_5,2062,0.1498781442642212,0.4137438237667084
Bearing1_5,2063,0.1494719684123993,0.42024415731430054
Bearing1_5,2064,0.1490658074617386,0.42816102504730225
Bearing1_5,2065,0.1486596316099167,0.42626193165779114
Bearing1_5,2066,0.1482534557580948,0.43852436542510986
Bearing1_5,2067,0.1478472799062729,0.45679110288619995
Bearing1_5,2068,0.147441104054451,0.5134286880493164
Bearing1_5,2069,0.1470349282026291,0.5045612454414368
Bearing1_5,2070,0.1466287523508072,0.5231404304504395
Bearing1_5,2071,0.1462225764989853,0.5226135849952698
Bearing1_5,2072,0.14581641554832458,0.5074713826179504
Bearing1_5,2073,0.14541023969650269,0.509922981262207
Bearing1_5,2074,0.1450040638446808,0.5121186971664429
Bearing1_5,2075,0.1445978879928589,0.515431821346283
Bearing1_5,2076,0.144191712141037,0.5162529349327087
Bearing1_5,2077,0.1437855362892151,0.5107163786888123
Bearing1_5,2078,0.1433793604373932,0.50108402967453
Bearing1_5,2079,0.14297319948673248,0.5027745366096497
Bearing1_5,2080,0.14256702363491058,0.5043328404426575
Bearing1_5,2081,0.14216084778308868,0.4914226830005646
Bearing1_5,2082,0.14175467193126678,0.4980365037918091
Bearing1_5,2083,0.14134849607944489,0.49571698904037476
Bearing1_5,2084,0.14094232022762299,0.4885967969894409
Bearing1_5,2085,0.1405361443758011,0.498958021402359
Bearing1_5,2086,0.1401299685239792,0.5106229782104492
Bearing1_5,2087,0.13972380757331848,0.5156500339508057
Bearing1_5,2088,0.13931763172149658,0.5214072465896606
Bearing1_5,2089,0.13891145586967468,0.5219441652297974
Bearing1_5,2090,0.13850528001785278,0.5056113004684448
Bearing1_5,2091,0.13809910416603088,0.4885233938694
Bearing1_5,2092,0.13769292831420898,0.47528594732284546
Bearing1_5,2093,0.13728675246238708,0.4570077359676361
Bearing1_5,2094,0.13688059151172638,0.43801918625831604
Bearing1_5,2095,0.13647441565990448,0.43379706144332886
Bearing1_5,2096,0.13606823980808258,0.4076370596885681
Bearing1_5,2097,0.13566206395626068,0.35630667209625244
Bearing1_5,2098,0.13525588810443878,0.3652459681034088
Bearing1_5,2099,0.13484971225261688,0.30022624135017395
Bearing1_5,2100,0.13444353640079498,0.29908978939056396
Bearing1_5,2101,0.13403736054897308,0.3076513111591339
Bearing1_5,2102,0.13363119959831238,0.3411163091659546
Bearing1_5,2103,0.13322502374649048,0.3702068030834198
Bearing1_5,2104,0.13281884789466858,0.37127289175987244
Bearing1_5,2105,0.13241267204284668,0.3328007757663727
Bearing1_5,2106,0.13200649619102478,0.33109670877456665
Bearing1_5,2107,0.13160032033920288,0.3215188682079315
Bearing1_5,2108,0.13119414448738098,0.3166367709636688
Bearing1_5,2109,0.13078798353672028,0.30344656109809875
Bearing1_5,2110,0.13038180768489838,0.3109193742275238
Bearing1_5,2111,0.12997563183307648,0.28053489327430725
Bearing1_5,2112,0.12956945598125458,0.27634698152542114
Bearing1_5,2113,0.12916328012943268,0.27287381887435913
Bearing1_5,2114,0.12875710427761078,0.27538156509399414
Bearing1_5,2115,0.12835092842578888,0.2625082731246948
Bearing1_5,2116,0.12794476747512817,0.24994613230228424
Bearing1_5,2117,0.12753859162330627,0.246362566947937
Bearing1_5,2118,0.12713241577148438,0.23782925307750702
Bearing1_5,2119,0.12672623991966248,0.2386426478624344
Bearing1_5,2120,0.12632006406784058,0.2410217523574829
Bearing1_5,2121,0.12591388821601868,0.2534218430519104
Bearing1_5,2122,0.12550771236419678,0.26259732246398926
Bearing1_5,2123,0.12510153651237488,0.2665046155452728
Bearing1_5,2124,0.12469536811113358,0.2688780725002289
Bearing1_5,2125,0.12428919225931168,0.27208733558654785
Bearing1_5,2126,0.12388302385807037,0.2699451148509979
Bearing1_5,2127,0.12347684800624847,0.2667923867702484
Bearing1_5,2128,0.12307067215442657,0.26873818039894104
Bearing1_5,2129,0.12266450375318527,0.2553756535053253
Bearing1_5,2130,0.12225832790136337,0.2522301971912384
Bearing1_5,2131,0.12185215204954147,0.2636509835720062
Bearing1_5,2132,0.12144597619771957,0.2606165111064911
Bearing1_5,2133,0.12103980779647827,0.27535274624824524
Bearing1_5,2134,0.12063363194465637,0.275108277797699
Bearing1_5,2135,0.12022745609283447,0.2746311128139496
Bearing1_5,2136,0.11982128024101257,0.2887827754020691
Bearing1_5,2137,0.11941511183977127,0.30673113465309143
Bearing1_5,2138,0.11900893598794937,0.30602389574050903
Bearing1_5,2139,0.11860276013612747,0.3154544532299042
Bearing1_5,2140,0.11819659173488617,0.32743048667907715
Bearing1_5,2141,0.11779041588306427,0.35804569721221924
Bearing1_5,2142,0.11738424003124237,0.3682396411895752
Bearing1_5,2143,0.11697806417942047,0.3945053815841675
Bearing1_5,2144,0.11657189577817917,0.4339657425880432
Bearing1_5,2145,0.11616571992635727,0.42520442605018616
Bearing1_5,2146,0.11575954407453537,0.39171016216278076
Bearing1_5,2147,0.11535336822271347,0.4657135307788849
Bearing1_5,2148,0.11494719982147217,0.4740975499153137
Bearing1_5,2149,0.11454102396965027,0.47882795333862305
Bearing1_5,2150,0.11413484811782837,0.47079208493232727
Bearing1_5,2151,0.11372867226600647,0.4634886682033539
Bearing1_5,2152,0.11332250386476517,0.46325209736824036
Bearing1_5,2153,0.11291632801294327,0.44627946615219116
Bearing1_5,2154,0.11251015216112137,0.40774455666542053
Bearing1_5,2155,0.11210398375988007,0.42887750267982483
Bearing1_5,2156,0.11169780790805817,0.4534245431423187
Bearing1_5,2157,0.11129163205623627,0.4595184326171875
Bearing1_5,2158,0.11088545620441437,0.4700402021408081
Bearing1_5,2159,0.11047928780317307,0.45990750193595886
Bearing1_5,2160,0.11007311195135117,0.4612937867641449
Bearing1_5,2161,0.10966693609952927,0.4631611406803131
Bearing1_5,2162,0.10926076024770737,0.44716280698776245
Bearing1_5,2163,0.10885459184646606,0.44037601351737976
Bearing1_5,2164,0.10844841599464417,0.4239865243434906
Bearing1_5,2165,0.10804224014282227,0.41237202286720276
Bearing1_5,2166,0.10763607174158096,0.37097734212875366
Bearing1_5,2167,0.10722989588975906,0.34548044204711914
Bearing1_5,2168,0.10682372003793716,0.33123522996902466
Bearing1_5,2169,0.10641754418611526,0.3117136061191559
Bearing1_5,2170,0.10601137578487396,0.30452144145965576
Bearing1_5,2171,0.10560519993305206,0.3006264269351959
Bearing1_5,2172,0.10519902408123016,0.2988271117210388
Bearing1_5,2173,0.10479284822940826,0.30650219321250916
Bearing1_5,2174,0.10438667982816696,0.3077295124530792
Bearing1_5,2175,0.10398050397634506,0.29585444927215576
Bearing1_5,2176,0.10357432812452316,0.3025338053703308
Bearing1_5,2177,0.10316815227270126,0.30381906032562256
Bearing1_5,2178,0.10276198387145996,0.3025257885456085
Bearing1_5,2179,0.10235580801963806,0.30745363235473633
Bearing1_5,2180,0.10194963216781616,0.38684362173080444
Bearing1_5,2181,0.10154346376657486,0.32713431119918823
Bearing1_5,2182,0.10113728791475296,0.33243611454963684
Bearing1_5,2183,0.10073111206293106,0.2973354160785675
Bearing1_5,2184,0.10032493621110916,0.2985245883464813
Bearing1_5,2185,0.09991876780986786,0.2905488610267639
Bearing1_5,2186,0.09951259195804596,0.2825562655925751
Bearing1_5,2187,0.09910641610622406,0.2832197844982147
Bearing1_5,2188,0.09870024025440216,0.29160431027412415
Bearing1_5,2189,0.09829407185316086,0.2979820966720581
Bearing1_5,2190,0.09788789600133896,0.3104178011417389
Bearing1_5,2191,0.09748172014951706,0.30120721459388733
Bearing1_5,2192,0.09707555174827576,0.3399318754673004
Bearing1_5,2193,0.09666937589645386,0.36285334825515747
Bearing1_5,2194,0.09626320004463196,0.35261669754981995
Bearing1_5,2195,0.09585702419281006,0.3395821452140808
Bearing1_5,2196,0.09545085579156876,0.3621503412723541
Bearing1_5,2197,0.09504467993974686,0.3728727698326111
Bearing1_5,2198,0.09463850408792496,0.3736633360385895
Bearing1_5,2199,0.09423232823610306,0.34835225343704224
Bearing1_5,2200,0.09382615983486176,0.32128769159317017
Bearing1_5,2201,0.09341998398303986,0.3213501572608948
Bearing1_5,2202,0.09301380813121796,0.30772629380226135
Bearing1_5,2203,0.09260763972997665,0.29146289825439453
Bearing1_5,2204,0.09220146387815475,0.2780000567436218
Bearing1_5,2205,0.09179528802633286,0.2728489935398102
Bearing1_5,2206,0.09138911217451096,0.26617521047592163
Bearing1_5,2207,0.09098294377326965,0.2624449133872986
Bearing1_5,2208,0.09057676792144775,0.2545439600944519
Bearing1_5,2209,0.09017059206962585,0.25410914421081543
Bearing1_5,2210,0.08976441621780396,0.25868886709213257
Bearing1_5,2211,0.08935824781656265,0.2568095922470093
Bearing1_5,2212,0.08895207196474075,0.2488914579153061
Bearing1_5,2213,0.08854589611291885,0.24765600264072418
Bearing1_5,2214,0.08813972026109695,0.24911698698997498
Bearing1_5,2215,0.08773355185985565,0.23623602092266083
Bearing1_5,2216,0.08732737600803375,0.23124493658542633
Bearing1_5,2217,0.08692120015621185,0.23357649147510529
Bearing1_5,2218,0.08651503175497055,0.23824357986450195
Bearing1_5,2219,0.08610885590314865,0.24393169581890106
Bearing1_5,2220,0.08570268005132675,0.2425566464662552
Bearing1_5,2221,0.08529650419950485,0.24166016280651093
Bearing1_5,2222,0.08489033579826355,0.242902472615242
Bearing1_5,2223,0.08448415994644165,0.24669921398162842
Bearing1_5,2224,0.08407798409461975,0.24580329656600952
Bearing1_5,2225,0.08367180824279785,0.24684007465839386
Bearing1_5,2226,0.08326563984155655,0.24659384787082672
Bearing1_5,2227,0.08285946398973465,0.24616307020187378
Bearing1_5,2228,0.08245328813791275,0.25115880370140076
Bearing1_5,2229,0.08204711973667145,0.2654417157173157
Bearing1_5,2230,0.08164094388484955,0.27174434065818787
Bearing1_5,2231,0.08123476803302765,0.3057330548763275
Bearing1_5,2232,0.08082859218120575,0.2832642197608948
Bearing1_5,2233,0.08042242377996445,0.29627957940101624
Bearing1_5,2234,0.08001624792814255,0.33245527744293213
Bearing1_5,2235,0.07961007207632065,0.37417492270469666
Bearing1_5,2236,0.07920389622449875,0.3825921416282654
Bearing1_5,2237,0.07879772782325745,0.37475964426994324
Bearing1_5,2238,0.07839155197143555,0.36708542704582214
Bearing1_5,2239,0.07798537611961365,0.3458513617515564
Bearing1_5,2240,0.07757920026779175,0.36351117491722107
Bearing1_5,2241,0.07717303186655045,0.38874387741088867
Bearing1_5,2242,0.07676685601472855,0.40171536803245544
Bearing1_5,2243,0.07636068016290665,0.4173104763031006
Bearing1_5,2244,0.07595451176166534,0.44330817461013794
Bearing1_5,2245,0.07554833590984344,0.3498428761959076
Bearing1_5,2246,0.07514216005802155,0.4110252559185028
Bearing1_5,2247,0.07473598420619965,0.47217944264411926
Bearing1_5,2248,0.07432981580495834,0.5073157548904419
Bearing1_5,2249,0.07392363995313644,0.46956783533096313
Bearing1_5,2250,0.07351746410131454,0.47706466913223267
Bearing1_5,2251,0.07311128824949265,0.5016937255859375
Bearing1_5,2252,0.07270511984825134,0.5152986645698547
Bearing1_5,2253,0.07229894399642944,0.5175971984863281
Bearing1_5,2254,0.07189276814460754,0.5115272402763367
Bearing1_5,2255,0.07148659974336624,0.46628639101982117
Bearing1_5,2256,0.07108042389154434,0.4940594732761383
Bearing1_5,2257,0.07067424803972244,0.49501293897628784
Bearing1_5,2258,0.07026807218790054,0.4729922413825989
Bearing1_5,2259,0.06986190378665924,0.45741191506385803
Bearing1_5,2260,0.06945572793483734,0.43716102838516235
Bearing1_5,2261,0.06904955208301544,0.42960330843925476
Bearing1_5,2262,0.06864337623119354,0.42510589957237244
Bearing1_5,2263,0.06823720782995224,0.40689849853515625
Bearing1_5,2264,0.06783103197813034,0.38281306624412537
Bearing1_5,2265,0.06742485612630844,0.3668161928653717
Bearing1_5,2266,0.06701868027448654,0.35260236263275146
Bearing1_5,2267,0.06661251187324524,0.3451955318450928
Bearing1_5,2268,0.06620633602142334,0.31703683733940125
Bearing1_5,2269,0.06580016016960144,0.2849244475364685
Bearing1_5,2270,0.06539399176836014,0.255606085062027
Bearing1_5,2271,0.06498781591653824,0.24438731372356415
Bearing1_5,2272,0.06458164006471634,0.2153775691986084
Bearing1_5,2273,0.06417546421289444,0.19891217350959778
Bearing1_5,2274,0.06376929581165314,0.1928194910287857
Bearing1_5,2275,0.06336311995983124,0.19128651916980743
Bearing1_5,2276,0.06295694410800934,0.19273194670677185
Bearing1_5,2277,0.06255076825618744,0.19312572479248047
Bearing1_5,2278,0.06214459612965584,0.18937669694423676
Bearing1_5,2279,0.06173842400312424,0.1886756718158722
Bearing1_5,2280,0.061332251876592636,0.19068709015846252
Bearing1_5,2281,0.06092607602477074,0.20103074610233307
Bearing1_5,2282,0.060519903898239136,0.1898704171180725
Bearing1_5,2283,0.060113728046417236,0.17908403277397156
Bearing1_5,2284,0.059707555919885635,0.1819595843553543
Bearing1_5,2285,0.059301380068063736,0.18201245367527008
Bearing1_5,2286,0.058895207941532135,0.18832693994045258
Bearing1_5,2287,0.058489032089710236,0.1916474848985672
Bearing1_5,2288,0.058082859963178635,0.1940753310918808
Bearing1_5,2289,0.057676684111356735,0.20023682713508606
Bearing1_5,2290,0.057270511984825134,0.20480796694755554
Bearing1_5,2291,0.056864336133003235,0.1991158276796341
Bearing1_5,2292,0.056458164006471634,0.2034485787153244
Bearing1_5,2293,0.05605199187994003,0.20311960577964783
Bearing1_5,2294,0.055645816028118134,0.19987575709819794
Bearing1_5,2295,0.05523964390158653,0.20183566212654114
Bearing1_5,2296,0.05483346804976463,0.19817718863487244
Bearing1_5,2297,0.05442729592323303,0.20819789171218872
Bearing1_5,2298,0.05402112007141113,0.21812154352664948
Bearing1_5,2299,0.05361494794487953,0.2233070284128189
Bearing1_5,2300,0.05320877209305763,0.23265185952186584
Bearing1_5,2301,0.05280259996652603,0.2356601059436798
Bearing1_5,2302,0.05239642411470413,0.24651987850666046
Bearing1_5,2303,0.05199025198817253,0.25061100721359253
Bearing1_5,2304,0.05158407613635063,0.24871158599853516
Bearing1_5,2305,0.05117790400981903,0.2507322132587433
Bearing1_5,2306,0.05077173188328743,0.25491195917129517
Bearing1_5,2307,0.05036555603146553,0.2603287398815155
Bearing1_5,2308,0.04995938390493393,0.2477622628211975
Bearing1_5,2309,0.04955320805311203,0.24888372421264648
Bearing1_5,2310,0.04914703592658043,0.24745453894138336
Bearing1_5,2311,0.04874086007475853,0.2658737301826477
Bearing1_5,2312,0.04833468794822693,0.2751971185207367
Bearing1_5,2313,0.04792851209640503,0.22854287922382355
Bearing1_5,2314,0.04752233996987343,0.2725832462310791
Bearing1_5,2315,0.04711616411805153,0.2652543783187866
Bearing1_5,2316,0.04670999199151993,0.262813001871109
Bearing1_5,2317,0.04630381986498833,0.25142550468444824
Bearing1_5,2318,0.04589764401316643,0.24930930137634277
Bearing1_5,2319,0.04549147188663483,0.2570173442363739
Bearing1_5,2320,0.04508529603481293,0.24820786714553833
Bearing1_5,2321,0.044679123908281326,0.24294643104076385
Bearing1_5,2322,0.04427294805645943,0.2642420530319214
Bearing1_5,2323,0.043866775929927826,0.2786372900009155
Bearing1_5,2324,0.043460600078105927,0.27324673533439636
Bearing1_5,2325,0.043054427951574326,0.28106093406677246
Bearing1_5,2326,0.042648252099752426,0.2896040380001068
Bearing1_5,2327,0.042242079973220825,0.27845999598503113
Bearing1_5,2328,0.041835904121398926,0.27534812688827515
Bearing1_5,2329,0.041429731994867325,0.26668503880500793
Bearing1_5,2330,0.041023559868335724,0.2493327260017395
Bearing1_5,2331,0.040617384016513824,0.2421453893184662
Bearing1_5,2332,0.040211211889982224,0.2391258031129837
Bearing1_5,2333,0.039805036038160324,0.23842976987361908
Bearing1_5,2334,0.03939886391162872,0.23783136904239655
Bearing1_5,2335,0.038992688059806824,0.2450389862060547
Bearing1_5,2336,0.03858651593327522,0.24679449200630188
Bearing1_5,2337,0.03818034008145332,0.252116322517395
Bearing1_5,2338,0.03777416795492172,0.2505977153778076
Bearing1_5,2339,0.03736799210309982,0.25227048993110657
Bearing1_5,2340,0.03696181997656822,0.2608623802661896
Bearing1_5,2341,0.03655564412474632,0.26910272240638733
Bearing1_5,2342,0.03614947199821472,0.30568015575408936
Bearing1_5,2343,0.03574329987168312,0.3262501657009125
Bearing1_5,2344,0.03533712401986122,0.3984268605709076
Bearing1_5,2345,0.03493095189332962,0.4214143455028534
Bearing1_5,2346,0.03452477604150772,0.4077110290527344
Bearing1_5,2347,0.03411860391497612,0.4483913779258728
Bearing1_5,2348,0.03371242806315422,0.4393901824951172
Bearing1_5,2349,0.03330625593662262,0.3613939881324768
Bearing1_5,2350,0.03290008008480072,0.3037281334400177
Bearing1_5,2351,0.03249390795826912,0.38017329573631287
Bearing1_5,2352,0.03208773210644722,0.3244982659816742
Bearing1_5,2353,0.03168155997991562,0.3190368711948395
Bearing1_5,2354,0.03127538412809372,0.26569437980651855
Bearing1_5,2355,0.03086921200156212,0.30862435698509216
Bearing1_5,2356,0.03046303801238537,0.3066764175891876
Bearing1_5,2357,0.030056864023208618,0.25081512331962585
Bearing1_5,2358,0.029650690034031868,0.25671452283859253
Bearing1_5,2359,0.029244516044855118,0.28032004833221436
Bearing1_5,2360,0.028838342055678368,0.25061091780662537
Bearing1_5,2361,0.028432168066501617,0.23757004737854004
Bearing1_5,2362,0.028025995939970016,0.21576663851737976
Bearing1_5,2363,0.027619821950793266,0.20322123169898987
Bearing1_5,2364,0.027213647961616516,0.19944435358047485
Bearing1_5,2365,0.026807473972439766,0.19485700130462646
Bearing1_5,2366,0.026401299983263016,0.19032436609268188
Bearing1_5,2367,0.025995125994086266,0.18696172535419464
Bearing1_5,2368,0.025588952004909515,0.18734075129032135
Bearing1_5,2369,0.025182778015732765,0.1789611130952835
Bearing1_5,2370,0.024776604026556015,0.17595559358596802
Bearing1_5,2371,0.024370430037379265,0.17238420248031616
Bearing1_5,2372,0.023964256048202515,0.17000626027584076
Bearing1_5,2373,0.023558082059025764,0.1630076766014099
Bearing1_5,2374,0.023151909932494164,0.16170549392700195
Bearing1_5,2375,0.022745735943317413,0.1533592790365219
Bearing1_5,2376,0.022339561954140663,0.14566943049430847
Bearing1_5,2377,0.021933387964963913,0.13640180230140686
Bearing1_5,2378,0.021527213975787163,0.1395769864320755
Bearing1_5,2379,0.021121039986610413,0.1476873755455017
Bearing1_5,2380,0.020714865997433662,0.14806948602199554
Bearing1_5,2381,0.020308692008256912,0.15772686898708344
Bearing1_5,2382,0.019902518019080162,0.16854509711265564
Bearing1_5,2383,0.019496344029903412,0.17280040681362152
Bearing1_5,2384,0.01909017004072666,0.1819138377904892
Bearing1_5,2385,0.01868399605154991,0.19547651708126068
Bearing1_5,2386,0.01827782206237316,0.19835691154003143
Bearing1_5,2387,0.01787164993584156,0.21630367636680603
Bearing1_5,2388,0.01746547594666481,0.22599360346794128
Bearing1_5,2389,0.01705930195748806,0.24727894365787506
Bearing1_5,2390,0.01665312796831131,0.24617187678813934
Bearing1_5,2391,0.01624695397913456,0.2656203508377075
Bearing1_5,2392,0.01584077998995781,0.2870614230632782
Bearing1_5,2393,0.01543460600078106,0.3062196671962738
Bearing1_5,2394,0.015028432011604309,0.3366352319717407
Bearing1_5,2395,0.014622258022427559,0.36192598938941956
Bearing1_5,2396,0.014216084033250809,0.40168461203575134
Bearing1_5,2397,0.013809910975396633,0.5368689894676208
Bearing1_5,2398,0.013403736986219883,0.6749750971794128
Bearing1_5,2399,0.012997562997043133,0.7462628483772278
Bearing1_5,2400,0.012591389007866383,0.7691994905471802
Bearing1_5,2401,0.012185215018689632,0.7727790474891663
Bearing1_5,2402,0.011779041029512882,0.7756729125976562
Bearing1_5,2403,0.011372867971658707,0.7783745527267456
Bearing1_5,2404,0.010966693982481956,0.7797173857688904
Bearing1_5,2405,0.010560519993305206,0.783279299736023
Bearing1_5,2406,0.010154346004128456,0.7848283052444458
Bearing1_5,2407,0.009748172014951706,0.7894536852836609
Bearing1_5,2408,0.009341998025774956,0.7990652918815613
Bearing1_5,2409,0.00893582496792078,0.8024618029594421
Bearing1_5,2410,0.00852965097874403,0.8054133653640747
Bearing1_5,2411,0.00812347698956728,0.8087885975837708
Bearing1_5,2412,0.00771730300039053,0.8107650876045227
Bearing1_5,2413,0.0073111290112137794,0.8118094205856323
Bearing1_5,2414,0.006904955487698317,0.808081328868866
Bearing1_5,2415,0.006498781498521566,0.8061039447784424
Bearing1_5,2416,0.006092607509344816,0.800285279750824
Bearing1_5,2417,0.005686433985829353,0.7918639779090881
Bearing1_5,2418,0.005280259996652603,0.7919833660125732
Bearing1_5,2419,0.004874086007475853,0.79090416431427
Bearing1_5,2420,0.00446791248396039,0.7906491756439209
Bearing1_5,2421,0.00406173849478364,0.7904278039932251
Bearing1_5,2422,0.0036555645056068897,0.7921643257141113
Bearing1_5,2423,0.003249390749260783,0.7812155485153198
Bearing1_5,2424,0.0028432169929146767,0.7581462264060974
Bearing1_5,2425,0.0024370430037379265,0.7555521130561829
Bearing1_5,2426,0.00203086924739182,0.7166363596916199
Bearing1_5,2427,0.0016246953746303916,0.6249617338180542
Bearing1_5,2428,0.0012185215018689632,0.46089890599250793
Bearing1_5,2429,0.0008123476873151958,0.30565130710601807
Bearing1_5,2430,0.0004061738436575979,0.16582421958446503
Bearing1_5,2431,0.0,0.1066606268286705
Bearing1_7,0,0.9862710237503052,0.8617388606071472
Bearing1_7,1,0.985828161239624,0.8592652678489685
Bearing1_7,2,0.9853852987289429,0.8589533567428589
Bearing1_7,3,0.9849424362182617,0.858555018901825
Bearing1_7,4,0.9844995737075806,0.8558102250099182
Bearing1_7,5,0.9840567111968994,0.8617314100265503
Bearing1_7,6,0.9836137890815735,0.8639212846755981
Bearing1_7,7,0.9831709265708923,0.8633537888526917
Bearing1_7,8,0.9827280640602112,0.8672878742218018
Bearing1_7,9,0.98228520154953,0.8688311576843262
Bearing1_7,10,0.9818423390388489,0.8708214163780212
Bearing1_7,11,0.9813994765281677,0.8762961030006409
Bearing1_7,12,0.9809566140174866,0.8765333890914917
Bearing1_7,13,0.9805137515068054,0.8800378441810608
Bearing1_7,14,0.9800708293914795,0.8831738829612732
Bearing1_7,15,0.9796279668807983,0.8848376870155334
Bearing1_7,16,0.9791851043701172,0.8828457593917847
Bearing1_7,17,0.978742241859436,0.8837876319885254
Bearing1_7,18,0.9782993793487549,0.8871451616287231
Bearing1_7,19,0.9778565168380737,0.8919923305511475
Bearing1_7,20,0.9774136543273926,0.89372718334198
Bearing1_7,21,0.9769707918167114,0.894952654838562
Bearing1_7,22,0.9765279293060303,0.8946177363395691
Bearing1_7,23,0.9760850071907043,0.8903996348381042
Bearing1_7,24,0.9756421446800232,0.8905245065689087
Bearing1_7,25,0.975199282169342,0.8872194290161133
Bearing1_7,26,0.9747564196586609,0.8871195912361145
Bearing1_7,27,0.9743135571479797,0.8869994282722473
Bearing1_7,28,0.9738706946372986,0.8894334435462952
Bearing1_7,29,0.9734278321266174,0.8883983492851257
Bearing1_7,30,0.9729849696159363,0.8922055959701538
Bearing1_7,31,0.9725420475006104,0.8927603363990784
Bearing1_7,32,0.9720991849899292,0.8964943885803223
Bearing1_7,33,0.971656322479248,0.8990782499313354
Bearing1_7,34,0.9712134599685669,0.9011847376823425
Bearing1_7,35,0.9707705974578857,0.899763822555542
Bearing1_7,36,0.9703277349472046,0.8985806703567505
Bearing1_7,37,0.9698848724365234,0.894538938999176
Bearing1_7,38,0.9694420099258423,0.8989373445510864
Bearing1_7,39,0.9689990878105164,0.8971220850944519
Bearing1_7,40,0.9685562252998352,0.8956772685050964
Bearing1_7,41,0.968113362789154,0.8921501636505127
Bearing1_7,42,0.9676705002784729,0.8935555219650269
Bearing1_7,43,0.9672276377677917,0.892241358757019
Bearing1_7,44,0.9667847752571106,0.8923012614250183
Bearing1_7,45,0.9663419127464294,0.8841139078140259
Bearing1_7,46,0.9658990502357483,0.8844361305236816
Bearing1_7,47,0.9654561281204224,0.8797085881233215
Bearing1_7,48,0.9650132656097412,0.8848477602005005
Bearing1_7,49,0.9645704030990601,0.8797777891159058
Bearing1_7,50,0.9641275405883789,0.8796805143356323
Bearing1_7,51,0.9636846780776978,0.8730059862136841
Bearing1_7,52,0.9632418155670166,0.8757864832878113
Bearing1_7,53,0.9627989530563354,0.8730698823928833
Bearing1_7,54,0.9623560905456543,0.8701121807098389
Bearing1_7,55,0.9619131684303284,0.8704650402069092
Bearing1_7,56,0.9614703059196472,0.8746103048324585
Bearing1_7,57,0.9610274434089661,0.8746396899223328
Bearing1_7,58,0.9605845808982849,0.8696606755256653
Bearing1_7,59,0.9601417183876038,0.863562285900116
Bearing1_7,60,0.9596988558769226,0.8604836463928223
Bearing1_7,61,0.9592559933662415,0.8641204237937927
Bearing1_7,62,0.9588131308555603,0.8654693365097046
Bearing1_7,63,0.9583702683448792,0.8663226366043091
Bearing1_7,64,0.9579273462295532,0.86777263879776
Bearing1_7,65,0.9574844837188721,0.8685212135314941
Bearing1_7,66,0.9570416212081909,0.8692562580108643
Bearing1_7,67,0.9565987586975098,0.8706645965576172
Bearing1_7,68,0.9561558961868286,0.8690738081932068
Bearing1_7,69,0.9557130336761475,0.8696514368057251
Bearing1_7,70,0.9552701711654663,0.8715067505836487
Bearing1_7,71,0.9548273086547852,0.8726044297218323
Bearing1_7,72,0.9543843865394592,0.8705403804779053
Bearing1_7,73,0.9539415240287781,0.8729071617126465
Bearing1_7,74,0.9534986615180969,0.8727378845214844
Bearing1_7,75,0.9530557990074158,0.8777787685394287
Bearing1_7,76,0.9526129364967346,0.8752830028533936
Bearing1_7,77,0.9521700739860535,0.8773496150970459
Bearing1_7,78,0.9517272114753723,0.8782766461372375
Bearing1_7,79,0.9512843489646912,0.8789998888969421
Bearing1_7,80,0.9508414268493652,0.8813434839248657
Bearing1_7,81,0.9503985643386841,0.8787005543708801
Bearing1_7,82,0.9499557018280029,0.8793445825576782
Bearing1_7,83,0.9495128393173218,0.8831026554107666
Bearing1_7,84,0.9490699768066406,0.8860107660293579
Bearing1_7,85,0.9486271142959595,0.883749783039093
Bearing1_7,86,0.9481842517852783,0.8824845552444458
Bearing1_7,87,0.9477413892745972,0.8807033896446228
Bearing1_7,88,0.9472984671592712,0.886403501033783
Bearing1_7,89,0.9468556046485901,0.8890774250030518
Bearing1_7,90,0.9464127421379089,0.8910855650901794
Bearing1_7,91,0.9459698796272278,0.8916658759117126
Bearing1_7,92,0.9455270171165466,0.8935232758522034
Bearing1_7,93,0.9450841546058655,0.8911557793617249
Bearing1_7,94,0.9446412920951843,0.890603244304657
Bearing1_7,95,0.9441984295845032,0.889506995677948
Bearing1_7,96,0.9437555074691772,0.8874396681785583
Bearing1_7,97,0.9433126449584961,0.8854125142097473
Bearing1_7,98,0.9428697824478149,0.8798735737800598
Bearing1_7,99,0.9424269199371338,0.8817332983016968
Bearing1_7,100,0.9419840574264526,0.8818639516830444
Bearing1_7,101,0.9415411949157715,0.8801955580711365
Bearing1_7,102,0.9410983324050903,0.8813382387161255
Bearing1_7,103,0.9406554698944092,0.8776679635047913
Bearing1_7,104,0.9402125477790833,0.8743833303451538
Bearing1_7,105,0.9397696852684021,0.8715187907218933
Bearing1_7,106,0.939326822757721,0.8713587522506714
Bearing1_7,107,0.9388839602470398,0.8620851039886475
Bearing1_7,108,0.9384410977363586,0.8555968999862671
Bearing1_7,109,0.9379982352256775,0.8557220101356506
Bearing1_7,110,0.9375553727149963,0.8507981896400452
Bearing1_7,111,0.9371125102043152,0.8436975479125977
Bearing1_7,112,0.936669647693634,0.8413549065589905
Bearing1_7,113,0.9362267255783081,0.840591311454773
Bearing1_7,114,0.935783863067627,0.8335391283035278
Bearing1_7,115,0.9353410005569458,0.8345671892166138
Bearing1_7,116,0.9348981380462646,0.833092212677002
Bearing1_7,117,0.9344552755355835,0.839798092842102
Bearing1_7,118,0.9340124130249023,0.8418985605239868
Bearing1_7,119,0.9335695505142212,0.8389732241630554
Bearing1_7,120,0.93312668800354,0.8410957455635071
Bearing1_7,121,0.9326837658882141,0.8415911793708801
Bearing1_7,122,0.932240903377533,0.8457441329956055
Bearing1_7,123,0.9317980408668518,0.8486102223396301
Bearing1_7,124,0.9313551783561707,0.8529074192047119
Bearing1_7,125,0.9309123158454895,0.8587105870246887
Bearing1_7,126,0.9304694533348083,0.8593578338623047
Bearing1_7,127,0.9300265908241272,0.8615961670875549
Bearing1_7,128,0.929583728313446,0.8647852540016174
Bearing1_7,129,0.9291408061981201,0.8710784316062927
Bearing1_7,130,0.928697943687439,0.8733099699020386
Bearing1_7,131,0.9282550811767578,0.8753917813301086
Bearing1_7,132,0.9278122186660767,0.877265214920044
Bearing1_7,133,0.9273693561553955,0.8767188191413879
Bearing1_7,134,0.9269264936447144,0.8790408968925476
Bearing1_7,135,0.9264836311340332,0.8853045701980591
Bearing1_7,136,0.926040768623352,0.8916580080986023
Bearing1_7,137,0.9255978465080261,0.8988431096076965
Bearing1_7,138,0.925154983997345,0.901073157787323
Bearing1_7,139,0.9247121214866638,0.9052882194519043
Bearing1_7,140,0.9242692589759827,0.9042385816574097
Bearing1_7,141,0.9238263964653015,0.9069305658340454
Bearing1_7,142,0.9233835339546204,0.9050386548042297
Bearing1_7,143,0.9229406714439392,0.9058685302734375
Bearing1_7,144,0.9224978089332581,0.9066585302352905
Bearing1_7,145,0.9220548868179321,0.9038639664649963
Bearing1_7,146,0.921612024307251,0.9051793217658997
Bearing1_7,147,0.9211691617965698,0.9033350944519043
Bearing1_7,148,0.9207262992858887,0.9053418636322021
Bearing1_7,149,0.9202834367752075,0.9044085144996643
Bearing1_7,150,0.9198405742645264,0.9002239108085632
Bearing1_7,151,0.9193977117538452,0.89854896068573
Bearing1_7,152,0.9189548492431641,0.8961601853370667
Bearing1_7,153,0.9185119867324829,0.8959310054779053
Bearing1_7,154,0.918069064617157,0.8977237343788147
Bearing1_7,155,0.9176262021064758,0.8972222208976746
Bearing1_7,156,0.9171833395957947,0.8910998106002808
Bearing1_7,157,0.9167404770851135,0.8915464878082275
Bearing1_7,158,0.9162976145744324,0.8903310894966125
Bearing1_7,159,0.9158547520637512,0.8920314311981201
Bearing1_7,160,0.9154118895530701,0.8874833583831787
Bearing1_7,161,0.9149690270423889,0.8827835321426392
Bearing1_7,162,0.914526104927063,0.8759976625442505
Bearing1_7,163,0.9140832424163818,0.8715985417366028
Bearing1_7,164,0.9136403799057007,0.8697746992111206
Bearing1_7,165,0.9131975173950195,0.859015703201294
Bearing1_7,166,0.9127546548843384,0.8560406565666199
Bearing1_7,167,0.9123117923736572,0.8599998354911804
Bearing1_7,168,0.9118689298629761,0.8585473895072937
Bearing1_7,169,0.9114260673522949,0.8585574626922607
Bearing1_7,170,0.910983145236969,0.8586834073066711
Bearing1_7,171,0.9105402827262878,0.8597710132598877
Bearing1_7,172,0.9100974202156067,0.8611951470375061
Bearing1_7,173,0.9096545577049255,0.8536944389343262
Bearing1_7,174,0.9092116951942444,0.8565693497657776
Bearing1_7,175,0.9087688326835632,0.8559094667434692
Bearing1_7,176,0.9083259701728821,0.8574122786521912
Bearing1_7,177,0.9078831076622009,0.861525297164917
Bearing1_7,178,0.907440185546875,0.8617960214614868
Bearing1_7,179,0.9069973230361938,0.8650288581848145
Bearing1_7,180,0.9065544605255127,0.8652487993240356
Bearing1_7,181,0.9061115980148315,0.86924147605896
Bearing1_7,182,0.9056687355041504,0.8681963086128235
Bearing1_7,183,0.9052258729934692,0.8724690675735474
Bearing1_7,184,0.9047830104827881,0.8762717247009277
Bearing1_7,185,0.9043401479721069,0.8793669939041138
Bearing1_7,186,0.903897225856781,0.8776092529296875
Bearing1_7,187,0.9034543633460999,0.8799281716346741
Bearing1_7,188,0.9030115008354187,0.8842250108718872
Bearing1_7,189,0.9025686383247375,0.8905050158500671
Bearing1_7,190,0.9021257758140564,0.8924779295921326
Bearing1_7,191,0.9016829133033752,0.8936944007873535
Bearing1_7,192,0.9012400507926941,0.8941461443901062
Bearing1_7,193,0.9007971882820129,0.8965306878089905
Bearing1_7,194,0.900354266166687,0.8994266390800476
Bearing1_7,195,0.8999114036560059,0.9004985094070435
Bearing1_7,196,0.8994685411453247,0.9028580784797668
Bearing1_7,197,0.8990256786346436,0.8990111351013184
Bearing1_7,198,0.8985828161239624,0.899653434753418
Bearing1_7,199,0.8981399536132812,0.8999277353286743
Bearing1_7,200,0.8976970911026001,0.902475118637085
Bearing1_7,201,0.897254228591919,0.9076177477836609
Bearing1_7,202,0.8968113660812378,0.907517671585083
Bearing1_7,203,0.8963684439659119,0.9077370762825012
Bearing1_7,204,0.8959255814552307,0.9121801853179932
Bearing1_7,205,0.8954827189445496,0.914841890335083
Bearing1_7,206,0.8950398564338684,0.9143336415290833
Bearing1_7,207,0.8945969939231873,0.9093104600906372
Bearing1_7,208,0.8941541314125061,0.9120972752571106
Bearing1_7,209,0.893711268901825,0.9074086546897888
Bearing1_7,210,0.8932684063911438,0.9095451831817627
Bearing1_7,211,0.8928254842758179,0.9093679189682007
Bearing1_7,212,0.8923826217651367,0.9055363535881042
Bearing1_7,213,0.8919397592544556,0.9047173261642456
Bearing1_7,214,0.8914968967437744,0.9092902541160583
Bearing1_7,215,0.8910540342330933,0.9071688055992126
Bearing1_7,216,0.8906111717224121,0.9034520983695984
Bearing1_7,217,0.890168309211731,0.9032596945762634
Bearing1_7,218,0.8897254467010498,0.9040946364402771
Bearing1_7,219,0.8892825245857239,0.9060255885124207
Bearing1_7,220,0.8888396620750427,0.9042580127716064
Bearing1_7,221,0.8883967995643616,0.9050865173339844
Bearing1_7,222,0.8879539370536804,0.9056810140609741
Bearing1_7,223,0.8875110745429993,0.8985612988471985
Bearing1_7,224,0.8870682120323181,0.8971903920173645
Bearing1_7,225,0.886625349521637,0.890722393989563
Bearing1_7,226,0.8861824870109558,0.8888210654258728
Bearing1_7,227,0.8857395648956299,0.8887478113174438
Bearing1_7,228,0.8852967023849487,0.881408154964447
Bearing1_7,229,0.8848538398742676,0.8794848322868347
Bearing1_7,230,0.8844109773635864,0.8796226978302002
Bearing1_7,231,0.8839681148529053,0.8834164142608643
Bearing1_7,232,0.8835252523422241,0.8808240294456482
Bearing1_7,233,0.883082389831543,0.8823810815811157
Bearing1_7,234,0.8826395273208618,0.8778018355369568
Bearing1_7,235,0.8821966052055359,0.8849537968635559
Bearing1_7,236,0.8817537426948547,0.8764723539352417
Bearing1_7,237,0.8813108801841736,0.8754841685295105
Bearing1_7,238,0.8808680176734924,0.8803054690361023
Bearing1_7,239,0.8804251551628113,0.8736040592193604
Bearing1_7,240,0.8799822926521301,0.8746424913406372
Bearing1_7,241,0.879539430141449,0.8769038915634155
Bearing1_7,242,0.8790965676307678,0.8802269101142883
Bearing1_7,243,0.8786537051200867,0.8780651688575745
Bearing1_7,244,0.8782107830047607,0.8755829334259033
Bearing1_7,245,0.8777679204940796,0.8785701394081116
Bearing1_7,246,0.8773250579833984,0.8800163269042969
Bearing1_7,247,0.8768821954727173,0.8719042539596558
Bearing1_7,248,0.8764393329620361,0.8688948750495911
Bearing1_7,249,0.875996470451355,0.8698513507843018
Bearing1_7,250,0.8755536079406738,0.8717255592346191
Bearing1_7,251,0.8751107454299927,0.8702870607376099
Bearing1_7,252,0.8746678233146667,0.8722430467605591
Bearing1_7,253,0.8742249608039856,0.8671531677246094
Bearing1_7,254,0.8737820982933044,0.8658148050308228
Bearing1_7,255,0.8733392357826233,0.8617355823516846
Bearing1_7,256,0.8728963732719421,0.8572677373886108
Bearing1_7,257,0.872453510761261,0.8551068305969238
Bearing1_7,258,0.8720106482505798,0.8536739945411682
Bearing1_7,259,0.8715677857398987,0.8544129729270935
Bearing1_7,260,0.8711248636245728,0.850694477558136
Bearing1_7,261,0.8706820011138916,0.853648841381073
Bearing1_7,262,0.8702391386032104,0.8548269271850586
Bearing1_7,263,0.8697962760925293,0.8509067296981812
Bearing1_7,264,0.8693534135818481,0.8509114980697632
Bearing1_7,265,0.868910551071167,0.857124924659729
Bearing1_7,266,0.8684676885604858,0.8605095148086548
Bearing1_7,267,0.8680248260498047,0.8614138960838318
Bearing1_7,268,0.8675819039344788,0.8649657368659973
Bearing1_7,269,0.8671390414237976,0.8638244867324829
Bearing1_7,270,0.8666961789131165,0.8648990392684937
Bearing1_7,271,0.8662533164024353,0.8617138862609863
Bearing1_7,272,0.8658104538917542,0.8556323647499084
Bearing1_7,273,0.865367591381073,0.8558305501937866
Bearing1_7,274,0.8649247288703918,0.85276859998703
Bearing1_7,275,0.8644818663597107,0.8516618609428406
Bearing1_7,276,0.8640389442443848,0.8541327118873596
Bearing1_7,277,0.8635960817337036,0.8593119978904724
Bearing1_7,278,0.8631532192230225,0.8587380051612854
Bearing1_7,279,0.8627103567123413,0.8601673245429993
Bearing1_7,280,0.8622674942016602,0.8668835163116455
Bearing1_7,281,0.861824631690979,0.8654905557632446
Bearing1_7,282,0.8613817691802979,0.861304759979248
Bearing1_7,283,0.8609389066696167,0.8622674942016602
Bearing1_7,284,0.8604959845542908,0.8611980676651001
Bearing1_7,285,0.8600531220436096,0.856656551361084
Bearing1_7,286,0.8596102595329285,0.8501942157745361
Bearing1_7,287,0.8591673970222473,0.8536327481269836
Bearing1_7,288,0.8587245345115662,0.8585314750671387
Bearing1_7,289,0.858281672000885,0.8562499284744263
Bearing1_7,290,0.8578388094902039,0.8482859134674072
Bearing1_7,291,0.8573959469795227,0.8506119251251221
Bearing1_7,292,0.8569530844688416,0.853036105632782
Bearing1_7,293,0.8565101623535156,0.8505240082740784
Bearing1_7,294,0.8560672998428345,0.8444207906723022
Bearing1_7,295,0.8556244373321533,0.8474268317222595
Bearing1_7,296,0.8551815748214722,0.8509405851364136
Bearing1_7,297,0.854738712310791,0.8560929894447327
Bearing1_7,298,0.8542958498001099,0.8584098219871521
Bearing1_7,299,0.8538529872894287,0.8589971661567688
Bearing1_7,300,0.8534101247787476,0.8635854125022888
Bearing1_7,301,0.8529672026634216,0.8649082183837891
Bearing1_7,302,0.8525243401527405,0.8676608800888062
Bearing1_7,303,0.8520814776420593,0.8696619868278503
Bearing1_7,304,0.8516386151313782,0.8717508316040039
Bearing1_7,305,0.851195752620697,0.873580813407898
Bearing1_7,306,0.8507528901100159,0.8752486705780029
Bearing1_7,307,0.8503100275993347,0.8750406503677368
Bearing1_7,308,0.8498671650886536,0.8764395713806152
Bearing1_7,309,0.8494242429733276,0.8759291768074036
Bearing1_7,310,0.8489813804626465,0.8776077032089233
Bearing1_7,311,0.8485385179519653,0.8802002668380737
Bearing1_7,312,0.8480956554412842,0.8821592926979065
Bearing1_7,313,0.847652792930603,0.8807082772254944
Bearing1_7,314,0.8472099304199219,0.8862029314041138
Bearing1_7,315,0.8467670679092407,0.8917580246925354
Bearing1_7,316,0.8463242053985596,0.8951031565666199
Bearing1_7,317,0.8458812832832336,0.8907233476638794
Bearing1_7,318,0.8454384207725525,0.8920778632164001
Bearing1_7,319,0.8449955582618713,0.8902133107185364
Bearing1_7,320,0.8445526957511902,0.8908416032791138
Bearing1_7,321,0.844109833240509,0.8945291638374329
Bearing1_7,322,0.8436669707298279,0.8942092061042786
Bearing1_7,323,0.8432241082191467,0.8953661918640137
Bearing1_7,324,0.8427812457084656,0.8972983360290527
Bearing1_7,325,0.8423383235931396,0.899966835975647
Bearing1_7,326,0.8418954610824585,0.9008695483207703
Bearing1_7,327,0.8414525985717773,0.8965858817100525
Bearing1_7,328,0.8410097360610962,0.8935678601264954
Bearing1_7,329,0.840566873550415,0.8892630934715271
Bearing1_7,330,0.8401240110397339,0.8887948989868164
Bearing1_7,331,0.8396811485290527,0.8927407264709473
Bearing1_7,332,0.8392382860183716,0.8923607468605042
Bearing1_7,333,0.8387954235076904,0.891459584236145
Bearing1_7,334,0.8383525013923645,0.8908256888389587
Bearing1_7,335,0.8379096388816833,0.8950706124305725
Bearing1_7,336,0.8374667763710022,0.8949973583221436
Bearing1_7,337,0.837023913860321,0.893913745880127
Bearing1_7,338,0.8365810513496399,0.8888978362083435
Bearing1_7,339,0.8361381888389587,0.8919297456741333
Bearing1_7,340,0.8356953263282776,0.8873932957649231
Bearing1_7,341,0.8352524638175964,0.8895783424377441
Bearing1_7,342,0.8348095417022705,0.88620924949646
Bearing1_7,343,0.8343666791915894,0.8854925036430359
Bearing1_7,344,0.8339238166809082,0.884096086025238
Bearing1_7,345,0.833480954170227,0.8854480981826782
Bearing1_7,346,0.8330380916595459,0.8894705176353455
Bearing1_7,347,0.8325952291488647,0.8840288519859314
Bearing1_7,348,0.8321523666381836,0.8813124895095825
Bearing1_7,349,0.8317095041275024,0.8815014958381653
Bearing1_7,350,0.8312665820121765,0.8750837445259094
Bearing1_7,351,0.8308237195014954,0.8738367557525635
Bearing1_7,352,0.8303808569908142,0.8712748289108276
Bearing1_7,353,0.8299379944801331,0.8715119361877441
Bearing1_7,354,0.8294951319694519,0.8612398505210876
Bearing1_7,355,0.8290522694587708,0.8562871813774109
Bearing1_7,356,0.8286094069480896,0.8573690056800842
Bearing1_7,357,0.8281665444374084,0.8583624362945557
Bearing1_7,358,0.8277236223220825,0.8552722930908203
Bearing1_7,359,0.8272807598114014,0.857553243637085
Bearing1_7,360,0.8268378973007202,0.859275221824646
Bearing1_7,361,0.8263950347900391,0.8599903583526611
Bearing1_7,362,0.8259521722793579,0.8600502014160156
Bearing1_7,363,0.8255093097686768,0.8623061180114746
Bearing1_7,364,0.8250664472579956,0.8655156493186951
Bearing1_7,365,0.8246235847473145,0.8651165962219238
Bearing1_7,366,0.8241806626319885,0.8655593991279602
Bearing1_7,367,0.8237378001213074,0.8652251362800598
Bearing1_7,368,0.8232949376106262,0.8687942624092102
Bearing1_7,369,0.8228520750999451,0.866504430770874
Bearing1_7,370,0.8224092125892639,0.8683375716209412
Bearing1_7,371,0.8219663500785828,0.8676705956459045
Bearing1_7,372,0.8215234875679016,0.8665878176689148
Bearing1_7,373,0.8210806250572205,0.8619416952133179
Bearing1_7,374,0.8206377029418945,0.8516446948051453
Bearing1_7,375,0.8201948404312134,0.8547543883323669
Bearing1_7,376,0.8197519779205322,0.8518511652946472
Bearing1_7,377,0.8193091154098511,0.8506208062171936
Bearing1_7,378,0.8188662528991699,0.8448894023895264
Bearing1_7,379,0.8184233903884888,0.8438466787338257
Bearing1_7,380,0.8179805278778076,0.8438214659690857
Bearing1_7,381,0.8175376653671265,0.8424837589263916
Bearing1_7,382,0.8170948028564453,0.844065248966217
Bearing1_7,383,0.8166518807411194,0.8470479249954224
Bearing1_7,384,0.8162090182304382,0.8432595729827881
Bearing1_7,385,0.8157661557197571,0.8503279685974121
Bearing1_7,386,0.8153232932090759,0.8454325199127197
Bearing1_7,387,0.8148804306983948,0.8513641953468323
Bearing1_7,388,0.8144375681877136,0.8490667343139648
Bearing1_7,389,0.8139947056770325,0.8464831113815308
Bearing1_7,390,0.8135518431663513,0.8400768041610718
Bearing1_7,391,0.8131089210510254,0.8377331495285034
Bearing1_7,392,0.8126660585403442,0.8404644727706909
Bearing1_7,393,0.8122231960296631,0.8384253978729248
Bearing1_7,394,0.8117803335189819,0.8350257873535156
Bearing1_7,395,0.8113374710083008,0.8322296738624573
Bearing1_7,396,0.8108946084976196,0.8345521688461304
Bearing1_7,397,0.8104517459869385,0.8290523886680603
Bearing1_7,398,0.8100088834762573,0.8265249133110046
Bearing1_7,399,0.8095659613609314,0.8350063562393188
Bearing1_7,400,0.8091230988502502,0.8376150727272034
Bearing1_7,401,0.8086802363395691,0.8394356369972229
Bearing1_7,402,0.8082373738288879,0.8373392820358276
Bearing1_7,403,0.8077945113182068,0.8356463313102722
Bearing1_7,404,0.8073516488075256,0.8394350409507751
Bearing1_7,405,0.8069087862968445,0.8342601656913757
Bearing1_7,406,0.8064659237861633,0.8441542387008667
Bearing1_7,407,0.8060230016708374,0.8408367037773132
Bearing1_7,408,0.8055801391601562,0.8477718830108643
Bearing1_7,409,0.8051372766494751,0.8498640060424805
Bearing1_7,410,0.804694414138794,0.848435640335083
Bearing1_7,411,0.8042515516281128,0.8462491631507874
Bearing1_7,412,0.8038086891174316,0.8496637940406799
Bearing1_7,413,0.8033658266067505,0.8456373810768127
Bearing1_7,414,0.8029229640960693,0.8462033867835999
Bearing1_7,415,0.8024800419807434,0.8355234861373901
Bearing1_7,416,0.8020371794700623,0.8352759480476379
Bearing1_7,417,0.8015943169593811,0.8368673920631409
Bearing1_7,418,0.8011514544487,0.8443625569343567
Bearing1_7,419,0.8007085919380188,0.8334256410598755
Bearing1_7,420,0.8002657294273376,0.8348735570907593
Bearing1_7,421,0.7998228669166565,0.8385080099105835
Bearing1_7,422,0.7993800044059753,0.8425293564796448
Bearing1_7,423,0.7989371418952942,0.8405362367630005
Bearing1_7,424,0.7984942197799683,0.8366380333900452
Bearing1_7,425,0.7980513572692871,0.8378608822822571
Bearing1_7,426,0.797608494758606,0.8374671936035156
Bearing1_7,427,0.7971656322479248,0.8343855738639832
Bearing1_7,428,0.7967227697372437,0.8402647376060486
Bearing1_7,429,0.7962799072265625,0.8452726006507874
Bearing1_7,430,0.7958370447158813,0.8448002338409424
Bearing1_7,431,0.7953941822052002,0.8428505063056946
Bearing1_7,432,0.7949512600898743,0.8423678874969482
Bearing1_7,433,0.7945083975791931,0.8463308811187744
Bearing1_7,434,0.794065535068512,0.8495664596557617
Bearing1_7,435,0.7936226725578308,0.8519319295883179
Bearing1_7,436,0.7931798100471497,0.8532136678695679
Bearing1_7,437,0.7927369475364685,0.8570582270622253
Bearing1_7,438,0.7922940850257874,0.8591386079788208
Bearing1_7,439,0.7918512225151062,0.8617402911186218
Bearing1_7,440,0.7914083003997803,0.8597351908683777
Bearing1_7,441,0.7909654378890991,0.8648978471755981
Bearing1_7,442,0.790522575378418,0.864835262298584
Bearing1_7,443,0.7900797128677368,0.8705776929855347
Bearing1_7,444,0.7896368503570557,0.879421591758728
Bearing1_7,445,0.7891939878463745,0.8812358975410461
Bearing1_7,446,0.7887511253356934,0.885636568069458
Bearing1_7,447,0.7883082628250122,0.8917127847671509
Bearing1_7,448,0.7878653407096863,0.8939007520675659
Bearing1_7,449,0.7874224781990051,0.8962944746017456
Bearing1_7,450,0.786979615688324,0.8970291018486023
Bearing1_7,451,0.7865367531776428,0.9033420085906982
Bearing1_7,452,0.7860938906669617,0.9030445218086243
Bearing1_7,453,0.7856510281562805,0.9028617143630981
Bearing1_7,454,0.7852081656455994,0.900321900844574
Bearing1_7,455,0.7847653031349182,0.8957441449165344
Bearing1_7,456,0.7843223810195923,0.8950099945068359
Bearing1_7,457,0.7838795185089111,0.8930813074111938
Bearing1_7,458,0.78343665599823,0.8889038562774658
Bearing1_7,459,0.7829937934875488,0.890067458152771
Bearing1_7,460,0.7825509309768677,0.8782042860984802
Bearing1_7,461,0.7821080684661865,0.8801294565200806
Bearing1_7,462,0.7816652059555054,0.8781030774116516
Bearing1_7,463,0.7812223434448242,0.8696185946464539
Bearing1_7,464,0.7807794213294983,0.864932119846344
Bearing1_7,465,0.7803365588188171,0.8572263717651367
Bearing1_7,466,0.779893696308136,0.8583829402923584
Bearing1_7,467,0.7794508337974548,0.8489684462547302
Bearing1_7,468,0.7790079712867737,0.8432695269584656
Bearing1_7,469,0.7785651087760925,0.8303441405296326
Bearing1_7,470,0.7781222462654114,0.8173762559890747
Bearing1_7,471,0.7776793837547302,0.8061070442199707
Bearing1_7,472,0.7772365212440491,0.8029962778091431
Bearing1_7,473,0.7767935991287231,0.7957727909088135
Bearing1_7,474,0.776350736618042,0.7894644141197205
Bearing1_7,475,0.7759078741073608,0.7865574359893799
Bearing1_7,476,0.7754650115966797,0.7818399667739868
Bearing1_7,477,0.7750221490859985,0.7739391922950745
Bearing1_7,478,0.7745792865753174,0.7714852094650269
Bearing1_7,479,0.7741364240646362,0.7690358757972717
Bearing1_7,480,0.7736935615539551,0.7673549652099609
Bearing1_7,481,0.7732506394386292,0.7658896446228027
Bearing1_7,482,0.772807776927948,0.7642895579338074
Bearing1_7,483,0.7723649144172668,0.7653715014457703
Bearing1_7,484,0.7719220519065857,0.7652356624603271
Bearing1_7,485,0.7714791893959045,0.7695648670196533
Bearing1_7,486,0.7710363268852234,0.775790810585022
Bearing1_7,487,0.7705934643745422,0.7789753079414368
Bearing1_7,488,0.7701506018638611,0.781089186668396
Bearing1_7,489,0.7697076797485352,0.7838934659957886
Bearing1_7,490,0.769264817237854,0.7928420305252075
Bearing1_7,491,0.7688219547271729,0.796739399433136
Bearing1_7,492,0.7683790922164917,0.8008230924606323
Bearing1_7,493,0.7679362297058105,0.8066384792327881
Bearing1_7,494,0.7674933671951294,0.809349000453949
Bearing1_7,495,0.7670505046844482,0.8114544749259949
Bearing1_7,496,0.7666076421737671,0.8161429762840271
Bearing1_7,497,0.7661647200584412,0.8123904466629028
Bearing1_7,498,0.76572185754776,0.8115859627723694
Bearing1_7,499,0.7652789950370789,0.8122944831848145
Bearing1_7,500,0.7648361325263977,0.8131969571113586
Bearing1_7,501,0.7643932700157166,0.8149374723434448
Bearing1_7,502,0.7639504075050354,0.8153075575828552
Bearing1_7,503,0.7635075449943542,0.8106380105018616
Bearing1_7,504,0.7630646824836731,0.8026561737060547
Bearing1_7,505,0.7626217603683472,0.7993572354316711
Bearing1_7,506,0.762178897857666,0.7955067157745361
Bearing1_7,507,0.7617360353469849,0.7888975739479065
Bearing1_7,508,0.7612931728363037,0.783191978931427
Bearing1_7,509,0.7608503103256226,0.779308021068573
Bearing1_7,510,0.7604074478149414,0.77500319480896
Bearing1_7,511,0.7599645853042603,0.7694927453994751
Bearing1_7,512,0.7595217227935791,0.7758978009223938
Bearing1_7,513,0.759078860282898,0.7753202319145203
Bearing1_7,514,0.758635938167572,0.7771815061569214
Bearing1_7,515,0.7581930756568909,0.7753685116767883
Bearing1_7,516,0.7577502131462097,0.7714183330535889
Bearing1_7,517,0.7573073506355286,0.7686673402786255
Bearing1_7,518,0.7568644881248474,0.7600297331809998
Bearing1_7,519,0.7564216256141663,0.7603740096092224
Bearing1_7,520,0.7559787631034851,0.7555144429206848
Bearing1_7,521,0.755535900592804,0.7475559711456299
Bearing1_7,522,0.755092978477478,0.7382371425628662
Bearing1_7,523,0.7546501159667969,0.7391878366470337
Bearing1_7,524,0.7542072534561157,0.7439017295837402
Bearing1_7,525,0.7537643909454346,0.7438100576400757
Bearing1_7,526,0.7533215284347534,0.7482632398605347
Bearing1_7,527,0.7528786659240723,0.750335156917572
Bearing1_7,528,0.7524358034133911,0.7520358562469482
Bearing1_7,529,0.75199294090271,0.7554861307144165
Bearing1_7,530,0.751550018787384,0.7553434371948242
Bearing1_7,531,0.7511071562767029,0.759030818939209
Bearing1_7,532,0.7506642937660217,0.7601621150970459
Bearing1_7,533,0.7502214312553406,0.7603422403335571
Bearing1_7,534,0.7497785687446594,0.7653951048851013
Bearing1_7,535,0.7493357062339783,0.7708954215049744
Bearing1_7,536,0.7488928437232971,0.7654152512550354
Bearing1_7,537,0.748449981212616,0.770900547504425
Bearing1_7,538,0.74800705909729,0.7732290625572205
Bearing1_7,539,0.7475641965866089,0.7752048969268799
Bearing1_7,540,0.7471213340759277,0.7791750431060791
Bearing1_7,541,0.7466784715652466,0.7800073623657227
Bearing1_7,542,0.7462356090545654,0.7795881032943726
Bearing1_7,543,0.7457927465438843,0.7849737405776978
Bearing1_7,544,0.7453498840332031,0.787516176700592
Bearing1_7,545,0.744907021522522,0.7859095931053162
Bearing1_7,546,0.744464099407196,0.788075864315033
Bearing1_7,547,0.7440212368965149,0.7940590381622314
Bearing1_7,548,0.7435783743858337,0.7971989512443542
Bearing1_7,549,0.7431355118751526,0.7999262809753418
Bearing1_7,550,0.7426926493644714,0.8011734485626221
Bearing1_7,551,0.7422497868537903,0.8024342656135559
Bearing1_7,552,0.7418069243431091,0.8048934936523438
Bearing1_7,553,0.741364061832428,0.8077675700187683
Bearing1_7,554,0.740921139717102,0.8068477511405945
Bearing1_7,555,0.7404782772064209,0.8037489652633667
Bearing1_7,556,0.7400354146957397,0.7960423231124878
Bearing1_7,557,0.7395925521850586,0.7889076471328735
Bearing1_7,558,0.7391496896743774,0.7820061445236206
Bearing1_7,559,0.7387068271636963,0.77190762758255
Bearing1_7,560,0.7382639646530151,0.76784348487854
Bearing1_7,561,0.737821102142334,0.7647682428359985
Bearing1_7,562,0.7373782396316528,0.7604233026504517
Bearing1_7,563,0.7369353175163269,0.7593844532966614
Bearing1_7,564,0.7364924550056458,0.7595378756523132
Bearing1_7,565,0.7360495924949646,0.7565915584564209
Bearing1_7,566,0.7356067299842834,0.7507458329200745
Bearing1_7,567,0.7351638674736023,0.7468963265419006
Bearing1_7,568,0.7347210049629211,0.7486448287963867
Bearing1_7,569,0.73427814245224,0.7393604516983032
Bearing1_7,570,0.7338352799415588,0.7337051033973694
Bearing1_7,571,0.7333923578262329,0.7272944450378418
Bearing1_7,572,0.7329494953155518,0.7187660336494446
Bearing1_7,573,0.7325066328048706,0.7149926424026489
Bearing1_7,574,0.7320637702941895,0.7080451846122742
Bearing1_7,575,0.7316209077835083,0.6966370344161987
Bearing1_7,576,0.7311780452728271,0.6837730407714844
Bearing1_7,577,0.730735182762146,0.6825867891311646
Bearing1_7,578,0.7302923202514648,0.6831331849098206
Bearing1_7,579,0.7298493981361389,0.6778385043144226
Bearing1_7,580,0.7294065356254578,0.6764697432518005
Bearing1_7,581,0.7289636731147766,0.6766030192375183
Bearing1_7,582,0.7285208106040955,0.6790164113044739
Bearing1_7,583,0.7280779480934143,0.6780758500099182
Bearing1_7,584,0.7276350855827332,0.6813369393348694
Bearing1_7,585,0.727192223072052,0.6843023896217346
Bearing1_7,586,0.7267493605613708,0.6862150430679321
Bearing1_7,587,0.7263064384460449,0.689494788646698
Bearing1_7,588,0.7258635759353638,0.6908252835273743
Bearing1_7,589,0.7254207134246826,0.6988956928253174
Bearing1_7,590,0.7249778509140015,0.7061799168586731
Bearing1_7,591,0.7245349884033203,0.7110946178436279
Bearing1_7,592,0.7240921258926392,0.7058234214782715
Bearing1_7,593,0.723649263381958,0.710625946521759
Bearing1_7,594,0.7232064008712769,0.7105682492256165
Bearing1_7,595,0.7227634787559509,0.7109959721565247
Bearing1_7,596,0.7223206162452698,0.7092863917350769
Bearing1_7,597,0.7218777537345886,0.7111592292785645
Bearing1_7,598,0.7214348912239075,0.7119637131690979
Bearing1_7,599,0.7209920287132263,0.7151200175285339
Bearing1_7,600,0.7205491662025452,0.7184737920761108
Bearing1_7,601,0.720106303691864,0.7214822769165039
Bearing1_7,602,0.7196634411811829,0.7198027968406677
Bearing1_7,603,0.7192205786705017,0.7176327705383301
Bearing1_7,604,0.7187776565551758,0.7171179056167603
Bearing1_7,605,0.7183347940444946,0.7120960354804993
Bearing1_7,606,0.7178919315338135,0.7080303430557251
Bearing1_7,607,0.7174490690231323,0.7076270580291748
Bearing1_7,608,0.7170062065124512,0.7108210921287537
Bearing1_7,609,0.71656334400177,0.7115030884742737
Bearing1_7,610,0.7161204814910889,0.7045507431030273
Bearing1_7,611,0.7156776189804077,0.707309901714325
Bearing1_7,612,0.7152346968650818,0.7000131607055664
Bearing1_7,613,0.7147918343544006,0.694804847240448
Bearing1_7,614,0.7143489718437195,0.69245845079422
Bearing1_7,615,0.7139061093330383,0.6886577010154724
Bearing1_7,616,0.7134632468223572,0.6898983716964722
Bearing1_7,617,0.713020384311676,0.6826955676078796
Bearing1_7,618,0.7125775218009949,0.6848276257514954
Bearing1_7,619,0.7121346592903137,0.6907912492752075
Bearing1_7,620,0.7116917371749878,0.6962589025497437
Bearing1_7,621,0.7112488746643066,0.6957123279571533
Bearing1_7,622,0.7108060121536255,0.6944324374198914
Bearing1_7,623,0.7103631496429443,0.6963507533073425
Bearing1_7,624,0.7099202871322632,0.7015300393104553
Bearing1_7,625,0.709477424621582,0.7020049095153809
Bearing1_7,626,0.7090345621109009,0.7020740509033203
Bearing1_7,627,0.7085916996002197,0.7067765593528748
Bearing1_7,628,0.7081487774848938,0.7108070254325867
Bearing1_7,629,0.7077059149742126,0.7140441536903381
Bearing1_7,630,0.7072630524635315,0.7152134776115417
Bearing1_7,631,0.7068201899528503,0.7149289846420288
Bearing1_7,632,0.7063773274421692,0.7154895663261414
Bearing1_7,633,0.705934464931488,0.7176944017410278
Bearing1_7,634,0.7054916024208069,0.7171405553817749
Bearing1_7,635,0.7050487399101257,0.7177565097808838
Bearing1_7,636,0.7046058177947998,0.7163934707641602
Bearing1_7,637,0.7041629552841187,0.7146857380867004
Bearing1_7,638,0.7037200927734375,0.7183826565742493
Bearing1_7,639,0.7032772302627563,0.718084990978241
Bearing1_7,640,0.7028343677520752,0.7214241623878479
Bearing1_7,641,0.702391505241394,0.7191863059997559
Bearing1_7,642,0.7019486427307129,0.7257013916969299
Bearing1_7,643,0.7015057802200317,0.728216290473938
Bearing1_7,644,0.7010628581047058,0.7325297594070435
Bearing1_7,645,0.7006199955940247,0.7390432357788086
Bearing1_7,646,0.7001771330833435,0.7432527542114258
Bearing1_7,647,0.6997342705726624,0.7490673065185547
Bearing1_7,648,0.6992914080619812,0.746630847454071
Bearing1_7,649,0.6988485455513,0.7562190890312195
Bearing1_7,650,0.6984056830406189,0.7584083676338196
Bearing1_7,651,0.6979628205299377,0.755013644695282
Bearing1_7,652,0.6975199580192566,0.7536554336547852
Bearing1_7,653,0.6970770359039307,0.7570345997810364
Bearing1_7,654,0.6966341733932495,0.7586259245872498
Bearing1_7,655,0.6961913108825684,0.7613258361816406
Bearing1_7,656,0.6957484483718872,0.7641944885253906
Bearing1_7,657,0.695305585861206,0.7577047348022461
Bearing1_7,658,0.6948627233505249,0.7549239993095398
Bearing1_7,659,0.6944198608398438,0.7533400654792786
Bearing1_7,660,0.6939769983291626,0.7519679069519043
Bearing1_7,661,0.6935340762138367,0.7554982304573059
Bearing1_7,662,0.6930912137031555,0.7541874051094055
Bearing1_7,663,0.6926483511924744,0.7541502714157104
Bearing1_7,664,0.6922054886817932,0.7522913813591003
Bearing1_7,665,0.6917626261711121,0.7469820976257324
Bearing1_7,666,0.6913197636604309,0.7533159255981445
Bearing1_7,667,0.6908769011497498,0.7541037201881409
Bearing1_7,668,0.6904340386390686,0.756377100944519
Bearing1_7,669,0.6899911165237427,0.7579401135444641
Bearing1_7,670,0.6895482540130615,0.7527772784233093
Bearing1_7,671,0.6891053915023804,0.7557486891746521
Bearing1_7,672,0.6886625289916992,0.7538536787033081
Bearing1_7,673,0.6882196664810181,0.7585265040397644
Bearing1_7,674,0.6877768039703369,0.7574359178543091
Bearing1_7,675,0.6873339414596558,0.7583808898925781
Bearing1_7,676,0.6868910789489746,0.76360023021698
Bearing1_7,677,0.6864481568336487,0.7653053998947144
Bearing1_7,678,0.6860052943229675,0.768345832824707
Bearing1_7,679,0.6855624318122864,0.768953263759613
Bearing1_7,680,0.6851195693016052,0.7704421281814575
Bearing1_7,681,0.6846767067909241,0.7741766571998596
Bearing1_7,682,0.6842338442802429,0.7758249640464783
Bearing1_7,683,0.6837909817695618,0.780326783657074
Bearing1_7,684,0.6833481192588806,0.7792739272117615
Bearing1_7,685,0.6829051971435547,0.7824791669845581
Bearing1_7,686,0.6824623346328735,0.7854666113853455
Bearing1_7,687,0.6820194721221924,0.7812830805778503
Bearing1_7,688,0.6815766096115112,0.7801637053489685
Bearing1_7,689,0.6811337471008301,0.7845200896263123
Bearing1_7,690,0.6806908845901489,0.782295823097229
Bearing1_7,691,0.6802480220794678,0.7789981365203857
Bearing1_7,692,0.6798051595687866,0.7816365361213684
Bearing1_7,693,0.6793622970581055,0.7837559580802917
Bearing1_7,694,0.6789193749427795,0.7841882109642029
Bearing1_7,695,0.6784765124320984,0.7886204719543457
Bearing1_7,696,0.6780336499214172,0.7842012047767639
Bearing1_7,697,0.6775907874107361,0.7889054417610168
Bearing1_7,698,0.6771479249000549,0.7791152596473694
Bearing1_7,699,0.6767050623893738,0.7772902250289917
Bearing1_7,700,0.6762621998786926,0.7739914655685425
Bearing1_7,701,0.6758193373680115,0.7744965553283691
Bearing1_7,702,0.6753764152526855,0.7736250758171082
Bearing1_7,703,0.6749335527420044,0.7756000757217407
Bearing1_7,704,0.6744906902313232,0.7743398547172546
Bearing1_7,705,0.6740478277206421,0.7714341878890991
Bearing1_7,706,0.6736049652099609,0.7738199234008789
Bearing1_7,707,0.6731621026992798,0.7686998844146729
Bearing1_7,708,0.6727192401885986,0.7628030776977539
Bearing1_7,709,0.6722763776779175,0.7607590556144714
Bearing1_7,710,0.6718334555625916,0.7632430195808411
Bearing1_7,711,0.6713905930519104,0.7625306844711304
Bearing1_7,712,0.6709477305412292,0.7623383402824402
Bearing1_7,713,0.6705048680305481,0.7584251165390015
Bearing1_7,714,0.6700620055198669,0.7587470412254333
Bearing1_7,715,0.6696191430091858,0.7554810047149658
Bearing1_7,716,0.6691762804985046,0.7548089027404785
Bearing1_7,717,0.6687334179878235,0.7505831122398376
Bearing1_7,718,0.6682904958724976,0.7473474740982056
Bearing1_7,719,0.6678476333618164,0.7446699738502502
Bearing1_7,720,0.6674047708511353,0.7426879405975342
Bearing1_7,721,0.6669619083404541,0.7382073998451233
Bearing1_7,722,0.666519045829773,0.7442516088485718
Bearing1_7,723,0.6660761833190918,0.7387115955352783
Bearing1_7,724,0.6656333208084106,0.7347307205200195
Bearing1_7,725,0.6651904582977295,0.7301145195960999
Bearing1_7,726,0.6647475361824036,0.7266645431518555
Bearing1_7,727,0.6643046736717224,0.7244989275932312
Bearing1_7,728,0.6638618111610413,0.7192034125328064
Bearing1_7,729,0.6634189486503601,0.7156854867935181
Bearing1_7,730,0.662976086139679,0.712865948677063
Bearing1_7,731,0.6625332236289978,0.7103214263916016
Bearing1_7,732,0.6620903611183167,0.7015044093132019
Bearing1_7,733,0.6616474986076355,0.70086270570755
Bearing1_7,734,0.6612045764923096,0.6984877586364746
Bearing1_7,735,0.6607617139816284,0.6894621253013611
Bearing1_7,736,0.6603188514709473,0.6834793090820312
Bearing1_7,737,0.6598759889602661,0.681563138961792
Bearing1_7,738,0.659433126449585,0.6763553023338318
Bearing1_7,739,0.6589902639389038,0.6753740906715393
Bearing1_7,740,0.6585474014282227,0.6729089021682739
Bearing1_7,741,0.6581045389175415,0.6715654134750366
Bearing1_7,742,0.6576616764068604,0.6671807765960693
Bearing1_7,743,0.6572187542915344,0.6706852912902832
Bearing1_7,744,0.6567758917808533,0.6732809543609619
Bearing1_7,745,0.6563330292701721,0.6749040484428406
Bearing1_7,746,0.655890166759491,0.6761296987533569
Bearing1_7,747,0.6554473042488098,0.6799742579460144
Bearing1_7,748,0.6550044417381287,0.6807090640068054
Bearing1_7,749,0.6545615792274475,0.6849560141563416
Bearing1_7,750,0.6541187167167664,0.6889869570732117
Bearing1_7,751,0.6536757946014404,0.6926568746566772
Bearing1_7,752,0.6532329320907593,0.6959793567657471
Bearing1_7,753,0.6527900695800781,0.6941031217575073
Bearing1_7,754,0.652347207069397,0.6929296255111694
Bearing1_7,755,0.6519043445587158,0.6992420554161072
Bearing1_7,756,0.6514614820480347,0.698825478553772
Bearing1_7,757,0.6510186195373535,0.6970842480659485
Bearing1_7,758,0.6505757570266724,0.7034112811088562
Bearing1_7,759,0.6501328349113464,0.707743763923645
Bearing1_7,760,0.6496899724006653,0.7091383337974548
Bearing1_7,761,0.6492471098899841,0.710931658744812
Bearing1_7,762,0.648804247379303,0.7167647480964661
Bearing1_7,763,0.6483613848686218,0.7175639867782593
Bearing1_7,764,0.6479185223579407,0.7221269607543945
Bearing1_7,765,0.6474756598472595,0.7199439406394958
Bearing1_7,766,0.6470327973365784,0.7209655046463013
Bearing1_7,767,0.6465898752212524,0.7202222943305969
Bearing1_7,768,0.6461470127105713,0.7227739691734314
Bearing1_7,769,0.6457041501998901,0.7222012877464294
Bearing1_7,770,0.645261287689209,0.7225248217582703
Bearing1_7,771,0.6448184251785278,0.721777617931366
Bearing1_7,772,0.6443755626678467,0.7209399938583374
Bearing1_7,773,0.6439327001571655,0.7245507836341858
Bearing1_7,774,0.6434898376464844,0.7214586734771729
Bearing1_7,775,0.6430469155311584,0.7225537896156311
Bearing1_7,776,0.6426040530204773,0.7227250933647156
Bearing1_7,777,0.6421611905097961,0.7208839058876038
Bearing1_7,778,0.641718327999115,0.7225174307823181
Bearing1_7,779,0.6412754654884338,0.7213382124900818
Bearing1_7,780,0.6408326029777527,0.7238982319831848
Bearing1_7,781,0.6403897404670715,0.7252990007400513
Bearing1_7,782,0.6399468779563904,0.7248982787132263
Bearing1_7,783,0.6395040154457092,0.7272666692733765
Bearing1_7,784,0.6390610933303833,0.7215399742126465
Bearing1_7,785,0.6386182308197021,0.7225675582885742
Bearing1_7,786,0.638175368309021,0.7251195311546326
Bearing1_7,787,0.6377325057983398,0.7219024896621704
Bearing1_7,788,0.6372896432876587,0.722826361656189
Bearing1_7,789,0.6368467807769775,0.7221288084983826
Bearing1_7,790,0.6364039182662964,0.7156402468681335
Bearing1_7,791,0.6359610557556152,0.7118157744407654
Bearing1_7,792,0.6355181336402893,0.7127891182899475
Bearing1_7,793,0.6350752711296082,0.7156640291213989
Bearing1_7,794,0.634632408618927,0.7120974063873291
Bearing1_7,795,0.6341895461082458,0.712504506111145
Bearing1_7,796,0.6337466835975647,0.7121610641479492
Bearing1_7,797,0.6333038210868835,0.7130692601203918
Bearing1_7,798,0.6328609585762024,0.7103999257087708
Bearing1_7,799,0.6324180960655212,0.7080574035644531
Bearing1_7,800,0.6319751739501953,0.7028831243515015
Bearing1_7,801,0.6315323114395142,0.703434944152832
Bearing1_7,802,0.631089448928833,0.700289249420166
Bearing1_7,803,0.6306465864181519,0.6994472742080688
Bearing1_7,804,0.6302037239074707,0.6964697241783142
Bearing1_7,805,0.6297608613967896,0.6919243931770325
Bearing1_7,806,0.6293179988861084,0.690394937992096
Bearing1_7,807,0.6288751363754272,0.6894791722297668
Bearing1_7,808,0.6284322142601013,0.6966966390609741
Bearing1_7,809,0.6279893517494202,0.7008298635482788
Bearing1_7,810,0.627546489238739,0.6996259689331055
Bearing1_7,811,0.6271036267280579,0.6966857314109802
Bearing1_7,812,0.6266607642173767,0.692634642124176
Bearing1_7,813,0.6262179017066956,0.6901010870933533
Bearing1_7,814,0.6257750391960144,0.6921584606170654
Bearing1_7,815,0.6253321766853333,0.6983430981636047
Bearing1_7,816,0.6248892545700073,0.7065584063529968
Bearing1_7,817,0.6244463920593262,0.7046506404876709
Bearing1_7,818,0.624003529548645,0.698957085609436
Bearing1_7,819,0.6235606670379639,0.7061034440994263
Bearing1_7,820,0.6231178045272827,0.7046985030174255
Bearing1_7,821,0.6226749420166016,0.7052361965179443
Bearing1_7,822,0.6222320795059204,0.7049689888954163
Bearing1_7,823,0.6217892169952393,0.7006943821907043
Bearing1_7,824,0.6213462948799133,0.6967753767967224
Bearing1_7,825,0.6209034323692322,0.685796856880188
Bearing1_7,826,0.620460569858551,0.6829913258552551
Bearing1_7,827,0.6200177073478699,0.6798580288887024
Bearing1_7,828,0.6195748448371887,0.6792169809341431
Bearing1_7,829,0.6191319823265076,0.6789162158966064
Bearing1_7,830,0.6186891198158264,0.6758639216423035
Bearing1_7,831,0.6182462573051453,0.6799795627593994
Bearing1_7,832,0.6178033947944641,0.682196855545044
Bearing1_7,833,0.6173604726791382,0.6744439005851746
Bearing1_7,834,0.616917610168457,0.6728079319000244
Bearing1_7,835,0.6164747476577759,0.6734675168991089
Bearing1_7,836,0.6160318851470947,0.6737152338027954
Bearing1_7,837,0.6155890226364136,0.6754651069641113
Bearing1_7,838,0.6151461601257324,0.6753111481666565
Bearing1_7,839,0.6147032976150513,0.6725605130195618
Bearing1_7,840,0.6142604351043701,0.6640334129333496
Bearing1_7,841,0.6138175129890442,0.6669455766677856
Bearing1_7,842,0.613374650478363,0.6704333424568176
Bearing1_7,843,0.6129317879676819,0.6739475131034851
Bearing1_7,844,0.6124889254570007,0.6737250089645386
Bearing1_7,845,0.6120460629463196,0.6722519397735596
Bearing1_7,846,0.6116032004356384,0.6724194288253784
Bearing1_7,847,0.6111603379249573,0.663476288318634
Bearing1_7,848,0.6107174754142761,0.6601818799972534
Bearing1_7,849,0.6102745532989502,0.660001277923584
Bearing1_7,850,0.609831690788269,0.6547163128852844
Bearing1_7,851,0.6093888282775879,0.6543477177619934
Bearing1_7,852,0.6089459657669067,0.6533093452453613
Bearing1_7,853,0.6085031032562256,0.6511756777763367
Bearing1_7,854,0.6080602407455444,0.6488500237464905
Bearing1_7,855,0.6076173782348633,0.6453803777694702
Bearing1_7,856,0.6071745157241821,0.6457579731941223
Bearing1_7,857,0.6067315936088562,0.6495620608329773
Bearing1_7,858,0.606288731098175,0.6479769349098206
Bearing1_7,859,0.6058458685874939,0.6427162885665894
Bearing1_7,860,0.6054030060768127,0.6387602090835571
Bearing1_7,861,0.6049601435661316,0.6337233781814575
Bearing1_7,862,0.6045172810554504,0.6322320103645325
Bearing1_7,863,0.6040744185447693,0.6222198605537415
Bearing1_7,864,0.6036315560340881,0.6211999654769897
Bearing1_7,865,0.6031886339187622,0.6245669722557068
Bearing1_7,866,0.602745771408081,0.6265624165534973
Bearing1_7,867,0.6023029088973999,0.620574414730072
Bearing1_7,868,0.6018600463867188,0.6178183555603027
Bearing1_7,869,0.6014171838760376,0.615448534488678
Bearing1_7,870,0.6009743213653564,0.619657576084137
Bearing1_7,871,0.6005314588546753,0.6236172318458557
Bearing1_7,872,0.6000885963439941,0.6254087090492249
Bearing1_7,873,0.599645733833313,0.6271778345108032
Bearing1_7,874,0.5992028117179871,0.626423180103302
Bearing1_7,875,0.5987599492073059,0.6265182495117188
Bearing1_7,876,0.5983170866966248,0.6299386024475098
Bearing1_7,877,0.5978742241859436,0.6280819773674011
Bearing1_7,878,0.5974313616752625,0.6263552308082581
Bearing1_7,879,0.5969884991645813,0.6286171078681946
Bearing1_7,880,0.5965456366539001,0.627154529094696
Bearing1_7,881,0.596102774143219,0.6254206299781799
Bearing1_7,882,0.5956598520278931,0.6282598376274109
Bearing1_7,883,0.5952169895172119,0.6244073510169983
Bearing1_7,884,0.5947741270065308,0.6302708983421326
Bearing1_7,885,0.5943312644958496,0.6282493472099304
Bearing1_7,886,0.5938884019851685,0.6244770288467407
Bearing1_7,887,0.5934455394744873,0.6249452233314514
Bearing1_7,888,0.5930026769638062,0.6174854636192322
Bearing1_7,889,0.592559814453125,0.6117233633995056
Bearing1_7,890,0.5921168923377991,0.6093953847885132
Bearing1_7,891,0.5916740298271179,0.6082376837730408
Bearing1_7,892,0.5912311673164368,0.6041184067726135
Bearing1_7,893,0.5907883048057556,0.6041615605354309
Bearing1_7,894,0.5903454422950745,0.6053284406661987
Bearing1_7,895,0.5899025797843933,0.6065767407417297
Bearing1_7,896,0.5894597172737122,0.6098417043685913
Bearing1_7,897,0.589016854763031,0.6124999523162842
Bearing1_7,898,0.5885739326477051,0.6119504570960999
Bearing1_7,899,0.5881310701370239,0.6129447221755981
Bearing1_7,900,0.5876882076263428,0.6158973574638367
Bearing1_7,901,0.5872453451156616,0.6149016618728638
Bearing1_7,902,0.5868024826049805,0.6199830174446106
Bearing1_7,903,0.5863596200942993,0.6197579503059387
Bearing1_7,904,0.5859167575836182,0.6234673857688904
Bearing1_7,905,0.585473895072937,0.6267110705375671
Bearing1_7,906,0.5850309729576111,0.6268835067749023
Bearing1_7,907,0.5845881104469299,0.627390444278717
Bearing1_7,908,0.5841452479362488,0.6259893774986267
Bearing1_7,909,0.5837023854255676,0.6258366703987122
Bearing1_7,910,0.5832595229148865,0.6274170279502869
Bearing1_7,911,0.5828166604042053,0.6255844235420227
Bearing1_7,912,0.5823737978935242,0.6227871179580688
Bearing1_7,913,0.581930935382843,0.6222686767578125
Bearing1_7,914,0.5814880132675171,0.6212096214294434
Bearing1_7,915,0.5810451507568359,0.6169641613960266
Bearing1_7,916,0.5806022882461548,0.6143730878829956
Bearing1_7,917,0.5801594257354736,0.6125181913375854
Bearing1_7,918,0.5797165632247925,0.6089317202568054
Bearing1_7,919,0.5792737007141113,0.6066188812255859
Bearing1_7,920,0.5788308382034302,0.6033986210823059
Bearing1_7,921,0.578387975692749,0.6040939092636108
Bearing1_7,922,0.5779451131820679,0.6020164489746094
Bearing1_7,923,0.5775021910667419,0.6007325649261475
Bearing1_7,924,0.5770593285560608,0.5984416604042053
Bearing1_7,925,0.5766164660453796,0.5937272310256958
Bearing1_7,926,0.5761736035346985,0.58316570520401
Bearing1_7,927,0.5757307410240173,0.5686604976654053
Bearing1_7,928,0.5752878785133362,0.5626959204673767
Bearing1_7,929,0.574845016002655,0.5580267906188965
Bearing1_7,930,0.5744021534919739,0.5550254583358765
Bearing1_7,931,0.573959231376648,0.5582530498504639
Bearing1_7,932,0.5735163688659668,0.5561426877975464
Bearing1_7,933,0.5730735063552856,0.5600009560585022
Bearing1_7,934,0.5726306438446045,0.5545696020126343
Bearing1_7,935,0.5721877813339233,0.5493639707565308
Bearing1_7,936,0.5717449188232422,0.5537236332893372
Bearing1_7,937,0.571302056312561,0.555686354637146
Bearing1_7,938,0.5708591938018799,0.561792254447937
Bearing1_7,939,0.570416271686554,0.5602914690971375
Bearing1_7,940,0.5699734091758728,0.5582108497619629
Bearing1_7,941,0.5695305466651917,0.5554717183113098
Bearing1_7,942,0.5690876841545105,0.5507548451423645
Bearing1_7,943,0.5686448216438293,0.5564520955085754
Bearing1_7,944,0.5682019591331482,0.5488444566726685
Bearing1_7,945,0.567759096622467,0.5357704758644104
Bearing1_7,946,0.5673162341117859,0.5249613523483276
Bearing1_7,947,0.56687331199646,0.5232914686203003
Bearing1_7,948,0.5664304494857788,0.5254878997802734
Bearing1_7,949,0.5659875869750977,0.5269325971603394
Bearing1_7,950,0.5655447244644165,0.5288194417953491
Bearing1_7,951,0.5651018619537354,0.5395334362983704
Bearing1_7,952,0.5646589994430542,0.5415131449699402
Bearing1_7,953,0.564216136932373,0.5449643135070801
Bearing1_7,954,0.5637732744216919,0.5422725677490234
Bearing1_7,955,0.563330352306366,0.5456357002258301
Bearing1_7,956,0.5628874897956848,0.552884578704834
Bearing1_7,957,0.5624446272850037,0.5574963688850403
Bearing1_7,958,0.5620017647743225,0.5606850981712341
Bearing1_7,959,0.5615589022636414,0.5658659934997559
Bearing1_7,960,0.5611160397529602,0.575918436050415
Bearing1_7,961,0.560673177242279,0.5771270394325256
Bearing1_7,962,0.5602303147315979,0.5726394653320312
Bearing1_7,963,0.5597874522209167,0.5680968761444092
Bearing1_7,964,0.5593445301055908,0.559585452079773
Bearing1_7,965,0.5589016675949097,0.5623804926872253
Bearing1_7,966,0.5584588050842285,0.5670500993728638
Bearing1_7,967,0.5580159425735474,0.5731275677680969
Bearing1_7,968,0.5575730800628662,0.5777440667152405
Bearing1_7,969,0.5571302175521851,0.5763751864433289
Bearing1_7,970,0.5566873550415039,0.578103244304657
Bearing1_7,971,0.5562444925308228,0.586229681968689
Bearing1_7,972,0.5558015704154968,0.5922514200210571
Bearing1_7,973,0.5553587079048157,0.5920459032058716
Bearing1_7,974,0.5549158453941345,0.5916349291801453
Bearing1_7,975,0.5544729828834534,0.5953308343887329
Bearing1_7,976,0.5540301203727722,0.5963248610496521
Bearing1_7,977,0.5535872578620911,0.5972182154655457
Bearing1_7,978,0.5531443953514099,0.5965793132781982
Bearing1_7,979,0.5527015328407288,0.5963132977485657
Bearing1_7,980,0.5522586107254028,0.5967448353767395
Bearing1_7,981,0.5518157482147217,0.5970842242240906
Bearing1_7,982,0.5513728857040405,0.5997189283370972
Bearing1_7,983,0.5509300231933594,0.5993784666061401
Bearing1_7,984,0.5504871606826782,0.5985048413276672
Bearing1_7,985,0.5500442981719971,0.5959872007369995
Bearing1_7,986,0.5496014356613159,0.5931839346885681
Bearing1_7,987,0.5491585731506348,0.5807109475135803
Bearing1_7,988,0.5487156510353088,0.5726938843727112
Bearing1_7,989,0.5482727885246277,0.5729868412017822
Bearing1_7,990,0.5478299260139465,0.5684491991996765
Bearing1_7,991,0.5473870635032654,0.5663648247718811
Bearing1_7,992,0.5469442009925842,0.5548427700996399
Bearing1_7,993,0.5465013384819031,0.5477510094642639
Bearing1_7,994,0.5460584759712219,0.5509776473045349
Bearing1_7,995,0.5456156134605408,0.5512396693229675
Bearing1_7,996,0.5451726913452148,0.5639111995697021
Bearing1_7,997,0.5447298288345337,0.5328381657600403
Bearing1_7,998,0.5442869663238525,0.5258867144584656
Bearing1_7,999,0.5438441038131714,0.5002214312553406
Bearing1_7,1000,0.5434012413024902,0.47887441515922546
Bearing1_7,1001,0.5429583787918091,0.4880744516849518
Bearing1_7,1002,0.5425155162811279,0.485941618680954
Bearing1_7,1003,0.5420726537704468,0.4627267122268677
Bearing1_7,1004,0.5416297316551208,0.4412630498409271
Bearing1_7,1005,0.5411868691444397,0.4770470857620239
Bearing1_7,1006,0.5407440066337585,0.5024449229240417
Bearing1_7,1007,0.5403011441230774,0.5126263499259949
Bearing1_7,1008,0.5398582816123962,0.5336827635765076
Bearing1_7,1009,0.5394154191017151,0.5306186676025391
Bearing1_7,1010,0.5389725565910339,0.5378724336624146
Bearing1_7,1011,0.5385296940803528,0.5395153760910034
Bearing1_7,1012,0.5380868315696716,0.5342042446136475
Bearing1_7,1013,0.5376439094543457,0.5309730172157288
Bearing1_7,1014,0.5372010469436646,0.5191141366958618
Bearing1_7,1015,0.5367581844329834,0.5147641897201538
Bearing1_7,1016,0.5363153219223022,0.51012122631073
Bearing1_7,1017,0.5358724594116211,0.5128698945045471
Bearing1_7,1018,0.5354295969009399,0.5008003115653992
Bearing1_7,1019,0.5349867343902588,0.5101404786109924
Bearing1_7,1020,0.5345438718795776,0.4949818551540375
Bearing1_7,1021,0.5341009497642517,0.482404887676239
Bearing1_7,1022,0.5336580872535706,0.47892728447914124
Bearing1_7,1023,0.5332152247428894,0.46825215220451355
Bearing1_7,1024,0.5327723622322083,0.46755385398864746
Bearing1_7,1025,0.5323294997215271,0.4682765007019043
Bearing1_7,1026,0.531886637210846,0.45795974135398865
Bearing1_7,1027,0.5314437747001648,0.4525532126426697
Bearing1_7,1028,0.5310009121894836,0.4584107995033264
Bearing1_7,1029,0.5305579900741577,0.46978431940078735
Bearing1_7,1030,0.5301151275634766,0.4752987325191498
Bearing1_7,1031,0.5296722650527954,0.4872897267341614
Bearing1_7,1032,0.5292294025421143,0.4881227910518646
Bearing1_7,1033,0.5287865400314331,0.501417338848114
Bearing1_7,1034,0.528343677520752,0.5082793831825256
Bearing1_7,1035,0.5279008150100708,0.5139922499656677
Bearing1_7,1036,0.5274579524993896,0.5056371688842773
Bearing1_7,1037,0.5270150303840637,0.5070529580116272
Bearing1_7,1038,0.5265721678733826,0.5228381156921387
Bearing1_7,1039,0.5261293053627014,0.43223172426223755
Bearing1_7,1040,0.5256864428520203,0.38136035203933716
Bearing1_7,1041,0.5252435803413391,0.507972240447998
Bearing1_7,1042,0.524800717830658,0.5127437114715576
Bearing1_7,1043,0.5243578553199768,0.5309143662452698
Bearing1_7,1044,0.5239149928092957,0.5422038435935974
Bearing1_7,1045,0.5234720706939697,0.5400847792625427
Bearing1_7,1046,0.5230292081832886,0.5406901240348816
Bearing1_7,1047,0.5225863456726074,0.5335559844970703
Bearing1_7,1048,0.5221434831619263,0.5296682715415955
Bearing1_7,1049,0.5217006206512451,0.5187749862670898
Bearing1_7,1050,0.521257758140564,0.5178722143173218
Bearing1_7,1051,0.5208148956298828,0.5013836622238159
Bearing1_7,1052,0.5203720331192017,0.4786257743835449
Bearing1_7,1053,0.5199291706085205,0.4672970473766327
Bearing1_7,1054,0.5194862484931946,0.45221713185310364
Bearing1_7,1055,0.5190433859825134,0.44215840101242065
Bearing1_7,1056,0.5186005234718323,0.4282650053501129
Bearing1_7,1057,0.5181576609611511,0.4099389910697937
Bearing1_7,1058,0.51771479845047,0.3927222192287445
Bearing1_7,1059,0.5172719359397888,0.3818144202232361
Bearing1_7,1060,0.5168290734291077,0.34982314705848694
Bearing1_7,1061,0.5163862109184265,0.3404242694377899
Bearing1_7,1062,0.5159432888031006,0.3073605000972748
Bearing1_7,1063,0.5155004262924194,0.30336594581604004
Bearing1_7,1064,0.5150575637817383,0.30729106068611145
Bearing1_7,1065,0.5146147012710571,0.2676931321620941
Bearing1_7,1066,0.514171838760376,0.2507580816745758
Bearing1_7,1067,0.5137289762496948,0.24695223569869995
Bearing1_7,1068,0.5132861137390137,0.2398635596036911
Bearing1_7,1069,0.5128432512283325,0.23209775984287262
Bearing1_7,1070,0.5124003291130066,0.22619231045246124
Bearing1_7,1071,0.5119574666023254,0.22466455399990082
Bearing1_7,1072,0.5115146040916443,0.22528451681137085
Bearing1_7,1073,0.5110717415809631,0.22137469053268433
Bearing1_7,1074,0.510628879070282,0.21950386464595795
Bearing1_7,1075,0.5101860165596008,0.2188335359096527
Bearing1_7,1076,0.5097431540489197,0.21183465421199799
Bearing1_7,1077,0.5093002915382385,0.20690664649009705
Bearing1_7,1078,0.5088573694229126,0.20637883245944977
Bearing1_7,1079,0.5084145069122314,0.21109741926193237
Bearing1_7,1080,0.5079716444015503,0.2116694152355194
Bearing1_7,1081,0.5075287818908691,0.2205999791622162
Bearing1_7,1082,0.507085919380188,0.2215743213891983
Bearing1_7,1083,0.5066430568695068,0.24677906930446625
Bearing1_7,1084,0.5062001943588257,0.37703046202659607
Bearing1_7,1085,0.5057573318481445,0.3937290906906128
Bearing1_7,1086,0.5053144097328186,0.40384021401405334
Bearing1_7,1087,0.5048715472221375,0.43698734045028687
Bearing1_7,1088,0.5044286847114563,0.4428081810474396
Bearing1_7,1089,0.5039858222007751,0.49597761034965515
Bearing1_7,1090,0.503542959690094,0.5060681104660034
Bearing1_7,1091,0.5031000971794128,0.4952939748764038
Bearing1_7,1092,0.5026572346687317,0.4914141297340393
Bearing1_7,1093,0.5022143721580505,0.5041854381561279
Bearing1_7,1094,0.5017714500427246,0.5080978870391846
Bearing1_7,1095,0.5013285875320435,0.5083061456680298
Bearing1_7,1096,0.5008857250213623,0.5302346348762512
Bearing1_7,1097,0.5004428625106812,0.551538348197937
Bearing1_7,1098,0.5,0.5534552931785583
Bearing1_7,1099,0.49955713748931885,0.5601394176483154
Bearing1_7,1100,0.4991142749786377,0.5629298686981201
Bearing1_7,1101,0.49867138266563416,0.5718517303466797
Bearing1_7,1102,0.498228520154953,0.582821786403656
Bearing1_7,1103,0.49778565764427185,0.5901006460189819
Bearing1_7,1104,0.4973427951335907,0.5912351608276367
Bearing1_7,1105,0.49689990282058716,0.5896470546722412
Bearing1_7,1106,0.496457040309906,0.5881728529930115
Bearing1_7,1107,0.49601417779922485,0.5843592286109924
Bearing1_7,1108,0.4955713152885437,0.5839716792106628
Bearing1_7,1109,0.49512842297554016,0.5799562335014343
Bearing1_7,1110,0.494685560464859,0.5704867243766785
Bearing1_7,1111,0.49424269795417786,0.5574520230293274
Bearing1_7,1112,0.4937998354434967,0.5551186203956604
Bearing1_7,1113,0.49335694313049316,0.544937014579773
Bearing1_7,1114,0.492914080619812,0.5283190608024597
Bearing1_7,1115,0.49247121810913086,0.5302566885948181
Bearing1_7,1116,0.4920283555984497,0.5296619534492493
Bearing1_7,1117,0.49158546328544617,0.5344428420066833
Bearing1_7,1118,0.491142600774765,0.5354555249214172
Bearing1_7,1119,0.49069973826408386,0.5380526185035706
Bearing1_7,1120,0.4902568757534027,0.5512396693229675
Bearing1_7,1121,0.48981398344039917,0.5424724817276001
Bearing1_7,1122,0.489371120929718,0.542798638343811
Bearing1_7,1123,0.48892825841903687,0.5477126240730286
Bearing1_7,1124,0.4884853959083557,0.5571540594100952
Bearing1_7,1125,0.4880425035953522,0.5616059303283691
Bearing1_7,1126,0.487599641084671,0.5697199702262878
Bearing1_7,1127,0.48715677857398987,0.572537362575531
Bearing1_7,1128,0.4867139160633087,0.5766518712043762
Bearing1_7,1129,0.4862710237503052,0.5814982056617737
Bearing1_7,1130,0.485828161239624,0.5871276259422302
Bearing1_7,1131,0.48538529872894287,0.588116466999054
Bearing1_7,1132,0.4849424362182617,0.5871338248252869
Bearing1_7,1133,0.4844995439052582,0.5828309059143066
Bearing1_7,1134,0.484056681394577,0.5690792202949524
Bearing1_7,1135,0.4836138188838959,0.555836021900177
Bearing1_7,1136,0.4831709563732147,0.5293548703193665
Bearing1_7,1137,0.4827280640602112,0.5236244201660156
Bearing1_7,1138,0.48228520154953003,0.5022384524345398
Bearing1_7,1139,0.4818423390388489,0.4797353446483612
Bearing1_7,1140,0.4813994765281677,0.46033623814582825
Bearing1_7,1141,0.4809565842151642,0.43463554978370667
Bearing1_7,1142,0.48051372170448303,0.41723331809043884
Bearing1_7,1143,0.4800708591938019,0.39860981702804565
Bearing1_7,1144,0.4796279966831207,0.3711671531200409
Bearing1_7,1145,0.4791851341724396,0.35646724700927734
Bearing1_7,1146,0.47874224185943604,0.3504549562931061
Bearing1_7,1147,0.4782993793487549,0.32680997252464294
Bearing1_7,1148,0.47785651683807373,0.3144031763076782
Bearing1_7,1149,0.4774136543273926,0.28993749618530273
Bearing1_7,1150,0.47697076201438904,0.27124616503715515
Bearing1_7,1151,0.4765278995037079,0.25565969944000244
Bearing1_7,1152,0.47608503699302673,0.22531446814537048
Bearing1_7,1153,0.4756421744823456,0.2545504868030548
Bearing1_7,1154,0.47519928216934204,0.24164517223834991
Bearing1_7,1155,0.4747564196586609,0.2246621996164322
Bearing1_7,1156,0.47431355714797974,0.20037144422531128
Bearing1_7,1157,0.4738706946372986,0.18458706140518188
Bearing1_7,1158,0.47342780232429504,0.17956314980983734
Bearing1_7,1159,0.4729849398136139,0.180494025349617
Bearing1_7,1160,0.47254207730293274,0.18316617608070374
Bearing1_7,1161,0.4720992147922516,0.17147138714790344
Bearing1_7,1162,0.47165632247924805,0.16952282190322876
Bearing1_7,1163,0.4712134599685669,0.18225103616714478
Bearing1_7,1164,0.47077059745788574,0.192020982503891
Bearing1_7,1165,0.4703277349472046,0.19314447045326233
Bearing1_7,1166,0.46988484263420105,0.20916004478931427
Bearing1_7,1167,0.4694419801235199,0.21436260640621185
Bearing1_7,1168,0.46899911761283875,0.2287817895412445
Bearing1_7,1169,0.4685562551021576,0.2175757735967636
Bearing1_7,1170,0.46811336278915405,0.2306484878063202
Bearing1_7,1171,0.4676705002784729,0.2656760811805725
Bearing1_7,1172,0.46722763776779175,0.24554693698883057
Bearing1_7,1173,0.4667847752571106,0.3731949031352997
Bearing1_7,1174,0.46634188294410706,0.3970646858215332
Bearing1_7,1175,0.4658990204334259,0.41797417402267456
Bearing1_7,1176,0.46545615792274475,0.4358258545398712
Bearing1_7,1177,0.4650132954120636,0.41825684905052185
Bearing1_7,1178,0.46457040309906006,0.389354407787323
Bearing1_7,1179,0.4641275405883789,0.3914165496826172
Bearing1_7,1180,0.46368467807769775,0.3761967122554779
Bearing1_7,1181,0.4632418155670166,0.3741510212421417
Bearing1_7,1182,0.46279892325401306,0.38846924901008606
Bearing1_7,1183,0.4623560607433319,0.3817708194255829
Bearing1_7,1184,0.46191319823265076,0.3880554139614105
Bearing1_7,1185,0.4614703357219696,0.3734900653362274
Bearing1_7,1186,0.46102744340896606,0.3559291660785675
Bearing1_7,1187,0.4605845808982849,0.35957103967666626
Bearing1_7,1188,0.46014171838760376,0.36132848262786865
Bearing1_7,1189,0.4596988558769226,0.36707374453544617
Bearing1_7,1190,0.45925599336624146,0.3376629948616028
Bearing1_7,1191,0.4588131010532379,0.3337971568107605
Bearing1_7,1192,0.45837023854255676,0.3091251850128174
Bearing1_7,1193,0.4579273760318756,0.33448490500450134
Bearing1_7,1194,0.45748451352119446,0.3205558657646179
Bearing1_7,1195,0.4570416212081909,0.25563687086105347
Bearing1_7,1196,0.45659875869750977,0.2689872980117798
Bearing1_7,1197,0.4561558961868286,0.3111543357372284
Bearing1_7,1198,0.45571303367614746,0.25375065207481384
Bearing1_7,1199,0.4552701413631439,0.24131840467453003
Bearing1_7,1200,0.45482727885246277,0.24742808938026428
Bearing1_7,1201,0.4543844163417816,0.27066802978515625
Bearing1_7,1202,0.45394155383110046,0.28342485427856445
Bearing1_7,1203,0.4534986615180969,0.273977667093277
Bearing1_7,1204,0.45305579900741577,0.3593527376651764
Bearing1_7,1205,0.4526129364967346,0.2611306607723236
Bearing1_7,1206,0.45217007398605347,0.284056156873703
Bearing1_7,1207,0.4517271816730499,0.4091786742210388
Bearing1_7,1208,0.4512843191623688,0.43247491121292114
Bearing1_7,1209,0.4508414566516876,0.4588516354560852
Bearing1_7,1210,0.45039859414100647,0.43374165892601013
Bearing1_7,1211,0.44995570182800293,0.41667112708091736
Bearing1_7,1212,0.4495128393173218,0.4053105115890503
Bearing1_7,1213,0.4490699768066406,0.3917251527309418
Bearing1_7,1214,0.4486271142959595,0.38070714473724365
Bearing1_7,1215,0.44818422198295593,0.37112629413604736
Bearing1_7,1216,0.4477413594722748,0.3735713064670563
Bearing1_7,1217,0.44729849696159363,0.37144556641578674
Bearing1_7,1218,0.4468556344509125,0.38794219493865967
Bearing1_7,1219,0.44641274213790894,0.3679117262363434
Bearing1_7,1220,0.4459698796272278,0.4025876522064209
Bearing1_7,1221,0.44552701711654663,0.4140647053718567
Bearing1_7,1222,0.4450841546058655,0.43434375524520874
Bearing1_7,1223,0.44464126229286194,0.4278142750263214
Bearing1_7,1224,0.4441983997821808,0.45785215497016907
Bearing1_7,1225,0.44375553727149963,0.45319879055023193
Bearing1_7,1226,0.4433126747608185,0.4641846716403961
Bearing1_7,1227,0.44286978244781494,0.46824565529823303
Bearing1_7,1228,0.4424269199371338,0.46568119525909424
Bearing1_7,1229,0.44198405742645264,0.2736305296421051
Bearing1_7,1230,0.4415411949157715,0.4016056954860687
Bearing1_7,1231,0.44109830260276794,0.5217762589454651
Bearing1_7,1232,0.4406554400920868,0.41647228598594666
Bearing1_7,1233,0.44021257758140564,0.5532265901565552
Bearing1_7,1234,0.4397697150707245,0.5990756750106812
Bearing1_7,1235,0.43932685256004333,0.6096477508544922
Bearing1_7,1236,0.4388839602470398,0.5914425849914551
Bearing1_7,1237,0.43844109773635864,0.5725424289703369
Bearing1_7,1238,0.4379982352256775,0.5744847655296326
Bearing1_7,1239,0.43755537271499634,0.5723525285720825
Bearing1_7,1240,0.4371124804019928,0.5602350831031799
Bearing1_7,1241,0.43666961789131165,0.5492405295372009
Bearing1_7,1242,0.4362267553806305,0.5513458251953125
Bearing1_7,1243,0.43578389286994934,0.5494644641876221
Bearing1_7,1244,0.4353410005569458,0.5393545031547546
Bearing1_7,1245,0.43489813804626465,0.5342462658882141
Bearing1_7,1246,0.4344552755355835,0.5325747132301331
Bearing1_7,1247,0.43401241302490234,0.515961766242981
Bearing1_7,1248,0.4335695207118988,0.5015618801116943
Bearing1_7,1249,0.43312665820121765,0.5046297311782837
Bearing1_7,1250,0.4326837956905365,0.4785102903842926
Bearing1_7,1251,0.43224093317985535,0.47853535413742065
Bearing1_7,1252,0.4317980408668518,0.4796021580696106
Bearing1_7,1253,0.43135517835617065,0.47816726565361023
Bearing1_7,1254,0.4309123158454895,0.4947790801525116
Bearing1_7,1255,0.43046945333480835,0.49381330609321594
Bearing1_7,1256,0.4300265610218048,0.5222403407096863
Bearing1_7,1257,0.42958369851112366,0.5141149163246155
Bearing1_7,1258,0.4291408360004425,0.5043463706970215
Bearing1_7,1259,0.42869797348976135,0.476839154958725
Bearing1_7,1260,0.4282550811767578,0.5125158429145813
Bearing1_7,1261,0.42781221866607666,0.5371161699295044
Bearing1_7,1262,0.4273693561553955,0.5778704285621643
Bearing1_7,1263,0.42692649364471436,0.5964608788490295
Bearing1_7,1264,0.4264836013317108,0.6030972003936768
Bearing1_7,1265,0.42604073882102966,0.5999863147735596
Bearing1_7,1266,0.4255978763103485,0.6047530174255371
Bearing1_7,1267,0.42515501379966736,0.6014946699142456
Bearing1_7,1268,0.4247121214866638,0.6042892336845398
Bearing1_7,1269,0.42426925897598267,0.6024171113967896
Bearing1_7,1270,0.4238263964653015,0.5964926481246948
Bearing1_7,1271,0.42338353395462036,0.5947614312171936
Bearing1_7,1272,0.4229406416416168,0.592909574508667
Bearing1_7,1273,0.42249777913093567,0.5896738171577454
Bearing1_7,1274,0.4220549166202545,0.5891317129135132
Bearing1_7,1275,0.42161205410957336,0.5874531865119934
Bearing1_7,1276,0.4211691617965698,0.583972156047821
Bearing1_7,1277,0.42072629928588867,0.5842795372009277
Bearing1_7,1278,0.4202834367752075,0.5828009247779846
Bearing1_7,1279,0.41984057426452637,0.5858020186424255
Bearing1_7,1280,0.4193977117538452,0.5873202085494995
Bearing1_7,1281,0.4189548194408417,0.5842382907867432
Bearing1_7,1282,0.4185119569301605,0.5832639336585999
Bearing1_7,1283,0.41806909441947937,0.5820304155349731
Bearing1_7,1284,0.4176262319087982,0.5802927613258362
Bearing1_7,1285,0.4171833395957947,0.5780364274978638
Bearing1_7,1286,0.4167404770851135,0.5755144953727722
Bearing1_7,1287,0.4162976145744324,0.5730308890342712
Bearing1_7,1288,0.4158547520637512,0.5686923265457153
Bearing1_7,1289,0.4154118597507477,0.5702823400497437
Bearing1_7,1290,0.41496899724006653,0.5688329339027405
Bearing1_7,1291,0.4145261347293854,0.5653350949287415
Bearing1_7,1292,0.4140832722187042,0.5679211616516113
Bearing1_7,1293,0.4136403799057007,0.5704379081726074
Bearing1_7,1294,0.41319751739501953,0.5744014382362366
Bearing1_7,1295,0.4127546548843384,0.5746471881866455
Bearing1_7,1296,0.4123117923736572,0.5632421970367432
Bearing1_7,1297,0.4118689000606537,0.5543593168258667
Bearing1_7,1298,0.41142603754997253,0.5467542409896851
Bearing1_7,1299,0.4109831750392914,0.53925621509552
Bearing1_7,1300,0.41054031252861023,0.5141664743423462
Bearing1_7,1301,0.4100974202156067,0.5010746121406555
Bearing1_7,1302,0.40965455770492554,0.49274054169654846
Bearing1_7,1303,0.4092116951942444,0.47035330533981323
Bearing1_7,1304,0.40876883268356323,0.44622647762298584
Bearing1_7,1305,0.4083259403705597,0.43300601840019226
Bearing1_7,1306,0.40788307785987854,0.4176892936229706
Bearing1_7,1307,0.4074402153491974,0.39750242233276367
Bearing1_7,1308,0.40699735283851624,0.3804551362991333
Bearing1_7,1309,0.4065544605255127,0.3602088391780853
Bearing1_7,1310,0.40611159801483154,0.3373006582260132
Bearing1_7,1311,0.4056687355041504,0.31152069568634033
Bearing1_7,1312,0.40522587299346924,0.2934502065181732
Bearing1_7,1313,0.4047829806804657,0.28830018639564514
Bearing1_7,1314,0.40434011816978455,0.27296608686447144
Bearing1_7,1315,0.4038972556591034,0.25899773836135864
Bearing1_7,1316,0.40345439314842224,0.2425898313522339
Bearing1_7,1317,0.4030115008354187,0.24318797886371613
Bearing1_7,1318,0.40256863832473755,0.22911474108695984
Bearing1_7,1319,0.4021257758140564,0.2297348529100418
Bearing1_7,1320,0.40168291330337524,0.23584116995334625
Bearing1_7,1321,0.4012400209903717,0.22861139476299286
Bearing1_7,1322,0.40079715847969055,0.2303309291601181
Bearing1_7,1323,0.4003542959690094,0.22422762215137482
Bearing1_7,1324,0.39991143345832825,0.21445907652378082
Bearing1_7,1325,0.3994685709476471,0.20333945751190186
Bearing1_7,1326,0.39902567863464355,0.197761669754982
Bearing1_7,1327,0.3985828161239624,0.19346381723880768
Bearing1_7,1328,0.39813995361328125,0.20524199306964874
Bearing1_7,1329,0.3976970911026001,0.2054266333580017
Bearing1_7,1330,0.39725419878959656,0.20670780539512634
Bearing1_7,1331,0.3968113362789154,0.20759829878807068
Bearing1_7,1332,0.39636847376823425,0.2204534411430359
Bearing1_7,1333,0.3959256112575531,0.21687451004981995
Bearing1_7,1334,0.39548271894454956,0.2169186770915985
Bearing1_7,1335,0.3950398564338684,0.230515256524086
Bearing1_7,1336,0.39459699392318726,0.25356346368789673
Bearing1_7,1337,0.3941541314125061,0.26941463351249695
Bearing1_7,1338,0.39371123909950256,0.2349664270877838
Bearing1_7,1339,0.3932683765888214,0.2649482190608978
Bearing1_7,1340,0.39282551407814026,0.2623743414878845
Bearing1_7,1341,0.3923826515674591,0.2836078405380249
Bearing1_7,1342,0.39193975925445557,0.3202596604824066
Bearing1_7,1343,0.3914968967437744,0.28264954686164856
Bearing1_7,1344,0.39105403423309326,0.2763434648513794
Bearing1_7,1345,0.3906111717224121,0.29729217290878296
Bearing1_7,1346,0.39016827940940857,0.2877233922481537
Bearing1_7,1347,0.3897254168987274,0.30970218777656555
Bearing1_7,1348,0.38928255438804626,0.3351042866706848
Bearing1_7,1349,0.3888396918773651,0.3160664141178131
Bearing1_7,1350,0.3883967995643616,0.2830028235912323
Bearing1_7,1351,0.3879539370536804,0.2845955491065979
Bearing1_7,1352,0.38751107454299927,0.21161527931690216
Bearing1_7,1353,0.3870682120323181,0.20322008430957794
Bearing1_7,1354,0.3866253197193146,0.2090836465358734
Bearing1_7,1355,0.3861824572086334,0.28391197323799133
Bearing1_7,1356,0.38573959469795227,0.3846243619918823
Bearing1_7,1357,0.3852967321872711,0.43401747941970825
Bearing1_7,1358,0.3848538398742676,0.46062734723091125
Bearing1_7,1359,0.3844109773635864,0.44992873072624207
Bearing1_7,1360,0.3839681148529053,0.4202743470668793
Bearing1_7,1361,0.3835252523422241,0.44780176877975464
Bearing1_7,1362,0.3830823600292206,0.4451588988304138
Bearing1_7,1363,0.38263949751853943,0.43848034739494324
Bearing1_7,1364,0.3821966350078583,0.4249090850353241
Bearing1_7,1365,0.3817537724971771,0.41485074162483215
Bearing1_7,1366,0.3813108801841736,0.4095436930656433
Bearing1_7,1367,0.38086801767349243,0.39218637347221375
Bearing1_7,1368,0.3804251551628113,0.3963150084018707
Bearing1_7,1369,0.3799822926521301,0.4244588017463684
Bearing1_7,1370,0.379539430141449,0.41473695635795593
Bearing1_7,1371,0.37909653782844543,0.3940047323703766
Bearing1_7,1372,0.3786536753177643,0.39688968658447266
Bearing1_7,1373,0.37821081280708313,0.4049077332019806
Bearing1_7,1374,0.377767950296402,0.39770591259002686
Bearing1_7,1375,0.37732505798339844,0.4097786843776703
Bearing1_7,1376,0.3768821954727173,0.41528868675231934
Bearing1_7,1377,0.37643933296203613,0.4140855371952057
Bearing1_7,1378,0.375996470451355,0.4149644672870636
Bearing1_7,1379,0.37555357813835144,0.3974722921848297
Bearing1_7,1380,0.3751107156276703,0.38738876581192017
Bearing1_7,1381,0.37466785311698914,0.39946749806404114
Bearing1_7,1382,0.374224990606308,0.4184902310371399
Bearing1_7,1383,0.37378209829330444,0.4033416509628296
Bearing1_7,1384,0.3733392357826233,0.41900649666786194
Bearing1_7,1385,0.37289637327194214,0.39092129468917847
Bearing1_7,1386,0.372453510761261,0.4025443196296692
Bearing1_7,1387,0.37201061844825745,0.3036022186279297
Bearing1_7,1388,0.3715677559375763,0.3479142189025879
Bearing1_7,1389,0.37112489342689514,0.4100433588027954
Bearing1_7,1390,0.370682030916214,0.41217851638793945
Bearing1_7,1391,0.37023913860321045,0.43361759185791016
Bearing1_7,1392,0.3697962760925293,0.45083630084991455
Bearing1_7,1393,0.36935341358184814,0.4731330871582031
Bearing1_7,1394,0.368910551071167,0.4851435720920563
Bearing1_7,1395,0.36846765875816345,0.509438157081604
Bearing1_7,1396,0.3680247962474823,0.5447701215744019
Bearing1_7,1397,0.36758193373680115,0.5362142324447632
Bearing1_7,1398,0.36713907122612,0.5296763181686401
Bearing1_7,1399,0.36669617891311646,0.5125738382339478
Bearing1_7,1400,0.3662533164024353,0.4895046651363373
Bearing1_7,1401,0.36581045389175415,0.48623302578926086
Bearing1_7,1402,0.365367591381073,0.48581942915916443
Bearing1_7,1403,0.36492469906806946,0.49626338481903076
Bearing1_7,1404,0.3644818365573883,0.503086268901825
Bearing1_7,1405,0.36403897404670715,0.49049055576324463
Bearing1_7,1406,0.363596111536026,0.4772022068500519
Bearing1_7,1407,0.36315321922302246,0.4765416383743286
Bearing1_7,1408,0.3627103567123413,0.5072289109230042
Bearing1_7,1409,0.36226749420166016,0.4996432363986969
Bearing1_7,1410,0.361824631690979,0.48219534754753113
Bearing1_7,1411,0.36138173937797546,0.4674222767353058
Bearing1_7,1412,0.3609388768672943,0.46577706933021545
Bearing1_7,1413,0.36049601435661316,0.43059149384498596
Bearing1_7,1414,0.360053151845932,0.4254732131958008
Bearing1_7,1415,0.35961028933525085,0.4043477475643158
Bearing1_7,1416,0.3591673970222473,0.3943915069103241
Bearing1_7,1417,0.35872453451156616,0.3806927800178528
Bearing1_7,1418,0.358281672000885,0.35480189323425293
Bearing1_7,1419,0.35783880949020386,0.328317791223526
Bearing1_7,1420,0.3573959171772003,0.3449002206325531
Bearing1_7,1421,0.35695305466651917,0.3412187993526459
Bearing1_7,1422,0.356510192155838,0.35649698972702026
Bearing1_7,1423,0.35606732964515686,0.3411000370979309
Bearing1_7,1424,0.3556244373321533,0.3445182740688324
Bearing1_7,1425,0.35518157482147217,0.30955931544303894
Bearing1_7,1426,0.354738712310791,0.3061138689517975
Bearing1_7,1427,0.35429584980010986,0.2380216419696808
Bearing1_7,1428,0.3538529574871063,0.25147348642349243
Bearing1_7,1429,0.35341009497642517,0.2941109240055084
Bearing1_7,1430,0.352967232465744,0.35350677371025085
Bearing1_7,1431,0.35252436995506287,0.41423073410987854
Bearing1_7,1432,0.3520814776420593,0.4635460674762726
Bearing1_7,1433,0.3516386151313782,0.4699684977531433
Bearing1_7,1434,0.351195752620697,0.44911742210388184
Bearing1_7,1435,0.35075289011001587,0.42464107275009155
Bearing1_7,1436,0.35030999779701233,0.41480153799057007
Bearing1_7,1437,0.3498671352863312,0.4619207978248596
Bearing1_7,1438,0.34942427277565,0.48348188400268555
Bearing1_7,1439,0.34898141026496887,0.43592384457588196
Bearing1_7,1440,0.34853851795196533,0.23879536986351013
Bearing1_7,1441,0.3480956554412842,0.4349161684513092
Bearing1_7,1442,0.347652792930603,0.5538637638092041
Bearing1_7,1443,0.3472099304199219,0.5793370604515076
Bearing1_7,1444,0.34676703810691833,0.5793556571006775
Bearing1_7,1445,0.3463241755962372,0.5947397351264954
Bearing1_7,1446,0.34588131308555603,0.5961073637008667
Bearing1_7,1447,0.3454384505748749,0.6017013788223267
Bearing1_7,1448,0.34499555826187134,0.6070907115936279
Bearing1_7,1449,0.3445526957511902,0.60284823179245
Bearing1_7,1450,0.34410983324050903,0.600214958190918
Bearing1_7,1451,0.3436669707298279,0.5915704369544983
Bearing1_7,1452,0.34322407841682434,0.5748030543327332
Bearing1_7,1453,0.3427812159061432,0.5700910687446594
Bearing1_7,1454,0.34233835339546204,0.554192304611206
Bearing1_7,1455,0.3418954908847809,0.5419413447380066
Bearing1_7,1456,0.34145259857177734,0.508219838142395
Bearing1_7,1457,0.3410097360610962,0.4855269193649292
Bearing1_7,1458,0.34056687355041504,0.4578869044780731
Bearing1_7,1459,0.3401240110397339,0.4471053183078766
Bearing1_7,1460,0.33968114852905273,0.4229055345058441
Bearing1_7,1461,0.3392382562160492,0.39466622471809387
Bearing1_7,1462,0.33879539370536804,0.36631354689598083
Bearing1_7,1463,0.3383525311946869,0.336275190114975
Bearing1_7,1464,0.33790966868400574,0.31075671315193176
Bearing1_7,1465,0.3374667763710022,0.2999286353588104
Bearing1_7,1466,0.33702391386032104,0.3005715608596802
Bearing1_7,1467,0.3365810513496399,0.2857522964477539
Bearing1_7,1468,0.33613818883895874,0.2567707896232605
Bearing1_7,1469,0.3356952965259552,0.24846135079860687
Bearing1_7,1470,0.33525243401527405,0.2377796173095703
Bearing1_7,1471,0.3348095715045929,0.21963071823120117
Bearing1_7,1472,0.33436670899391174,0.20523791015148163
Bearing1_7,1473,0.3339238166809082,0.19995146989822388
Bearing1_7,1474,0.33348095417022705,0.19750884175300598
Bearing1_7,1475,0.3330380916595459,0.19698722660541534
Bearing1_7,1476,0.33259522914886475,0.19932739436626434
Bearing1_7,1477,0.3321523368358612,0.18787914514541626
Bearing1_7,1478,0.33170947432518005,0.18060605227947235
Bearing1_7,1479,0.3312666118144989,0.1742277592420578
Bearing1_7,1480,0.33082374930381775,0.16458342969417572
Bearing1_7,1481,0.3303808569908142,0.16994979977607727
Bearing1_7,1482,0.32993799448013306,0.1676863133907318
Bearing1_7,1483,0.3294951319694519,0.17407076060771942
Bearing1_7,1484,0.32905226945877075,0.18218573927879333
Bearing1_7,1485,0.3286093771457672,0.17782659828662872
Bearing1_7,1486,0.32816651463508606,0.1853988915681839
Bearing1_7,1487,0.3277236521244049,0.18896885216236115
Bearing1_7,1488,0.32728078961372375,0.20392876863479614
Bearing1_7,1489,0.3268378973007202,0.20764634013175964
Bearing1_7,1490,0.32639503479003906,0.21211043000221252
Bearing1_7,1491,0.3259521722793579,0.20767048001289368
Bearing1_7,1492,0.32550930976867676,0.21778541803359985
Bearing1_7,1493,0.3250664174556732,0.25802141427993774
Bearing1_7,1494,0.32462355494499207,0.3180907666683197
Bearing1_7,1495,0.3241806924343109,0.34073153138160706
Bearing1_7,1496,0.32373782992362976,0.2686479985713959
Bearing1_7,1497,0.3232949376106262,0.26073065400123596
Bearing1_7,1498,0.32285207509994507,0.27739959955215454
Bearing1_7,1499,0.3224092125892639,0.30378851294517517
Bearing1_7,1500,0.32196635007858276,0.327459454536438
Bearing1_7,1501,0.3215234577655792,0.3112189471721649
Bearing1_7,1502,0.32108059525489807,0.38183146715164185
Bearing1_7,1503,0.3206377327442169,0.43121978640556335
Bearing1_7,1504,0.32019487023353577,0.4907037317752838
Bearing1_7,1505,0.3197520077228546,0.4803626835346222
Bearing1_7,1506,0.3193091154098511,0.4704657793045044
Bearing1_7,1507,0.3188662528991699,0.33930644392967224
Bearing1_7,1508,0.31842339038848877,0.43177536129951477
Bearing1_7,1509,0.3179805278778076,0.5044791102409363
Bearing1_7,1510,0.3175376355648041,0.5074616074562073
Bearing1_7,1511,0.3170947730541229,0.49368035793304443
Bearing1_7,1512,0.3166519105434418,0.48077520728111267
Bearing1_7,1513,0.3162090480327606,0.45452046394348145
Bearing1_7,1514,0.3157661557197571,0.4406474828720093
Bearing1_7,1515,0.3153232932090759,0.4250747859477997
Bearing1_7,1516,0.3148804306983948,0.40036487579345703
Bearing1_7,1517,0.3144375681877136,0.3723486661911011
Bearing1_7,1518,0.3139946758747101,0.3632708489894867
Bearing1_7,1519,0.31355181336402893,0.3579617142677307
Bearing1_7,1520,0.3131089508533478,0.34048086404800415
Bearing1_7,1521,0.3126660883426666,0.29490140080451965
Bearing1_7,1522,0.3122231960296631,0.2752591073513031
Bearing1_7,1523,0.31178033351898193,0.2609105110168457
Bearing1_7,1524,0.3113374710083008,0.2456219643354416
Bearing1_7,1525,0.31089460849761963,0.23249094188213348
Bearing1_7,1526,0.3104517161846161,0.2301761507987976
Bearing1_7,1527,0.31000885367393494,0.2305929958820343
Bearing1_7,1528,0.3095659911632538,0.23282401263713837
Bearing1_7,1529,0.30912312865257263,0.23249243199825287
Bearing1_7,1530,0.3086802363395691,0.22751213610172272
Bearing1_7,1531,0.30823737382888794,0.22678157687187195
Bearing1_7,1532,0.3077945113182068,0.2290123552083969
Bearing1_7,1533,0.30735164880752563,0.22821494936943054
Bearing1_7,1534,0.3069087564945221,0.23239149153232574
Bearing1_7,1535,0.30646589398384094,0.2229909896850586
Bearing1_7,1536,0.3060230314731598,0.21612094342708588
Bearing1_7,1537,0.30558016896247864,0.21479475498199463
Bearing1_7,1538,0.3051372766494751,0.21784904599189758
Bearing1_7,1539,0.30469441413879395,0.21050702035427094
Bearing1_7,1540,0.3042515516281128,0.2086900770664215
Bearing1_7,1541,0.30380868911743164,0.20685118436813354
Bearing1_7,1542,0.3033657968044281,0.21094967424869537
Bearing1_7,1543,0.30292293429374695,0.2142430990934372
Bearing1_7,1544,0.3024800717830658,0.21198749542236328
Bearing1_7,1545,0.30203720927238464,0.2269313931465149
Bearing1_7,1546,0.3015943169593811,0.2219323068857193
Bearing1_7,1547,0.30115145444869995,0.22086434066295624
Bearing1_7,1548,0.3007085919380188,0.22255955636501312
Bearing1_7,1549,0.30026572942733765,0.238647922873497
Bearing1_7,1550,0.2998228669166565,0.23364996910095215
Bearing1_7,1551,0.29937997460365295,0.2252872884273529
Bearing1_7,1552,0.2989371120929718,0.24466612935066223
Bearing1_7,1553,0.29849424958229065,0.26145148277282715
Bearing1_7,1554,0.2980513870716095,0.27219659090042114
Bearing1_7,1555,0.29760849475860596,0.28944021463394165
Bearing1_7,1556,0.2971656322479248,0.24625304341316223
Bearing1_7,1557,0.29672276973724365,0.2408735156059265
Bearing1_7,1558,0.2962799072265625,0.2697637677192688
Bearing1_7,1559,0.29583701491355896,0.2223893404006958
Bearing1_7,1560,0.2953941524028778,0.21559038758277893
Bearing1_7,1561,0.29495128989219666,0.2186901569366455
Bearing1_7,1562,0.2945084273815155,0.21486817300319672
Bearing1_7,1563,0.29406553506851196,0.21056005358695984
Bearing1_7,1564,0.2936226725578308,0.2115544080734253
Bearing1_7,1565,0.29317981004714966,0.21146340668201447
Bearing1_7,1566,0.2927369475364685,0.202737495303154
Bearing1_7,1567,0.29229405522346497,0.21119557321071625
Bearing1_7,1568,0.2918511927127838,0.24372141063213348
Bearing1_7,1569,0.29140833020210266,0.24162669479846954
Bearing1_7,1570,0.2909654676914215,0.23327244818210602
Bearing1_7,1571,0.29052257537841797,0.22313496470451355
Bearing1_7,1572,0.2900797128677368,0.21900124847888947
Bearing1_7,1573,0.28963685035705566,0.23176924884319305
Bearing1_7,1574,0.2891939878463745,0.23584453761577606
Bearing1_7,1575,0.28875109553337097,0.22602184116840363
Bearing1_7,1576,0.2883082330226898,0.2343721091747284
Bearing1_7,1577,0.28786537051200867,0.22892630100250244
Bearing1_7,1578,0.2874225080013275,0.22793802618980408
Bearing1_7,1579,0.286979615688324,0.23129823803901672
Bearing1_7,1580,0.2865367531776428,0.24358616769313812
Bearing1_7,1581,0.28609389066696167,0.22754083573818207
Bearing1_7,1582,0.2856510281562805,0.2242957204580307
Bearing1_7,1583,0.285208135843277,0.21182896196842194
Bearing1_7,1584,0.2847652733325958,0.21357175707817078
Bearing1_7,1585,0.2843224108219147,0.21134459972381592
Bearing1_7,1586,0.2838795483112335,0.21123048663139343
Bearing1_7,1587,0.28343665599823,0.2064557820558548
Bearing1_7,1588,0.28299379348754883,0.22281818091869354
Bearing1_7,1589,0.2825509309768677,0.23336872458457947
Bearing1_7,1590,0.2821080684661865,0.22081327438354492
Bearing1_7,1591,0.281665176153183,0.22550275921821594
Bearing1_7,1592,0.28122231364250183,0.26696115732192993
Bearing1_7,1593,0.2807794511318207,0.23656141757965088
Bearing1_7,1594,0.2803365886211395,0.2605750262737274
Bearing1_7,1595,0.2798937261104584,0.2501084804534912
Bearing1_7,1596,0.27945083379745483,0.26682335138320923
Bearing1_7,1597,0.2790079712867737,0.3110576868057251
Bearing1_7,1598,0.27856510877609253,0.3827928304672241
Bearing1_7,1599,0.2781222462654114,0.44044962525367737
Bearing1_7,1600,0.27767935395240784,0.4029366075992584
Bearing1_7,1601,0.2772364914417267,0.43306565284729004
Bearing1_7,1602,0.27679362893104553,0.3983907401561737
Bearing1_7,1603,0.2763507664203644,0.45630404353141785
Bearing1_7,1604,0.27590787410736084,0.4490664005279541
Bearing1_7,1605,0.2754650115966797,0.4619230628013611
Bearing1_7,1606,0.27502214908599854,0.45050302147865295
Bearing1_7,1607,0.2745792865753174,0.4620039165019989
Bearing1_7,1608,0.27413639426231384,0.4115447998046875
Bearing1_7,1609,0.2736935317516327,0.39191487431526184
Bearing1_7,1610,0.27325066924095154,0.39289548993110657
Bearing1_7,1611,0.2728078067302704,0.38897645473480225
Bearing1_7,1612,0.27236491441726685,0.39797356724739075
Bearing1_7,1613,0.2719220519065857,0.4146862328052521
Bearing1_7,1614,0.27147918939590454,0.4000357985496521
Bearing1_7,1615,0.2710363268852234,0.38692113757133484
Bearing1_7,1616,0.27059343457221985,0.38333839178085327
Bearing1_7,1617,0.2701505720615387,0.38573068380355835
Bearing1_7,1618,0.26970770955085754,0.3820435404777527
Bearing1_7,1619,0.2692648470401764,0.375100702047348
Bearing1_7,1620,0.26882195472717285,0.33270394802093506
Bearing1_7,1621,0.2683790922164917,0.3328215181827545
Bearing1_7,1622,0.26793622970581055,0.3109613358974457
Bearing1_7,1623,0.2674933671951294,0.3027917146682739
Bearing1_7,1624,0.26705047488212585,0.2825630307197571
Bearing1_7,1625,0.2666076123714447,0.26131388545036316
Bearing1_7,1626,0.26616474986076355,0.22004924714565277
Bearing1_7,1627,0.2657218873500824,0.20966525375843048
Bearing1_7,1628,0.26527899503707886,0.2071353942155838
Bearing1_7,1629,0.2648361325263977,0.21057899296283722
Bearing1_7,1630,0.26439327001571655,0.2004065215587616
Bearing1_7,1631,0.2639504075050354,0.19606661796569824
Bearing1_7,1632,0.26350751519203186,0.1925889253616333
Bearing1_7,1633,0.2630646526813507,0.18466529250144958
Bearing1_7,1634,0.26262179017066956,0.17760881781578064
Bearing1_7,1635,0.2621789276599884,0.17091532051563263
Bearing1_7,1636,0.26173603534698486,0.17207705974578857
Bearing1_7,1637,0.2612931728363037,0.16542647778987885
Bearing1_7,1638,0.26085031032562256,0.15920646488666534
Bearing1_7,1639,0.2604074478149414,0.15409471094608307
Bearing1_7,1640,0.25996458530426025,0.152920201420784
Bearing1_7,1641,0.2595216929912567,0.14738069474697113
Bearing1_7,1642,0.25907883048057556,0.14128108322620392
Bearing1_7,1643,0.2586359679698944,0.13854485750198364
Bearing1_7,1644,0.25819310545921326,0.13243980705738068
Bearing1_7,1645,0.2577502131462097,0.12549346685409546
Bearing1_7,1646,0.25730735063552856,0.1259656697511673
Bearing1_7,1647,0.2568644881248474,0.12901358306407928
Bearing1_7,1648,0.25642162561416626,0.12716756761074066
Bearing1_7,1649,0.2559787333011627,0.12529011070728302
Bearing1_7,1650,0.25553587079048157,0.12175256758928299
Bearing1_7,1651,0.2550930082798004,0.11883807927370071
Bearing1_7,1652,0.25465014576911926,0.11863968521356583
Bearing1_7,1653,0.2542072534561157,0.11879660189151764
Bearing1_7,1654,0.25376439094543457,0.11565973609685898
Bearing1_7,1655,0.2533215284347534,0.12041859328746796
Bearing1_7,1656,0.25287866592407227,0.12002342194318771
Bearing1_7,1657,0.2524357736110687,0.11475196480751038
Bearing1_7,1658,0.2519929111003876,0.11325114965438843
Bearing1_7,1659,0.2515500485897064,0.11092454940080643
Bearing1_7,1660,0.25110718607902527,0.1111929789185524
Bearing1_7,1661,0.25066429376602173,0.11597416549921036
Bearing1_7,1662,0.2502214312553406,0.1345045268535614
Bearing1_7,1663,0.24977856874465942,0.14270254969596863
Bearing1_7,1664,0.24933569133281708,0.16665256023406982
Bearing1_7,1665,0.24889282882213593,0.19109074771404266
Bearing1_7,1666,0.24844995141029358,0.2017851322889328
Bearing1_7,1667,0.24800708889961243,0.20719467103481293
Bearing1_7,1668,0.24756421148777008,0.20630952715873718
Bearing1_7,1669,0.24712134897708893,0.22734306752681732
Bearing1_7,1670,0.24667847156524658,0.24629582464694977
Bearing1_7,1671,0.24623560905456543,0.2220139056444168
Bearing1_7,1672,0.24579273164272308,0.21353238821029663
Bearing1_7,1673,0.24534986913204193,0.21808993816375732
Bearing1_7,1674,0.24490699172019958,0.21382494270801544
Bearing1_7,1675,0.24446412920951843,0.20506490767002106
Bearing1_7,1676,0.2440212517976761,0.20644597709178925
Bearing1_7,1677,0.24357838928699493,0.23672981560230255
Bearing1_7,1678,0.2431355118751526,0.2754294276237488
Bearing1_7,1679,0.24269264936447144,0.2999899089336395
Bearing1_7,1680,0.2422497719526291,0.2982536256313324
Bearing1_7,1681,0.24180690944194794,0.2791546583175659
Bearing1_7,1682,0.2413640320301056,0.27719274163246155
Bearing1_7,1683,0.24092116951942444,0.28300419449806213
Bearing1_7,1684,0.2404782921075821,0.251537948846817
Bearing1_7,1685,0.24003542959690094,0.2628494203090668
Bearing1_7,1686,0.2395925670862198,0.24034622311592102
Bearing1_7,1687,0.23914968967437744,0.26948294043540955
Bearing1_7,1688,0.2387068271636963,0.28023627400398254
Bearing1_7,1689,0.23826394975185394,0.24795350432395935
Bearing1_7,1690,0.2378210872411728,0.20657654106616974
Bearing1_7,1691,0.23737820982933044,0.20407405495643616
Bearing1_7,1692,0.2369353473186493,0.19405584037303925
Bearing1_7,1693,0.23649246990680695,0.1907999962568283
Bearing1_7,1694,0.2360496073961258,0.19221743941307068
Bearing1_7,1695,0.23560672998428345,0.1967824250459671
Bearing1_7,1696,0.2351638674736023,0.19402340054512024
Bearing1_7,1697,0.23472099006175995,0.20577958226203918
Bearing1_7,1698,0.2342781275510788,0.21043547987937927
Bearing1_7,1699,0.23383525013923645,0.2074480801820755
Bearing1_7,1700,0.2333923876285553,0.21825063228607178
Bearing1_7,1701,0.23294951021671295,0.2171463817358017
Bearing1_7,1702,0.2325066477060318,0.2143324315547943
Bearing1_7,1703,0.23206377029418945,0.2266559600830078
Bearing1_7,1704,0.2316209077835083,0.26182642579078674
Bearing1_7,1705,0.23117803037166595,0.25890204310417175
Bearing1_7,1706,0.2307351678609848,0.22857706248760223
Bearing1_7,1707,0.23029229044914246,0.23194560408592224
Bearing1_7,1708,0.2298494279384613,0.22326111793518066
Bearing1_7,1709,0.22940655052661896,0.21290601789951324
Bearing1_7,1710,0.2289636880159378,0.2147602140903473
Bearing1_7,1711,0.22852081060409546,0.22168442606925964
Bearing1_7,1712,0.2280779480934143,0.2379782646894455
Bearing1_7,1713,0.22763507068157196,0.26736214756965637
Bearing1_7,1714,0.2271922081708908,0.24488390982151031
Bearing1_7,1715,0.22674933075904846,0.23017403483390808
Bearing1_7,1716,0.2263064682483673,0.22362321615219116
Bearing1_7,1717,0.22586359083652496,0.22742383182048798
Bearing1_7,1718,0.2254207283258438,0.2079654186964035
Bearing1_7,1719,0.22497785091400146,0.20143339037895203
Bearing1_7,1720,0.2245349884033203,0.1962844431400299
Bearing1_7,1721,0.22409211099147797,0.19177383184432983
Bearing1_7,1722,0.22364924848079681,0.18781748414039612
Bearing1_7,1723,0.22320637106895447,0.19139297306537628
Bearing1_7,1724,0.22276350855827332,0.19576948881149292
Bearing1_7,1725,0.22232063114643097,0.19564189016819
Bearing1_7,1726,0.22187776863574982,0.19632214307785034
Bearing1_7,1727,0.22143489122390747,0.1949232518672943
Bearing1_7,1728,0.22099202871322632,0.1840740591287613
Bearing1_7,1729,0.22054915130138397,0.18185484409332275
Bearing1_7,1730,0.22010628879070282,0.1837412267923355
Bearing1_7,1731,0.21966342628002167,0.18050585687160492
Bearing1_7,1732,0.21922054886817932,0.16684937477111816
Bearing1_7,1733,0.21877768635749817,0.1683407425880432
Bearing1_7,1734,0.21833480894565582,0.1634817123413086
Bearing1_7,1735,0.21789194643497467,0.16250459849834442
Bearing1_7,1736,0.21744906902313232,0.1566237509250641
Bearing1_7,1737,0.21700620651245117,0.16413281857967377
Bearing1_7,1738,0.21656332910060883,0.16811510920524597
Bearing1_7,1739,0.21612046658992767,0.16616453230381012
Bearing1_7,1740,0.21567758917808533,0.17282262444496155
Bearing1_7,1741,0.21523472666740417,0.18148863315582275
Bearing1_7,1742,0.21479184925556183,0.17632269859313965
Bearing1_7,1743,0.21434898674488068,0.17890797555446625
Bearing1_7,1744,0.21390610933303833,0.17217087745666504
Bearing1_7,1745,0.21346324682235718,0.17859022319316864
Bearing1_7,1746,0.21302036941051483,0.188067227602005
Bearing1_7,1747,0.21257750689983368,0.19762548804283142
Bearing1_7,1748,0.21213462948799133,0.20321176946163177
Bearing1_7,1749,0.21169176697731018,0.19377945363521576
Bearing1_7,1750,0.21124888956546783,0.19875547289848328
Bearing1_7,1751,0.21080602705478668,0.2030002623796463
Bearing1_7,1752,0.21036314964294434,0.20440787076950073
Bearing1_7,1753,0.20992028713226318,0.21635568141937256
Bearing1_7,1754,0.20947740972042084,0.2052117884159088
Bearing1_7,1755,0.20903454720973969,0.19732773303985596
Bearing1_7,1756,0.20859166979789734,0.19445420801639557
Bearing1_7,1757,0.2081488072872162,0.19126096367835999
Bearing1_7,1758,0.20770592987537384,0.20128583908081055
Bearing1_7,1759,0.2072630673646927,0.19086948037147522
Bearing1_7,1760,0.20682018995285034,0.2034687101840973
Bearing1_7,1761,0.2063773274421692,0.20650462806224823
Bearing1_7,1762,0.20593445003032684,0.20492307841777802
Bearing1_7,1763,0.2054915875196457,0.2080303281545639
Bearing1_7,1764,0.20504871010780334,0.2104102075099945
Bearing1_7,1765,0.2046058475971222,0.20168669521808624
Bearing1_7,1766,0.20416297018527985,0.19491232931613922
Bearing1_7,1767,0.2037201076745987,0.1912376433610916
Bearing1_7,1768,0.20327723026275635,0.19101634621620178
Bearing1_7,1769,0.2028343677520752,0.1950330287218094
Bearing1_7,1770,0.20239149034023285,0.19028349220752716
Bearing1_7,1771,0.2019486278295517,0.18970459699630737
Bearing1_7,1772,0.20150575041770935,0.19158722460269928
Bearing1_7,1773,0.2010628879070282,0.1899939775466919
Bearing1_7,1774,0.20062001049518585,0.18463148176670074
Bearing1_7,1775,0.2001771479845047,0.17598943412303925
Bearing1_7,1776,0.19973428547382355,0.1832110732793808
Bearing1_7,1777,0.1992914080619812,0.1810266226530075
Bearing1_7,1778,0.19884854555130005,0.18481744825839996
Bearing1_7,1779,0.1984056681394577,0.18156377971172333
Bearing1_7,1780,0.19796280562877655,0.16823995113372803
Bearing1_7,1781,0.1975199282169342,0.17349600791931152
Bearing1_7,1782,0.19707706570625305,0.17080995440483093
Bearing1_7,1783,0.1966341882944107,0.17012467980384827
Bearing1_7,1784,0.19619132578372955,0.17080017924308777
Bearing1_7,1785,0.1957484483718872,0.17003126442432404
Bearing1_7,1786,0.19530558586120605,0.17387130856513977
Bearing1_7,1787,0.1948627084493637,0.17773881554603577
Bearing1_7,1788,0.19441984593868256,0.18180684745311737
Bearing1_7,1789,0.1939769685268402,0.18143437802791595
Bearing1_7,1790,0.19353410601615906,0.18759769201278687
Bearing1_7,1791,0.1930912286043167,0.19837157428264618
Bearing1_7,1792,0.19264836609363556,0.19817662239074707
Bearing1_7,1793,0.1922054886817932,0.191433385014534
Bearing1_7,1794,0.19176262617111206,0.19030709564685822
Bearing1_7,1795,0.19131974875926971,0.1866014301776886
Bearing1_7,1796,0.19087688624858856,0.1875837743282318
Bearing1_7,1797,0.19043400883674622,0.201473206281662
Bearing1_7,1798,0.18999114632606506,0.19870629906654358
Bearing1_7,1799,0.18954826891422272,0.1931605190038681
Bearing1_7,1800,0.18910540640354156,0.19247093796730042
Bearing1_7,1801,0.18866252899169922,0.17861317098140717
Bearing1_7,1802,0.18821966648101807,0.17550845444202423
Bearing1_7,1803,0.18777678906917572,0.18153348565101624
Bearing1_7,1804,0.18733392655849457,0.17978952825069427
Bearing1_7,1805,0.18689104914665222,0.1796078234910965
Bearing1_7,1806,0.18644818663597107,0.1820928305387497
Bearing1_7,1807,0.18600530922412872,0.17671824991703033
Bearing1_7,1808,0.18556244671344757,0.18157227337360382
Bearing1_7,1809,0.18511956930160522,0.17571330070495605
Bearing1_7,1810,0.18467670679092407,0.17370903491973877
Bearing1_7,1811,0.18423382937908173,0.17824727296829224
Bearing1_7,1812,0.18379096686840057,0.1835578978061676
Bearing1_7,1813,0.18334808945655823,0.18051740527153015
Bearing1_7,1814,0.18290522694587708,0.17970331013202667
Bearing1_7,1815,0.18246234953403473,0.17942065000534058
Bearing1_7,1816,0.18201948702335358,0.17052817344665527
Bearing1_7,1817,0.18157660961151123,0.16747936606407166
Bearing1_7,1818,0.18113374710083008,0.15875795483589172
Bearing1_7,1819,0.18069086968898773,0.15149259567260742
Bearing1_7,1820,0.18024800717830658,0.1431446522474289
Bearing1_7,1821,0.17980514466762543,0.1422412097454071
Bearing1_7,1822,0.17936226725578308,0.13046789169311523
Bearing1_7,1823,0.17891940474510193,0.1251167505979538
Bearing1_7,1824,0.17847652733325958,0.12554064393043518
Bearing1_7,1825,0.17803366482257843,0.13072073459625244
Bearing1_7,1826,0.17759078741073608,0.13067743182182312
Bearing1_7,1827,0.17714792490005493,0.1287335902452469
Bearing1_7,1828,0.17670504748821259,0.13542607426643372
Bearing1_7,1829,0.17626218497753143,0.1418345719575882
Bearing1_7,1830,0.1758193075656891,0.141849547624588
Bearing1_7,1831,0.17537644505500793,0.1453695148229599
Bearing1_7,1832,0.1749335676431656,0.15378576517105103
Bearing1_7,1833,0.17449070513248444,0.15322895348072052
Bearing1_7,1834,0.1740478277206421,0.1595298796892166
Bearing1_7,1835,0.17360496520996094,0.15969350934028625
Bearing1_7,1836,0.1731620877981186,0.1648678183555603
Bearing1_7,1837,0.17271922528743744,0.16697648167610168
Bearing1_7,1838,0.1722763478755951,0.15981459617614746
Bearing1_7,1839,0.17183348536491394,0.16446352005004883
Bearing1_7,1840,0.1713906079530716,0.15888181328773499
Bearing1_7,1841,0.17094774544239044,0.16329705715179443
Bearing1_7,1842,0.1705048680305481,0.16599734127521515
Bearing1_7,1843,0.17006200551986694,0.16379916667938232
Bearing1_7,1844,0.1696191281080246,0.16849875450134277
Bearing1_7,1845,0.16917626559734344,0.1644073724746704
Bearing1_7,1846,0.1687333881855011,0.16306690871715546
Bearing1_7,1847,0.16829052567481995,0.15827058255672455
Bearing1_7,1848,0.1678476482629776,0.15395596623420715
Bearing1_7,1849,0.16740478575229645,0.16040705144405365
Bearing1_7,1850,0.1669619083404541,0.17406325042247772
Bearing1_7,1851,0.16651904582977295,0.16613957285881042
Bearing1_7,1852,0.1660761684179306,0.1629866659641266
Bearing1_7,1853,0.16563330590724945,0.16026753187179565
Bearing1_7,1854,0.1651904284954071,0.15988348424434662
Bearing1_7,1855,0.16474756598472595,0.1575002819299698
Bearing1_7,1856,0.1643046885728836,0.15322943031787872
Bearing1_7,1857,0.16386182606220245,0.1519981026649475
Bearing1_7,1858,0.1634189486503601,0.14465415477752686
Bearing1_7,1859,0.16297608613967896,0.14228203892707825
Bearing1_7,1860,0.1625332087278366,0.1391313225030899
Bearing1_7,1861,0.16209034621715546,0.13616874814033508
Bearing1_7,1862,0.1616474688053131,0.139187753200531
Bearing1_7,1863,0.16120460629463196,0.13256852328777313
Bearing1_7,1864,0.1607617288827896,0.13023710250854492
Bearing1_7,1865,0.16031886637210846,0.12697622179985046
Bearing1_7,1866,0.1598760038614273,0.14147643744945526
Bearing1_7,1867,0.15943312644958496,0.14738881587982178
Bearing1_7,1868,0.1589902639389038,0.15321822464466095
Bearing1_7,1869,0.15854738652706146,0.1806945949792862
Bearing1_7,1870,0.1581045240163803,0.19602876901626587
Bearing1_7,1871,0.15766164660453796,0.19109530746936798
Bearing1_7,1872,0.1572187840938568,0.17797723412513733
Bearing1_7,1873,0.15677590668201447,0.18446649610996246
Bearing1_7,1874,0.1563330441713333,0.19116845726966858
Bearing1_7,1875,0.15589016675949097,0.19160890579223633
Bearing1_7,1876,0.15544730424880981,0.20325325429439545
Bearing1_7,1877,0.15500442683696747,0.21820485591888428
Bearing1_7,1878,0.15456156432628632,0.21918775141239166
Bearing1_7,1879,0.15411868691444397,0.2199232429265976
Bearing1_7,1880,0.15367582440376282,0.2291894257068634
Bearing1_7,1881,0.15323294699192047,0.20960184931755066
Bearing1_7,1882,0.15279008448123932,0.20379774272441864
Bearing1_7,1883,0.15234720706939697,0.2036551535129547
Bearing1_7,1884,0.15190434455871582,0.19750933349132538
Bearing1_7,1885,0.15146146714687347,0.1908283531665802
Bearing1_7,1886,0.15101860463619232,0.1866733431816101
Bearing1_7,1887,0.15057572722434998,0.1797662377357483
Bearing1_7,1888,0.15013286471366882,0.18181486427783966
Bearing1_7,1889,0.14968998730182648,0.17400851845741272
Bearing1_7,1890,0.14924712479114532,0.16647715866565704
Bearing1_7,1891,0.14880424737930298,0.15984658896923065
Bearing1_7,1892,0.14836138486862183,0.1571686714887619
Bearing1_7,1893,0.14791850745677948,0.15019476413726807
Bearing1_7,1894,0.14747564494609833,0.14595943689346313
Bearing1_7,1895,0.14703276753425598,0.1420171707868576
Bearing1_7,1896,0.14658990502357483,0.13862113654613495
Bearing1_7,1897,0.14614702761173248,0.1328379511833191
Bearing1_7,1898,0.14570416510105133,0.13082580268383026
Bearing1_7,1899,0.14526128768920898,0.13233421742916107
Bearing1_7,1900,0.14481842517852783,0.12762750685214996
Bearing1_7,1901,0.14437554776668549,0.12281668931245804
Bearing1_7,1902,0.14393268525600433,0.12339849770069122
Bearing1_7,1903,0.143489807844162,0.1281242072582245
Bearing1_7,1904,0.14304694533348083,0.12838155031204224
Bearing1_7,1905,0.1426040679216385,0.1337435394525528
Bearing1_7,1906,0.14216120541095734,0.13487470149993896
Bearing1_7,1907,0.141718327999115,0.1422167271375656
Bearing1_7,1908,0.14127546548843384,0.1405872404575348
Bearing1_7,1909,0.1408325880765915,0.133558988571167
Bearing1_7,1910,0.14038972556591034,0.13481684029102325
Bearing1_7,1911,0.1399468630552292,0.139572411775589
Bearing1_7,1912,0.13950398564338684,0.14257362484931946
Bearing1_7,1913,0.1390611231327057,0.14955565333366394
Bearing1_7,1914,0.13861824572086334,0.16088168323040009
Bearing1_7,1915,0.1381753832101822,0.1689678281545639
Bearing1_7,1916,0.13773250579833984,0.17866452038288116
Bearing1_7,1917,0.1372896432876587,0.17802536487579346
Bearing1_7,1918,0.13684676587581635,0.18128028512001038
Bearing1_7,1919,0.1364039033651352,0.19304248690605164
Bearing1_7,1920,0.13596102595329285,0.1960868388414383
Bearing1_7,1921,0.1355181634426117,0.20893315970897675
Bearing1_7,1922,0.13507528603076935,0.21614815294742584
Bearing1_7,1923,0.1346324235200882,0.21911582350730896
Bearing1_7,1924,0.13418954610824585,0.22436733543872833
Bearing1_7,1925,0.1337466835975647,0.2119661122560501
Bearing1_7,1926,0.13330380618572235,0.20077605545520782
Bearing1_7,1927,0.1328609436750412,0.19372369349002838
Bearing1_7,1928,0.13241806626319885,0.1954837441444397
Bearing1_7,1929,0.1319752037525177,0.18626493215560913
Bearing1_7,1930,0.13153232634067535,0.1784738451242447
Bearing1_7,1931,0.1310894638299942,0.1782563328742981
Bearing1_7,1932,0.13064658641815186,0.17873723804950714
Bearing1_7,1933,0.1302037239074707,0.17586058378219604
Bearing1_7,1934,0.12976084649562836,0.16925804316997528
Bearing1_7,1935,0.1293179839849472,0.16631630063056946
Bearing1_7,1936,0.12887510657310486,0.16491533815860748
Bearing1_7,1937,0.1284322440624237,0.16093112528324127
Bearing1_7,1938,0.12798936665058136,0.15522004663944244
Bearing1_7,1939,0.1275465041399002,0.15230198204517365
Bearing1_7,1940,0.12710362672805786,0.15013951063156128
Bearing1_7,1941,0.1266607642173767,0.1477510929107666
Bearing1_7,1942,0.12621788680553436,0.15158617496490479
Bearing1_7,1943,0.1257750242948532,0.1483774334192276
Bearing1_7,1944,0.12533214688301086,0.14635486900806427
Bearing1_7,1945,0.12488928437232971,0.14435704052448273
Bearing1_7,1946,0.12444641441106796,0.1392541378736496
Bearing1_7,1947,0.12400354444980621,0.13600726425647736
Bearing1_7,1948,0.12356067448854446,0.13865263760089874
Bearing1_7,1949,0.12311780452728271,0.13858027756214142
Bearing1_7,1950,0.12267493456602097,0.13817188143730164
Bearing1_7,1951,0.12223206460475922,0.13354088366031647
Bearing1_7,1952,0.12178919464349747,0.1303219497203827
Bearing1_7,1953,0.12134632468223572,0.12842488288879395
Bearing1_7,1954,0.12090345472097397,0.1272326558828354
Bearing1_7,1955,0.12046058475971222,0.12453923374414444
Bearing1_7,1956,0.12001771479845047,0.1277637928724289
Bearing1_7,1957,0.11957484483718872,0.12999898195266724
Bearing1_7,1958,0.11913197487592697,0.13423766195774078
Bearing1_7,1959,0.11868910491466522,0.13855203986167908
Bearing1_7,1960,0.11824623495340347,0.14268158376216888
Bearing1_7,1961,0.11780336499214172,0.14169429242610931
Bearing1_7,1962,0.11736049503087997,0.14635959267616272
Bearing1_7,1963,0.11691762506961823,0.14459572732448578
Bearing1_7,1964,0.11647475510835648,0.14567522704601288
Bearing1_7,1965,0.11603188514709473,0.15893439948558807
Bearing1_7,1966,0.11558901518583298,0.16444529592990875
Bearing1_7,1967,0.11514614522457123,0.15691260993480682
Bearing1_7,1968,0.11470327526330948,0.15966655313968658
Bearing1_7,1969,0.11426040530204773,0.17095153033733368
Bearing1_7,1970,0.11381753534078598,0.17732760310173035
Bearing1_7,1971,0.11337466537952423,0.1678386926651001
Bearing1_7,1972,0.11293179541826248,0.1731702834367752
Bearing1_7,1973,0.11248892545700073,0.17432987689971924
Bearing1_7,1974,0.11204605549573898,0.17647643387317657
Bearing1_7,1975,0.11160318553447723,0.18498699367046356
Bearing1_7,1976,0.11116031557321548,0.1760030835866928
Bearing1_7,1977,0.11071744561195374,0.17036131024360657
Bearing1_7,1978,0.11027457565069199,0.17472851276397705
Bearing1_7,1979,0.10983171314001083,0.17496593296527863
Bearing1_7,1980,0.10938884317874908,0.18116040527820587
Bearing1_7,1981,0.10894597321748734,0.17990067601203918
Bearing1_7,1982,0.10850310325622559,0.17328856885433197
Bearing1_7,1983,0.10806023329496384,0.1764926314353943
Bearing1_7,1984,0.10761736333370209,0.1819590926170349
Bearing1_7,1985,0.10717449337244034,0.1808440089225769
Bearing1_7,1986,0.10673162341117859,0.17318487167358398
Bearing1_7,1987,0.10628875344991684,0.16789685189723969
Bearing1_7,1988,0.10584588348865509,0.16230200231075287
Bearing1_7,1989,0.10540301352739334,0.16244904696941376
Bearing1_7,1990,0.10496014356613159,0.15658994019031525
Bearing1_7,1991,0.10451727360486984,0.1482698768377304
Bearing1_7,1992,0.1040744036436081,0.14551468193531036
Bearing1_7,1993,0.10363153368234634,0.14203865826129913
Bearing1_7,1994,0.1031886637210846,0.13835495710372925
Bearing1_7,1995,0.10274579375982285,0.13382571935653687
Bearing1_7,1996,0.1023029237985611,0.13172248005867004
Bearing1_7,1997,0.10186005383729935,0.12196210026741028
Bearing1_7,1998,0.1014171838760376,0.12085626274347305
Bearing1_7,1999,0.10097431391477585,0.12777288258075714
Bearing1_7,2000,0.1005314439535141,0.12832577526569366
Bearing1_7,2001,0.10008857399225235,0.12669242918491364
Bearing1_7,2002,0.0996457040309906,0.13181228935718536
Bearing1_7,2003,0.09920283406972885,0.1336170881986618
Bearing1_7,2004,0.0987599641084671,0.13620057702064514
Bearing1_7,2005,0.09831709414720535,0.129522904753685
Bearing1_7,2006,0.0978742241859436,0.13059937953948975
Bearing1_7,2007,0.09743135422468185,0.12736141681671143
Bearing1_7,2008,0.0969884842634201,0.12599842250347137
Bearing1_7,2009,0.09654561430215836,0.13548652827739716
Bearing1_7,2010,0.0961027443408966,0.146891787648201
Bearing1_7,2011,0.09565987437963486,0.14393046498298645
Bearing1_7,2012,0.09521700441837311,0.1464214026927948
Bearing1_7,2013,0.09477413445711136,0.15105736255645752
Bearing1_7,2014,0.09433126449584961,0.15837688744068146
Bearing1_7,2015,0.09388839453458786,0.15177467465400696
Bearing1_7,2016,0.09344552457332611,0.17092320322990417
Bearing1_7,2017,0.09300265461206436,0.18606959283351898
Bearing1_7,2018,0.09255978465080261,0.20562022924423218
Bearing1_7,2019,0.09211691468954086,0.22808213531970978
Bearing1_7,2020,0.09167404472827911,0.23599477112293243
Bearing1_7,2021,0.09123117476701736,0.23496611416339874
Bearing1_7,2022,0.09078830480575562,0.24465325474739075
Bearing1_7,2023,0.09034543484449387,0.2544516623020172
Bearing1_7,2024,0.08990257233381271,0.2672606408596039
Bearing1_7,2025,0.08945970237255096,0.5328775644302368
Bearing1_7,2026,0.08901683241128922,0.5322927832603455
Bearing1_7,2027,0.08857396245002747,0.5191613435745239
Bearing1_7,2028,0.08813109248876572,0.490452378988266
Bearing1_7,2029,0.08768822252750397,0.46433550119400024
Bearing1_7,2030,0.08724535256624222,0.4374544024467468
Bearing1_7,2031,0.08680248260498047,0.38674554228782654
Bearing1_7,2032,0.08635961264371872,0.3584994077682495
Bearing1_7,2033,0.08591674268245697,0.3377210795879364
Bearing1_7,2034,0.08547387272119522,0.3089311122894287
Bearing1_7,2035,0.08503100275993347,0.29921454191207886
Bearing1_7,2036,0.08458813279867172,0.2851699888706207
Bearing1_7,2037,0.08414526283740997,0.26020896434783936
Bearing1_7,2038,0.08370239287614822,0.2654553949832916
Bearing1_7,2039,0.08325952291488647,0.2462056279182434
Bearing1_7,2040,0.08281665295362473,0.2509951591491699
Bearing1_7,2041,0.08237378299236298,0.2129155397415161
Bearing1_7,2042,0.08193091303110123,0.19354945421218872
Bearing1_7,2043,0.08148804306983948,0.17734627425670624
Bearing1_7,2044,0.08104517310857773,0.1563696414232254
Bearing1_7,2045,0.08060230314731598,0.15539193153381348
Bearing1_7,2046,0.08015943318605423,0.1533825546503067
Bearing1_7,2047,0.07971656322479248,0.1382574439048767
Bearing1_7,2048,0.07927369326353073,0.1332264393568039
Bearing1_7,2049,0.07883082330226898,0.1282111406326294
Bearing1_7,2050,0.07838795334100723,0.12077455222606659
Bearing1_7,2051,0.07794508337974548,0.11682475358247757
Bearing1_7,2052,0.07750221341848373,0.12990108132362366
Bearing1_7,2053,0.07705934345722198,0.13168755173683167
Bearing1_7,2054,0.07661647349596024,0.1374451220035553
Bearing1_7,2055,0.07617360353469849,0.1342662274837494
Bearing1_7,2056,0.07573073357343674,0.13910643756389618
Bearing1_7,2057,0.07528786361217499,0.15176750719547272
Bearing1_7,2058,0.07484499365091324,0.15936483442783356
Bearing1_7,2059,0.07440212368965149,0.16507640480995178
Bearing1_7,2060,0.07395925372838974,0.1804574429988861
Bearing1_7,2061,0.07351638376712799,0.18048696219921112
Bearing1_7,2062,0.07307351380586624,0.18815656006336212
Bearing1_7,2063,0.07263064384460449,0.2665592432022095
Bearing1_7,2064,0.07218777388334274,0.26584041118621826
Bearing1_7,2065,0.071744903922081,0.25415948033332825
Bearing1_7,2066,0.07130203396081924,0.249797984957695
Bearing1_7,2067,0.0708591639995575,0.23403407633304596
Bearing1_7,2068,0.07041629403829575,0.2267383337020874
Bearing1_7,2069,0.0699734315276146,0.1851925104856491
Bearing1_7,2070,0.06953056156635284,0.17146851122379303
Bearing1_7,2071,0.0690876916050911,0.2281789928674698
Bearing1_7,2072,0.06864482164382935,0.2582663595676422
Bearing1_7,2073,0.0682019516825676,0.2559542655944824
Bearing1_7,2074,0.06775908172130585,0.28174328804016113
Bearing1_7,2075,0.0673162117600441,0.25518128275871277
Bearing1_7,2076,0.06687334179878235,0.27658340334892273
Bearing1_7,2077,0.0664304718375206,0.2971975803375244
Bearing1_7,2078,0.06598760187625885,0.28782132267951965
Bearing1_7,2079,0.0655447319149971,0.2659550607204437
Bearing1_7,2080,0.06510186195373535,0.3342602252960205
Bearing1_7,2081,0.0646589919924736,0.3217732608318329
Bearing1_7,2082,0.06421612203121185,0.36182621121406555
Bearing1_7,2083,0.0637732520699501,0.3482295572757721
Bearing1_7,2084,0.06333038210868835,0.35907456278800964
Bearing1_7,2085,0.0628875121474266,0.344364732503891
Bearing1_7,2086,0.062444642186164856,0.29068174958229065
Bearing1_7,2087,0.06200177222490311,0.33548903465270996
Bearing1_7,2088,0.06155890226364136,0.3669207990169525
Bearing1_7,2089,0.06111603230237961,0.34632912278175354
Bearing1_7,2090,0.06067316234111786,0.47703319787979126
Bearing1_7,2091,0.06023029237985611,0.4966685175895691
Bearing1_7,2092,0.05978742241859436,0.5249083638191223
Bearing1_7,2093,0.05934455245733261,0.558067798614502
Bearing1_7,2094,0.05890168249607086,0.5692910552024841
Bearing1_7,2095,0.05845881253480911,0.5723483562469482
Bearing1_7,2096,0.05801594257354736,0.5847519636154175
Bearing1_7,2097,0.057573072612285614,0.5940384268760681
Bearing1_7,2098,0.057130202651023865,0.5866476893424988
Bearing1_7,2099,0.056687332689762115,0.5850026607513428
Bearing1_7,2100,0.056244462728500366,0.5700482130050659
Bearing1_7,2101,0.05580159276723862,0.5755677223205566
Bearing1_7,2102,0.05535872280597687,0.5815173387527466
Bearing1_7,2103,0.05491585657000542,0.5836227536201477
Bearing1_7,2104,0.05447298660874367,0.5972194075584412
Bearing1_7,2105,0.05403011664748192,0.6091185808181763
Bearing1_7,2106,0.05358724668622017,0.6088482737541199
Bearing1_7,2107,0.05314437672495842,0.6111577153205872
Bearing1_7,2108,0.05270150676369667,0.6082139015197754
Bearing1_7,2109,0.05225863680243492,0.6025380492210388
Bearing1_7,2110,0.05181576684117317,0.6055120825767517
Bearing1_7,2111,0.05137289687991142,0.6086880564689636
Bearing1_7,2112,0.05093002691864967,0.6079177260398865
Bearing1_7,2113,0.050487156957387924,0.6076935529708862
Bearing1_7,2114,0.050044286996126175,0.6074256896972656
Bearing1_7,2115,0.049601417034864426,0.6094323396682739
Bearing1_7,2116,0.049158547073602676,0.6075314879417419
Bearing1_7,2117,0.04871567711234093,0.6061130166053772
Bearing1_7,2118,0.04827280715107918,0.6104860305786133
Bearing1_7,2119,0.04782993718981743,0.6094916462898254
Bearing1_7,2120,0.04738706722855568,0.614295244216919
Bearing1_7,2121,0.04694419726729393,0.6166010499000549
Bearing1_7,2122,0.04650132730603218,0.6136230826377869
Bearing1_7,2123,0.04605845734477043,0.6085830926895142
Bearing1_7,2124,0.04561558738350868,0.6109122037887573
Bearing1_7,2125,0.04517271742224693,0.6099684238433838
Bearing1_7,2126,0.04472985118627548,0.6082442402839661
Bearing1_7,2127,0.04428698122501373,0.6081133484840393
Bearing1_7,2128,0.043844111263751984,0.6114773154258728
Bearing1_7,2129,0.043401241302490234,0.6197794079780579
Bearing1_7,2130,0.042958371341228485,0.6189771294593811
Bearing1_7,2131,0.042515501379966736,0.6169940233230591
Bearing1_7,2132,0.04207263141870499,0.6171837449073792
Bearing1_7,2133,0.04162976145744324,0.6147510409355164
Bearing1_7,2134,0.04118689149618149,0.6142488121986389
Bearing1_7,2135,0.04074402153491974,0.6163615584373474
Bearing1_7,2136,0.04030115157365799,0.6225724816322327
Bearing1_7,2137,0.03985828161239624,0.6271494626998901
Bearing1_7,2138,0.03941541165113449,0.6233288645744324
Bearing1_7,2139,0.03897254168987274,0.6251617670059204
Bearing1_7,2140,0.03852967172861099,0.6218224763870239
Bearing1_7,2141,0.03808680176734924,0.6247844099998474
Bearing1_7,2142,0.037643931806087494,0.6242631673812866
Bearing1_7,2143,0.037201061844825745,0.623263955116272
Bearing1_7,2144,0.036758191883563995,0.6206981539726257
Bearing1_7,2145,0.036315321922302246,0.6242387294769287
Bearing1_7,2146,0.0358724519610405,0.624850869178772
Bearing1_7,2147,0.03542958199977875,0.6251778602600098
Bearing1_7,2148,0.0349867157638073,0.6273922324180603
Bearing1_7,2149,0.03454384580254555,0.6271147727966309
Bearing1_7,2150,0.0341009758412838,0.6252209544181824
Bearing1_7,2151,0.03365810588002205,0.6234078407287598
Bearing1_7,2152,0.0332152359187603,0.6219679713249207
Bearing1_7,2153,0.03277236595749855,0.6176973581314087
Bearing1_7,2154,0.0323294959962368,0.6175110936164856
Bearing1_7,2155,0.03188662603497505,0.6160850524902344
Bearing1_7,2156,0.0314437560737133,0.6162211298942566
Bearing1_7,2157,0.031000886112451553,0.6147685647010803
Bearing1_7,2158,0.030558016151189804,0.6133416891098022
Bearing1_7,2159,0.030115146189928055,0.6105881333351135
Bearing1_7,2160,0.029672276228666306,0.6098352074623108
Bearing1_7,2161,0.029229406267404556,0.6108912825584412
Bearing1_7,2162,0.028786536306142807,0.6120478510856628
Bearing1_7,2163,0.028343666344881058,0.6143527030944824
Bearing1_7,2164,0.02790079638361931,0.6181992888450623
Bearing1_7,2165,0.02745792828500271,0.6145215034484863
Bearing1_7,2166,0.02701505832374096,0.6103008389472961
Bearing1_7,2167,0.02657218836247921,0.6101330518722534
Bearing1_7,2168,0.02612931840121746,0.6154355406761169
Bearing1_7,2169,0.02568644843995571,0.6121370196342468
Bearing1_7,2170,0.025243578478693962,0.6106832027435303
Bearing1_7,2171,0.024800708517432213,0.6094136238098145
Bearing1_7,2172,0.024357838556170464,0.6104883551597595
Bearing1_7,2173,0.023914968594908714,0.6158031821250916
Bearing1_7,2174,0.023472098633646965,0.6170238256454468
Bearing1_7,2175,0.023029228672385216,0.6150795817375183
Bearing1_7,2176,0.022586358711123466,0.6147516965866089
Bearing1_7,2177,0.022143490612506866,0.6177026033401489
Bearing1_7,2178,0.021700620651245117,0.6157406568527222
Bearing1_7,2179,0.021257750689983368,0.6162625551223755
Bearing1_7,2180,0.02081488072872162,0.6130301356315613
Bearing1_7,2181,0.02037201076745987,0.6127412915229797
Bearing1_7,2182,0.01992914080619812,0.6147988438606262
Bearing1_7,2183,0.01948627084493637,0.616335391998291
Bearing1_7,2184,0.01904340088367462,0.6165367960929871
Bearing1_7,2185,0.018600530922412872,0.6098945736885071
Bearing1_7,2186,0.018157660961151123,0.6055232882499695
Bearing1_7,2187,0.017714790999889374,0.5973851084709167
Bearing1_7,2188,0.017271922901272774,0.5874663591384888
Bearing1_7,2189,0.016829052940011024,0.5692585110664368
Bearing1_7,2190,0.016386182978749275,0.5432099103927612
Bearing1_7,2191,0.015943313017487526,0.5033454298973083
Bearing1_7,2192,0.015500443056225777,0.4690954089164734
Bearing1_7,2193,0.015057573094964027,0.43208047747612
Bearing1_7,2194,0.014614703133702278,0.4060914218425751
Bearing1_7,2195,0.014171833172440529,0.3783223330974579
Bearing1_7,2196,0.013728964142501354,0.3438211977481842
Bearing1_7,2197,0.013286094181239605,0.31523025035858154
Bearing1_7,2198,0.012843224219977856,0.2943894565105438
Bearing1_7,2199,0.012400354258716106,0.2751266658306122
Bearing1_7,2200,0.011957484297454357,0.26270583271980286
Bearing1_7,2201,0.011514614336192608,0.2628067135810852
Bearing1_7,2202,0.011071745306253433,0.25433775782585144
Bearing1_7,2203,0.010628875344991684,0.24721772968769073
Bearing1_7,2204,0.010186005383729935,0.2397461086511612
Bearing1_7,2205,0.009743135422468185,0.2272527515888214
Bearing1_7,2206,0.009300265461206436,0.22245372831821442
Bearing1_7,2207,0.008857395499944687,0.20888276398181915
Bearing1_7,2208,0.008414526470005512,0.2026778757572174
Bearing1_7,2209,0.007971656508743763,0.1937076300382614
Bearing1_7,2210,0.007528786547482014,0.19182300567626953
Bearing1_7,2211,0.0070859165862202644,0.17849911749362946
Bearing1_7,2212,0.0066430470906198025,0.17415167391300201
Bearing1_7,2213,0.006200177129358053,0.1788521111011505
Bearing1_7,2214,0.005757307168096304,0.17384079098701477
Bearing1_7,2215,0.005314437672495842,0.17928233742713928
Bearing1_7,2216,0.004871567711234093,0.18113771080970764
Bearing1_7,2217,0.0044286977499723434,0.17750506103038788
Bearing1_7,2218,0.0039858282543718815,0.17997737228870392
Bearing1_7,2219,0.0035429582931101322,0.18178728222846985
Bearing1_7,2220,0.0031000885646790266,0.17871201038360596
Bearing1_7,2221,0.002657218836247921,0.18199893832206726
Bearing1_7,2222,0.0022143488749861717,0.1836247742176056
Bearing1_7,2223,0.0017714791465550661,0.18113252520561218
Bearing1_7,2224,0.0013286094181239605,0.17816293239593506
Bearing1_7,2225,0.0008857395732775331,0.15912339091300964
Bearing1_7,2226,0.00044286978663876653,0.15823419392108917
Bearing1_7,2227,0.0,0.15143005549907684
Bearing2_3,0,0.984135091304779,0.6972607374191284
Bearing2_3,1,0.9836233258247375,0.6883704662322998
Bearing2_3,2,0.983111560344696,0.6838017702102661
Bearing2_3,3,0.9825997948646545,0.6810716390609741
Bearing2_3,4,0.982088029384613,0.6792783141136169
Bearing2_3,5,0.9815762639045715,0.6769665479660034
Bearing2_3,6,0.98106449842453,0.6758265495300293
Bearing2_3,7,0.9805527329444885,0.6725311279296875
Bearing2_3,8,0.980040967464447,0.6724525690078735
Bearing2_3,9,0.9795291423797607,0.6739208698272705
Bearing2_3,10,0.9790173768997192,0.6755779385566711
Bearing2_3,11,0.9785056114196777,0.6738115549087524
Bearing2_3,12,0.9779938459396362,0.6700217723846436
Bearing2_3,13,0.9774820804595947,0.6762288808822632
Bearing2_3,14,0.9769703149795532,0.6790575981140137
Bearing2_3,15,0.9764585494995117,0.6830323934555054
Bearing2_3,16,0.9759467840194702,0.6813992261886597
Bearing2_3,17,0.9754350185394287,0.6819630265235901
Bearing2_3,18,0.9749232530593872,0.6842530965805054
Bearing2_3,19,0.9744114875793457,0.6858794689178467
Bearing2_3,20,0.9738997220993042,0.6871529221534729
Bearing2_3,21,0.9733878970146179,0.6867364048957825
Bearing2_3,22,0.9728761315345764,0.6884763240814209
Bearing2_3,23,0.9723643660545349,0.6905730962753296
Bearing2_3,24,0.9718526005744934,0.6986322999000549
Bearing2_3,25,0.9713408350944519,0.7047111392021179
Bearing2_3,26,0.9708290696144104,0.710099995136261
Bearing2_3,27,0.9703173041343689,0.716928243637085
Bearing2_3,28,0.9698055386543274,0.7210303544998169
Bearing2_3,29,0.9692937731742859,0.7290138602256775
Bearing2_3,30,0.9687820076942444,0.7374477982521057
Bearing2_3,31,0.9682702422142029,0.7496768236160278
Bearing2_3,32,0.9677584171295166,0.7657113671302795
Bearing2_3,33,0.9672466516494751,0.7789216637611389
Bearing2_3,34,0.9667348861694336,0.7861789464950562
Bearing2_3,35,0.9662231206893921,0.7945395708084106
Bearing2_3,36,0.9657113552093506,0.7990134358406067
Bearing2_3,37,0.9651995897293091,0.8050310611724854
Bearing2_3,38,0.9646878242492676,0.809602677822113
Bearing2_3,39,0.9641760587692261,0.8151705861091614
Bearing2_3,40,0.9636642932891846,0.8228445649147034
Bearing2_3,41,0.9631525278091431,0.8300943374633789
Bearing2_3,42,0.9626407623291016,0.8385785222053528
Bearing2_3,43,0.9621289372444153,0.8414075970649719
Bearing2_3,44,0.9616171717643738,0.8451539278030396
Bearing2_3,45,0.9611054062843323,0.8505787253379822
Bearing2_3,46,0.9605936408042908,0.8543109893798828
Bearing2_3,47,0.9600818753242493,0.8619133830070496
Bearing2_3,48,0.9595701098442078,0.8701737523078918
Bearing2_3,49,0.9590583443641663,0.876515805721283
Bearing2_3,50,0.9585465788841248,0.8829342126846313
Bearing2_3,51,0.9580348134040833,0.8861280083656311
Bearing2_3,52,0.9575230479240417,0.8877407908439636
Bearing2_3,53,0.9570112824440002,0.8920860290527344
Bearing2_3,54,0.9564995169639587,0.8945527672767639
Bearing2_3,55,0.9559876918792725,0.9013171195983887
Bearing2_3,56,0.955475926399231,0.8958202004432678
Bearing2_3,57,0.9549641609191895,0.895893394947052
Bearing2_3,58,0.954452395439148,0.8994234800338745
Bearing2_3,59,0.9539406299591064,0.8989356160163879
Bearing2_3,60,0.9534288644790649,0.9077014923095703
Bearing2_3,61,0.9529170989990234,0.9039528965950012
Bearing2_3,62,0.9524053335189819,0.9024103283882141
Bearing2_3,63,0.9518935680389404,0.9017431139945984
Bearing2_3,64,0.9513818025588989,0.8983744382858276
Bearing2_3,65,0.9508700370788574,0.8964824080467224
Bearing2_3,66,0.9503582119941711,0.8946409225463867
Bearing2_3,67,0.9498464465141296,0.8916481733322144
Bearing2_3,68,0.9493346810340881,0.893860936164856
Bearing2_3,69,0.9488229155540466,0.8952863216400146
Bearing2_3,70,0.9483111500740051,0.8958514928817749
Bearing2_3,71,0.9477993845939636,0.8955848217010498
Bearing2_3,72,0.9472876191139221,0.8841971158981323
Bearing2_3,73,0.9467758536338806,0.8747029900550842
Bearing2_3,74,0.9462640881538391,0.8691638708114624
Bearing2_3,75,0.9457523226737976,0.8715821504592896
Bearing2_3,76,0.9452405571937561,0.8732079863548279
Bearing2_3,77,0.9447287321090698,0.8676103949546814
Bearing2_3,78,0.9442169666290283,0.8618239164352417
Bearing2_3,79,0.9437052011489868,0.8556609153747559
Bearing2_3,80,0.9431934356689453,0.8533372282981873
Bearing2_3,81,0.9426816701889038,0.8591592907905579
Bearing2_3,82,0.9421699047088623,0.8534074425697327
Bearing2_3,83,0.9416581392288208,0.8583438992500305
Bearing2_3,84,0.9411463737487793,0.8566102981567383
Bearing2_3,85,0.9406346082687378,0.8571755290031433
Bearing2_3,86,0.9401228427886963,0.8614593744277954
Bearing2_3,87,0.9396110773086548,0.8628382086753845
Bearing2_3,88,0.9390993118286133,0.8584497570991516
Bearing2_3,89,0.938587486743927,0.8550203442573547
Bearing2_3,90,0.9380757212638855,0.8479572534561157
Bearing2_3,91,0.937563955783844,0.846037745475769
Bearing2_3,92,0.9370521903038025,0.8491107821464539
Bearing2_3,93,0.936540424823761,0.845914900302887
Bearing2_3,94,0.9360286593437195,0.8470282554626465
Bearing2_3,95,0.935516893863678,0.846903920173645
Bearing2_3,96,0.9350051283836365,0.8530167937278748
Bearing2_3,97,0.934493362903595,0.8534989953041077
Bearing2_3,98,0.9339815974235535,0.8544407486915588
Bearing2_3,99,0.933469831943512,0.8561259508132935
Bearing2_3,100,0.9329580068588257,0.8607431054115295
Bearing2_3,101,0.9324462413787842,0.8636292815208435
Bearing2_3,102,0.9319344758987427,0.868463933467865
Bearing2_3,103,0.9314227104187012,0.8681674599647522
Bearing2_3,104,0.9309109449386597,0.8711948394775391
Bearing2_3,105,0.9303991794586182,0.8739274144172668
Bearing2_3,106,0.9298874139785767,0.8734006285667419
Bearing2_3,107,0.9293756484985352,0.8755017518997192
Bearing2_3,108,0.9288638830184937,0.8794715404510498
Bearing2_3,109,0.9283521175384521,0.8869338631629944
Bearing2_3,110,0.9278403520584106,0.8933783173561096
Bearing2_3,111,0.9273285865783691,0.9022138714790344
Bearing2_3,112,0.9268167614936829,0.9048340320587158
Bearing2_3,113,0.9263049960136414,0.9058337807655334
Bearing2_3,114,0.9257932305335999,0.9083558320999146
Bearing2_3,115,0.9252814650535583,0.9147370457649231
Bearing2_3,116,0.9247696995735168,0.9171923995018005
Bearing2_3,117,0.9242579340934753,0.9222933053970337
Bearing2_3,118,0.9237461686134338,0.9287286996841431
Bearing2_3,119,0.9232344031333923,0.9342995882034302
Bearing2_3,120,0.9227226376533508,0.9392567276954651
Bearing2_3,121,0.9222108721733093,0.9442074298858643
Bearing2_3,122,0.9216991066932678,0.9531392455101013
Bearing2_3,123,0.9211872816085815,0.9572929739952087
Bearing2_3,124,0.92067551612854,0.9594596028327942
Bearing2_3,125,0.9201637506484985,0.9629702568054199
Bearing2_3,126,0.919651985168457,0.9659194946289062
Bearing2_3,127,0.9191402196884155,0.966266393661499
Bearing2_3,128,0.918628454208374,0.9677847027778625
Bearing2_3,129,0.9181166887283325,0.9679407477378845
Bearing2_3,130,0.917604923248291,0.9665360450744629
Bearing2_3,131,0.9170931577682495,0.9681311845779419
Bearing2_3,132,0.916581392288208,0.9688705205917358
Bearing2_3,133,0.9160696268081665,0.9714527130126953
Bearing2_3,134,0.9155578017234802,0.9711745977401733
Bearing2_3,135,0.9150460362434387,0.9716695547103882
Bearing2_3,136,0.9145342707633972,0.9705722332000732
Bearing2_3,137,0.9140225052833557,0.969811201095581
Bearing2_3,138,0.9135107398033142,0.9677978754043579
Bearing2_3,139,0.9129989743232727,0.9649029970169067
Bearing2_3,140,0.9124872088432312,0.9618711471557617
Bearing2_3,141,0.9119754433631897,0.9541077613830566
Bearing2_3,142,0.9114636778831482,0.9482125639915466
Bearing2_3,143,0.9109519124031067,0.9447969198226929
Bearing2_3,144,0.9104401469230652,0.9457845687866211
Bearing2_3,145,0.9099283814430237,0.9392074942588806
Bearing2_3,146,0.9094165563583374,0.939756453037262
Bearing2_3,147,0.9089047908782959,0.9349282383918762
Bearing2_3,148,0.9083930253982544,0.9203413724899292
Bearing2_3,149,0.9078812599182129,0.9195386171340942
Bearing2_3,150,0.9073694944381714,0.9136322736740112
Bearing2_3,151,0.9068577289581299,0.9056680202484131
Bearing2_3,152,0.9063459634780884,0.9040165543556213
Bearing2_3,153,0.9058341979980469,0.9066755771636963
Bearing2_3,154,0.9053224325180054,0.8996239900588989
Bearing2_3,155,0.9048106670379639,0.894411563873291
Bearing2_3,156,0.9042989015579224,0.8910249471664429
Bearing2_3,157,0.9037870764732361,0.8885756134986877
Bearing2_3,158,0.9032753109931946,0.8803743124008179
Bearing2_3,159,0.9027635455131531,0.8756804466247559
Bearing2_3,160,0.9022517800331116,0.8737938404083252
Bearing2_3,161,0.9017400145530701,0.8836922645568848
Bearing2_3,162,0.9012282490730286,0.8771179914474487
Bearing2_3,163,0.9007164835929871,0.8758235573768616
Bearing2_3,164,0.9002047181129456,0.8741689920425415
Bearing2_3,165,0.899692952632904,0.8736851215362549
Bearing2_3,166,0.8991811871528625,0.8757677674293518
Bearing2_3,167,0.898669421672821,0.8746570944786072
Bearing2_3,168,0.8981575965881348,0.8785633444786072
Bearing2_3,169,0.8976458311080933,0.8835770487785339
Bearing2_3,170,0.8971340656280518,0.8862221240997314
Bearing2_3,171,0.8966223001480103,0.8888460993766785
Bearing2_3,172,0.8961105346679688,0.8915325403213501
Bearing2_3,173,0.8955987691879272,0.8932701349258423
Bearing2_3,174,0.8950870037078857,0.8950452208518982
Bearing2_3,175,0.8945752382278442,0.8993330597877502
Bearing2_3,176,0.8940634727478027,0.9000521302223206
Bearing2_3,177,0.8935517072677612,0.903691828250885
Bearing2_3,178,0.8930399417877197,0.9084583520889282
Bearing2_3,179,0.8925281763076782,0.9148194193840027
Bearing2_3,180,0.8920163512229919,0.917779266834259
Bearing2_3,181,0.8915045857429504,0.9225974082946777
Bearing2_3,182,0.8909928202629089,0.9299232363700867
Bearing2_3,183,0.8904810547828674,0.9371857643127441
Bearing2_3,184,0.8899692893028259,0.9406575560569763
Bearing2_3,185,0.8894575238227844,0.9416230320930481
Bearing2_3,186,0.8889457583427429,0.9474707841873169
Bearing2_3,187,0.8884339928627014,0.9511212706565857
Bearing2_3,188,0.8879222273826599,0.9465499520301819
Bearing2_3,189,0.8874104619026184,0.9510747790336609
Bearing2_3,190,0.8868986964225769,0.9522022008895874
Bearing2_3,191,0.8863868713378906,0.9570199251174927
Bearing2_3,192,0.8858751058578491,0.9613219499588013
Bearing2_3,193,0.8853633403778076,0.9564037919044495
Bearing2_3,194,0.8848515748977661,0.9571424722671509
Bearing2_3,195,0.8843398094177246,0.9622969627380371
Bearing2_3,196,0.8838280439376831,0.9570654630661011
Bearing2_3,197,0.8833162784576416,0.9550605416297913
Bearing2_3,198,0.8828045129776001,0.9470939636230469
Bearing2_3,199,0.8822927474975586,0.9361792802810669
Bearing2_3,200,0.8817809820175171,0.9384316802024841
Bearing2_3,201,0.8812692165374756,0.9300189018249512
Bearing2_3,202,0.8807573914527893,0.9194730520248413
Bearing2_3,203,0.8802456259727478,0.9236969947814941
Bearing2_3,204,0.8797338604927063,0.9179829359054565
Bearing2_3,205,0.8792220950126648,0.9178322553634644
Bearing2_3,206,0.8787103295326233,0.9095410704612732
Bearing2_3,207,0.8781985640525818,0.905095100402832
Bearing2_3,208,0.8776867985725403,0.8990108370780945
Bearing2_3,209,0.8771750330924988,0.906344473361969
Bearing2_3,210,0.8766632676124573,0.9081353545188904
Bearing2_3,211,0.8761515021324158,0.9169584512710571
Bearing2_3,212,0.8756397366523743,0.9113211035728455
Bearing2_3,213,0.8751279711723328,0.9095669984817505
Bearing2_3,214,0.8746161460876465,0.9070034027099609
Bearing2_3,215,0.874104380607605,0.8916722536087036
Bearing2_3,216,0.8735926151275635,0.8870800137519836
Bearing2_3,217,0.873080849647522,0.8903749585151672
Bearing2_3,218,0.8725690841674805,0.8819009065628052
Bearing2_3,219,0.872057318687439,0.8718926906585693
Bearing2_3,220,0.8715455532073975,0.875344455242157
Bearing2_3,221,0.871033787727356,0.8757590055465698
Bearing2_3,222,0.8705220222473145,0.8743883967399597
Bearing2_3,223,0.870010256767273,0.8708744049072266
Bearing2_3,224,0.8694984912872314,0.862855076789856
Bearing2_3,225,0.8689866662025452,0.8593958020210266
Bearing2_3,226,0.8684749007225037,0.8480961322784424
Bearing2_3,227,0.8679631352424622,0.8485091328620911
Bearing2_3,228,0.8674513697624207,0.8431643843650818
Bearing2_3,229,0.8669396042823792,0.8353232145309448
Bearing2_3,230,0.8664278388023376,0.8210298418998718
Bearing2_3,231,0.8659160733222961,0.8102275729179382
Bearing2_3,232,0.8654043078422546,0.7979849576950073
Bearing2_3,233,0.8648925423622131,0.7853186130523682
Bearing2_3,234,0.8643807768821716,0.7743423581123352
Bearing2_3,235,0.8638690114021301,0.7714545726776123
Bearing2_3,236,0.8633571863174438,0.761055588722229
Bearing2_3,237,0.8628454208374023,0.7567099332809448
Bearing2_3,238,0.8623336553573608,0.7531051635742188
Bearing2_3,239,0.8618218898773193,0.7468804717063904
Bearing2_3,240,0.8613101243972778,0.7383496165275574
Bearing2_3,241,0.8607983589172363,0.714407205581665
Bearing2_3,242,0.8602865934371948,0.6916805505752563
Bearing2_3,243,0.8597748279571533,0.6673804521560669
Bearing2_3,244,0.8592630624771118,0.6268486976623535
Bearing2_3,245,0.8587512969970703,0.57271808385849
Bearing2_3,246,0.8582395315170288,0.546502411365509
Bearing2_3,247,0.8577277660369873,0.5209972262382507
Bearing2_3,248,0.857215940952301,0.5055944919586182
Bearing2_3,249,0.8567041754722595,0.4683898687362671
Bearing2_3,250,0.856192409992218,0.4553207755088806
Bearing2_3,251,0.8556806445121765,0.4915403425693512
Bearing2_3,252,0.855168879032135,0.5453807711601257
Bearing2_3,253,0.8546571135520935,0.562811017036438
Bearing2_3,254,0.854145348072052,0.5803799033164978
Bearing2_3,255,0.8536335825920105,0.5874172449111938
Bearing2_3,256,0.853121817111969,0.5904734134674072
Bearing2_3,257,0.8526100516319275,0.5793895125389099
Bearing2_3,258,0.852098286151886,0.5462077260017395
Bearing2_3,259,0.8515864610671997,0.5376545190811157
Bearing2_3,260,0.8510746955871582,0.5316855311393738
Bearing2_3,261,0.8505629301071167,0.5534221529960632
Bearing2_3,262,0.8500511646270752,0.5387335419654846
Bearing2_3,263,0.8495393991470337,0.4878091514110565
Bearing2_3,264,0.8490276336669922,0.42417213320732117
Bearing2_3,265,0.8485158681869507,0.4690488874912262
Bearing2_3,266,0.8480041027069092,0.45349743962287903
Bearing2_3,267,0.8474923372268677,0.5956389307975769
Bearing2_3,268,0.8469805717468262,0.5230833292007446
Bearing2_3,269,0.8464688062667847,0.5748100280761719
Bearing2_3,270,0.8459570407867432,0.5298933386802673
Bearing2_3,271,0.8454452157020569,0.5609632134437561
Bearing2_3,272,0.8449334502220154,0.49270573258399963
Bearing2_3,273,0.8444216847419739,0.5513577461242676
Bearing2_3,274,0.8439099192619324,0.3888576328754425
Bearing2_3,275,0.8433981537818909,0.2486783117055893
Bearing2_3,276,0.8428863883018494,0.22267761826515198
Bearing2_3,277,0.8423746228218079,0.1776544600725174
Bearing2_3,278,0.8418628573417664,0.08640830218791962
Bearing2_3,279,0.8413510918617249,0.04816742241382599
Bearing2_3,280,0.8408393263816833,0.05851355940103531
Bearing2_3,281,0.8403275609016418,0.2440313845872879
Bearing2_3,282,0.8398157358169556,0.40084752440452576
Bearing2_3,283,0.8393039703369141,0.5955153703689575
Bearing2_3,284,0.8387922048568726,0.639507532119751
Bearing2_3,285,0.838280439376831,0.6294981241226196
Bearing2_3,286,0.8377686738967896,0.6190594434738159
Bearing2_3,287,0.837256908416748,0.6249266266822815
Bearing2_3,288,0.8367451429367065,0.6089810132980347
Bearing2_3,289,0.836233377456665,0.608133852481842
Bearing2_3,290,0.8357216119766235,0.6096100211143494
Bearing2_3,291,0.835209846496582,0.6111524105072021
Bearing2_3,292,0.8346980810165405,0.61447674036026
Bearing2_3,293,0.8341862559318542,0.6160822510719299
Bearing2_3,294,0.8336744904518127,0.6208819150924683
Bearing2_3,295,0.8331627249717712,0.6274675726890564
Bearing2_3,296,0.8326509594917297,0.6301406025886536
Bearing2_3,297,0.8321391940116882,0.631990909576416
Bearing2_3,298,0.8316274285316467,0.6361919641494751
Bearing2_3,299,0.8311156630516052,0.6374065279960632
Bearing2_3,300,0.8306038975715637,0.6396524906158447
Bearing2_3,301,0.8300921320915222,0.644256055355072
Bearing2_3,302,0.8295803666114807,0.6464816927909851
Bearing2_3,303,0.8290686011314392,0.655791699886322
Bearing2_3,304,0.8285568356513977,0.661588728427887
Bearing2_3,305,0.8280450105667114,0.6672183275222778
Bearing2_3,306,0.8275332450866699,0.6694468259811401
Bearing2_3,307,0.8270214796066284,0.6703022122383118
Bearing2_3,308,0.8265097141265869,0.6731551885604858
Bearing2_3,309,0.8259979486465454,0.6739620566368103
Bearing2_3,310,0.8254861831665039,0.6727055907249451
Bearing2_3,311,0.8249744176864624,0.6755713224411011
Bearing2_3,312,0.8244626522064209,0.6809009909629822
Bearing2_3,313,0.8239508867263794,0.6853451728820801
Bearing2_3,314,0.8234391212463379,0.6899418234825134
Bearing2_3,315,0.8229273557662964,0.6868091821670532
Bearing2_3,316,0.8224155306816101,0.6818395853042603
Bearing2_3,317,0.8219037652015686,0.6777166128158569
Bearing2_3,318,0.8213919997215271,0.6824496984481812
Bearing2_3,319,0.8208802342414856,0.6733735203742981
Bearing2_3,320,0.8203684687614441,0.6668728590011597
Bearing2_3,321,0.8198567032814026,0.6584414839744568
Bearing2_3,322,0.8193449378013611,0.658341646194458
Bearing2_3,323,0.8188331723213196,0.663246214389801
Bearing2_3,324,0.8183214068412781,0.6632401943206787
Bearing2_3,325,0.8178096413612366,0.662050724029541
Bearing2_3,326,0.8172978758811951,0.661107063293457
Bearing2_3,327,0.8167860507965088,0.6610395908355713
Bearing2_3,328,0.8162742853164673,0.6620718836784363
Bearing2_3,329,0.8157625198364258,0.6626141667366028
Bearing2_3,330,0.8152507543563843,0.6606425642967224
Bearing2_3,331,0.8147389888763428,0.6573548913002014
Bearing2_3,332,0.8142272233963013,0.6585736870765686
Bearing2_3,333,0.8137154579162598,0.6589637994766235
Bearing2_3,334,0.8132036924362183,0.657784104347229
Bearing2_3,335,0.8126919269561768,0.6592513918876648
Bearing2_3,336,0.8121801614761353,0.6604059338569641
Bearing2_3,337,0.8116683959960938,0.6590949296951294
Bearing2_3,338,0.8111566305160522,0.6568992137908936
Bearing2_3,339,0.810644805431366,0.6563006639480591
Bearing2_3,340,0.8101330399513245,0.6571531295776367
Bearing2_3,341,0.809621274471283,0.6588190197944641
Bearing2_3,342,0.8091095089912415,0.6642236709594727
Bearing2_3,343,0.8085977435112,0.6627079844474792
Bearing2_3,344,0.8080859780311584,0.6654093265533447
Bearing2_3,345,0.8075742125511169,0.6701335906982422
Bearing2_3,346,0.8070624470710754,0.6773220896720886
Bearing2_3,347,0.8065506815910339,0.6824830770492554
Bearing2_3,348,0.8060389161109924,0.6848922371864319
Bearing2_3,349,0.8055271506309509,0.6824468970298767
Bearing2_3,350,0.8050153255462646,0.6871940493583679
Bearing2_3,351,0.8045035600662231,0.6909815073013306
Bearing2_3,352,0.8039917945861816,0.6961097121238708
Bearing2_3,353,0.8034800291061401,0.7066928148269653
Bearing2_3,354,0.8029682636260986,0.7073736786842346
Bearing2_3,355,0.8024564981460571,0.7068992257118225
Bearing2_3,356,0.8019447326660156,0.711681067943573
Bearing2_3,357,0.8014329671859741,0.7170339822769165
Bearing2_3,358,0.8009212017059326,0.7192886471748352
Bearing2_3,359,0.8004094362258911,0.7186127305030823
Bearing2_3,360,0.7998976707458496,0.7203528881072998
Bearing2_3,361,0.7993858456611633,0.7215278744697571
Bearing2_3,362,0.7988740801811218,0.7218488454818726
Bearing2_3,363,0.7983623147010803,0.7182321548461914
Bearing2_3,364,0.7978505492210388,0.7178430557250977
Bearing2_3,365,0.7973387837409973,0.7111750245094299
Bearing2_3,366,0.7968270182609558,0.7054562568664551
Bearing2_3,367,0.7963152527809143,0.6948210000991821
Bearing2_3,368,0.7958034873008728,0.6953898072242737
Bearing2_3,369,0.7952917218208313,0.6920484304428101
Bearing2_3,370,0.7947799563407898,0.6933985948562622
Bearing2_3,371,0.7942681908607483,0.6911213994026184
Bearing2_3,372,0.7937564253807068,0.688040554523468
Bearing2_3,373,0.7932446002960205,0.680604875087738
Bearing2_3,374,0.792732834815979,0.6753829121589661
Bearing2_3,375,0.7922210693359375,0.6708959937095642
Bearing2_3,376,0.791709303855896,0.6646804809570312
Bearing2_3,377,0.7911975383758545,0.6595978736877441
Bearing2_3,378,0.790685772895813,0.6543009281158447
Bearing2_3,379,0.7901740074157715,0.654839277267456
Bearing2_3,380,0.78966224193573,0.6538540720939636
Bearing2_3,381,0.7891504764556885,0.6577500700950623
Bearing2_3,382,0.788638710975647,0.6522912979125977
Bearing2_3,383,0.7881269454956055,0.6526131629943848
Bearing2_3,384,0.7876151204109192,0.6530838012695312
Bearing2_3,385,0.7871033549308777,0.64414381980896
Bearing2_3,386,0.7865915894508362,0.6435793042182922
Bearing2_3,387,0.7860798239707947,0.6435713768005371
Bearing2_3,388,0.7855680584907532,0.6415249109268188
Bearing2_3,389,0.7850562930107117,0.6420220136642456
Bearing2_3,390,0.7845445275306702,0.6403416991233826
Bearing2_3,391,0.7840327620506287,0.6452072858810425
Bearing2_3,392,0.7835209965705872,0.6512671709060669
Bearing2_3,393,0.7830092310905457,0.6589271426200867
Bearing2_3,394,0.7824974656105042,0.660423994064331
Bearing2_3,395,0.7819857001304626,0.6666041016578674
Bearing2_3,396,0.7814738750457764,0.6681490540504456
Bearing2_3,397,0.7809621095657349,0.6691839694976807
Bearing2_3,398,0.7804503440856934,0.671747624874115
Bearing2_3,399,0.7799385786056519,0.6743762493133545
Bearing2_3,400,0.7794268131256104,0.6724145412445068
Bearing2_3,401,0.7789150476455688,0.6710755228996277
Bearing2_3,402,0.7784032821655273,0.6711918711662292
Bearing2_3,403,0.7778915166854858,0.6770208477973938
Bearing2_3,404,0.7773797512054443,0.6822075247764587
Bearing2_3,405,0.7768679857254028,0.6865749359130859
Bearing2_3,406,0.7763562202453613,0.6901864409446716
Bearing2_3,407,0.775844395160675,0.6931978464126587
Bearing2_3,408,0.7753326296806335,0.6958091855049133
Bearing2_3,409,0.774820864200592,0.698523998260498
Bearing2_3,410,0.7743090987205505,0.7018063068389893
Bearing2_3,411,0.773797333240509,0.6996140480041504
Bearing2_3,412,0.7732855677604675,0.7022552490234375
Bearing2_3,413,0.772773802280426,0.6994895339012146
Bearing2_3,414,0.7722620368003845,0.701500654220581
Bearing2_3,415,0.771750271320343,0.7010222673416138
Bearing2_3,416,0.7712385058403015,0.6954571008682251
Bearing2_3,417,0.77072674036026,0.6993995308876038
Bearing2_3,418,0.7702149152755737,0.6944582462310791
Bearing2_3,419,0.7697031497955322,0.6929680109024048
Bearing2_3,420,0.7691913843154907,0.6965489387512207
Bearing2_3,421,0.7686796188354492,0.6914322972297668
Bearing2_3,422,0.7681678533554077,0.6885300278663635
Bearing2_3,423,0.7676560878753662,0.6882416009902954
Bearing2_3,424,0.7671443223953247,0.683819055557251
Bearing2_3,425,0.7666325569152832,0.684236466884613
Bearing2_3,426,0.7661207914352417,0.6792252659797668
Bearing2_3,427,0.7656090259552002,0.6779290437698364
Bearing2_3,428,0.7650972604751587,0.6752753853797913
Bearing2_3,429,0.7645854949951172,0.6741386651992798
Bearing2_3,430,0.7640736699104309,0.6745136976242065
Bearing2_3,431,0.7635619044303894,0.6755278706550598
Bearing2_3,432,0.7630501389503479,0.6789436340332031
Bearing2_3,433,0.7625383734703064,0.6776808500289917
Bearing2_3,434,0.7620266079902649,0.6765592694282532
Bearing2_3,435,0.7615148425102234,0.6676291227340698
Bearing2_3,436,0.7610030770301819,0.6693490743637085
Bearing2_3,437,0.7604913115501404,0.6688549518585205
Bearing2_3,438,0.7599795460700989,0.6702072620391846
Bearing2_3,439,0.7594677805900574,0.6750482320785522
Bearing2_3,440,0.7589560151100159,0.6797578930854797
Bearing2_3,441,0.7584441900253296,0.6839430928230286
Bearing2_3,442,0.7579324245452881,0.688686192035675
Bearing2_3,443,0.7574206590652466,0.6923792362213135
Bearing2_3,444,0.7569088935852051,0.6922800540924072
Bearing2_3,445,0.7563971281051636,0.7025959491729736
Bearing2_3,446,0.7558853626251221,0.7110819220542908
Bearing2_3,447,0.7553735971450806,0.7200469374656677
Bearing2_3,448,0.7548618316650391,0.7235116362571716
Bearing2_3,449,0.7543500661849976,0.7287377715110779
Bearing2_3,450,0.753838300704956,0.7339671850204468
Bearing2_3,451,0.7533265352249146,0.7461048364639282
Bearing2_3,452,0.7528147101402283,0.7555903792381287
Bearing2_3,453,0.7523029446601868,0.7638019919395447
Bearing2_3,454,0.7517911791801453,0.7718551158905029
Bearing2_3,455,0.7512794137001038,0.7743494510650635
Bearing2_3,456,0.7507676482200623,0.7809974551200867
Bearing2_3,457,0.7502558827400208,0.7813616394996643
Bearing2_3,458,0.7497441172599792,0.7865399122238159
Bearing2_3,459,0.7492323517799377,0.78642737865448
Bearing2_3,460,0.7487205862998962,0.7884607315063477
Bearing2_3,461,0.7482088208198547,0.7867075800895691
Bearing2_3,462,0.7476970553398132,0.7894011735916138
Bearing2_3,463,0.7471852898597717,0.7873030304908752
Bearing2_3,464,0.7466734647750854,0.7849233746528625
Bearing2_3,465,0.746161699295044,0.7834639549255371
Bearing2_3,466,0.7456499338150024,0.7876959443092346
Bearing2_3,467,0.7451381683349609,0.7851076722145081
Bearing2_3,468,0.7446264028549194,0.7785145044326782
Bearing2_3,469,0.7441146373748779,0.7813448905944824
Bearing2_3,470,0.7436028718948364,0.7828458547592163
Bearing2_3,471,0.7430911064147949,0.7806666493415833
Bearing2_3,472,0.7425793409347534,0.7809173464775085
Bearing2_3,473,0.7420675754547119,0.77882319688797
Bearing2_3,474,0.7415558099746704,0.779106616973877
Bearing2_3,475,0.7410439848899841,0.782257080078125
Bearing2_3,476,0.7405322194099426,0.7814670205116272
Bearing2_3,477,0.7400204539299011,0.7684335708618164
Bearing2_3,478,0.7395086884498596,0.7574840784072876
Bearing2_3,479,0.7389969229698181,0.7551230788230896
Bearing2_3,480,0.7384851574897766,0.7574938535690308
Bearing2_3,481,0.7379733920097351,0.7467148900032043
Bearing2_3,482,0.7374616265296936,0.7427631616592407
Bearing2_3,483,0.7369498610496521,0.7308932542800903
Bearing2_3,484,0.7364380955696106,0.7262764573097229
Bearing2_3,485,0.7359263300895691,0.7254667282104492
Bearing2_3,486,0.7354145050048828,0.7211722731590271
Bearing2_3,487,0.7349027395248413,0.7186658382415771
Bearing2_3,488,0.7343909740447998,0.7220780253410339
Bearing2_3,489,0.7338792085647583,0.7235943078994751
Bearing2_3,490,0.7333674430847168,0.7215273976325989
Bearing2_3,491,0.7328556776046753,0.7266207337379456
Bearing2_3,492,0.7323439121246338,0.7251591682434082
Bearing2_3,493,0.7318321466445923,0.7275820970535278
Bearing2_3,494,0.7313203811645508,0.7238078117370605
Bearing2_3,495,0.7308086156845093,0.7209306359291077
Bearing2_3,496,0.7302968502044678,0.719782292842865
Bearing2_3,497,0.7297850847244263,0.7188816070556641
Bearing2_3,498,0.72927325963974,0.7199084758758545
Bearing2_3,499,0.7287614941596985,0.7241119742393494
Bearing2_3,500,0.728249728679657,0.7209800481796265
Bearing2_3,501,0.7277379631996155,0.7231714129447937
Bearing2_3,502,0.727226197719574,0.7249552607536316
Bearing2_3,503,0.7267144322395325,0.7258182764053345
Bearing2_3,504,0.726202666759491,0.726170539855957
Bearing2_3,505,0.7256909012794495,0.7299850583076477
Bearing2_3,506,0.725179135799408,0.7295187711715698
Bearing2_3,507,0.7246673703193665,0.7335947751998901
Bearing2_3,508,0.724155604839325,0.7353464365005493
Bearing2_3,509,0.7236437797546387,0.7426091432571411
Bearing2_3,510,0.7231320142745972,0.7502112984657288
Bearing2_3,511,0.7226202487945557,0.748172402381897
Bearing2_3,512,0.7221084833145142,0.7522165179252625
Bearing2_3,513,0.7215967178344727,0.7589040398597717
Bearing2_3,514,0.7210849523544312,0.7627338767051697
Bearing2_3,515,0.7205731868743896,0.7698767781257629
Bearing2_3,516,0.7200614213943481,0.7744784355163574
Bearing2_3,517,0.7195496559143066,0.773815929889679
Bearing2_3,518,0.7190378904342651,0.7758654952049255
Bearing2_3,519,0.7185261249542236,0.7785322666168213
Bearing2_3,520,0.7180142998695374,0.7741513252258301
Bearing2_3,521,0.7175025343894958,0.7757541537284851
Bearing2_3,522,0.7169907689094543,0.7777841091156006
Bearing2_3,523,0.7164790034294128,0.7769576907157898
Bearing2_3,524,0.7159672379493713,0.7746651768684387
Bearing2_3,525,0.7154554724693298,0.7705398201942444
Bearing2_3,526,0.7149437069892883,0.7697739601135254
Bearing2_3,527,0.7144319415092468,0.7732643485069275
Bearing2_3,528,0.7139201760292053,0.7694941163063049
Bearing2_3,529,0.7134084105491638,0.7679318785667419
Bearing2_3,530,0.7128966450691223,0.7733830809593201
Bearing2_3,531,0.7123848795890808,0.7742093205451965
Bearing2_3,532,0.7118730545043945,0.7779563069343567
Bearing2_3,533,0.711361289024353,0.7754305601119995
Bearing2_3,534,0.7108495235443115,0.7768067121505737
Bearing2_3,535,0.71033775806427,0.7805480360984802
Bearing2_3,536,0.7098259925842285,0.7793802618980408
Bearing2_3,537,0.709314227104187,0.7763001918792725
Bearing2_3,538,0.7088024616241455,0.7792426347732544
Bearing2_3,539,0.708290696144104,0.7806898951530457
Bearing2_3,540,0.7077789306640625,0.7836961150169373
Bearing2_3,541,0.707267165184021,0.7797106504440308
Bearing2_3,542,0.7067553997039795,0.7818639278411865
Bearing2_3,543,0.7062435746192932,0.7852472066879272
Bearing2_3,544,0.7057318091392517,0.7817673683166504
Bearing2_3,545,0.7052200436592102,0.7769854068756104
Bearing2_3,546,0.7047082781791687,0.7704349160194397
Bearing2_3,547,0.7041965126991272,0.7751445174217224
Bearing2_3,548,0.7036847472190857,0.7702988386154175
Bearing2_3,549,0.7031729817390442,0.7721057534217834
Bearing2_3,550,0.7026612162590027,0.7727704048156738
Bearing2_3,551,0.7021494507789612,0.7748718857765198
Bearing2_3,552,0.7016376852989197,0.7797949910163879
Bearing2_3,553,0.7011259198188782,0.7760878801345825
Bearing2_3,554,0.7006141543388367,0.7696532011032104
Bearing2_3,555,0.7001023292541504,0.7658668756484985
Bearing2_3,556,0.6995905637741089,0.7652656435966492
Bearing2_3,557,0.6990787982940674,0.7664455771446228
Bearing2_3,558,0.6985670328140259,0.7664716243743896
Bearing2_3,559,0.6980552673339844,0.7655068635940552
Bearing2_3,560,0.6975435018539429,0.7622904777526855
Bearing2_3,561,0.6970317363739014,0.7540059685707092
Bearing2_3,562,0.6965199708938599,0.7426981329917908
Bearing2_3,563,0.6960082054138184,0.7406848073005676
Bearing2_3,564,0.6954964399337769,0.7407193779945374
Bearing2_3,565,0.6949846744537354,0.7363913655281067
Bearing2_3,566,0.6944728493690491,0.7326721549034119
Bearing2_3,567,0.6939610838890076,0.7283074259757996
Bearing2_3,568,0.6934493184089661,0.7326235175132751
Bearing2_3,569,0.6929375529289246,0.7280561327934265
Bearing2_3,570,0.6924257874488831,0.7202580571174622
Bearing2_3,571,0.6919140219688416,0.7164990901947021
Bearing2_3,572,0.6914022564888,0.7145286798477173
Bearing2_3,573,0.6908904910087585,0.714749276638031
Bearing2_3,574,0.690378725528717,0.7139297127723694
Bearing2_3,575,0.6898669600486755,0.7104734182357788
Bearing2_3,576,0.689355194568634,0.7052749395370483
Bearing2_3,577,0.6888433694839478,0.7033154368400574
Bearing2_3,578,0.6883316040039062,0.7065630555152893
Bearing2_3,579,0.6878198385238647,0.7009957432746887
Bearing2_3,580,0.6873080730438232,0.7064611315727234
Bearing2_3,581,0.6867963075637817,0.7007219791412354
Bearing2_3,582,0.6862845420837402,0.7019491195678711
Bearing2_3,583,0.6857727766036987,0.700571596622467
Bearing2_3,584,0.6852610111236572,0.6991131901741028
Bearing2_3,585,0.6847492456436157,0.6925563216209412
Bearing2_3,586,0.6842374801635742,0.6969499588012695
Bearing2_3,587,0.6837257146835327,0.6959722638130188
Bearing2_3,588,0.6832139492034912,0.6977712512016296
Bearing2_3,589,0.6827021241188049,0.6980118155479431
Bearing2_3,590,0.6821903586387634,0.6933634877204895
Bearing2_3,591,0.6816785931587219,0.6938434839248657
Bearing2_3,592,0.6811668276786804,0.6947693824768066
Bearing2_3,593,0.6806550621986389,0.6917960047721863
Bearing2_3,594,0.6801432967185974,0.6939660906791687
Bearing2_3,595,0.6796315312385559,0.6966471076011658
Bearing2_3,596,0.6791197657585144,0.6928800344467163
Bearing2_3,597,0.6786080002784729,0.6955611705780029
Bearing2_3,598,0.6780962347984314,0.6886493563652039
Bearing2_3,599,0.6775844693183899,0.689651370048523
Bearing2_3,600,0.6770726442337036,0.6847682595252991
Bearing2_3,601,0.6765608787536621,0.6830204129219055
Bearing2_3,602,0.6760491132736206,0.6799935698509216
Bearing2_3,603,0.6755373477935791,0.6797994375228882
Bearing2_3,604,0.6750255823135376,0.6788411140441895
Bearing2_3,605,0.6745138168334961,0.6759417653083801
Bearing2_3,606,0.6740020513534546,0.6773446202278137
Bearing2_3,607,0.6734902858734131,0.6793091297149658
Bearing2_3,608,0.6729785203933716,0.6801693439483643
Bearing2_3,609,0.6724667549133301,0.6795037984848022
Bearing2_3,610,0.6719549894332886,0.678208589553833
Bearing2_3,611,0.6714431643486023,0.679148256778717
Bearing2_3,612,0.6709313988685608,0.68121737241745
Bearing2_3,613,0.6704196333885193,0.6925724148750305
Bearing2_3,614,0.6699078679084778,0.6801837682723999
Bearing2_3,615,0.6693961024284363,0.6774836778640747
Bearing2_3,616,0.6688843369483948,0.6757752299308777
Bearing2_3,617,0.6683725714683533,0.6821896433830261
Bearing2_3,618,0.6678608059883118,0.6777129769325256
Bearing2_3,619,0.6673490405082703,0.6817446351051331
Bearing2_3,620,0.6668372750282288,0.6670028567314148
Bearing2_3,621,0.6663255095481873,0.6593905091285706
Bearing2_3,622,0.6658137440681458,0.6574639081954956
Bearing2_3,623,0.6653019189834595,0.6529505848884583
Bearing2_3,624,0.664790153503418,0.6542010307312012
Bearing2_3,625,0.6642783880233765,0.6567946076393127
Bearing2_3,626,0.663766622543335,0.6536637544631958
Bearing2_3,627,0.6632548570632935,0.6514242887496948
Bearing2_3,628,0.662743091583252,0.6483748555183411
Bearing2_3,629,0.6622313261032104,0.6444923281669617
Bearing2_3,630,0.661719560623169,0.6443473696708679
Bearing2_3,631,0.6612077951431274,0.644331157207489
Bearing2_3,632,0.6606960296630859,0.6413488388061523
Bearing2_3,633,0.6601842641830444,0.6418566107749939
Bearing2_3,634,0.6596724390983582,0.6435390114784241
Bearing2_3,635,0.6591606736183167,0.6294500827789307
Bearing2_3,636,0.6586489081382751,0.6249221563339233
Bearing2_3,637,0.6581371426582336,0.6213738322257996
Bearing2_3,638,0.6576253771781921,0.6152493357658386
Bearing2_3,639,0.6571136116981506,0.6133692264556885
Bearing2_3,640,0.6566018462181091,0.6091582775115967
Bearing2_3,641,0.6560900807380676,0.6084312200546265
Bearing2_3,642,0.6555783152580261,0.6047381162643433
Bearing2_3,643,0.6550665497779846,0.6032595038414001
Bearing2_3,644,0.6545547842979431,0.604034423828125
Bearing2_3,645,0.6540429592132568,0.6054883599281311
Bearing2_3,646,0.6535311937332153,0.6064608097076416
Bearing2_3,647,0.6530194282531738,0.6055828928947449
Bearing2_3,648,0.6525076627731323,0.6045078635215759
Bearing2_3,649,0.6519958972930908,0.6032372713088989
Bearing2_3,650,0.6514841318130493,0.6075271964073181
Bearing2_3,651,0.6509723663330078,0.6031006574630737
Bearing2_3,652,0.6504606008529663,0.600277841091156
Bearing2_3,653,0.6499488353729248,0.5987870693206787
Bearing2_3,654,0.6494370698928833,0.5955429673194885
Bearing2_3,655,0.6489253044128418,0.5950681567192078
Bearing2_3,656,0.6484135389328003,0.5924962162971497
Bearing2_3,657,0.647901713848114,0.5853126049041748
Bearing2_3,658,0.6473899483680725,0.5721662640571594
Bearing2_3,659,0.646878182888031,0.5681350827217102
Bearing2_3,660,0.6463664174079895,0.5646682977676392
Bearing2_3,661,0.645854651927948,0.5593958497047424
Bearing2_3,662,0.6453428864479065,0.5564486384391785
Bearing2_3,663,0.644831120967865,0.5442831516265869
Bearing2_3,664,0.6443193554878235,0.5346891283988953
Bearing2_3,665,0.643807590007782,0.5274831056594849
Bearing2_3,666,0.6432958245277405,0.531608521938324
Bearing2_3,667,0.642784059047699,0.5302448272705078
Bearing2_3,668,0.6422722339630127,0.522001326084137
Bearing2_3,669,0.6417604684829712,0.4955747127532959
Bearing2_3,670,0.6412487030029297,0.4809945821762085
Bearing2_3,671,0.6407369375228882,0.46703779697418213
Bearing2_3,672,0.6402251720428467,0.47192487120628357
Bearing2_3,673,0.6397134065628052,0.43782302737236023
Bearing2_3,674,0.6392016410827637,0.39368656277656555
Bearing2_3,675,0.6386898756027222,0.36028581857681274
Bearing2_3,676,0.6381781101226807,0.33199378848075867
Bearing2_3,677,0.6376663446426392,0.2961219251155853
Bearing2_3,678,0.6371545791625977,0.27955231070518494
Bearing2_3,679,0.6366428136825562,0.2651076316833496
Bearing2_3,680,0.6361309885978699,0.25027143955230713
Bearing2_3,681,0.6356192231178284,0.2422679215669632
Bearing2_3,682,0.6351074576377869,0.2173345983028412
Bearing2_3,683,0.6345956921577454,0.215815931558609
Bearing2_3,684,0.6340839266777039,0.2151518017053604
Bearing2_3,685,0.6335721611976624,0.219550222158432
Bearing2_3,686,0.6330603957176208,0.21961328387260437
Bearing2_3,687,0.6325486302375793,0.21988250315189362
Bearing2_3,688,0.6320368647575378,0.22252357006072998
Bearing2_3,689,0.6315250992774963,0.23249341547489166
Bearing2_3,690,0.6310133337974548,0.23653890192508698
Bearing2_3,691,0.6305015087127686,0.2271278351545334
Bearing2_3,692,0.629989743232727,0.22392389178276062
Bearing2_3,693,0.6294779777526855,0.22867171466350555
Bearing2_3,694,0.628966212272644,0.22830170392990112
Bearing2_3,695,0.6284544467926025,0.22743350267410278
Bearing2_3,696,0.627942681312561,0.23410291969776154
Bearing2_3,697,0.6274309158325195,0.2399614304304123
Bearing2_3,698,0.626919150352478,0.24273784458637238
Bearing2_3,699,0.6264073848724365,0.24422918260097504
Bearing2_3,700,0.625895619392395,0.2419126331806183
Bearing2_3,701,0.6253838539123535,0.24186408519744873
Bearing2_3,702,0.6248720288276672,0.23869235813617706
Bearing2_3,703,0.6243602633476257,0.23031479120254517
Bearing2_3,704,0.6238484978675842,0.2244509905576706
Bearing2_3,705,0.6233367323875427,0.24649739265441895
Bearing2_3,706,0.6228249669075012,0.3434579074382782
Bearing2_3,707,0.6223132014274597,0.32127344608306885
Bearing2_3,708,0.6218014359474182,0.3109078109264374
Bearing2_3,709,0.6212896704673767,0.2841655910015106
Bearing2_3,710,0.6207779049873352,0.26519501209259033
Bearing2_3,711,0.6202661395072937,0.25132113695144653
Bearing2_3,712,0.6197543740272522,0.2458411157131195
Bearing2_3,713,0.6192426085472107,0.23379704356193542
Bearing2_3,714,0.6187307834625244,0.23077158629894257
Bearing2_3,715,0.6182190179824829,0.23011711239814758
Bearing2_3,716,0.6177072525024414,0.22797495126724243
Bearing2_3,717,0.6171954870223999,0.2271430492401123
Bearing2_3,718,0.6166837215423584,0.22306938469409943
Bearing2_3,719,0.6161719560623169,0.22430028021335602
Bearing2_3,720,0.6156601905822754,0.2280983328819275
Bearing2_3,721,0.6151484251022339,0.23053453862667084
Bearing2_3,722,0.6146366596221924,0.22816409170627594
Bearing2_3,723,0.6141248941421509,0.23527036607265472
Bearing2_3,724,0.6136131286621094,0.2398134171962738
Bearing2_3,725,0.6131013035774231,0.2369845062494278
Bearing2_3,726,0.6125895380973816,0.24069887399673462
Bearing2_3,727,0.6120777726173401,0.24876061081886292
Bearing2_3,728,0.6115660071372986,0.2458152323961258
Bearing2_3,729,0.6110542416572571,0.25486278533935547
Bearing2_3,730,0.6105424761772156,0.25031423568725586
Bearing2_3,731,0.6100307106971741,0.25375813245773315
Bearing2_3,732,0.6095189452171326,0.26092344522476196
Bearing2_3,733,0.6090071797370911,0.26454421877861023
Bearing2_3,734,0.6084954142570496,0.27536994218826294
Bearing2_3,735,0.6079836487770081,0.390583336353302
Bearing2_3,736,0.6074718236923218,0.3825525641441345
Bearing2_3,737,0.6069600582122803,0.3460153043270111
Bearing2_3,738,0.6064482927322388,0.33177492022514343
Bearing2_3,739,0.6059365272521973,0.34778761863708496
Bearing2_3,740,0.6054247617721558,0.3170805275440216
Bearing2_3,741,0.6049129962921143,0.3261294364929199
Bearing2_3,742,0.6044012308120728,0.3077149987220764
Bearing2_3,743,0.6038894653320312,0.30984583497047424
Bearing2_3,744,0.6033776998519897,0.29486000537872314
Bearing2_3,745,0.6028659343719482,0.29556402564048767
Bearing2_3,746,0.6023541688919067,0.29527392983436584
Bearing2_3,747,0.6018424034118652,0.30910107493400574
Bearing2_3,748,0.601330578327179,0.2968696057796478
Bearing2_3,749,0.6008188128471375,0.28257933259010315
Bearing2_3,750,0.600307047367096,0.28003990650177
Bearing2_3,751,0.5997952818870544,0.27852922677993774
Bearing2_3,752,0.5992835164070129,0.2834565043449402
Bearing2_3,753,0.5987717509269714,0.27816978096961975
Bearing2_3,754,0.5982599854469299,0.2920542359352112
Bearing2_3,755,0.5977482199668884,0.2861180901527405
Bearing2_3,756,0.5972364544868469,0.2850167453289032
Bearing2_3,757,0.5967246890068054,0.2959780693054199
Bearing2_3,758,0.5962129235267639,0.28950604796409607
Bearing2_3,759,0.5957010984420776,0.2812787592411041
Bearing2_3,760,0.5951893329620361,0.28652986884117126
Bearing2_3,761,0.5946775674819946,0.2733970582485199
Bearing2_3,762,0.5941658020019531,0.2826208472251892
Bearing2_3,763,0.5936540365219116,0.2873605191707611
Bearing2_3,764,0.5931422710418701,0.2819806933403015
Bearing2_3,765,0.5926305055618286,0.28721022605895996
Bearing2_3,766,0.5921187400817871,0.29044774174690247
Bearing2_3,767,0.5916069746017456,0.2926695942878723
Bearing2_3,768,0.5910952091217041,0.30946576595306396
Bearing2_3,769,0.5905834436416626,0.3683421313762665
Bearing2_3,770,0.5900716185569763,0.3397660553455353
Bearing2_3,771,0.5895598530769348,0.3187742531299591
Bearing2_3,772,0.5890480875968933,0.32498782873153687
Bearing2_3,773,0.5885363221168518,0.31604018807411194
Bearing2_3,774,0.5880245566368103,0.3099910020828247
Bearing2_3,775,0.5875127911567688,0.30867528915405273
Bearing2_3,776,0.5870010256767273,0.308758407831192
Bearing2_3,777,0.5864892601966858,0.30806979537010193
Bearing2_3,778,0.5859774947166443,0.30458715558052063
Bearing2_3,779,0.5854657292366028,0.3102964162826538
Bearing2_3,780,0.5849539637565613,0.3176201283931732
Bearing2_3,781,0.5844421982765198,0.3224954307079315
Bearing2_3,782,0.5839303731918335,0.32569918036460876
Bearing2_3,783,0.583418607711792,0.3808355927467346
Bearing2_3,784,0.5829068422317505,0.3510590195655823
Bearing2_3,785,0.582395076751709,0.4341511130332947
Bearing2_3,786,0.5818833112716675,0.4213508367538452
Bearing2_3,787,0.581371545791626,0.4656899869441986
Bearing2_3,788,0.5808597803115845,0.46501868963241577
Bearing2_3,789,0.580348014831543,0.46508851647377014
Bearing2_3,790,0.5798362493515015,0.45674484968185425
Bearing2_3,791,0.57932448387146,0.43766477704048157
Bearing2_3,792,0.5788127183914185,0.4492829144001007
Bearing2_3,793,0.5783008933067322,0.4233410656452179
Bearing2_3,794,0.5777891278266907,0.42583972215652466
Bearing2_3,795,0.5772773623466492,0.389848530292511
Bearing2_3,796,0.5767655968666077,0.40097203850746155
Bearing2_3,797,0.5762538313865662,0.3840276598930359
Bearing2_3,798,0.5757420659065247,0.3727172315120697
Bearing2_3,799,0.5752303004264832,0.3595573306083679
Bearing2_3,800,0.5747185349464417,0.34654372930526733
Bearing2_3,801,0.5742067694664001,0.33550235629081726
Bearing2_3,802,0.5736950039863586,0.3116939663887024
Bearing2_3,803,0.5731832385063171,0.3094951808452606
Bearing2_3,804,0.5726714134216309,0.29810652136802673
Bearing2_3,805,0.5721596479415894,0.31656867265701294
Bearing2_3,806,0.5716478824615479,0.301859974861145
Bearing2_3,807,0.5711361169815063,0.29415518045425415
Bearing2_3,808,0.5706243515014648,0.2911902666091919
Bearing2_3,809,0.5701125860214233,0.29488205909729004
Bearing2_3,810,0.5696008205413818,0.28963956236839294
Bearing2_3,811,0.5690890550613403,0.2912150025367737
Bearing2_3,812,0.5685772895812988,0.2926287353038788
Bearing2_3,813,0.5680655241012573,0.29309186339378357
Bearing2_3,814,0.5675537586212158,0.2970031201839447
Bearing2_3,815,0.5670419931411743,0.301844984292984
Bearing2_3,816,0.566530168056488,0.3023878335952759
Bearing2_3,817,0.5660184025764465,0.30305954813957214
Bearing2_3,818,0.565506637096405,0.3046059012413025
Bearing2_3,819,0.5649948716163635,0.3099365830421448
Bearing2_3,820,0.564483106136322,0.30627596378326416
Bearing2_3,821,0.5639713406562805,0.3129141330718994
Bearing2_3,822,0.563459575176239,0.3116286098957062
Bearing2_3,823,0.5629478096961975,0.30468058586120605
Bearing2_3,824,0.562436044216156,0.2986333668231964
Bearing2_3,825,0.5619242787361145,0.3076198399066925
Bearing2_3,826,0.561412513256073,0.3090914487838745
Bearing2_3,827,0.5609006881713867,0.290630042552948
Bearing2_3,828,0.5603889226913452,0.2958652377128601
Bearing2_3,829,0.5598771572113037,0.301723450422287
Bearing2_3,830,0.5593653917312622,0.3175402581691742
Bearing2_3,831,0.5588536262512207,0.4014379382133484
Bearing2_3,832,0.5583418607711792,0.37293243408203125
Bearing2_3,833,0.5578300952911377,0.38248857855796814
Bearing2_3,834,0.5573183298110962,0.4286705255508423
Bearing2_3,835,0.5568065643310547,0.4334978461265564
Bearing2_3,836,0.5562947988510132,0.43466848134994507
Bearing2_3,837,0.5557830333709717,0.4480002224445343
Bearing2_3,838,0.5552712678909302,0.45216047763824463
Bearing2_3,839,0.5547594428062439,0.4349808394908905
Bearing2_3,840,0.5542476773262024,0.4596848785877228
Bearing2_3,841,0.5537359118461609,0.452262818813324
Bearing2_3,842,0.5532241463661194,0.4847092032432556
Bearing2_3,843,0.5527123808860779,0.49237555265426636
Bearing2_3,844,0.5522006154060364,0.5023426413536072
Bearing2_3,845,0.5516888499259949,0.517754316329956
Bearing2_3,846,0.5511770844459534,0.493180513381958
Bearing2_3,847,0.5506653189659119,0.5033983588218689
Bearing2_3,848,0.5501535534858704,0.5425631999969482
Bearing2_3,849,0.5496417880058289,0.5544525384902954
Bearing2_3,850,0.5491299629211426,0.5658554434776306
Bearing2_3,851,0.5486181974411011,0.5765781402587891
Bearing2_3,852,0.5481064319610596,0.5722355842590332
Bearing2_3,853,0.5475946664810181,0.5712954998016357
Bearing2_3,854,0.5470829010009766,0.5656775832176208
Bearing2_3,855,0.5465711355209351,0.5707058906555176
Bearing2_3,856,0.5460593700408936,0.5717896223068237
Bearing2_3,857,0.545547604560852,0.5524799227714539
Bearing2_3,858,0.5450358390808105,0.5498872995376587
Bearing2_3,859,0.544524073600769,0.5713019967079163
Bearing2_3,860,0.5440123081207275,0.5663381218910217
Bearing2_3,861,0.5435004830360413,0.5758081078529358
Bearing2_3,862,0.5429887175559998,0.587313711643219
Bearing2_3,863,0.5424769520759583,0.5963369011878967
Bearing2_3,864,0.5419651865959167,0.5884487628936768
Bearing2_3,865,0.5414534211158752,0.5850974917411804
Bearing2_3,866,0.5409416556358337,0.5834124088287354
Bearing2_3,867,0.5404298901557922,0.5812897086143494
Bearing2_3,868,0.5399181246757507,0.5819917321205139
Bearing2_3,869,0.5394063591957092,0.5769529342651367
Bearing2_3,870,0.5388945937156677,0.5771533250808716
Bearing2_3,871,0.5383828282356262,0.5755197405815125
Bearing2_3,872,0.5378710627555847,0.5721403956413269
Bearing2_3,873,0.5373592376708984,0.5700394511222839
Bearing2_3,874,0.5368474721908569,0.5589621663093567
Bearing2_3,875,0.5363357067108154,0.5482763051986694
Bearing2_3,876,0.5358239412307739,0.5404037237167358
Bearing2_3,877,0.5353121757507324,0.5229021906852722
Bearing2_3,878,0.5348004102706909,0.5023685693740845
Bearing2_3,879,0.5342886447906494,0.4857211410999298
Bearing2_3,880,0.5337768793106079,0.4754718840122223
Bearing2_3,881,0.5332651138305664,0.472841739654541
Bearing2_3,882,0.5327533483505249,0.46043604612350464
Bearing2_3,883,0.5322415828704834,0.4508252739906311
Bearing2_3,884,0.5317297577857971,0.4575374126434326
Bearing2_3,885,0.5312179923057556,0.4586458206176758
Bearing2_3,886,0.5307062268257141,0.4674399495124817
Bearing2_3,887,0.5301944613456726,0.46708691120147705
Bearing2_3,888,0.5296826958656311,0.45628172159194946
Bearing2_3,889,0.5291709303855896,0.4556099772453308
Bearing2_3,890,0.5286591649055481,0.453316330909729
Bearing2_3,891,0.5281473994255066,0.4509294331073761
Bearing2_3,892,0.5276356339454651,0.44205719232559204
Bearing2_3,893,0.5271238684654236,0.4365832209587097
Bearing2_3,894,0.5266121029853821,0.3975379765033722
Bearing2_3,895,0.5261002779006958,0.38083919882774353
Bearing2_3,896,0.5255885124206543,0.3990640938282013
Bearing2_3,897,0.5250767469406128,0.3678646385669708
Bearing2_3,898,0.5245649814605713,0.3641251027584076
Bearing2_3,899,0.5240532159805298,0.34865283966064453
Bearing2_3,900,0.5235414505004883,0.319133460521698
Bearing2_3,901,0.5230296850204468,0.3146694004535675
Bearing2_3,902,0.5225179195404053,0.30620017647743225
Bearing2_3,903,0.5220061540603638,0.32430124282836914
Bearing2_3,904,0.5214943885803223,0.29825466871261597
Bearing2_3,905,0.5209826231002808,0.29754072427749634
Bearing2_3,906,0.5204708576202393,0.39114728569984436
Bearing2_3,907,0.519959032535553,0.4011637270450592
Bearing2_3,908,0.5194472670555115,0.41958749294281006
Bearing2_3,909,0.51893550157547,0.45665737986564636
Bearing2_3,910,0.5184237360954285,0.472223162651062
Bearing2_3,911,0.517911970615387,0.4526633620262146
Bearing2_3,912,0.5174002051353455,0.47731614112854004
Bearing2_3,913,0.516888439655304,0.4518141746520996
Bearing2_3,914,0.5163766741752625,0.4279877543449402
Bearing2_3,915,0.515864908695221,0.43105217814445496
Bearing2_3,916,0.5153531432151794,0.38609838485717773
Bearing2_3,917,0.5148413777351379,0.3289591372013092
Bearing2_3,918,0.5143295526504517,0.4241845905780792
Bearing2_3,919,0.5138177871704102,0.4158767759799957
Bearing2_3,920,0.5133060216903687,0.4379214644432068
Bearing2_3,921,0.5127942562103271,0.4416079521179199
Bearing2_3,922,0.5122824907302856,0.4294213056564331
Bearing2_3,923,0.5117707252502441,0.42637398838996887
Bearing2_3,924,0.5112589597702026,0.4167976677417755
Bearing2_3,925,0.5107471942901611,0.38990509510040283
Bearing2_3,926,0.5102354288101196,0.3847004175186157
Bearing2_3,927,0.5097236633300781,0.36166760325431824
Bearing2_3,928,0.5092118978500366,0.3550044894218445
Bearing2_3,929,0.5087000727653503,0.34851691126823425
Bearing2_3,930,0.5081883072853088,0.3316493034362793
Bearing2_3,931,0.5076765418052673,0.33207443356513977
Bearing2_3,932,0.5071647763252258,0.3342505693435669
Bearing2_3,933,0.5066530108451843,0.31002986431121826
Bearing2_3,934,0.5061412453651428,0.29623040556907654
Bearing2_3,935,0.5056294798851013,0.2782536447048187
Bearing2_3,936,0.5051177144050598,0.2622387707233429
Bearing2_3,937,0.5046059489250183,0.25737282633781433
Bearing2_3,938,0.5040941834449768,0.25342994928359985
Bearing2_3,939,0.5035824179649353,0.24922481179237366
Bearing2_3,940,0.5030706524848938,0.23877601325511932
Bearing2_3,941,0.5025588274002075,0.23854607343673706
Bearing2_3,942,0.502047061920166,0.24031931161880493
Bearing2_3,943,0.5015352964401245,0.23851123452186584
Bearing2_3,944,0.501023530960083,0.24049395322799683
Bearing2_3,945,0.5005117654800415,0.24435706436634064
Bearing2_3,946,0.5,0.248968705534935
Bearing2_3,947,0.4994882345199585,0.24962984025478363
Bearing2_3,948,0.498976469039917,0.2542191743850708
Bearing2_3,949,0.4984646737575531,0.2558304965496063
Bearing2_3,950,0.4979529082775116,0.2526624798774719
Bearing2_3,951,0.4974411427974701,0.24872076511383057
Bearing2_3,952,0.4969293773174286,0.24949218332767487
Bearing2_3,953,0.4964176118373871,0.24840502440929413
Bearing2_3,954,0.4959058463573456,0.2326170951128006
Bearing2_3,955,0.4953940510749817,0.2299322634935379
Bearing2_3,956,0.4948822855949402,0.2309202402830124
Bearing2_3,957,0.4943705201148987,0.23715755343437195
Bearing2_3,958,0.4938587546348572,0.2313430905342102
Bearing2_3,959,0.4933469891548157,0.23251290619373322
Bearing2_3,960,0.49283522367477417,0.2312813252210617
Bearing2_3,961,0.4923234283924103,0.22457751631736755
Bearing2_3,962,0.4918116629123688,0.22452563047409058
Bearing2_3,963,0.49129989743232727,0.22430884838104248
Bearing2_3,964,0.49078813195228577,0.2258843183517456
Bearing2_3,965,0.49027636647224426,0.23524515330791473
Bearing2_3,966,0.48976457118988037,0.23735645413398743
Bearing2_3,967,0.48925280570983887,0.23004718124866486
Bearing2_3,968,0.48874104022979736,0.2294919490814209
Bearing2_3,969,0.48822927474975586,0.23089730739593506
Bearing2_3,970,0.48771750926971436,0.23365330696105957
Bearing2_3,971,0.48720574378967285,0.23430323600769043
Bearing2_3,972,0.48669394850730896,0.24359118938446045
Bearing2_3,973,0.48618218302726746,0.23643755912780762
Bearing2_3,974,0.48567041754722595,0.2407335788011551
Bearing2_3,975,0.48515865206718445,0.24398528039455414
Bearing2_3,976,0.48464688658714294,0.24175523221492767
Bearing2_3,977,0.48413512110710144,0.2516924738883972
Bearing2_3,978,0.48362332582473755,0.251487135887146
Bearing2_3,979,0.48311156034469604,0.25414496660232544
Bearing2_3,980,0.48259979486465454,0.26042062044143677
Bearing2_3,981,0.48208802938461304,0.25989004969596863
Bearing2_3,982,0.48157626390457153,0.2683427929878235
Bearing2_3,983,0.48106446862220764,0.28218868374824524
Bearing2_3,984,0.48055270314216614,0.29481104016304016
Bearing2_3,985,0.48004093766212463,0.2923074960708618
Bearing2_3,986,0.47952917218208313,0.3386959731578827
Bearing2_3,987,0.4790174067020416,0.32649824023246765
Bearing2_3,988,0.4785056412220001,0.3206866383552551
Bearing2_3,989,0.47799384593963623,0.32704880833625793
Bearing2_3,990,0.4774820804595947,0.3234170973300934
Bearing2_3,991,0.4769703149795532,0.3122342824935913
Bearing2_3,992,0.4764585494995117,0.3209543824195862
Bearing2_3,993,0.4759467840194702,0.35194793343544006
Bearing2_3,994,0.4754350185394287,0.36134132742881775
Bearing2_3,995,0.4749232232570648,0.35013672709465027
Bearing2_3,996,0.4744114577770233,0.3043407201766968
Bearing2_3,997,0.4738996922969818,0.30070802569389343
Bearing2_3,998,0.4733879268169403,0.29316264390945435
Bearing2_3,999,0.4728761613368988,0.32156887650489807
Bearing2_3,1000,0.4723643660545349,0.31116002798080444
Bearing2_3,1001,0.4718526005744934,0.3066055178642273
Bearing2_3,1002,0.4713408350944519,0.31442558765411377
Bearing2_3,1003,0.4708290696144104,0.34391289949417114
Bearing2_3,1004,0.4703173041343689,0.36311885714530945
Bearing2_3,1005,0.4698055386543274,0.4170019030570984
Bearing2_3,1006,0.4692937433719635,0.4503624737262726
Bearing2_3,1007,0.468781977891922,0.4306016266345978
Bearing2_3,1008,0.4682702124118805,0.3982951045036316
Bearing2_3,1009,0.467758446931839,0.4298561215400696
Bearing2_3,1010,0.4672466814517975,0.44268330931663513
Bearing2_3,1011,0.466734915971756,0.4204242527484894
Bearing2_3,1012,0.4662231206893921,0.39925482869148254
Bearing2_3,1013,0.4657113552093506,0.4175986349582672
Bearing2_3,1014,0.4651995897293091,0.43082448840141296
Bearing2_3,1015,0.4646878242492676,0.3645041584968567
Bearing2_3,1016,0.4641760587692261,0.3905748128890991
Bearing2_3,1017,0.46366429328918457,0.3907833993434906
Bearing2_3,1018,0.4631524980068207,0.44285738468170166
Bearing2_3,1019,0.4626407325267792,0.4863361418247223
Bearing2_3,1020,0.46212896704673767,0.5275532007217407
Bearing2_3,1021,0.46161720156669617,0.5344156622886658
Bearing2_3,1022,0.46110543608665466,0.5235913395881653
Bearing2_3,1023,0.46059364080429077,0.5108055472373962
Bearing2_3,1024,0.46008187532424927,0.49091359972953796
Bearing2_3,1025,0.45957010984420776,0.4810642600059509
Bearing2_3,1026,0.45905834436416626,0.46689921617507935
Bearing2_3,1027,0.45854657888412476,0.46531692147254944
Bearing2_3,1028,0.45803481340408325,0.445827454328537
Bearing2_3,1029,0.45752301812171936,0.4470157325267792
Bearing2_3,1030,0.45701125264167786,0.4395281672477722
Bearing2_3,1031,0.45649948716163635,0.41856542229652405
Bearing2_3,1032,0.45598772168159485,0.3944622874259949
Bearing2_3,1033,0.45547595620155334,0.4126359224319458
Bearing2_3,1034,0.45496419072151184,0.4148699939250946
Bearing2_3,1035,0.45445239543914795,0.3912268280982971
Bearing2_3,1036,0.45394062995910645,0.37311384081840515
Bearing2_3,1037,0.45342886447906494,0.3549710512161255
Bearing2_3,1038,0.45291709899902344,0.3360515236854553
Bearing2_3,1039,0.45240533351898193,0.3470873236656189
Bearing2_3,1040,0.45189353823661804,0.3298860490322113
Bearing2_3,1041,0.45138177275657654,0.34154123067855835
Bearing2_3,1042,0.45087000727653503,0.3357987403869629
Bearing2_3,1043,0.45035824179649353,0.3413558602333069
Bearing2_3,1044,0.449846476316452,0.3772897720336914
Bearing2_3,1045,0.4493347108364105,0.3383741080760956
Bearing2_3,1046,0.44882291555404663,0.307998389005661
Bearing2_3,1047,0.4483111500740051,0.2890767455101013
Bearing2_3,1048,0.4477993845939636,0.2941540777683258
Bearing2_3,1049,0.4472876191139221,0.2845931649208069
Bearing2_3,1050,0.4467758536338806,0.27412500977516174
Bearing2_3,1051,0.4462640881538391,0.2792169153690338
Bearing2_3,1052,0.4457522928714752,0.28531286120414734
Bearing2_3,1053,0.4452405273914337,0.2872670888900757
Bearing2_3,1054,0.4447287619113922,0.3332843780517578
Bearing2_3,1055,0.4442169964313507,0.34065911173820496
Bearing2_3,1056,0.4437052309513092,0.3459177613258362
Bearing2_3,1057,0.4431934356689453,0.31017401814460754
Bearing2_3,1058,0.4426816701889038,0.3022344410419464
Bearing2_3,1059,0.4421699047088623,0.2747524678707123
Bearing2_3,1060,0.4416581392288208,0.2778351902961731
Bearing2_3,1061,0.4411463737487793,0.26485034823417664
Bearing2_3,1062,0.4406346082687378,0.2641286551952362
Bearing2_3,1063,0.4401228129863739,0.2556455135345459
Bearing2_3,1064,0.4396110475063324,0.2565790116786957
Bearing2_3,1065,0.4390992820262909,0.25836190581321716
Bearing2_3,1066,0.4385875165462494,0.25091779232025146
Bearing2_3,1067,0.4380757510662079,0.25291967391967773
Bearing2_3,1068,0.4375639855861664,0.2558039426803589
Bearing2_3,1069,0.4370521903038025,0.25822556018829346
Bearing2_3,1070,0.436540424823761,0.2525929808616638
Bearing2_3,1071,0.4360286593437195,0.247469961643219
Bearing2_3,1072,0.435516893863678,0.24146683514118195
Bearing2_3,1073,0.4350051283836365,0.24216803908348083
Bearing2_3,1074,0.4344933331012726,0.24309365451335907
Bearing2_3,1075,0.4339815676212311,0.24076811969280243
Bearing2_3,1076,0.4334698021411896,0.23678182065486908
Bearing2_3,1077,0.43295803666114807,0.2310483604669571
Bearing2_3,1078,0.43244627118110657,0.22520236670970917
Bearing2_3,1079,0.43193450570106506,0.23227767646312714
Bearing2_3,1080,0.43142271041870117,0.23151636123657227
Bearing2_3,1081,0.43091094493865967,0.22619663178920746
Bearing2_3,1082,0.43039917945861816,0.22673751413822174
Bearing2_3,1083,0.42988741397857666,0.22721761465072632
Bearing2_3,1084,0.42937564849853516,0.2282353639602661
Bearing2_3,1085,0.42886388301849365,0.23142310976982117
Bearing2_3,1086,0.42835208773612976,0.23467814922332764
Bearing2_3,1087,0.42784032225608826,0.23911714553833008
Bearing2_3,1088,0.42732855677604675,0.24949106574058533
Bearing2_3,1089,0.42681679129600525,0.2550642490386963
Bearing2_3,1090,0.42630502581596375,0.255465030670166
Bearing2_3,1091,0.42579323053359985,0.2616627812385559
Bearing2_3,1092,0.42528146505355835,0.25707733631134033
Bearing2_3,1093,0.42476969957351685,0.24901115894317627
Bearing2_3,1094,0.42425793409347534,0.2511105239391327
Bearing2_3,1095,0.42374616861343384,0.25976985692977905
Bearing2_3,1096,0.42323440313339233,0.24316227436065674
Bearing2_3,1097,0.42272260785102844,0.24446918070316315
Bearing2_3,1098,0.42221084237098694,0.24964745342731476
Bearing2_3,1099,0.42169907689094543,0.2482725828886032
Bearing2_3,1100,0.42118731141090393,0.23236404359340668
Bearing2_3,1101,0.4206755459308624,0.23235006630420685
Bearing2_3,1102,0.4201637804508209,0.2316524088382721
Bearing2_3,1103,0.41965198516845703,0.23307837545871735
Bearing2_3,1104,0.4191402196884155,0.23525848984718323
Bearing2_3,1105,0.418628454208374,0.2286580502986908
Bearing2_3,1106,0.4181166887283325,0.22535642981529236
Bearing2_3,1107,0.417604923248291,0.21958611905574799
Bearing2_3,1108,0.4170931279659271,0.21988730132579803
Bearing2_3,1109,0.4165813624858856,0.22402095794677734
Bearing2_3,1110,0.4160695970058441,0.22378425300121307
Bearing2_3,1111,0.4155578315258026,0.2200109362602234
Bearing2_3,1112,0.4150460660457611,0.2097538411617279
Bearing2_3,1113,0.4145343005657196,0.21267208456993103
Bearing2_3,1114,0.4140225052833557,0.20388054847717285
Bearing2_3,1115,0.4135107398033142,0.19952423870563507
Bearing2_3,1116,0.4129989743232727,0.2017029970884323
Bearing2_3,1117,0.4124872088432312,0.195803701877594
Bearing2_3,1118,0.4119754433631897,0.1892446130514145
Bearing2_3,1119,0.4114636778831482,0.1917109489440918
Bearing2_3,1120,0.4109518826007843,0.19027654826641083
Bearing2_3,1121,0.4104401171207428,0.18473854660987854
Bearing2_3,1122,0.4099283516407013,0.18446113169193268
Bearing2_3,1123,0.4094165861606598,0.18498855829238892
Bearing2_3,1124,0.4089048206806183,0.1877114623785019
Bearing2_3,1125,0.4083930253982544,0.18623597919940948
Bearing2_3,1126,0.4078812599182129,0.181711807847023
Bearing2_3,1127,0.4073694944381714,0.1825541853904724
Bearing2_3,1128,0.4068577289581299,0.19535137712955475
Bearing2_3,1129,0.4063459634780884,0.19318193197250366
Bearing2_3,1130,0.4058341979980469,0.1958097666501999
Bearing2_3,1131,0.405322402715683,0.19797995686531067
Bearing2_3,1132,0.4048106372356415,0.216885507106781
Bearing2_3,1133,0.4042988717556,0.22420403361320496
Bearing2_3,1134,0.40378710627555847,0.22069281339645386
Bearing2_3,1135,0.40327534079551697,0.22707942128181458
Bearing2_3,1136,0.40276357531547546,0.22144433856010437
Bearing2_3,1137,0.4022517800331116,0.2181648313999176
Bearing2_3,1138,0.40174001455307007,0.21907079219818115
Bearing2_3,1139,0.40122824907302856,0.2255116105079651
Bearing2_3,1140,0.40071648359298706,0.2278798222541809
Bearing2_3,1141,0.40020471811294556,0.2225521355867386
Bearing2_3,1142,0.39969292283058167,0.23487848043441772
Bearing2_3,1143,0.39918115735054016,0.242445707321167
Bearing2_3,1144,0.39866939187049866,0.2327127605676651
Bearing2_3,1145,0.39815762639045715,0.2334240823984146
Bearing2_3,1146,0.39764586091041565,0.23667012155056
Bearing2_3,1147,0.39713409543037415,0.23749399185180664
Bearing2_3,1148,0.39662230014801025,0.232378751039505
Bearing2_3,1149,0.39611053466796875,0.2265431433916092
Bearing2_3,1150,0.39559876918792725,0.22222396731376648
Bearing2_3,1151,0.39508700370788574,0.22667017579078674
Bearing2_3,1152,0.39457523822784424,0.23051437735557556
Bearing2_3,1153,0.39406347274780273,0.2443019300699234
Bearing2_3,1154,0.39355167746543884,0.23966673016548157
Bearing2_3,1155,0.39303991198539734,0.2344353049993515
Bearing2_3,1156,0.39252814650535583,0.23062919080257416
Bearing2_3,1157,0.39201638102531433,0.23492421209812164
Bearing2_3,1158,0.3915046155452728,0.2342938929796219
Bearing2_3,1159,0.3909928500652313,0.24427099525928497
Bearing2_3,1160,0.39048105478286743,0.24197714030742645
Bearing2_3,1161,0.3899692893028259,0.255462110042572
Bearing2_3,1162,0.3894575238227844,0.26210013031959534
Bearing2_3,1163,0.3889457583427429,0.2632956802845001
Bearing2_3,1164,0.3884339928627014,0.2628908157348633
Bearing2_3,1165,0.3879221975803375,0.2635488212108612
Bearing2_3,1166,0.387410432100296,0.2769353687763214
Bearing2_3,1167,0.3868986666202545,0.2733280062675476
Bearing2_3,1168,0.386386901140213,0.2842540740966797
Bearing2_3,1169,0.3858751356601715,0.38720089197158813
Bearing2_3,1170,0.38536337018013,0.4325149655342102
Bearing2_3,1171,0.3848515748977661,0.45188456773757935
Bearing2_3,1172,0.3843398094177246,0.3751216232776642
Bearing2_3,1173,0.3838280439376831,0.33833953738212585
Bearing2_3,1174,0.3833162784576416,0.4225770831108093
Bearing2_3,1175,0.3828045129776001,0.42045891284942627
Bearing2_3,1176,0.3822927474975586,0.4303840696811676
Bearing2_3,1177,0.3817809522151947,0.44433867931365967
Bearing2_3,1178,0.3812691867351532,0.432593435049057
Bearing2_3,1179,0.3807574212551117,0.4501982033252716
Bearing2_3,1180,0.3802456557750702,0.4700051546096802
Bearing2_3,1181,0.3797338902950287,0.47870028018951416
Bearing2_3,1182,0.3792220950126648,0.49635234475135803
Bearing2_3,1183,0.3787103295326233,0.48364177346229553
Bearing2_3,1184,0.3781985640525818,0.47052836418151855
Bearing2_3,1185,0.3776867985725403,0.463411808013916
Bearing2_3,1186,0.3771750330924988,0.4704652428627014
Bearing2_3,1187,0.3766632676124573,0.4785521626472473
Bearing2_3,1188,0.3761514723300934,0.4784466028213501
Bearing2_3,1189,0.3756397068500519,0.4874212145805359
Bearing2_3,1190,0.3751279413700104,0.46953272819519043
Bearing2_3,1191,0.37461617588996887,0.4450012445449829
Bearing2_3,1192,0.37410441040992737,0.43678519129753113
Bearing2_3,1193,0.37359264492988586,0.41899147629737854
Bearing2_3,1194,0.373080849647522,0.39385151863098145
Bearing2_3,1195,0.37256908416748047,0.3900201916694641
Bearing2_3,1196,0.37205731868743896,0.37328657507896423
Bearing2_3,1197,0.37154555320739746,0.36947542428970337
Bearing2_3,1198,0.37103378772735596,0.36794987320899963
Bearing2_3,1199,0.37052199244499207,0.3574451208114624
Bearing2_3,1200,0.37001022696495056,0.3556212782859802
Bearing2_3,1201,0.36949846148490906,0.33902862668037415
Bearing2_3,1202,0.36898669600486755,0.3191479742527008
Bearing2_3,1203,0.36847493052482605,0.33642756938934326
Bearing2_3,1204,0.36796316504478455,0.34633752703666687
Bearing2_3,1205,0.36745136976242065,0.3305021822452545
Bearing2_3,1206,0.36693960428237915,0.35567301511764526
Bearing2_3,1207,0.36642783880233765,0.36399587988853455
Bearing2_3,1208,0.36591607332229614,0.31314191222190857
Bearing2_3,1209,0.36540430784225464,0.328884094953537
Bearing2_3,1210,0.36489254236221313,0.35008978843688965
Bearing2_3,1211,0.36438074707984924,0.35837283730506897
Bearing2_3,1212,0.36386898159980774,0.36817002296447754
Bearing2_3,1213,0.36335721611976624,0.3554922044277191
Bearing2_3,1214,0.36284545063972473,0.29775020480155945
Bearing2_3,1215,0.3623336851596832,0.3181798756122589
Bearing2_3,1216,0.36182188987731934,0.2880438566207886
Bearing2_3,1217,0.36131012439727783,0.2775851786136627
Bearing2_3,1218,0.36079835891723633,0.26248714327812195
Bearing2_3,1219,0.3602865934371948,0.26263877749443054
Bearing2_3,1220,0.3597748279571533,0.2431783378124237
Bearing2_3,1221,0.3592630624771118,0.24075214564800262
Bearing2_3,1222,0.3587512671947479,0.24663282930850983
Bearing2_3,1223,0.3582395017147064,0.24335910379886627
Bearing2_3,1224,0.3577277362346649,0.24121737480163574
Bearing2_3,1225,0.3572159707546234,0.23231545090675354
Bearing2_3,1226,0.3567042052745819,0.2323494255542755
Bearing2_3,1227,0.3561924397945404,0.22881168127059937
Bearing2_3,1228,0.3556806445121765,0.22207120060920715
Bearing2_3,1229,0.355168879032135,0.21750560402870178
Bearing2_3,1230,0.3546571135520935,0.21777410805225372
Bearing2_3,1231,0.354145348072052,0.22284458577632904
Bearing2_3,1232,0.3536335825920105,0.21978601813316345
Bearing2_3,1233,0.3531217873096466,0.21263182163238525
Bearing2_3,1234,0.3526100218296051,0.2086077481508255
Bearing2_3,1235,0.3520982563495636,0.2104545533657074
Bearing2_3,1236,0.3515864908695221,0.21381479501724243
Bearing2_3,1237,0.3510747253894806,0.2144990861415863
Bearing2_3,1238,0.3505629599094391,0.22114978730678558
Bearing2_3,1239,0.3500511646270752,0.21696190536022186
Bearing2_3,1240,0.3495393991470337,0.21824754774570465
Bearing2_3,1241,0.3490276336669922,0.21379871666431427
Bearing2_3,1242,0.3485158681869507,0.21595893800258636
Bearing2_3,1243,0.3480041027069092,0.22595112025737762
Bearing2_3,1244,0.3474923372268677,0.22011035680770874
Bearing2_3,1245,0.3469805419445038,0.22210219502449036
Bearing2_3,1246,0.3464687764644623,0.21891385316848755
Bearing2_3,1247,0.3459570109844208,0.22327913343906403
Bearing2_3,1248,0.3454452455043793,0.22785942256450653
Bearing2_3,1249,0.34493348002433777,0.2453613132238388
Bearing2_3,1250,0.3444216847419739,0.24111509323120117
Bearing2_3,1251,0.3439099192619324,0.2507554292678833
Bearing2_3,1252,0.34339815378189087,0.26754674315452576
Bearing2_3,1253,0.34288638830184937,0.2895950675010681
Bearing2_3,1254,0.34237462282180786,0.28392302989959717
Bearing2_3,1255,0.34186285734176636,0.2861597239971161
Bearing2_3,1256,0.34135106205940247,0.27948448061943054
Bearing2_3,1257,0.34083929657936096,0.28874701261520386
Bearing2_3,1258,0.34032753109931946,0.2823745608329773
Bearing2_3,1259,0.33981576561927795,0.2749232351779938
Bearing2_3,1260,0.33930400013923645,0.2865467667579651
Bearing2_3,1261,0.33879223465919495,0.31321239471435547
Bearing2_3,1262,0.33828043937683105,0.2872743606567383
Bearing2_3,1263,0.33776867389678955,0.2646033763885498
Bearing2_3,1264,0.33725690841674805,0.26174086332321167
Bearing2_3,1265,0.33674514293670654,0.26009297370910645
Bearing2_3,1266,0.33623337745666504,0.25738441944122314
Bearing2_3,1267,0.33572158217430115,0.2595132887363434
Bearing2_3,1268,0.33520981669425964,0.2602292597293854
Bearing2_3,1269,0.33469805121421814,0.2614635229110718
Bearing2_3,1270,0.33418628573417664,0.2643636167049408
Bearing2_3,1271,0.33367452025413513,0.26515993475914
Bearing2_3,1272,0.33316275477409363,0.2703862488269806
Bearing2_3,1273,0.33265095949172974,0.27476319670677185
Bearing2_3,1274,0.33213919401168823,0.2659749686717987
Bearing2_3,1275,0.33162742853164673,0.254993200302124
Bearing2_3,1276,0.3311156630516052,0.2881043553352356
Bearing2_3,1277,0.3306038975715637,0.2620655298233032
Bearing2_3,1278,0.3300921320915222,0.27358278632164
Bearing2_3,1279,0.3295803368091583,0.2753433585166931
Bearing2_3,1280,0.3290685713291168,0.258801132440567
Bearing2_3,1281,0.3285568058490753,0.24466301500797272
Bearing2_3,1282,0.3280450403690338,0.2432708591222763
Bearing2_3,1283,0.3275332748889923,0.24328266084194183
Bearing2_3,1284,0.3270214796066284,0.24000202119350433
Bearing2_3,1285,0.3265097141265869,0.2335624396800995
Bearing2_3,1286,0.3259979486465454,0.22987566888332367
Bearing2_3,1287,0.3254861831665039,0.22674399614334106
Bearing2_3,1288,0.3249744176864624,0.2224983125925064
Bearing2_3,1289,0.3244626522064209,0.22433504462242126
Bearing2_3,1290,0.323950856924057,0.22089040279388428
Bearing2_3,1291,0.3234390914440155,0.22272326052188873
Bearing2_3,1292,0.322927325963974,0.22372035682201385
Bearing2_3,1293,0.3224155604839325,0.22803935408592224
Bearing2_3,1294,0.321903795003891,0.23545008897781372
Bearing2_3,1295,0.3213920295238495,0.2286587506532669
Bearing2_3,1296,0.3208802342414856,0.2237101048231125
Bearing2_3,1297,0.3203684687614441,0.2216816246509552
Bearing2_3,1298,0.3198567032814026,0.21909889578819275
Bearing2_3,1299,0.3193449378013611,0.21652701497077942
Bearing2_3,1300,0.3188331723213196,0.21504218876361847
Bearing2_3,1301,0.3183214068412781,0.21484695374965668
Bearing2_3,1302,0.3178096115589142,0.21588319540023804
Bearing2_3,1303,0.3172978460788727,0.21136128902435303
Bearing2_3,1304,0.3167860805988312,0.20609302818775177
Bearing2_3,1305,0.3162743151187897,0.2119179219007492
Bearing2_3,1306,0.31576254963874817,0.22539857029914856
Bearing2_3,1307,0.3152507543563843,0.2390323281288147
Bearing2_3,1308,0.3147389888763428,0.24467897415161133
Bearing2_3,1309,0.31422722339630127,0.2417442351579666
Bearing2_3,1310,0.31371545791625977,0.24548614025115967
Bearing2_3,1311,0.31320369243621826,0.2479877471923828
Bearing2_3,1312,0.31269192695617676,0.24281220138072968
Bearing2_3,1313,0.31218013167381287,0.2342149019241333
Bearing2_3,1314,0.31166836619377136,0.23190349340438843
Bearing2_3,1315,0.31115660071372986,0.23163126409053802
Bearing2_3,1316,0.31064483523368835,0.23503383994102478
Bearing2_3,1317,0.31013306975364685,0.24161137640476227
Bearing2_3,1318,0.30962130427360535,0.2419968843460083
Bearing2_3,1319,0.30910950899124146,0.23813775181770325
Bearing2_3,1320,0.30859774351119995,0.2387888878583908
Bearing2_3,1321,0.30808597803115845,0.2308720052242279
Bearing2_3,1322,0.30757421255111694,0.2417657971382141
Bearing2_3,1323,0.30706244707107544,0.2355438619852066
Bearing2_3,1324,0.30655065178871155,0.23441697657108307
Bearing2_3,1325,0.30603888630867004,0.23696830868721008
Bearing2_3,1326,0.30552712082862854,0.23325812816619873
Bearing2_3,1327,0.30501535534858704,0.24608850479125977
Bearing2_3,1328,0.30450358986854553,0.25522011518478394
Bearing2_3,1329,0.30399182438850403,0.25169363617897034
Bearing2_3,1330,0.30348002910614014,0.2554592788219452
Bearing2_3,1331,0.30296826362609863,0.2586616277694702
Bearing2_3,1332,0.30245649814605713,0.2504012882709503
Bearing2_3,1333,0.3019447326660156,0.24478861689567566
Bearing2_3,1334,0.3014329671859741,0.23549571633338928
Bearing2_3,1335,0.3009212017059326,0.236273393034935
Bearing2_3,1336,0.3004094064235687,0.2484859675168991
Bearing2_3,1337,0.2998976409435272,0.2422713041305542
Bearing2_3,1338,0.2993858754634857,0.2465927004814148
Bearing2_3,1339,0.2988741099834442,0.25409334897994995
Bearing2_3,1340,0.2983623445034027,0.2512429654598236
Bearing2_3,1341,0.2978505492210388,0.26384836435317993
Bearing2_3,1342,0.2973387837409973,0.26081395149230957
Bearing2_3,1343,0.2968270182609558,0.26016515493392944
Bearing2_3,1344,0.2963152527809143,0.2695297598838806
Bearing2_3,1345,0.2958034873008728,0.2862429618835449
Bearing2_3,1346,0.2952917218208313,0.2802833318710327
Bearing2_3,1347,0.2947799265384674,0.2756213843822479
Bearing2_3,1348,0.2942681610584259,0.2604248821735382
Bearing2_3,1349,0.2937563955783844,0.25777244567871094
Bearing2_3,1350,0.2932446300983429,0.2575605511665344
Bearing2_3,1351,0.2927328646183014,0.25596824288368225
Bearing2_3,1352,0.2922210991382599,0.2558365762233734
Bearing2_3,1353,0.291709303855896,0.2571604549884796
Bearing2_3,1354,0.2911975383758545,0.25948476791381836
Bearing2_3,1355,0.290685772895813,0.2581852376461029
Bearing2_3,1356,0.2901740074157715,0.26120203733444214
Bearing2_3,1357,0.28966224193573,0.2525215744972229
Bearing2_3,1358,0.2891504466533661,0.24657976627349854
Bearing2_3,1359,0.2886386811733246,0.24194352328777313
Bearing2_3,1360,0.2881269156932831,0.23604761064052582
Bearing2_3,1361,0.2876151502132416,0.23164142668247223
Bearing2_3,1362,0.2871033847332001,0.22746127843856812
Bearing2_3,1363,0.28659161925315857,0.2274278700351715
Bearing2_3,1364,0.2860798239707947,0.23507726192474365
Bearing2_3,1365,0.2855680584907532,0.2354602813720703
Bearing2_3,1366,0.28505629301071167,0.24996572732925415
Bearing2_3,1367,0.28454452753067017,0.2468964159488678
Bearing2_3,1368,0.28403276205062866,0.23730257153511047
Bearing2_3,1369,0.28352099657058716,0.23479168117046356
Bearing2_3,1370,0.28300920128822327,0.22892943024635315
Bearing2_3,1371,0.28249743580818176,0.226406529545784
Bearing2_3,1372,0.28198567032814026,0.22898447513580322
Bearing2_3,1373,0.28147390484809875,0.22432571649551392
Bearing2_3,1374,0.28096213936805725,0.22039422392845154
Bearing2_3,1375,0.28045034408569336,0.21927794814109802
Bearing2_3,1376,0.27993857860565186,0.2132146954536438
Bearing2_3,1377,0.27942681312561035,0.2154916226863861
Bearing2_3,1378,0.27891504764556885,0.21705086529254913
Bearing2_3,1379,0.27840328216552734,0.22225119173526764
Bearing2_3,1380,0.27789151668548584,0.2360803484916687
Bearing2_3,1381,0.27737972140312195,0.2288813591003418
Bearing2_3,1382,0.27686795592308044,0.2351028025150299
Bearing2_3,1383,0.27635619044303894,0.2470269650220871
Bearing2_3,1384,0.27584442496299744,0.25166457891464233
Bearing2_3,1385,0.27533265948295593,0.2553909420967102
Bearing2_3,1386,0.27482089400291443,0.2542131543159485
Bearing2_3,1387,0.27430909872055054,0.2678736448287964
Bearing2_3,1388,0.27379733324050903,0.2689764201641083
Bearing2_3,1389,0.27328556776046753,0.269191175699234
Bearing2_3,1390,0.272773802280426,0.26456087827682495
Bearing2_3,1391,0.2722620368003845,0.2633134424686432
Bearing2_3,1392,0.27175024151802063,0.27115747332572937
Bearing2_3,1393,0.2712384760379791,0.2689230144023895
Bearing2_3,1394,0.2707267105579376,0.268172949552536
Bearing2_3,1395,0.2702149450778961,0.2701980769634247
Bearing2_3,1396,0.2697031795978546,0.2637602686882019
Bearing2_3,1397,0.2691914141178131,0.2700522541999817
Bearing2_3,1398,0.2686796188354492,0.2655794620513916
Bearing2_3,1399,0.2681678533554077,0.2688537538051605
Bearing2_3,1400,0.2676560878753662,0.2710913121700287
Bearing2_3,1401,0.2671443223953247,0.27621448040008545
Bearing2_3,1402,0.2666325569152832,0.27220240235328674
Bearing2_3,1403,0.2661207914352417,0.27373406291007996
Bearing2_3,1404,0.2656089961528778,0.28178471326828003
Bearing2_3,1405,0.2650972306728363,0.3069514036178589
Bearing2_3,1406,0.2645854651927948,0.3180825412273407
Bearing2_3,1407,0.2640736997127533,0.3743407130241394
Bearing2_3,1408,0.2635619342327118,0.3919529318809509
Bearing2_3,1409,0.2630501389503479,0.38353046774864197
Bearing2_3,1410,0.2625383734703064,0.40184539556503296
Bearing2_3,1411,0.2620266079902649,0.3883800506591797
Bearing2_3,1412,0.2615148425102234,0.36243903636932373
Bearing2_3,1413,0.2610030770301819,0.35117438435554504
Bearing2_3,1414,0.2604913115501404,0.3315489888191223
Bearing2_3,1415,0.2599795162677765,0.2726466655731201
Bearing2_3,1416,0.259467750787735,0.27668464183807373
Bearing2_3,1417,0.2589559853076935,0.2571929693222046
Bearing2_3,1418,0.258444219827652,0.245991513133049
Bearing2_3,1419,0.2579324543476105,0.23731642961502075
Bearing2_3,1420,0.25742068886756897,0.22837963700294495
Bearing2_3,1421,0.2569088935852051,0.22576239705085754
Bearing2_3,1422,0.2563971281051636,0.22938081622123718
Bearing2_3,1423,0.25588536262512207,0.2298230081796646
Bearing2_3,1424,0.25537359714508057,0.22921352088451385
Bearing2_3,1425,0.25486183166503906,0.22595961391925812
Bearing2_3,1426,0.25435003638267517,0.22201715409755707
Bearing2_3,1427,0.25383827090263367,0.22045592963695526
Bearing2_3,1428,0.25332650542259216,0.22211310267448425
Bearing2_3,1429,0.25281473994255066,0.21844196319580078
Bearing2_3,1430,0.25230297446250916,0.21669350564479828
Bearing2_3,1431,0.25179120898246765,0.21889618039131165
Bearing2_3,1432,0.25127941370010376,0.2264307737350464
Bearing2_3,1433,0.25076764822006226,0.22814425826072693
Bearing2_3,1434,0.25025588274002075,0.23113586008548737
Bearing2_3,1435,0.24974411725997925,0.2322091907262802
Bearing2_3,1436,0.24923233687877655,0.2305889129638672
Bearing2_3,1437,0.24872057139873505,0.23588646948337555
Bearing2_3,1438,0.24820880591869354,0.23437343537807465
Bearing2_3,1439,0.24769702553749084,0.24164921045303345
Bearing2_3,1440,0.24718526005744934,0.24563977122306824
Bearing2_3,1441,0.24667349457740784,0.24492554366588593
Bearing2_3,1442,0.24616171419620514,0.2506229281425476
Bearing2_3,1443,0.24564994871616364,0.2504456639289856
Bearing2_3,1444,0.24513818323612213,0.2506032884120941
Bearing2_3,1445,0.24462640285491943,0.2547794282436371
Bearing2_3,1446,0.24411463737487793,0.26305192708969116
Bearing2_3,1447,0.24360287189483643,0.30121999979019165
Bearing2_3,1448,0.24309109151363373,0.30291271209716797
Bearing2_3,1449,0.24257932603359222,0.3178360164165497
Bearing2_3,1450,0.24206756055355072,0.34279492497444153
Bearing2_3,1451,0.24155578017234802,0.3050815463066101
Bearing2_3,1452,0.24104401469230652,0.2854437530040741
Bearing2_3,1453,0.24053223431110382,0.2829279899597168
Bearing2_3,1454,0.24002046883106232,0.26804760098457336
Bearing2_3,1455,0.2395087033510208,0.2500506341457367
Bearing2_3,1456,0.23899692296981812,0.25030145049095154
Bearing2_3,1457,0.2384851574897766,0.23848627507686615
Bearing2_3,1458,0.2379733920097351,0.22170643508434296
Bearing2_3,1459,0.2374616116285324,0.21372219920158386
Bearing2_3,1460,0.2369498461484909,0.2032667100429535
Bearing2_3,1461,0.2364380806684494,0.1999269425868988
Bearing2_3,1462,0.2359263002872467,0.2002076953649521
Bearing2_3,1463,0.2354145348072052,0.19545048475265503
Bearing2_3,1464,0.2349027693271637,0.1924656331539154
Bearing2_3,1465,0.234390988945961,0.19324155151844025
Bearing2_3,1466,0.2338792234659195,0.19425711035728455
Bearing2_3,1467,0.233367457985878,0.19456109404563904
Bearing2_3,1468,0.2328556776046753,0.19526658952236176
Bearing2_3,1469,0.2323439121246338,0.1907179355621338
Bearing2_3,1470,0.23183214664459229,0.19455012679100037
Bearing2_3,1471,0.2313203662633896,0.18770413100719452
Bearing2_3,1472,0.23080860078334808,0.19186121225357056
Bearing2_3,1473,0.23029682040214539,0.194235160946846
Bearing2_3,1474,0.22978505492210388,0.1958124190568924
Bearing2_3,1475,0.22927328944206238,0.1950554996728897
Bearing2_3,1476,0.22876150906085968,0.1977473497390747
Bearing2_3,1477,0.22824974358081818,0.1958896666765213
Bearing2_3,1478,0.22773797810077667,0.1985006481409073
Bearing2_3,1479,0.22722619771957397,0.1995246708393097
Bearing2_3,1480,0.22671443223953247,0.192712664604187
Bearing2_3,1481,0.22620266675949097,0.1912335455417633
Bearing2_3,1482,0.22569088637828827,0.19345030188560486
Bearing2_3,1483,0.22517912089824677,0.19789761304855347
Bearing2_3,1484,0.22466735541820526,0.2046452760696411
Bearing2_3,1485,0.22415557503700256,0.20526312291622162
Bearing2_3,1486,0.22364380955696106,0.20854799449443817
Bearing2_3,1487,0.22313204407691956,0.21265217661857605
Bearing2_3,1488,0.22262026369571686,0.21727988123893738
Bearing2_3,1489,0.22210849821567535,0.22170917689800262
Bearing2_3,1490,0.22159671783447266,0.22472672164440155
Bearing2_3,1491,0.22108495235443115,0.22579100728034973
Bearing2_3,1492,0.22057318687438965,0.22507549822330475
Bearing2_3,1493,0.22006140649318695,0.22163911163806915
Bearing2_3,1494,0.21954964101314545,0.21801725029945374
Bearing2_3,1495,0.21903787553310394,0.21514132618904114
Bearing2_3,1496,0.21852609515190125,0.21322327852249146
Bearing2_3,1497,0.21801432967185974,0.2124340534210205
Bearing2_3,1498,0.21750256419181824,0.21313799917697906
Bearing2_3,1499,0.21699078381061554,0.21734239161014557
Bearing2_3,1500,0.21647901833057404,0.22149018943309784
Bearing2_3,1501,0.21596725285053253,0.2168222814798355
Bearing2_3,1502,0.21545547246932983,0.22064386308193207
Bearing2_3,1503,0.21494370698928833,0.2289997786283493
Bearing2_3,1504,0.21443194150924683,0.23523199558258057
Bearing2_3,1505,0.21392016112804413,0.23737823963165283
Bearing2_3,1506,0.21340839564800262,0.24183227121829987
Bearing2_3,1507,0.21289661526679993,0.24652735888957977
Bearing2_3,1508,0.21238484978675842,0.24864612519741058
Bearing2_3,1509,0.21187308430671692,0.25626373291015625
Bearing2_3,1510,0.21136130392551422,0.2675420045852661
Bearing2_3,1511,0.21084953844547272,0.28554868698120117
Bearing2_3,1512,0.2103377729654312,0.29570838809013367
Bearing2_3,1513,0.20982599258422852,0.30219143629074097
Bearing2_3,1514,0.209314227104187,0.2867892384529114
Bearing2_3,1515,0.2088024616241455,0.29297035932540894
Bearing2_3,1516,0.2082906812429428,0.2944652736186981
Bearing2_3,1517,0.2077789157629013,0.2936716377735138
Bearing2_3,1518,0.2072671502828598,0.30853766202926636
Bearing2_3,1519,0.2067553699016571,0.30757302045822144
Bearing2_3,1520,0.2062436044216156,0.3129822611808777
Bearing2_3,1521,0.2057318389415741,0.3169279098510742
Bearing2_3,1522,0.2052200585603714,0.4003559350967407
Bearing2_3,1523,0.2047082930803299,0.38097089529037476
Bearing2_3,1524,0.2041965126991272,0.4559408128261566
Bearing2_3,1525,0.2036847472190857,0.444551557302475
Bearing2_3,1526,0.2031729817390442,0.46000248193740845
Bearing2_3,1527,0.2026612013578415,0.4617142975330353
Bearing2_3,1528,0.2021494358778,0.44272667169570923
Bearing2_3,1529,0.20163767039775848,0.4344657063484192
Bearing2_3,1530,0.2011258900165558,0.4299370348453522
Bearing2_3,1531,0.20061412453651428,0.41189801692962646
Bearing2_3,1532,0.20010235905647278,0.3952995836734772
Bearing2_3,1533,0.19959057867527008,0.41245290637016296
Bearing2_3,1534,0.19907881319522858,0.40336689352989197
Bearing2_3,1535,0.19856704771518707,0.38690677285194397
Bearing2_3,1536,0.19805526733398438,0.3573994040489197
Bearing2_3,1537,0.19754350185394287,0.36449629068374634
Bearing2_3,1538,0.19703173637390137,0.34491053223609924
Bearing2_3,1539,0.19651995599269867,0.3045525848865509
Bearing2_3,1540,0.19600819051265717,0.27860498428344727
Bearing2_3,1541,0.19549642503261566,0.29060471057891846
Bearing2_3,1542,0.19498464465141296,0.27321144938468933
Bearing2_3,1543,0.19447287917137146,0.2366795837879181
Bearing2_3,1544,0.19396109879016876,0.2342129647731781
Bearing2_3,1545,0.19344933331012726,0.22613166272640228
Bearing2_3,1546,0.19293756783008575,0.23273418843746185
Bearing2_3,1547,0.19242578744888306,0.24312685430049896
Bearing2_3,1548,0.19191402196884155,0.24127031862735748
Bearing2_3,1549,0.19140225648880005,0.23728100955486298
Bearing2_3,1550,0.19089047610759735,0.23099260032176971
Bearing2_3,1551,0.19037871062755585,0.23551438748836517
Bearing2_3,1552,0.18986694514751434,0.22685126960277557
Bearing2_3,1553,0.18935516476631165,0.22604943811893463
Bearing2_3,1554,0.18884339928627014,0.22603127360343933
Bearing2_3,1555,0.18833163380622864,0.2185162454843521
Bearing2_3,1556,0.18781985342502594,0.22229601442813873
Bearing2_3,1557,0.18730808794498444,0.22496990859508514
Bearing2_3,1558,0.18679632246494293,0.22594547271728516
Bearing2_3,1559,0.18628454208374023,0.22560003399848938
Bearing2_3,1560,0.18577277660369873,0.22608886659145355
Bearing2_3,1561,0.18526099622249603,0.22419467568397522
Bearing2_3,1562,0.18474923074245453,0.22423318028450012
Bearing2_3,1563,0.18423746526241302,0.2317739576101303
Bearing2_3,1564,0.18372568488121033,0.23266112804412842
Bearing2_3,1565,0.18321391940116882,0.23089005053043365
Bearing2_3,1566,0.18270215392112732,0.23426474630832672
Bearing2_3,1567,0.18219037353992462,0.23549510538578033
Bearing2_3,1568,0.18167860805988312,0.23636853694915771
Bearing2_3,1569,0.1811668425798416,0.23546171188354492
Bearing2_3,1570,0.18065506219863892,0.23630139231681824
Bearing2_3,1571,0.1801432967185974,0.2436777949333191
Bearing2_3,1572,0.1796315312385559,0.24494855105876923
Bearing2_3,1573,0.1791197508573532,0.24556608498096466
Bearing2_3,1574,0.1786079853773117,0.24496468901634216
Bearing2_3,1575,0.1780962198972702,0.2505377233028412
Bearing2_3,1576,0.1775844395160675,0.25840526819229126
Bearing2_3,1577,0.177072674036026,0.2608427405357361
Bearing2_3,1578,0.1765608936548233,0.2651659846305847
Bearing2_3,1579,0.1760491281747818,0.26578086614608765
Bearing2_3,1580,0.1755373626947403,0.26384326815605164
Bearing2_3,1581,0.1750255823135376,0.2708224058151245
Bearing2_3,1582,0.1745138168334961,0.27827122807502747
Bearing2_3,1583,0.1740020513534546,0.28679415583610535
Bearing2_3,1584,0.1734902709722519,0.2918599247932434
Bearing2_3,1585,0.1729785054922104,0.2837112843990326
Bearing2_3,1586,0.17246674001216888,0.28179851174354553
Bearing2_3,1587,0.1719549596309662,0.2929942309856415
Bearing2_3,1588,0.17144319415092468,0.2983832359313965
Bearing2_3,1589,0.17093142867088318,0.3120185434818268
Bearing2_3,1590,0.17041964828968048,0.30926963686943054
Bearing2_3,1591,0.16990788280963898,0.31926092505455017
Bearing2_3,1592,0.16939611732959747,0.33315786719322205
Bearing2_3,1593,0.16888433694839478,0.33913734555244446
Bearing2_3,1594,0.16837257146835327,0.34160172939300537
Bearing2_3,1595,0.16786079108715057,0.3190459609031677
Bearing2_3,1596,0.16734902560710907,0.3225521147251129
Bearing2_3,1597,0.16683726012706757,0.3257947266101837
Bearing2_3,1598,0.16632547974586487,0.3270769715309143
Bearing2_3,1599,0.16581371426582336,0.3273460268974304
Bearing2_3,1600,0.16530194878578186,0.3409380316734314
Bearing2_3,1601,0.16479016840457916,0.3471601903438568
Bearing2_3,1602,0.16427840292453766,0.3539589047431946
Bearing2_3,1603,0.16376663744449615,0.3474138081073761
Bearing2_3,1604,0.16325485706329346,0.3360966444015503
Bearing2_3,1605,0.16274309158325195,0.3436197340488434
Bearing2_3,1606,0.16223132610321045,0.3358747065067291
Bearing2_3,1607,0.16171954572200775,0.32733145356178284
Bearing2_3,1608,0.16120778024196625,0.29952308535575867
Bearing2_3,1609,0.16069601476192474,0.2729089856147766
Bearing2_3,1610,0.16018423438072205,0.24894993007183075
Bearing2_3,1611,0.15967246890068054,0.24018527567386627
Bearing2_3,1612,0.15916070342063904,0.22884929180145264
Bearing2_3,1613,0.15864892303943634,0.214278906583786
Bearing2_3,1614,0.15813715755939484,0.21208436787128448
Bearing2_3,1615,0.15762537717819214,0.1985519677400589
Bearing2_3,1616,0.15711361169815063,0.19659996032714844
Bearing2_3,1617,0.15660184621810913,0.19540464878082275
Bearing2_3,1618,0.15609006583690643,0.1914440244436264
Bearing2_3,1619,0.15557830035686493,0.18692311644554138
Bearing2_3,1620,0.15506653487682343,0.17566929757595062
Bearing2_3,1621,0.15455475449562073,0.17898915708065033
Bearing2_3,1622,0.15404298901557922,0.17996975779533386
Bearing2_3,1623,0.15353122353553772,0.1837243288755417
Bearing2_3,1624,0.15301944315433502,0.1854979395866394
Bearing2_3,1625,0.15250767767429352,0.18232037127017975
Bearing2_3,1626,0.15199591219425201,0.18370218575000763
Bearing2_3,1627,0.15148413181304932,0.18502266705036163
Bearing2_3,1628,0.1509723663330078,0.17402713000774384
Bearing2_3,1629,0.1504606008529663,0.1857147216796875
Bearing2_3,1630,0.1499488204717636,0.19633647799491882
Bearing2_3,1631,0.1494370549917221,0.2064734399318695
Bearing2_3,1632,0.1489252746105194,0.2152584046125412
Bearing2_3,1633,0.1484135091304779,0.20889431238174438
Bearing2_3,1634,0.1479017436504364,0.21670129895210266
Bearing2_3,1635,0.1473899632692337,0.2316359281539917
Bearing2_3,1636,0.1468781977891922,0.22884464263916016
Bearing2_3,1637,0.1463664323091507,0.24610844254493713
Bearing2_3,1638,0.145854651927948,0.2553037405014038
Bearing2_3,1639,0.1453428864479065,0.2662363052368164
Bearing2_3,1640,0.144831120967865,0.27420660853385925
Bearing2_3,1641,0.1443193405866623,0.4509545564651489
Bearing2_3,1642,0.1438075751066208,0.46107831597328186
Bearing2_3,1643,0.14329580962657928,0.48808854818344116
Bearing2_3,1644,0.1427840292453766,0.4973670244216919
Bearing2_3,1645,0.14227226376533508,0.49464210867881775
Bearing2_3,1646,0.14176049828529358,0.49986281991004944
Bearing2_3,1647,0.14124871790409088,0.5036329627037048
Bearing2_3,1648,0.14073695242404938,0.5011112093925476
Bearing2_3,1649,0.14022517204284668,0.5050483345985413
Bearing2_3,1650,0.13971340656280518,0.5053796172142029
Bearing2_3,1651,0.13920164108276367,0.5105552673339844
Bearing2_3,1652,0.13868986070156097,0.5075913667678833
Bearing2_3,1653,0.13817809522151947,0.48864489793777466
Bearing2_3,1654,0.13766632974147797,0.48816466331481934
Bearing2_3,1655,0.13715454936027527,0.46413901448249817
Bearing2_3,1656,0.13664278388023376,0.46074721217155457
Bearing2_3,1657,0.13613101840019226,0.4597611129283905
Bearing2_3,1658,0.13561923801898956,0.4419768750667572
Bearing2_3,1659,0.13510747253894806,0.41406387090682983
Bearing2_3,1660,0.13459570705890656,0.4104638993740082
Bearing2_3,1661,0.13408392667770386,0.38442084193229675
Bearing2_3,1662,0.13357216119766235,0.3739142119884491
Bearing2_3,1663,0.13306039571762085,0.36978307366371155
Bearing2_3,1664,0.13254861533641815,0.35940420627593994
Bearing2_3,1665,0.13203684985637665,0.3306129276752472
Bearing2_3,1666,0.13152506947517395,0.31364473700523376
Bearing2_3,1667,0.13101330399513245,0.27875903248786926
Bearing2_3,1668,0.13050153851509094,0.2714868187904358
Bearing2_3,1669,0.12998975813388824,0.26980337500572205
Bearing2_3,1670,0.12947799265384674,0.2597523331642151
Bearing2_3,1671,0.12896622717380524,0.26728275418281555
Bearing2_3,1672,0.12845444679260254,0.26342418789863586
Bearing2_3,1673,0.12794268131256104,0.2496395856142044
Bearing2_3,1674,0.12743091583251953,0.23916193842887878
Bearing2_3,1675,0.12691913545131683,0.23941151797771454
Bearing2_3,1676,0.12640736997127533,0.23468098044395447
Bearing2_3,1677,0.12589560449123383,0.23196610808372498
Bearing2_3,1678,0.12538382411003113,0.23179885745048523
Bearing2_3,1679,0.12487205862998962,0.22863838076591492
Bearing2_3,1680,0.12436028569936752,0.22453159093856812
Bearing2_3,1681,0.12384851276874542,0.2232045978307724
Bearing2_3,1682,0.12333674728870392,0.22618801891803741
Bearing2_3,1683,0.12282497435808182,0.21867145597934723
Bearing2_3,1684,0.12231320142745972,0.226738840341568
Bearing2_3,1685,0.12180143594741821,0.22604207694530487
Bearing2_3,1686,0.12128966301679611,0.22146764397621155
Bearing2_3,1687,0.12077789008617401,0.22952218353748322
Bearing2_3,1688,0.12026611715555191,0.22856405377388
Bearing2_3,1689,0.1197543516755104,0.22894152998924255
Bearing2_3,1690,0.1192425787448883,0.228071391582489
Bearing2_3,1691,0.1187308058142662,0.22511166334152222
Bearing2_3,1692,0.1182190403342247,0.22110097110271454
Bearing2_3,1693,0.1177072674036026,0.21880680322647095
Bearing2_3,1694,0.1171954944729805,0.21506118774414062
Bearing2_3,1695,0.116683728992939,0.2141670435667038
Bearing2_3,1696,0.1161719560623169,0.21115395426750183
Bearing2_3,1697,0.1156601831316948,0.21924254298210144
Bearing2_3,1698,0.11514841020107269,0.21467940509319305
Bearing2_3,1699,0.11463664472103119,0.21539035439491272
Bearing2_3,1700,0.11412487179040909,0.21819986402988434
Bearing2_3,1701,0.11361309885978699,0.2165466696023941
Bearing2_3,1702,0.11310133337974548,0.2191217988729477
Bearing2_3,1703,0.11258956044912338,0.2176949381828308
Bearing2_3,1704,0.11207778751850128,0.22747625410556793
Bearing2_3,1705,0.11156602203845978,0.2275252342224121
Bearing2_3,1706,0.11105424910783768,0.22593167424201965
Bearing2_3,1707,0.11054247617721558,0.2292657494544983
Bearing2_3,1708,0.11003070324659348,0.2384503185749054
Bearing2_3,1709,0.10951893776655197,0.23755422234535217
Bearing2_3,1710,0.10900716483592987,0.24334736168384552
Bearing2_3,1711,0.10849539190530777,0.24534401297569275
Bearing2_3,1712,0.10798362642526627,0.2442040890455246
Bearing2_3,1713,0.10747185349464417,0.2425667941570282
Bearing2_3,1714,0.10696008056402206,0.23990745842456818
Bearing2_3,1715,0.10644830763339996,0.24149785935878754
Bearing2_3,1716,0.10593654215335846,0.23511068522930145
Bearing2_3,1717,0.10542476922273636,0.23093965649604797
Bearing2_3,1718,0.10491299629211426,0.23997004330158234
Bearing2_3,1719,0.10440123081207275,0.23909375071525574
Bearing2_3,1720,0.10388945788145065,0.23376694321632385
Bearing2_3,1721,0.10337768495082855,0.23730413615703583
Bearing2_3,1722,0.10286591947078705,0.2337326854467392
Bearing2_3,1723,0.10235414654016495,0.25893762707710266
Bearing2_3,1724,0.10184237360954285,0.2627028226852417
Bearing2_3,1725,0.10133060067892075,0.2665414810180664
Bearing2_3,1726,0.10081883519887924,0.25490614771842957
Bearing2_3,1727,0.10030706226825714,0.24152407050132751
Bearing2_3,1728,0.09979528933763504,0.2507009506225586
Bearing2_3,1729,0.09928352385759354,0.23905466496944427
Bearing2_3,1730,0.09877175092697144,0.23716235160827637
Bearing2_3,1731,0.09825997799634933,0.22740305960178375
Bearing2_3,1732,0.09774821251630783,0.22434034943580627
Bearing2_3,1733,0.09723643958568573,0.211040198802948
Bearing2_3,1734,0.09672466665506363,0.22152051329612732
Bearing2_3,1735,0.09621289372444153,0.22129233181476593
Bearing2_3,1736,0.09570112824440002,0.20967288315296173
Bearing2_3,1737,0.09518935531377792,0.2178642898797989
Bearing2_3,1738,0.09467758238315582,0.21466821432113647
Bearing2_3,1739,0.09416581690311432,0.21704325079917908
Bearing2_3,1740,0.09365404397249222,0.22150138020515442
Bearing2_3,1741,0.09314227104187012,0.2259739339351654
Bearing2_3,1742,0.09263049811124802,0.2253405898809433
Bearing2_3,1743,0.09211873263120651,0.23372161388397217
Bearing2_3,1744,0.09160695970058441,0.23941302299499512
Bearing2_3,1745,0.09109518676996231,0.24781063199043274
Bearing2_3,1746,0.0905834212899208,0.2467637062072754
Bearing2_3,1747,0.0900716483592987,0.2533823549747467
Bearing2_3,1748,0.0895598754286766,0.2533454895019531
Bearing2_3,1749,0.0890481099486351,0.2684095501899719
Bearing2_3,1750,0.088536337018013,0.27142295241355896
Bearing2_3,1751,0.0880245640873909,0.2706626355648041
Bearing2_3,1752,0.0875127911567688,0.3006002902984619
Bearing2_3,1753,0.0870010256767273,0.28862228989601135
Bearing2_3,1754,0.0864892527461052,0.27830734848976135
Bearing2_3,1755,0.0859774798154831,0.27531468868255615
Bearing2_3,1756,0.08546571433544159,0.27294692397117615
Bearing2_3,1757,0.08495394140481949,0.26241230964660645
Bearing2_3,1758,0.08444216847419739,0.2565027177333832
Bearing2_3,1759,0.08393039554357529,0.2565426230430603
Bearing2_3,1760,0.08341863006353378,0.26056382060050964
Bearing2_3,1761,0.08290685713291168,0.27332744002342224
Bearing2_3,1762,0.08239508420228958,0.2616530954837799
Bearing2_3,1763,0.08188331872224808,0.26132330298423767
Bearing2_3,1764,0.08137154579162598,0.2814309895038605
Bearing2_3,1765,0.08085977286100388,0.2801279127597809
Bearing2_3,1766,0.08034800738096237,0.25256216526031494
Bearing2_3,1767,0.07983623445034027,0.26151448488235474
Bearing2_3,1768,0.07932446151971817,0.2754289209842682
Bearing2_3,1769,0.07881268858909607,0.25244542956352234
Bearing2_3,1770,0.07830092310905457,0.24872809648513794
Bearing2_3,1771,0.07778915017843246,0.25116875767707825
Bearing2_3,1772,0.07727737724781036,0.25272491574287415
Bearing2_3,1773,0.07676561176776886,0.23457199335098267
Bearing2_3,1774,0.07625383883714676,0.23325115442276
Bearing2_3,1775,0.07574206590652466,0.2365015298128128
Bearing2_3,1776,0.07523030042648315,0.22999165952205658
Bearing2_3,1777,0.07471852749586105,0.22580106556415558
Bearing2_3,1778,0.07420675456523895,0.22472958266735077
Bearing2_3,1779,0.07369498163461685,0.21648691594600677
Bearing2_3,1780,0.07318321615457535,0.2027013748884201
Bearing2_3,1781,0.07267144322395325,0.19868400692939758
Bearing2_3,1782,0.07215967029333115,0.2003578543663025
Bearing2_3,1783,0.07164790481328964,0.19587787985801697
Bearing2_3,1784,0.07113613188266754,0.19822053611278534
Bearing2_3,1785,0.07062435895204544,0.1998884677886963
Bearing2_3,1786,0.07011258602142334,0.19781823456287384
Bearing2_3,1787,0.06960082054138184,0.20467539131641388
Bearing2_3,1788,0.06908904761075974,0.2088005691766739
Bearing2_3,1789,0.06857727468013763,0.21071453392505646
Bearing2_3,1790,0.06806550920009613,0.21016958355903625
Bearing2_3,1791,0.06755373626947403,0.21105404198169708
Bearing2_3,1792,0.06704196333885193,0.20720593631267548
Bearing2_3,1793,0.06653019785881042,0.20450478792190552
Bearing2_3,1794,0.06601842492818832,0.20930339395999908
Bearing2_3,1795,0.06550665199756622,0.20961697399616241
Bearing2_3,1796,0.06499487906694412,0.20771652460098267
Bearing2_3,1797,0.06448311358690262,0.2051042765378952
Bearing2_3,1798,0.06397134065628052,0.20180751383304596
Bearing2_3,1799,0.06345956772565842,0.20276710391044617
Bearing2_3,1800,0.06294780224561691,0.20248322188854218
Bearing2_3,1801,0.06243602931499481,0.20163802802562714
Bearing2_3,1802,0.06192425638437271,0.20033204555511475
Bearing2_3,1803,0.06141248717904091,0.198653444647789
Bearing2_3,1804,0.060900717973709106,0.20001007616519928
Bearing2_3,1805,0.060388945043087006,0.20500223338603973
Bearing2_3,1806,0.0598771758377552,0.20455728471279144
Bearing2_3,1807,0.0593654029071331,0.2134365290403366
Bearing2_3,1808,0.0588536337018013,0.20945875346660614
Bearing2_3,1809,0.0583418644964695,0.20734049379825592
Bearing2_3,1810,0.0578300915658474,0.2127600908279419
Bearing2_3,1811,0.057318322360515594,0.213998481631279
Bearing2_3,1812,0.056806549429893494,0.2219000905752182
Bearing2_3,1813,0.05629478022456169,0.2194555550813675
Bearing2_3,1814,0.05578301101922989,0.21734653413295746
Bearing2_3,1815,0.05527123808860779,0.2156960666179657
Bearing2_3,1816,0.054759468883275986,0.21445859968662262
Bearing2_3,1817,0.054247695952653885,0.21310298144817352
Bearing2_3,1818,0.05373592674732208,0.21325892210006714
Bearing2_3,1819,0.05322415381669998,0.21247650682926178
Bearing2_3,1820,0.05271238461136818,0.2096775621175766
Bearing2_3,1821,0.05220061540603638,0.20626890659332275
Bearing2_3,1822,0.051688842475414276,0.2077730894088745
Bearing2_3,1823,0.051177073270082474,0.21094055473804474
Bearing2_3,1824,0.05066530033946037,0.2168353646993637
Bearing2_3,1825,0.05015353113412857,0.22195063531398773
Bearing2_3,1826,0.04964176192879677,0.22595907747745514
Bearing2_3,1827,0.04912998899817467,0.2279227077960968
Bearing2_3,1828,0.048618219792842865,0.2312697172164917
Bearing2_3,1829,0.048106446862220764,0.23849745094776154
Bearing2_3,1830,0.04759467765688896,0.23792040348052979
Bearing2_3,1831,0.04708290845155716,0.22728003561496735
Bearing2_3,1832,0.04657113552093506,0.22903914749622345
Bearing2_3,1833,0.046059366315603256,0.23061838746070862
Bearing2_3,1834,0.045547593384981155,0.23981590569019318
Bearing2_3,1835,0.04503582417964935,0.2836443781852722
Bearing2_3,1836,0.04452405497431755,0.2514954209327698
Bearing2_3,1837,0.04401228204369545,0.2716483473777771
Bearing2_3,1838,0.04350051283836365,0.25888770818710327
Bearing2_3,1839,0.04298873990774155,0.24096429347991943
Bearing2_3,1840,0.042476970702409744,0.2859399914741516
Bearing2_3,1841,0.04196519777178764,0.2953350245952606
Bearing2_3,1842,0.04145342856645584,0.3518165349960327
Bearing2_3,1843,0.04094165936112404,0.3721843361854553
Bearing2_3,1844,0.04042988643050194,0.3856619596481323
Bearing2_3,1845,0.039918117225170135,0.4012148380279541
Bearing2_3,1846,0.039406344294548035,0.37205612659454346
Bearing2_3,1847,0.03889457508921623,0.3852957785129547
Bearing2_3,1848,0.03838280588388443,0.38925454020500183
Bearing2_3,1849,0.03787103295326233,0.4033306837081909
Bearing2_3,1850,0.03735926374793053,0.34728315472602844
Bearing2_3,1851,0.036847490817308426,0.33905458450317383
Bearing2_3,1852,0.036335721611976624,0.34246236085891724
Bearing2_3,1853,0.03582395240664482,0.409633070230484
Bearing2_3,1854,0.03531217947602272,0.4223698377609253
Bearing2_3,1855,0.03480041027069092,0.40030401945114136
Bearing2_3,1856,0.03428863734006882,0.400934100151062
Bearing2_3,1857,0.033776868134737015,0.40299126505851746
Bearing2_3,1858,0.03326509892940521,0.39328712224960327
Bearing2_3,1859,0.03275332599878311,0.39495134353637695
Bearing2_3,1860,0.03224155679345131,0.4212321639060974
Bearing2_3,1861,0.03172978386282921,0.39072471857070923
Bearing2_3,1862,0.031218014657497406,0.4105212688446045
Bearing2_3,1863,0.030706243589520454,0.4388469159603119
Bearing2_3,1864,0.030194472521543503,0.4365665018558502
Bearing2_3,1865,0.02968270145356655,0.4353533685207367
Bearing2_3,1866,0.02917093224823475,0.4488126337528229
Bearing2_3,1867,0.028659161180257797,0.4396512806415558
Bearing2_3,1868,0.028147390112280846,0.45870789885520935
Bearing2_3,1869,0.027635619044303894,0.45720145106315613
Bearing2_3,1870,0.027123847976326942,0.4728811979293823
Bearing2_3,1871,0.02661207690834999,0.4586847424507141
Bearing2_3,1872,0.02610030770301819,0.440243661403656
Bearing2_3,1873,0.025588536635041237,0.42041265964508057
Bearing2_3,1874,0.025076765567064285,0.43703073263168335
Bearing2_3,1875,0.024564994499087334,0.4215303659439087
Bearing2_3,1876,0.024053223431110382,0.4313383996486664
Bearing2_3,1877,0.02354145422577858,0.4321373999118805
Bearing2_3,1878,0.023029683157801628,0.4294738173484802
Bearing2_3,1879,0.022517912089824677,0.42533913254737854
Bearing2_3,1880,0.022006141021847725,0.3982844352722168
Bearing2_3,1881,0.021494369953870773,0.38058581948280334
Bearing2_3,1882,0.02098259888589382,0.35233354568481445
Bearing2_3,1883,0.02047082968056202,0.3206171691417694
Bearing2_3,1884,0.019959058612585068,0.2842180132865906
Bearing2_3,1885,0.019447287544608116,0.28665444254875183
Bearing2_3,1886,0.018935516476631165,0.2903681695461273
Bearing2_3,1887,0.018423745408654213,0.27862733602523804
Bearing2_3,1888,0.01791197620332241,0.2649599611759186
Bearing2_3,1889,0.01740020513534546,0.25128310918807983
Bearing2_3,1890,0.016888434067368507,0.2550872266292572
Bearing2_3,1891,0.016376662999391556,0.25816625356674194
Bearing2_3,1892,0.015864891931414604,0.25801482796669006
Bearing2_3,1893,0.015353121794760227,0.25404810905456543
Bearing2_3,1894,0.014841350726783276,0.2528345584869385
Bearing2_3,1895,0.014329580590128899,0.25345855951309204
Bearing2_3,1896,0.013817809522151947,0.24256831407546997
Bearing2_3,1897,0.013306038454174995,0.2411028891801834
Bearing2_3,1898,0.012794268317520618,0.23515929281711578
Bearing2_3,1899,0.012282497249543667,0.2343965470790863
Bearing2_3,1900,0.01177072711288929,0.23551809787750244
Bearing2_3,1901,0.011258956044912338,0.24514508247375488
Bearing2_3,1902,0.010747184976935387,0.24372483789920807
Bearing2_3,1903,0.01023541484028101,0.23542983829975128
Bearing2_3,1904,0.009723643772304058,0.23300348222255707
Bearing2_3,1905,0.009211872704327106,0.23353362083435059
Bearing2_3,1906,0.00870010256767273,0.24359069764614105
Bearing2_3,1907,0.008188331499695778,0.23668882250785828
Bearing2_3,1908,0.007676560897380114,0.2373446375131607
Bearing2_3,1909,0.007164790295064449,0.23082901537418365
Bearing2_3,1910,0.006653019227087498,0.2366919219493866
Bearing2_3,1911,0.006141248624771833,0.23256465792655945
Bearing2_3,1912,0.005629478022456169,0.23208299279212952
Bearing2_3,1913,0.005117707420140505,0.23730789124965668
Bearing2_3,1914,0.004605936352163553,0.24515236914157867
Bearing2_3,1915,0.004094165749847889,0.07630882412195206
Bearing2_3,1916,0.0035823951475322247,0.043134428560733795
Bearing2_3,1917,0.0030706243123859167,0.03756885603070259
Bearing2_3,1918,0.0025588537100702524,0.03799208253622055
Bearing2_3,1919,0.0020470828749239445,0.035755425691604614
Bearing2_3,1920,0.0015353121561929584,0.036311499774456024
Bearing2_3,1921,0.0010235414374619722,0.03571160510182381
Bearing2_3,1922,0.0005117707187309861,0.034434497356414795
Bearing2_3,1923,0.0,0.03263982757925987
Bearing2_6,0,0.9557142853736877,0.8908604979515076
Bearing2_6,1,0.954285740852356,0.8913043737411499
Bearing2_6,2,0.9528571367263794,0.8923559188842773
Bearing2_6,3,0.9514285922050476,0.8937607407569885
Bearing2_6,4,0.949999988079071,0.8927768468856812
Bearing2_6,5,0.9485714435577393,0.8933278918266296
Bearing2_6,6,0.9471428394317627,0.8932769298553467
Bearing2_6,7,0.9457142949104309,0.892191469669342
Bearing2_6,8,0.9442856907844543,0.8931926488876343
Bearing2_6,9,0.9428571462631226,0.8925089836120605
Bearing2_6,10,0.941428542137146,0.8905419707298279
Bearing2_6,11,0.9399999976158142,0.8895890116691589
Bearing2_6,12,0.9385714530944824,0.8891900181770325
Bearing2_6,13,0.9371428489685059,0.8890582919120789
Bearing2_6,14,0.9357143044471741,0.8901222348213196
Bearing2_6,15,0.9342857003211975,0.8929741382598877
Bearing2_6,16,0.9328571557998657,0.8965928554534912
Bearing2_6,17,0.9314285516738892,0.8988468647003174
Bearing2_6,18,0.9300000071525574,0.9023935198783875
Bearing2_6,19,0.9285714030265808,0.9030024409294128
Bearing2_6,20,0.927142858505249,0.9097614288330078
Bearing2_6,21,0.9257143139839172,0.922838568687439
Bearing2_6,22,0.9242857098579407,0.9295264482498169
Bearing2_6,23,0.9228571653366089,0.9338776469230652
Bearing2_6,24,0.9214285612106323,0.9369376301765442
Bearing2_6,25,0.9200000166893005,0.9387996792793274
Bearing2_6,26,0.918571412563324,0.938929557800293
Bearing2_6,27,0.9171428680419922,0.9386739134788513
Bearing2_6,28,0.9157142639160156,0.9379732608795166
Bearing2_6,29,0.9142857193946838,0.9361579418182373
Bearing2_6,30,0.9128571152687073,0.9331284165382385
Bearing2_6,31,0.9114285707473755,0.9259728789329529
Bearing2_6,32,0.9100000262260437,0.9226934909820557
Bearing2_6,33,0.9085714221000671,0.9130523204803467
Bearing2_6,34,0.9071428775787354,0.9126850366592407
Bearing2_6,35,0.9057142734527588,0.9073861241340637
Bearing2_6,36,0.904285728931427,0.9066044688224792
Bearing2_6,37,0.9028571248054504,0.9023474454879761
Bearing2_6,38,0.9014285802841187,0.9043684601783752
Bearing2_6,39,0.8999999761581421,0.9044541716575623
Bearing2_6,40,0.8985714316368103,0.8998922109603882
Bearing2_6,41,0.8971428275108337,0.9022119641304016
Bearing2_6,42,0.895714282989502,0.9010328054428101
Bearing2_6,43,0.8942857384681702,0.9078733325004578
Bearing2_6,44,0.8928571343421936,0.9077799320220947
Bearing2_6,45,0.8914285898208618,0.9114542007446289
Bearing2_6,46,0.8899999856948853,0.9067637324333191
Bearing2_6,47,0.8885714411735535,0.9061269760131836
Bearing2_6,48,0.8871428370475769,0.9020589590072632
Bearing2_6,49,0.8857142925262451,0.899819016456604
Bearing2_6,50,0.8842856884002686,0.8980540633201599
Bearing2_6,51,0.8828571438789368,0.8951242566108704
Bearing2_6,52,0.881428599357605,0.8920223712921143
Bearing2_6,53,0.8799999952316284,0.8870181441307068
Bearing2_6,54,0.8785714507102966,0.8833538293838501
Bearing2_6,55,0.8771428465843201,0.8852875828742981
Bearing2_6,56,0.8757143020629883,0.8866528272628784
Bearing2_6,57,0.8742856979370117,0.8888847231864929
Bearing2_6,58,0.8728571534156799,0.878919780254364
Bearing2_6,59,0.8714285492897034,0.8813856244087219
Bearing2_6,60,0.8700000047683716,0.8899359107017517
Bearing2_6,61,0.868571400642395,0.919772744178772
Bearing2_6,62,0.8671428561210632,0.9378408193588257
Bearing2_6,63,0.8657143115997314,0.9410742521286011
Bearing2_6,64,0.8642857074737549,0.944098949432373
Bearing2_6,65,0.8628571629524231,0.9439911246299744
Bearing2_6,66,0.8614285588264465,0.9411743879318237
Bearing2_6,67,0.8600000143051147,0.9380590319633484
Bearing2_6,68,0.8585714101791382,0.9364122152328491
Bearing2_6,69,0.8571428656578064,0.9287526607513428
Bearing2_6,70,0.8557142615318298,0.9328143000602722
Bearing2_6,71,0.854285717010498,0.9245048761367798
Bearing2_6,72,0.8528571724891663,0.918597936630249
Bearing2_6,73,0.8514285683631897,0.9133822917938232
Bearing2_6,74,0.8500000238418579,0.9021264910697937
Bearing2_6,75,0.8485714197158813,0.8893045783042908
Bearing2_6,76,0.8471428751945496,0.8915368914604187
Bearing2_6,77,0.845714271068573,0.8893600702285767
Bearing2_6,78,0.8442857265472412,0.8868904113769531
Bearing2_6,79,0.8428571224212646,0.8930670022964478
Bearing2_6,80,0.8414285778999329,0.8957786560058594
Bearing2_6,81,0.8399999737739563,0.9000691771507263
Bearing2_6,82,0.8385714292526245,0.8993513584136963
Bearing2_6,83,0.8371428847312927,0.9074760675430298
Bearing2_6,84,0.8357142806053162,0.9010412096977234
Bearing2_6,85,0.8342857360839844,0.8958485126495361
Bearing2_6,86,0.8328571319580078,0.8970479965209961
Bearing2_6,87,0.831428587436676,0.9011198878288269
Bearing2_6,88,0.8299999833106995,0.9068316221237183
Bearing2_6,89,0.8285714387893677,0.9081421494483948
Bearing2_6,90,0.8271428346633911,0.909640371799469
Bearing2_6,91,0.8257142901420593,0.9113374352455139
Bearing2_6,92,0.8242856860160828,0.9122733473777771
Bearing2_6,93,0.822857141494751,0.9145978093147278
Bearing2_6,94,0.8214285969734192,0.9138365983963013
Bearing2_6,95,0.8199999928474426,0.9166659116744995
Bearing2_6,96,0.8185714483261108,0.9153952598571777
Bearing2_6,97,0.8171428442001343,0.9166807532310486
Bearing2_6,98,0.8157142996788025,0.9204654693603516
Bearing2_6,99,0.8142856955528259,0.9249523282051086
Bearing2_6,100,0.8128571510314941,0.9287005066871643
Bearing2_6,101,0.8114285469055176,0.9329738020896912
Bearing2_6,102,0.8100000023841858,0.935007631778717
Bearing2_6,103,0.808571457862854,0.936059832572937
Bearing2_6,104,0.8071428537368774,0.9372727274894714
Bearing2_6,105,0.8057143092155457,0.9360640048980713
Bearing2_6,106,0.8042857050895691,0.937048077583313
Bearing2_6,107,0.8028571605682373,0.9380695223808289
Bearing2_6,108,0.8014285564422607,0.9388593435287476
Bearing2_6,109,0.800000011920929,0.9390954375267029
Bearing2_6,110,0.7985714077949524,0.9391784071922302
Bearing2_6,111,0.7971428632736206,0.9394978284835815
Bearing2_6,112,0.795714259147644,0.9384194016456604
Bearing2_6,113,0.7942857146263123,0.9373217821121216
Bearing2_6,114,0.7928571701049805,0.9371960759162903
Bearing2_6,115,0.7914285659790039,0.9362437129020691
Bearing2_6,116,0.7900000214576721,0.9363724589347839
Bearing2_6,117,0.7885714173316956,0.9358998537063599
Bearing2_6,118,0.7871428728103638,0.9348950982093811
Bearing2_6,119,0.7857142686843872,0.9349406361579895
Bearing2_6,120,0.7842857241630554,0.9346391558647156
Bearing2_6,121,0.7828571200370789,0.9348094463348389
Bearing2_6,122,0.7814285755157471,0.9338371753692627
Bearing2_6,123,0.7799999713897705,0.9336163401603699
Bearing2_6,124,0.7785714268684387,0.9346345663070679
Bearing2_6,125,0.7771428823471069,0.9339504241943359
Bearing2_6,126,0.7757142782211304,0.9324925541877747
Bearing2_6,127,0.7742857336997986,0.9322256445884705
Bearing2_6,128,0.772857129573822,0.9318470358848572
Bearing2_6,129,0.7714285850524902,0.9309062957763672
Bearing2_6,130,0.7699999809265137,0.9286404848098755
Bearing2_6,131,0.7685714364051819,0.9264048337936401
Bearing2_6,132,0.7671428322792053,0.9232434034347534
Bearing2_6,133,0.7657142877578735,0.9212538003921509
Bearing2_6,134,0.7642857432365417,0.9185323715209961
Bearing2_6,135,0.7628571391105652,0.9184368252754211
Bearing2_6,136,0.7614285945892334,0.9133583307266235
Bearing2_6,137,0.7599999904632568,0.9110713005065918
Bearing2_6,138,0.758571445941925,0.9052230715751648
Bearing2_6,139,0.7571428418159485,0.8997111320495605
Bearing2_6,140,0.7557142972946167,0.8934628963470459
Bearing2_6,141,0.7542856931686401,0.891826868057251
Bearing2_6,142,0.7528571486473083,0.8880628347396851
Bearing2_6,143,0.7514285445213318,0.8865154385566711
Bearing2_6,144,0.75,0.8868882656097412
Bearing2_6,145,0.7485714554786682,0.885618269443512
Bearing2_6,146,0.7471428513526917,0.8832966089248657
Bearing2_6,147,0.7457143068313599,0.8814936280250549
Bearing2_6,148,0.7442857027053833,0.8821368217468262
Bearing2_6,149,0.7428571581840515,0.8824863433837891
Bearing2_6,150,0.741428554058075,0.8830210566520691
Bearing2_6,151,0.7400000095367432,0.8797124624252319
Bearing2_6,152,0.7385714054107666,0.8804406523704529
Bearing2_6,153,0.7371428608894348,0.8792696595191956
Bearing2_6,154,0.7357142567634583,0.8808441162109375
Bearing2_6,155,0.7342857122421265,0.8790088891983032
Bearing2_6,156,0.7328571677207947,0.8789744973182678
Bearing2_6,157,0.7314285635948181,0.8792396187782288
Bearing2_6,158,0.7300000190734863,0.8771899938583374
Bearing2_6,159,0.7285714149475098,0.8769511580467224
Bearing2_6,160,0.727142870426178,0.8737565279006958
Bearing2_6,161,0.7257142663002014,0.8704822063446045
Bearing2_6,162,0.7242857217788696,0.8681970238685608
Bearing2_6,163,0.7228571176528931,0.865521252155304
Bearing2_6,164,0.7214285731315613,0.8644667267799377
Bearing2_6,165,0.7200000286102295,0.8646627068519592
Bearing2_6,166,0.7185714244842529,0.8622816801071167
Bearing2_6,167,0.7171428799629211,0.8594228625297546
Bearing2_6,168,0.7157142758369446,0.8588788509368896
Bearing2_6,169,0.7142857313156128,0.8589078783988953
Bearing2_6,170,0.7128571271896362,0.8566246032714844
Bearing2_6,171,0.7114285826683044,0.8556036949157715
Bearing2_6,172,0.7099999785423279,0.852277934551239
Bearing2_6,173,0.7085714340209961,0.8517166376113892
Bearing2_6,174,0.7071428298950195,0.8513613343238831
Bearing2_6,175,0.7057142853736877,0.8514730930328369
Bearing2_6,176,0.704285740852356,0.8511229157447815
Bearing2_6,177,0.7028571367263794,0.8501486778259277
Bearing2_6,178,0.7014285922050476,0.8496002554893494
Bearing2_6,179,0.699999988079071,0.8466843366622925
Bearing2_6,180,0.6985714435577393,0.845081090927124
Bearing2_6,181,0.6971428394317627,0.8431016802787781
Bearing2_6,182,0.6957142949104309,0.8378109335899353
Bearing2_6,183,0.6942856907844543,0.8372942209243774
Bearing2_6,184,0.6928571462631226,0.837490975856781
Bearing2_6,185,0.691428542137146,0.8369584679603577
Bearing2_6,186,0.6899999976158142,0.8331718444824219
Bearing2_6,187,0.6885714530944824,0.8331032991409302
Bearing2_6,188,0.6871428489685059,0.8295727372169495
Bearing2_6,189,0.6857143044471741,0.833209216594696
Bearing2_6,190,0.6842857003211975,0.8304632306098938
Bearing2_6,191,0.6828571557998657,0.8327942490577698
Bearing2_6,192,0.6814285516738892,0.8346453309059143
Bearing2_6,193,0.6800000071525574,0.8349432349205017
Bearing2_6,194,0.6785714030265808,0.8379389047622681
Bearing2_6,195,0.677142858505249,0.8387742638587952
Bearing2_6,196,0.6757143139839172,0.8384745121002197
Bearing2_6,197,0.6742857098579407,0.8379685282707214
Bearing2_6,198,0.6728571653366089,0.8372511863708496
Bearing2_6,199,0.6714285612106323,0.8373795747756958
Bearing2_6,200,0.6700000166893005,0.8349691033363342
Bearing2_6,201,0.668571412563324,0.832396388053894
Bearing2_6,202,0.6671428680419922,0.8294322490692139
Bearing2_6,203,0.6657142639160156,0.827951967716217
Bearing2_6,204,0.6642857193946838,0.8249661326408386
Bearing2_6,205,0.6628571152687073,0.8245598673820496
Bearing2_6,206,0.6614285707473755,0.8244544267654419
Bearing2_6,207,0.6600000262260437,0.8211424350738525
Bearing2_6,208,0.6585714221000671,0.8161242604255676
Bearing2_6,209,0.6571428775787354,0.8166908025741577
Bearing2_6,210,0.6557142734527588,0.8151125907897949
Bearing2_6,211,0.654285728931427,0.8118190169334412
Bearing2_6,212,0.6528571248054504,0.8117528557777405
Bearing2_6,213,0.6514285802841187,0.8094398379325867
Bearing2_6,214,0.6499999761581421,0.8046445846557617
Bearing2_6,215,0.6485714316368103,0.7986080646514893
Bearing2_6,216,0.6471428275108337,0.7928041815757751
Bearing2_6,217,0.645714282989502,0.7910645008087158
Bearing2_6,218,0.6442857384681702,0.7829334139823914
Bearing2_6,219,0.6428571343421936,0.7766056656837463
Bearing2_6,220,0.6414285898208618,0.7712204456329346
Bearing2_6,221,0.6399999856948853,0.7664681673049927
Bearing2_6,222,0.6385714411735535,0.7670295834541321
Bearing2_6,223,0.6371428370475769,0.7610255479812622
Bearing2_6,224,0.6357142925262451,0.7592735886573792
Bearing2_6,225,0.6342856884002686,0.7561911344528198
Bearing2_6,226,0.6328571438789368,0.7517313957214355
Bearing2_6,227,0.631428599357605,0.7494780421257019
Bearing2_6,228,0.6299999952316284,0.7486024498939514
Bearing2_6,229,0.6285714507102966,0.7487109899520874
Bearing2_6,230,0.6271428465843201,0.7440243363380432
Bearing2_6,231,0.6257143020629883,0.7430429458618164
Bearing2_6,232,0.6242856979370117,0.7432435750961304
Bearing2_6,233,0.6228571534156799,0.7422325611114502
Bearing2_6,234,0.6214285492897034,0.7392287254333496
Bearing2_6,235,0.6200000047683716,0.7405092716217041
Bearing2_6,236,0.618571400642395,0.7398847341537476
Bearing2_6,237,0.6171428561210632,0.7402544021606445
Bearing2_6,238,0.6157143115997314,0.7344180345535278
Bearing2_6,239,0.6142857074737549,0.7347100377082825
Bearing2_6,240,0.6128571629524231,0.7335407137870789
Bearing2_6,241,0.6114285588264465,0.7271047830581665
Bearing2_6,242,0.6100000143051147,0.7246662974357605
Bearing2_6,243,0.6085714101791382,0.724396288394928
Bearing2_6,244,0.6071428656578064,0.7203701734542847
Bearing2_6,245,0.6057142615318298,0.71967613697052
Bearing2_6,246,0.604285717010498,0.7171939611434937
Bearing2_6,247,0.6028571724891663,0.7132230401039124
Bearing2_6,248,0.6014285683631897,0.7124832272529602
Bearing2_6,249,0.6000000238418579,0.7080765962600708
Bearing2_6,250,0.5985714197158813,0.7081235647201538
Bearing2_6,251,0.5971428751945496,0.7080227732658386
Bearing2_6,252,0.595714271068573,0.7079149484634399
Bearing2_6,253,0.5942857265472412,0.7104631662368774
Bearing2_6,254,0.5928571224212646,0.709361732006073
Bearing2_6,255,0.5914285778999329,0.7092673182487488
Bearing2_6,256,0.5899999737739563,0.713161289691925
Bearing2_6,257,0.5885714292526245,0.7139762043952942
Bearing2_6,258,0.5871428847312927,0.7157129049301147
Bearing2_6,259,0.5857142806053162,0.7159484624862671
Bearing2_6,260,0.5842857360839844,0.7142176032066345
Bearing2_6,261,0.5828571319580078,0.7131350040435791
Bearing2_6,262,0.581428587436676,0.7125102877616882
Bearing2_6,263,0.5799999833106995,0.710644543170929
Bearing2_6,264,0.5785714387893677,0.707275927066803
Bearing2_6,265,0.5771428346633911,0.7000082731246948
Bearing2_6,266,0.5757142901420593,0.6952915191650391
Bearing2_6,267,0.5742856860160828,0.692225456237793
Bearing2_6,268,0.572857141494751,0.6922770142555237
Bearing2_6,269,0.5714285969734192,0.6872950196266174
Bearing2_6,270,0.5699999928474426,0.6854458451271057
Bearing2_6,271,0.5685714483261108,0.6801452040672302
Bearing2_6,272,0.5671428442001343,0.6744776368141174
Bearing2_6,273,0.5657142996788025,0.6789305210113525
Bearing2_6,274,0.5642856955528259,0.6800022125244141
Bearing2_6,275,0.5628571510314941,0.6797560453414917
Bearing2_6,276,0.5614285469055176,0.6786381602287292
Bearing2_6,277,0.5600000023841858,0.675571084022522
Bearing2_6,278,0.558571457862854,0.676582932472229
Bearing2_6,279,0.5571428537368774,0.6702348589897156
Bearing2_6,280,0.5557143092155457,0.6652265787124634
Bearing2_6,281,0.5542857050895691,0.6644142270088196
Bearing2_6,282,0.5528571605682373,0.6600502729415894
Bearing2_6,283,0.5514285564422607,0.6520699858665466
Bearing2_6,284,0.550000011920929,0.6459559202194214
Bearing2_6,285,0.5485714077949524,0.6360461711883545
Bearing2_6,286,0.5471428632736206,0.6321556568145752
Bearing2_6,287,0.545714259147644,0.6287240982055664
Bearing2_6,288,0.5442857146263123,0.6216455101966858
Bearing2_6,289,0.5428571701049805,0.6204149127006531
Bearing2_6,290,0.5414285659790039,0.6168476939201355
Bearing2_6,291,0.5400000214576721,0.613581657409668
Bearing2_6,292,0.5385714173316956,0.6110683083534241
Bearing2_6,293,0.5371428728103638,0.6085197329521179
Bearing2_6,294,0.5357142686843872,0.6086717247962952
Bearing2_6,295,0.5342857241630554,0.6055375933647156
Bearing2_6,296,0.5328571200370789,0.6071810126304626
Bearing2_6,297,0.5314285755157471,0.6088793873786926
Bearing2_6,298,0.5299999713897705,0.6085382699966431
Bearing2_6,299,0.5285714268684387,0.607886552810669
Bearing2_6,300,0.5271428823471069,0.6072568297386169
Bearing2_6,301,0.5257142782211304,0.6086505651473999
Bearing2_6,302,0.5242857336997986,0.6058894395828247
Bearing2_6,303,0.522857129573822,0.6073004603385925
Bearing2_6,304,0.5214285850524902,0.6086790561676025
Bearing2_6,305,0.5199999809265137,0.6058000922203064
Bearing2_6,306,0.5185714364051819,0.6040773391723633
Bearing2_6,307,0.5171428322792053,0.6046146750450134
Bearing2_6,308,0.5157142877578735,0.6074379682540894
Bearing2_6,309,0.5142857432365417,0.6117810010910034
Bearing2_6,310,0.5128571391105652,0.6120519042015076
Bearing2_6,311,0.5114285945892334,0.6178458333015442
Bearing2_6,312,0.5099999904632568,0.6214877963066101
Bearing2_6,313,0.508571445941925,0.6252581477165222
Bearing2_6,314,0.5071428418159485,0.6259002685546875
Bearing2_6,315,0.5057142972946167,0.629003643989563
Bearing2_6,316,0.5042856931686401,0.6256651878356934
Bearing2_6,317,0.5028571486473083,0.624330461025238
Bearing2_6,318,0.5014285445213318,0.6204049587249756
Bearing2_6,319,0.5,0.6187646389007568
Bearing2_6,320,0.4985714256763458,0.6129513382911682
Bearing2_6,321,0.49714285135269165,0.6112330555915833
Bearing2_6,322,0.4957142770290375,0.6056622266769409
Bearing2_6,323,0.4942857027053833,0.6041077971458435
Bearing2_6,324,0.4928571283817291,0.5971385836601257
Bearing2_6,325,0.49142858386039734,0.5960855484008789
Bearing2_6,326,0.49000000953674316,0.591656506061554
Bearing2_6,327,0.488571435213089,0.5897014141082764
Bearing2_6,328,0.4871428608894348,0.5880934596061707
Bearing2_6,329,0.48571428656578064,0.5857213735580444
Bearing2_6,330,0.48428571224212646,0.5846145749092102
Bearing2_6,331,0.4828571379184723,0.5805937647819519
Bearing2_6,332,0.4814285635948181,0.5765914916992188
Bearing2_6,333,0.47999998927116394,0.5770698189735413
Bearing2_6,334,0.47857141494750977,0.5774741768836975
Bearing2_6,335,0.477142870426178,0.5766019821166992
Bearing2_6,336,0.4757142961025238,0.5827611684799194
Bearing2_6,337,0.47428572177886963,0.5837205052375793
Bearing2_6,338,0.47285714745521545,0.5830491781234741
Bearing2_6,339,0.4714285731315613,0.5800415873527527
Bearing2_6,340,0.4699999988079071,0.5823588371276855
Bearing2_6,341,0.46857142448425293,0.584737241268158
Bearing2_6,342,0.46714285016059875,0.585941731929779
Bearing2_6,343,0.4657142758369446,0.588631808757782
Bearing2_6,344,0.4642857015132904,0.5925799608230591
Bearing2_6,345,0.4628571569919586,0.592913031578064
Bearing2_6,346,0.46142858266830444,0.5994639992713928
Bearing2_6,347,0.46000000834465027,0.6022420525550842
Bearing2_6,348,0.4585714340209961,0.6072925925254822
Bearing2_6,349,0.4571428596973419,0.6123530268669128
Bearing2_6,350,0.45571428537368774,0.6146997213363647
Bearing2_6,351,0.45428571105003357,0.6146190166473389
Bearing2_6,352,0.4528571367263794,0.6164321899414062
Bearing2_6,353,0.4514285624027252,0.613449215888977
Bearing2_6,354,0.44999998807907104,0.6146537065505981
Bearing2_6,355,0.44857141375541687,0.6088689565658569
Bearing2_6,356,0.4471428692340851,0.6059877276420593
Bearing2_6,357,0.4457142949104309,0.5967298746109009
Bearing2_6,358,0.44428572058677673,0.5950883030891418
Bearing2_6,359,0.44285714626312256,0.595422625541687
Bearing2_6,360,0.4414285719394684,0.5945138931274414
Bearing2_6,361,0.4399999976158142,0.595320463180542
Bearing2_6,362,0.43857142329216003,0.5905708074569702
Bearing2_6,363,0.43714284896850586,0.5895353555679321
Bearing2_6,364,0.4357142746448517,0.588593602180481
Bearing2_6,365,0.4342857003211975,0.5833187103271484
Bearing2_6,366,0.4328571557998657,0.5815979242324829
Bearing2_6,367,0.43142858147621155,0.5792222619056702
Bearing2_6,368,0.4300000071525574,0.5719736218452454
Bearing2_6,369,0.4285714328289032,0.5692921280860901
Bearing2_6,370,0.427142858505249,0.5639832019805908
Bearing2_6,371,0.42571428418159485,0.5666095614433289
Bearing2_6,372,0.4242857098579407,0.5599979758262634
Bearing2_6,373,0.4228571355342865,0.5554623007774353
Bearing2_6,374,0.4214285612106323,0.5557491183280945
Bearing2_6,375,0.41999998688697815,0.5574417114257812
Bearing2_6,376,0.41857144236564636,0.5583716034889221
Bearing2_6,377,0.4171428680419922,0.5617440342903137
Bearing2_6,378,0.415714293718338,0.5600951910018921
Bearing2_6,379,0.41428571939468384,0.5631884932518005
Bearing2_6,380,0.41285714507102966,0.5623907446861267
Bearing2_6,381,0.4114285707473755,0.5675467848777771
Bearing2_6,382,0.4099999964237213,0.5697637796401978
Bearing2_6,383,0.40857142210006714,0.5726562142372131
Bearing2_6,384,0.40714284777641296,0.57520592212677
Bearing2_6,385,0.4057142734527588,0.5773276686668396
Bearing2_6,386,0.404285728931427,0.584403932094574
Bearing2_6,387,0.4028571546077728,0.5891326665878296
Bearing2_6,388,0.40142858028411865,0.5954710841178894
Bearing2_6,389,0.4000000059604645,0.600989580154419
Bearing2_6,390,0.3985714316368103,0.5998734831809998
Bearing2_6,391,0.39714285731315613,0.601029098033905
Bearing2_6,392,0.39571428298950195,0.6015463471412659
Bearing2_6,393,0.3942857086658478,0.5999882221221924
Bearing2_6,394,0.3928571343421936,0.6015632152557373
Bearing2_6,395,0.39142856001853943,0.5983161926269531
Bearing2_6,396,0.38999998569488525,0.5990569591522217
Bearing2_6,397,0.38857144117355347,0.5966402292251587
Bearing2_6,398,0.3871428668498993,0.596055805683136
Bearing2_6,399,0.3857142925262451,0.594215989112854
Bearing2_6,400,0.38428571820259094,0.5981054902076721
Bearing2_6,401,0.38285714387893677,0.5959833860397339
Bearing2_6,402,0.3814285695552826,0.5946207642555237
Bearing2_6,403,0.3799999952316284,0.5855032205581665
Bearing2_6,404,0.37857142090797424,0.5852989554405212
Bearing2_6,405,0.37714284658432007,0.5819604992866516
Bearing2_6,406,0.3757142722606659,0.5782378315925598
Bearing2_6,407,0.3742857277393341,0.5711423754692078
Bearing2_6,408,0.37285715341567993,0.5671122670173645
Bearing2_6,409,0.37142857909202576,0.5681754350662231
Bearing2_6,410,0.3700000047683716,0.5673869252204895
Bearing2_6,411,0.3685714304447174,0.5652814507484436
Bearing2_6,412,0.36714285612106323,0.5657935738563538
Bearing2_6,413,0.36571428179740906,0.5606042146682739
Bearing2_6,414,0.3642857074737549,0.5590882897377014
Bearing2_6,415,0.3628571331501007,0.5562599897384644
Bearing2_6,416,0.36142855882644653,0.5522329807281494
Bearing2_6,417,0.36000001430511475,0.5512762665748596
Bearing2_6,418,0.35857143998146057,0.5485678911209106
Bearing2_6,419,0.3571428656578064,0.5480034947395325
Bearing2_6,420,0.3557142913341522,0.5458692908287048
Bearing2_6,421,0.35428571701049805,0.5429520010948181
Bearing2_6,422,0.35285714268684387,0.5410593748092651
Bearing2_6,423,0.3514285683631897,0.543540358543396
Bearing2_6,424,0.3499999940395355,0.5402869582176208
Bearing2_6,425,0.34857141971588135,0.5381379127502441
Bearing2_6,426,0.3471428453922272,0.5362053513526917
Bearing2_6,427,0.345714271068573,0.5331376791000366
Bearing2_6,428,0.3442857265472412,0.5286722183227539
Bearing2_6,429,0.34285715222358704,0.5215328931808472
Bearing2_6,430,0.34142857789993286,0.5187231302261353
Bearing2_6,431,0.3400000035762787,0.5221613645553589
Bearing2_6,432,0.3385714292526245,0.5220128893852234
Bearing2_6,433,0.33714285492897034,0.5260714292526245
Bearing2_6,434,0.33571428060531616,0.5279749631881714
Bearing2_6,435,0.334285706281662,0.5204227566719055
Bearing2_6,436,0.3328571319580078,0.5107465982437134
Bearing2_6,437,0.33142855763435364,0.5038830041885376
Bearing2_6,438,0.33000001311302185,0.49640610814094543
Bearing2_6,439,0.3285714387893677,0.48968422412872314
Bearing2_6,440,0.3271428644657135,0.4841754138469696
Bearing2_6,441,0.3257142901420593,0.4658139646053314
Bearing2_6,442,0.32428571581840515,0.4677896499633789
Bearing2_6,443,0.322857141494751,0.46015843749046326
Bearing2_6,444,0.3214285671710968,0.45734310150146484
Bearing2_6,445,0.3199999928474426,0.45606520771980286
Bearing2_6,446,0.31857141852378845,0.4485320448875427
Bearing2_6,447,0.3171428442001343,0.4387178421020508
Bearing2_6,448,0.3157142996788025,0.4375368058681488
Bearing2_6,449,0.3142857253551483,0.42872050404548645
Bearing2_6,450,0.31285715103149414,0.4278116524219513
Bearing2_6,451,0.31142857670783997,0.4133789539337158
Bearing2_6,452,0.3100000023841858,0.4067929685115814
Bearing2_6,453,0.3085714280605316,0.4148695170879364
Bearing2_6,454,0.30714285373687744,0.4207124710083008
Bearing2_6,455,0.30571427941322327,0.3902961313724518
Bearing2_6,456,0.3042857050895691,0.39680415391921997
Bearing2_6,457,0.3028571307659149,0.3977488577365875
Bearing2_6,458,0.30142858624458313,0.3861543834209442
Bearing2_6,459,0.30000001192092896,0.38456717133522034
Bearing2_6,460,0.2985714375972748,0.38466039299964905
Bearing2_6,461,0.2971428632736206,0.3967641294002533
Bearing2_6,462,0.29571428894996643,0.3729087710380554
Bearing2_6,463,0.29428571462631226,0.3413573205471039
Bearing2_6,464,0.2928571403026581,0.32482582330703735
Bearing2_6,465,0.2914285659790039,0.3114902377128601
Bearing2_6,466,0.28999999165534973,0.3192667067050934
Bearing2_6,467,0.28857141733169556,0.34564194083213806
Bearing2_6,468,0.2871428430080414,0.3846932053565979
Bearing2_6,469,0.2857142984867096,0.3967713415622711
Bearing2_6,470,0.2842857241630554,0.39035505056381226
Bearing2_6,471,0.28285714983940125,0.40678882598876953
Bearing2_6,472,0.28142857551574707,0.38767457008361816
Bearing2_6,473,0.2800000011920929,0.4314534664154053
Bearing2_6,474,0.2785714268684387,0.4149489402770996
Bearing2_6,475,0.27714285254478455,0.41849470138549805
Bearing2_6,476,0.27571427822113037,0.42402011156082153
Bearing2_6,477,0.2742857038974762,0.44903019070625305
Bearing2_6,478,0.272857129573822,0.4729349613189697
Bearing2_6,479,0.27142858505249023,0.4898802936077118
Bearing2_6,480,0.27000001072883606,0.4949730932712555
Bearing2_6,481,0.2685714364051819,0.4925954043865204
Bearing2_6,482,0.2671428620815277,0.4761590361595154
Bearing2_6,483,0.26571428775787354,0.4871247708797455
Bearing2_6,484,0.26428571343421936,0.48424825072288513
Bearing2_6,485,0.2628571391105652,0.47344210743904114
Bearing2_6,486,0.261428564786911,0.4534411132335663
Bearing2_6,487,0.25999999046325684,0.4673134982585907
Bearing2_6,488,0.25857141613960266,0.47518402338027954
Bearing2_6,489,0.2571428716182709,0.47281745076179504
Bearing2_6,490,0.2557142972946167,0.47540193796157837
Bearing2_6,491,0.2542857229709625,0.4741760790348053
Bearing2_6,492,0.25285714864730835,0.4659819006919861
Bearing2_6,493,0.2514285743236542,0.4659588038921356
Bearing2_6,494,0.25,0.46011167764663696
Bearing2_6,495,0.24857142567634583,0.44699934124946594
Bearing2_6,496,0.24714285135269165,0.4381869435310364
Bearing2_6,497,0.24571429193019867,0.430581659078598
Bearing2_6,498,0.2442857176065445,0.42324015498161316
Bearing2_6,499,0.24285714328289032,0.40256333351135254
Bearing2_6,500,0.24142856895923615,0.39188313484191895
Bearing2_6,501,0.23999999463558197,0.3866066336631775
Bearing2_6,502,0.238571435213089,0.3675132095813751
Bearing2_6,503,0.23714286088943481,0.3788604736328125
Bearing2_6,504,0.23571428656578064,0.373126745223999
Bearing2_6,505,0.23428571224212646,0.3419249653816223
Bearing2_6,506,0.2328571379184723,0.333511084318161
Bearing2_6,507,0.2314285784959793,0.3697655498981476
Bearing2_6,508,0.23000000417232513,0.3469005227088928
Bearing2_6,509,0.22857142984867096,0.36785319447517395
Bearing2_6,510,0.22714285552501678,0.36244964599609375
Bearing2_6,511,0.2257142812013626,0.3353622555732727
Bearing2_6,512,0.22428570687770844,0.3197839856147766
Bearing2_6,513,0.22285714745521545,0.2896949350833893
Bearing2_6,514,0.22142857313156128,0.2921558916568756
Bearing2_6,515,0.2199999988079071,0.2722286283969879
Bearing2_6,516,0.21857142448425293,0.3006354570388794
Bearing2_6,517,0.21714285016059875,0.31068429350852966
Bearing2_6,518,0.21571429073810577,0.3434928059577942
Bearing2_6,519,0.2142857164144516,0.32122376561164856
Bearing2_6,520,0.21285714209079742,0.31059500575065613
Bearing2_6,521,0.21142856776714325,0.30602025985717773
Bearing2_6,522,0.20999999344348907,0.3179799020290375
Bearing2_6,523,0.2085714340209961,0.32431742548942566
Bearing2_6,524,0.20714285969734192,0.3394257724285126
Bearing2_6,525,0.20571428537368774,0.33880695700645447
Bearing2_6,526,0.20428571105003357,0.35090792179107666
Bearing2_6,527,0.2028571367263794,0.34927845001220703
Bearing2_6,528,0.2014285773038864,0.3091040551662445
Bearing2_6,529,0.20000000298023224,0.3093629479408264
Bearing2_6,530,0.19857142865657806,0.3283241093158722
Bearing2_6,531,0.1971428543329239,0.3708959221839905
Bearing2_6,532,0.19571428000926971,0.36958321928977966
Bearing2_6,533,0.19428572058677673,0.345467746257782
Bearing2_6,534,0.19285714626312256,0.33979731798171997
Bearing2_6,535,0.19142857193946838,0.31723466515541077
Bearing2_6,536,0.1899999976158142,0.3179877698421478
Bearing2_6,537,0.18857142329216003,0.2810157835483551
Bearing2_6,538,0.18714286386966705,0.28384020924568176
Bearing2_6,539,0.18571428954601288,0.26125940680503845
Bearing2_6,540,0.1842857152223587,0.2641831040382385
Bearing2_6,541,0.18285714089870453,0.27040985226631165
Bearing2_6,542,0.18142856657505035,0.28054362535476685
Bearing2_6,543,0.18000000715255737,0.2792452275753021
Bearing2_6,544,0.1785714328289032,0.264200359582901
Bearing2_6,545,0.17714285850524902,0.2618606388568878
Bearing2_6,546,0.17571428418159485,0.2670479416847229
Bearing2_6,547,0.17428570985794067,0.2667340636253357
Bearing2_6,548,0.1728571355342865,0.25957030057907104
Bearing2_6,549,0.17142857611179352,0.2558375895023346
Bearing2_6,550,0.17000000178813934,0.2648974359035492
Bearing2_6,551,0.16857142746448517,0.26762065291404724
Bearing2_6,552,0.167142853140831,0.2604656517505646
Bearing2_6,553,0.16571427881717682,0.2616611421108246
Bearing2_6,554,0.16428571939468384,0.25888901948928833
Bearing2_6,555,0.16285714507102966,0.2535878121852875
Bearing2_6,556,0.1614285707473755,0.24468427896499634
Bearing2_6,557,0.1599999964237213,0.2411867380142212
Bearing2_6,558,0.15857142210006714,0.23948420584201813
Bearing2_6,559,0.15714286267757416,0.23603498935699463
Bearing2_6,560,0.15571428835391998,0.2416130006313324
Bearing2_6,561,0.1542857140302658,0.24201065301895142
Bearing2_6,562,0.15285713970661163,0.24339659512043
Bearing2_6,563,0.15142856538295746,0.24782462418079376
Bearing2_6,564,0.15000000596046448,0.24884940683841705
Bearing2_6,565,0.1485714316368103,0.25122010707855225
Bearing2_6,566,0.14714285731315613,0.24722668528556824
Bearing2_6,567,0.14571428298950195,0.2559642493724823
Bearing2_6,568,0.14428570866584778,0.257185697555542
Bearing2_6,569,0.1428571492433548,0.2573486566543579
Bearing2_6,570,0.14142857491970062,0.2549906373023987
Bearing2_6,571,0.14000000059604645,0.25371259450912476
Bearing2_6,572,0.13857142627239227,0.2566550374031067
Bearing2_6,573,0.1371428519487381,0.25594809651374817
Bearing2_6,574,0.13571429252624512,0.25492823123931885
Bearing2_6,575,0.13428571820259094,0.2583305537700653
Bearing2_6,576,0.13285714387893677,0.2583067715167999
Bearing2_6,577,0.1314285695552826,0.2542581260204315
Bearing2_6,578,0.12999999523162842,0.25338509678840637
Bearing2_6,579,0.12857143580913544,0.2538265585899353
Bearing2_6,580,0.12714286148548126,0.24799132347106934
Bearing2_6,581,0.1257142871618271,0.24886035919189453
Bearing2_6,582,0.12428571283817291,0.24436640739440918
Bearing2_6,583,0.12285714596509933,0.24979852139949799
Bearing2_6,584,0.12142857164144516,0.2525074779987335
Bearing2_6,585,0.11999999731779099,0.250352144241333
Bearing2_6,586,0.11857143044471741,0.256336510181427
Bearing2_6,587,0.11714285612106323,0.2594277858734131
Bearing2_6,588,0.11571428924798965,0.26151490211486816
Bearing2_6,589,0.11428571492433548,0.2758592665195465
Bearing2_6,590,0.1128571406006813,0.2722233533859253
Bearing2_6,591,0.11142857372760773,0.27675408124923706
Bearing2_6,592,0.10999999940395355,0.27649685740470886
Bearing2_6,593,0.10857142508029938,0.2797422409057617
Bearing2_6,594,0.1071428582072258,0.28804850578308105
Bearing2_6,595,0.10571428388357162,0.2780281901359558
Bearing2_6,596,0.10428571701049805,0.26771050691604614
Bearing2_6,597,0.10285714268684387,0.27473416924476624
Bearing2_6,598,0.1014285683631897,0.28825968503952026
Bearing2_6,599,0.10000000149011612,0.2808587849140167
Bearing2_6,600,0.09857142716646194,0.3078034222126007
Bearing2_6,601,0.09714286029338837,0.31268569827079773
Bearing2_6,602,0.09571428596973419,0.33132970333099365
Bearing2_6,603,0.09428571164608002,0.31827259063720703
Bearing2_6,604,0.09285714477300644,0.31696030497550964
Bearing2_6,605,0.09142857044935226,0.3139309883117676
Bearing2_6,606,0.09000000357627869,0.3416147232055664
Bearing2_6,607,0.08857142925262451,0.3553307354450226
Bearing2_6,608,0.08714285492897034,0.35723748803138733
Bearing2_6,609,0.08571428805589676,0.356659471988678
Bearing2_6,610,0.08428571373224258,0.3594963848590851
Bearing2_6,611,0.08285713940858841,0.3493693470954895
Bearing2_6,612,0.08142857253551483,0.3670787215232849
Bearing2_6,613,0.07999999821186066,0.3713848888874054
Bearing2_6,614,0.07857143133878708,0.3919227421283722
Bearing2_6,615,0.0771428570151329,0.37060976028442383
Bearing2_6,616,0.07571428269147873,0.3629576563835144
Bearing2_6,617,0.07428571581840515,0.3656194806098938
Bearing2_6,618,0.07285714149475098,0.34075072407722473
Bearing2_6,619,0.0714285746216774,0.34908705949783325
Bearing2_6,620,0.07000000029802322,0.3439694046974182
Bearing2_6,621,0.06857142597436905,0.3323943614959717
Bearing2_6,622,0.06714285910129547,0.3498443365097046
Bearing2_6,623,0.0657142847776413,0.31658098101615906
Bearing2_6,624,0.06428571790456772,0.3008407652378082
Bearing2_6,625,0.06285714358091354,0.2899440824985504
Bearing2_6,626,0.06142857298254967,0.3115357756614685
Bearing2_6,627,0.05999999865889549,0.3014684021472931
Bearing2_6,628,0.058571428060531616,0.32507678866386414
Bearing2_6,629,0.05714285746216774,0.3003208637237549
Bearing2_6,630,0.055714286863803864,0.28087136149406433
Bearing2_6,631,0.05428571254014969,0.2629863917827606
Bearing2_6,632,0.05285714194178581,0.260074257850647
Bearing2_6,633,0.051428571343421936,0.26899945735931396
Bearing2_6,634,0.05000000074505806,0.27200695872306824
Bearing2_6,635,0.04857143014669418,0.2639932334423065
Bearing2_6,636,0.04714285582304001,0.26229149103164673
Bearing2_6,637,0.04571428522467613,0.2639884948730469
Bearing2_6,638,0.044285714626312256,0.26118671894073486
Bearing2_6,639,0.04285714402794838,0.2550775408744812
Bearing2_6,640,0.041428569704294205,0.2567574083805084
Bearing2_6,641,0.03999999910593033,0.259555459022522
Bearing2_6,642,0.03857142850756645,0.25359106063842773
Bearing2_6,643,0.037142857909202576,0.24952742457389832
Bearing2_6,644,0.0357142873108387,0.24044448137283325
Bearing2_6,645,0.034285712987184525,0.2291727513074875
Bearing2_6,646,0.03285714238882065,0.23272590339183807
Bearing2_6,647,0.03142857179045677,0.23463605344295502
Bearing2_6,648,0.029999999329447746,0.23681093752384186
Bearing2_6,649,0.02857142873108387,0.2368617057800293
Bearing2_6,650,0.027142856270074844,0.24145303666591644
Bearing2_6,651,0.025714285671710968,0.24466320872306824
Bearing2_6,652,0.02428571507334709,0.24157728254795074
Bearing2_6,653,0.022857142612338066,0.25065335631370544
Bearing2_6,654,0.02142857201397419,0.25246888399124146
Bearing2_6,655,0.019999999552965164,0.256466805934906
Bearing2_6,656,0.018571428954601288,0.20092962682247162
Bearing2_6,657,0.017142856493592262,0.12802015244960785
Bearing2_6,658,0.015714285895228386,0.08486530929803848
Bearing2_6,659,0.014285714365541935,0.0534650981426239
Bearing2_6,660,0.012857142835855484,0.03734411671757698
Bearing2_6,661,0.011428571306169033,0.028316840529441833
Bearing2_6,662,0.009999999776482582,0.02353432960808277
Bearing2_6,663,0.008571428246796131,0.020746523514389992
Bearing2_6,664,0.0071428571827709675,0.01831166259944439
Bearing2_6,665,0.0057142856530845165,0.01695173606276512
Bearing2_6,666,0.004285714123398066,0.015593195334076881
Bearing2_6,667,0.0028571428265422583,0.01465714443475008
Bearing2_6,668,0.0014285714132711291,0.013876614160835743
Bearing2_6,669,0.0,0.013262942433357239
