experiment_name,baseline_route,seed,bearing_id,snapshot_index,true_rul,predicted_rul,split_name
XJTU-SY-condition_1_35Hz12kN-rocket_regressor,rocket_regressor,0,Bearing1_3,1,157.0,87.58590871282345,train_Bearing1_1_1_2_1_4_1_5_test_Bearing1_3
XJTU-SY-condition_1_35Hz12kN-rocket_regressor,rocket_regressor,0,Bearing1_3,2,156.0,73.26257081745786,train_Bearing1_1_1_2_1_4_1_5_test_Bearing1_3
XJTU-SY-condition_1_35Hz12kN-rocket_regressor,rocket_regressor,0,Bearing1_3,3,155.0,65.60779415765988,train_Bearing1_1_1_2_1_4_1_5_test_Bearing1_3
XJTU-SY-condition_1_35Hz12kN-rocket_regressor,rocket_regressor,0,Bearing1_3,4,154.0,78.56410232999497,train_Bearing1_1_1_2_1_4_1_5_test_Bearing1_3
XJTU-SY-condition_1_35Hz12kN-rocket_regressor,rocket_regressor,0,Bearing1_3,5,153.0,84.23950940277766,train_Bearing1_1_1_2_1_4_1_5_test_Bearing1_3
XJTU-SY-condition_1_35Hz12kN-rocket_regressor,rocket_regressor,0,Bearing1_3,6,152.0,85.52554653898417,train_Bearing1_1_1_2_1_4_1_5_test_Bearing1_3
XJTU-SY-condition_1_35Hz12kN-rocket_regressor,rocket_regressor,0,Bearing1_3,7,151.0,49.08520151363821,train_Bearing1_1_1_2_1_4_1_5_test_Bearing1_3
XJTU-SY-condition_1_35Hz12kN-rocket_regressor,rocket_regressor,0,Bearing1_3,8,150.0,63.82176224796446,train_Bearing1_1_1_2_1_4_1_5_test_Bearing1_3
XJTU-SY-condition_1_35Hz12kN-rocket_regressor,rocket_regressor,0,Bearing1_3,9,149.0,67.65100113408731,train_Bearing1_1_1_2_1_4_1_5_test_Bearing1_3
XJTU-SY-condition_1_35Hz12kN-rocket_regressor,rocket_regressor,0,Bearing1_3,10,148.0,93.06114570422275,train_Bearing1_1_1_2_1_4_1_5_test_Bearing1_3
XJTU-SY-condition_1_35Hz12kN-rocket_regressor,rocket_regressor,0,Bearing1_3,11,147.0,76.58874788600062,train_Bearing1_1_1_2_1_4_1_5_test_Bearing1_3
XJTU-SY-condition_1_35Hz12kN-rocket_regressor,rocket_regressor,0,Bearing1_3,12,146.0,59.33031786331506,train_Bearing1_1_1_2_1_4_1_5_test_Bearing1_3
XJTU-SY-condition_1_35Hz12kN-rocket_regressor,rocket_regressor,0,Bearing1_3,13,145.0,91.44404697475687,train_Bearing1_1_1_2_1_4_1_5_test_Bearing1_3
XJTU-SY-condition_1_35Hz12kN-rocket_regressor,rocket_regressor,0,Bearing1_3,14,144.0,80.22909479244578,train_Bearing1_1_1_2_1_4_1_5_test_Bearing1_3
XJTU-SY-condition_1_35Hz12kN-rocket_regressor,rocket_regressor,0,Bearing1_3,15,143.0,77.97411710998097,train_Bearing1_1_1_2_1_4_1_5_test_Bearing1_3
XJTU-SY-condition_1_35Hz12kN-rocket_regressor,rocket_regressor,0,Bearing1_3,16,142.0,71.25346143547989,train_Bearing1_1_1_2_1_4_1_5_test_Bearing1_3
XJTU-SY-condition_1_35Hz12kN-rocket_regressor,rocket_regressor,0,Bearing1_3,17,141.0,70.96874701036478,train_Bearing1_1_1_2_1_4_1_5_test_Bearing1_3
XJTU-SY-condition_1_35Hz12kN-rocket_regressor,rocket_regressor,0,Bearing1_3,18,140.0,49.878349969921544,train_Bearing1_1_1_2_1_4_1_5_test_Bearing1_3
XJTU-SY-condition_1_35Hz12kN-rocket_regressor,rocket_regressor,0,Bearing1_3,19,139.0,76.1832347996118,train_Bearing1_1_1_2_1_4_1_5_test_Bearing1_3
XJTU-SY-condition_1_35Hz12kN-rocket_regressor,rocket_regressor,0,Bearing1_3,20,138.0,77.51240791859516,train_Bearing1_1_1_2_1_4_1_5_test_Bearing1_3
XJTU-SY-condition_1_35Hz12kN-rocket_regressor,rocket_regressor,0,Bearing1_3,21,137.0,83.9795626819,train_Bearing1_1_1_2_1_4_1_5_test_Bearing1_3
XJTU-SY-condition_1_35Hz12kN-rocket_regressor,rocket_regressor,0,Bearing1_3,22,136.0,64.34734668166462,train_Bearing1_1_1_2_1_4_1_5_test_Bearing1_3
XJTU-SY-condition_1_35Hz12kN-rocket_regressor,rocket_regressor,0,Bearing1_3,23,135.0,91.05154385806577,train_Bearing1_1_1_2_1_4_1_5_test_Bearing1_3
XJTU-SY-condition_1_35Hz12kN-rocket_regressor,rocket_regressor,0,Bearing1_3,24,134.0,84.17281939858296,train_Bearing1_1_1_2_1_4_1_5_test_Bearing1_3
XJTU-SY-condition_1_35Hz12kN-rocket_regressor,rocket_regressor,0,Bearing1_3,25,133.0,51.35266977151787,train_Bearing1_1_1_2_1_4_1_5_test_Bearing1_3
XJTU-SY-condition_1_35Hz12kN-rocket_regressor,rocket_regressor,0,Bearing1_3,26,132.0,72.30651512664801,train_Bearing1_1_1_2_1_4_1_5_test_Bearing1_3
XJTU-SY-condition_1_35Hz12kN-rocket_regressor,rocket_regressor,0,Bearing1_3,27,131.0,77.38715201116068,train_Bearing1_1_1_2_1_4_1_5_test_Bearing1_3
XJTU-SY-condition_1_35Hz12kN-rocket_regressor,rocket_regressor,0,Bearing1_3,28,130.0,77.70290002204581,train_Bearing1_1_1_2_1_4_1_5_test_Bearing1_3
XJTU-SY-condition_1_35Hz12kN-rocket_regressor,rocket_regressor,0,Bearing1_3,29,129.0,91.53572742434656,train_Bearing1_1_1_2_1_4_1_5_test_Bearing1_3
XJTU-SY-condition_1_35Hz12kN-rocket_regressor,rocket_regressor,0,Bearing1_3,30,128.0,93.70538365169782,train_Bearing1_1_1_2_1_4_1_5_test_Bearing1_3
XJTU-SY-condition_1_35Hz12kN-rocket_regressor,rocket_regressor,0,Bearing1_3,31,127.0,81.08794912410522,train_Bearing1_1_1_2_1_4_1_5_test_Bearing1_3
XJTU-SY-condition_1_35Hz12kN-rocket_regressor,rocket_regressor,0,Bearing1_3,32,126.0,77.8217682373593,train_Bearing1_1_1_2_1_4_1_5_test_Bearing1_3
XJTU-SY-condition_1_35Hz12kN-rocket_regressor,rocket_regressor,0,Bearing1_3,33,125.0,88.98388943415546,train_Bearing1_1_1_2_1_4_1_5_test_Bearing1_3
XJTU-SY-condition_1_35Hz12kN-rocket_regressor,rocket_regressor,0,Bearing1_3,34,124.0,59.637480808046746,train_Bearing1_1_1_2_1_4_1_5_test_Bearing1_3
XJTU-SY-condition_1_35Hz12kN-rocket_regressor,rocket_regressor,0,Bearing1_3,35,123.0,84.78873341203956,train_Bearing1_1_1_2_1_4_1_5_test_Bearing1_3
XJTU-SY-condition_1_35Hz12kN-rocket_regressor,rocket_regressor,0,Bearing1_3,36,122.0,83.09693259607249,train_Bearing1_1_1_2_1_4_1_5_test_Bearing1_3
XJTU-SY-condition_1_35Hz12kN-rocket_regressor,rocket_regressor,0,Bearing1_3,37,121.0,64.33066432731306,train_Bearing1_1_1_2_1_4_1_5_test_Bearing1_3
XJTU-SY-condition_1_35Hz12kN-rocket_regressor,rocket_regressor,0,Bearing1_3,38,120.0,81.93137812319964,train_Bearing1_1_1_2_1_4_1_5_test_Bearing1_3
XJTU-SY-condition_1_35Hz12kN-rocket_regressor,rocket_regressor,0,Bearing1_3,39,119.0,94.25868008021573,train_Bearing1_1_1_2_1_4_1_5_test_Bearing1_3
XJTU-SY-condition_1_35Hz12kN-rocket_regressor,rocket_regressor,0,Bearing1_3,40,118.0,59.190991542489456,train_Bearing1_1_1_2_1_4_1_5_test_Bearing1_3
XJTU-SY-condition_1_35Hz12kN-rocket_regressor,rocket_regressor,0,Bearing1_3,41,117.0,45.77327989986192,train_Bearing1_1_1_2_1_4_1_5_test_Bearing1_3
XJTU-SY-condition_1_35Hz12kN-rocket_regressor,rocket_regressor,0,Bearing1_3,42,116.0,59.97037835835246,train_Bearing1_1_1_2_1_4_1_5_test_Bearing1_3
XJTU-SY-condition_1_35Hz12kN-rocket_regressor,rocket_regressor,0,Bearing1_3,43,115.0,94.28030223632845,train_Bearing1_1_1_2_1_4_1_5_test_Bearing1_3
XJTU-SY-condition_1_35Hz12kN-rocket_regressor,rocket_regressor,0,Bearing1_3,44,114.0,83.41886846665972,train_Bearing1_1_1_2_1_4_1_5_test_Bearing1_3
XJTU-SY-condition_1_35Hz12kN-rocket_regressor,rocket_regressor,0,Bearing1_3,45,113.0,80.09728108131665,train_Bearing1_1_1_2_1_4_1_5_test_Bearing1_3
XJTU-SY-condition_1_35Hz12kN-rocket_regressor,rocket_regressor,0,Bearing1_3,46,112.0,71.45235788738552,train_Bearing1_1_1_2_1_4_1_5_test_Bearing1_3
XJTU-SY-condition_1_35Hz12kN-rocket_regressor,rocket_regressor,0,Bearing1_3,47,111.0,43.846537114380865,train_Bearing1_1_1_2_1_4_1_5_test_Bearing1_3
XJTU-SY-condition_1_35Hz12kN-rocket_regressor,rocket_regressor,0,Bearing1_3,48,110.0,62.28334496576721,train_Bearing1_1_1_2_1_4_1_5_test_Bearing1_3
XJTU-SY-condition_1_35Hz12kN-rocket_regressor,rocket_regressor,0,Bearing1_3,49,109.0,75.17358034222619,train_Bearing1_1_1_2_1_4_1_5_test_Bearing1_3
XJTU-SY-condition_1_35Hz12kN-rocket_regressor,rocket_regressor,0,Bearing1_3,50,108.0,76.10158974109581,train_Bearing1_1_1_2_1_4_1_5_test_Bearing1_3
XJTU-SY-condition_1_35Hz12kN-rocket_regressor,rocket_regressor,0,Bearing1_3,51,107.0,63.15790393977832,train_Bearing1_1_1_2_1_4_1_5_test_Bearing1_3
XJTU-SY-condition_1_35Hz12kN-rocket_regressor,rocket_regressor,0,Bearing1_3,52,106.0,94.30960153133168,train_Bearing1_1_1_2_1_4_1_5_test_Bearing1_3
XJTU-SY-condition_1_35Hz12kN-rocket_regressor,rocket_regressor,0,Bearing1_3,53,105.0,57.09154160749692,train_Bearing1_1_1_2_1_4_1_5_test_Bearing1_3
XJTU-SY-condition_1_35Hz12kN-rocket_regressor,rocket_regressor,0,Bearing1_3,54,104.0,66.39910330201765,train_Bearing1_1_1_2_1_4_1_5_test_Bearing1_3
XJTU-SY-condition_1_35Hz12kN-rocket_regressor,rocket_regressor,0,Bearing1_3,55,103.0,77.33500480183372,train_Bearing1_1_1_2_1_4_1_5_test_Bearing1_3
XJTU-SY-condition_1_35Hz12kN-rocket_regressor,rocket_regressor,0,Bearing1_3,56,102.0,87.29719358958258,train_Bearing1_1_1_2_1_4_1_5_test_Bearing1_3
XJTU-SY-condition_1_35Hz12kN-rocket_regressor,rocket_regressor,0,Bearing1_3,57,101.0,65.56061060536852,train_Bearing1_1_1_2_1_4_1_5_test_Bearing1_3
XJTU-SY-condition_1_35Hz12kN-rocket_regressor,rocket_regressor,0,Bearing1_3,58,100.0,99.29312338130464,train_Bearing1_1_1_2_1_4_1_5_test_Bearing1_3
XJTU-SY-condition_1_35Hz12kN-rocket_regressor,rocket_regressor,0,Bearing1_3,59,99.0,89.4741508230585,train_Bearing1_1_1_2_1_4_1_5_test_Bearing1_3
XJTU-SY-condition_1_35Hz12kN-rocket_regressor,rocket_regressor,0,Bearing1_3,60,98.0,85.22443792692965,train_Bearing1_1_1_2_1_4_1_5_test_Bearing1_3
XJTU-SY-condition_1_35Hz12kN-rocket_regressor,rocket_regressor,0,Bearing1_3,61,97.0,67.30669835956222,train_Bearing1_1_1_2_1_4_1_5_test_Bearing1_3
XJTU-SY-condition_1_35Hz12kN-rocket_regressor,rocket_regressor,0,Bearing1_3,62,96.0,96.1184107062912,train_Bearing1_1_1_2_1_4_1_5_test_Bearing1_3
XJTU-SY-condition_1_35Hz12kN-rocket_regressor,rocket_regressor,0,Bearing1_3,63,95.0,69.90814594507762,train_Bearing1_1_1_2_1_4_1_5_test_Bearing1_3
XJTU-SY-condition_1_35Hz12kN-rocket_regressor,rocket_regressor,0,Bearing1_3,64,94.0,90.58861603523434,train_Bearing1_1_1_2_1_4_1_5_test_Bearing1_3
XJTU-SY-condition_1_35Hz12kN-rocket_regressor,rocket_regressor,0,Bearing1_3,65,93.0,84.07071388952639,train_Bearing1_1_1_2_1_4_1_5_test_Bearing1_3
XJTU-SY-condition_1_35Hz12kN-rocket_regressor,rocket_regressor,0,Bearing1_3,66,92.0,76.70312639623774,train_Bearing1_1_1_2_1_4_1_5_test_Bearing1_3
XJTU-SY-condition_1_35Hz12kN-rocket_regressor,rocket_regressor,0,Bearing1_3,67,91.0,83.89110586441748,train_Bearing1_1_1_2_1_4_1_5_test_Bearing1_3
XJTU-SY-condition_1_35Hz12kN-rocket_regressor,rocket_regressor,0,Bearing1_3,68,90.0,85.7042189057141,train_Bearing1_1_1_2_1_4_1_5_test_Bearing1_3
XJTU-SY-condition_1_35Hz12kN-rocket_regressor,rocket_regressor,0,Bearing1_3,69,89.0,92.57820696250187,train_Bearing1_1_1_2_1_4_1_5_test_Bearing1_3
XJTU-SY-condition_1_35Hz12kN-rocket_regressor,rocket_regressor,0,Bearing1_3,70,88.0,63.89334592363461,train_Bearing1_1_1_2_1_4_1_5_test_Bearing1_3
XJTU-SY-condition_1_35Hz12kN-rocket_regressor,rocket_regressor,0,Bearing1_3,71,87.0,71.94443720751275,train_Bearing1_1_1_2_1_4_1_5_test_Bearing1_3
XJTU-SY-condition_1_35Hz12kN-rocket_regressor,rocket_regressor,0,Bearing1_3,72,86.0,60.38043129336074,train_Bearing1_1_1_2_1_4_1_5_test_Bearing1_3
XJTU-SY-condition_1_35Hz12kN-rocket_regressor,rocket_regressor,0,Bearing1_3,73,85.0,83.70436880530627,train_Bearing1_1_1_2_1_4_1_5_test_Bearing1_3
XJTU-SY-condition_1_35Hz12kN-rocket_regressor,rocket_regressor,0,Bearing1_3,74,84.0,60.87849581610433,train_Bearing1_1_1_2_1_4_1_5_test_Bearing1_3
XJTU-SY-condition_1_35Hz12kN-rocket_regressor,rocket_regressor,0,Bearing1_3,75,83.0,63.42500656753711,train_Bearing1_1_1_2_1_4_1_5_test_Bearing1_3
XJTU-SY-condition_1_35Hz12kN-rocket_regressor,rocket_regressor,0,Bearing1_3,76,82.0,62.93147144762756,train_Bearing1_1_1_2_1_4_1_5_test_Bearing1_3
XJTU-SY-condition_1_35Hz12kN-rocket_regressor,rocket_regressor,0,Bearing1_3,77,81.0,59.5167589627611,train_Bearing1_1_1_2_1_4_1_5_test_Bearing1_3
XJTU-SY-condition_1_35Hz12kN-rocket_regressor,rocket_regressor,0,Bearing1_3,78,80.0,56.109955764526774,train_Bearing1_1_1_2_1_4_1_5_test_Bearing1_3
XJTU-SY-condition_1_35Hz12kN-rocket_regressor,rocket_regressor,0,Bearing1_3,79,79.0,68.90090493990158,train_Bearing1_1_1_2_1_4_1_5_test_Bearing1_3
XJTU-SY-condition_1_35Hz12kN-rocket_regressor,rocket_regressor,0,Bearing1_3,80,78.0,62.944258268311785,train_Bearing1_1_1_2_1_4_1_5_test_Bearing1_3
XJTU-SY-condition_1_35Hz12kN-rocket_regressor,rocket_regressor,0,Bearing1_3,81,77.0,73.45934853301901,train_Bearing1_1_1_2_1_4_1_5_test_Bearing1_3
XJTU-SY-condition_1_35Hz12kN-rocket_regressor,rocket_regressor,0,Bearing1_3,82,76.0,60.70922928931769,train_Bearing1_1_1_2_1_4_1_5_test_Bearing1_3
XJTU-SY-condition_1_35Hz12kN-rocket_regressor,rocket_regressor,0,Bearing1_3,83,75.0,71.00962185512185,train_Bearing1_1_1_2_1_4_1_5_test_Bearing1_3
XJTU-SY-condition_1_35Hz12kN-rocket_regressor,rocket_regressor,0,Bearing1_3,84,74.0,45.04346294341035,train_Bearing1_1_1_2_1_4_1_5_test_Bearing1_3
XJTU-SY-condition_1_35Hz12kN-rocket_regressor,rocket_regressor,0,Bearing1_3,85,73.0,68.21415057839644,train_Bearing1_1_1_2_1_4_1_5_test_Bearing1_3
XJTU-SY-condition_1_35Hz12kN-rocket_regressor,rocket_regressor,0,Bearing1_3,86,72.0,52.43244892542714,train_Bearing1_1_1_2_1_4_1_5_test_Bearing1_3
XJTU-SY-condition_1_35Hz12kN-rocket_regressor,rocket_regressor,0,Bearing1_3,87,71.0,57.16340548433108,train_Bearing1_1_1_2_1_4_1_5_test_Bearing1_3
XJTU-SY-condition_1_35Hz12kN-rocket_regressor,rocket_regressor,0,Bearing1_3,88,70.0,62.74834382990295,train_Bearing1_1_1_2_1_4_1_5_test_Bearing1_3
XJTU-SY-condition_1_35Hz12kN-rocket_regressor,rocket_regressor,0,Bearing1_3,89,69.0,71.4527177911124,train_Bearing1_1_1_2_1_4_1_5_test_Bearing1_3
XJTU-SY-condition_1_35Hz12kN-rocket_regressor,rocket_regressor,0,Bearing1_3,90,68.0,61.984848064948835,train_Bearing1_1_1_2_1_4_1_5_test_Bearing1_3
XJTU-SY-condition_1_35Hz12kN-rocket_regressor,rocket_regressor,0,Bearing1_3,91,67.0,69.9593091888315,train_Bearing1_1_1_2_1_4_1_5_test_Bearing1_3
XJTU-SY-condition_1_35Hz12kN-rocket_regressor,rocket_regressor,0,Bearing1_3,92,66.0,80.75232625908447,train_Bearing1_1_1_2_1_4_1_5_test_Bearing1_3
XJTU-SY-condition_1_35Hz12kN-rocket_regressor,rocket_regressor,0,Bearing1_3,93,65.0,46.786347709093775,train_Bearing1_1_1_2_1_4_1_5_test_Bearing1_3
XJTU-SY-condition_1_35Hz12kN-rocket_regressor,rocket_regressor,0,Bearing1_3,94,64.0,56.81007327461859,train_Bearing1_1_1_2_1_4_1_5_test_Bearing1_3
XJTU-SY-condition_1_35Hz12kN-rocket_regressor,rocket_regressor,0,Bearing1_3,95,63.0,65.62005591179953,train_Bearing1_1_1_2_1_4_1_5_test_Bearing1_3
XJTU-SY-condition_1_35Hz12kN-rocket_regressor,rocket_regressor,0,Bearing1_3,96,62.0,59.42724160600018,train_Bearing1_1_1_2_1_4_1_5_test_Bearing1_3
XJTU-SY-condition_1_35Hz12kN-rocket_regressor,rocket_regressor,0,Bearing1_3,97,61.0,61.21235530637939,train_Bearing1_1_1_2_1_4_1_5_test_Bearing1_3
XJTU-SY-condition_1_35Hz12kN-rocket_regressor,rocket_regressor,0,Bearing1_3,98,60.0,56.370627429477764,train_Bearing1_1_1_2_1_4_1_5_test_Bearing1_3
XJTU-SY-condition_1_35Hz12kN-rocket_regressor,rocket_regressor,0,Bearing1_3,99,59.0,38.496368210092854,train_Bearing1_1_1_2_1_4_1_5_test_Bearing1_3
XJTU-SY-condition_1_35Hz12kN-rocket_regressor,rocket_regressor,0,Bearing1_3,100,58.0,49.78744684820761,train_Bearing1_1_1_2_1_4_1_5_test_Bearing1_3
XJTU-SY-condition_1_35Hz12kN-rocket_regressor,rocket_regressor,0,Bearing1_3,101,57.0,74.00746796086557,train_Bearing1_1_1_2_1_4_1_5_test_Bearing1_3
XJTU-SY-condition_1_35Hz12kN-rocket_regressor,rocket_regressor,0,Bearing1_3,102,56.0,63.91061331745091,train_Bearing1_1_1_2_1_4_1_5_test_Bearing1_3
XJTU-SY-condition_1_35Hz12kN-rocket_regressor,rocket_regressor,0,Bearing1_3,103,55.0,60.57105665656498,train_Bearing1_1_1_2_1_4_1_5_test_Bearing1_3
XJTU-SY-condition_1_35Hz12kN-rocket_regressor,rocket_regressor,0,Bearing1_3,104,54.0,77.27018636162936,train_Bearing1_1_1_2_1_4_1_5_test_Bearing1_3
XJTU-SY-condition_1_35Hz12kN-rocket_regressor,rocket_regressor,0,Bearing1_3,105,53.0,55.28538683885188,train_Bearing1_1_1_2_1_4_1_5_test_Bearing1_3
XJTU-SY-condition_1_35Hz12kN-rocket_regressor,rocket_regressor,0,Bearing1_3,106,52.0,76.96020011103363,train_Bearing1_1_1_2_1_4_1_5_test_Bearing1_3
XJTU-SY-condition_1_35Hz12kN-rocket_regressor,rocket_regressor,0,Bearing1_3,107,51.0,56.9080253570005,train_Bearing1_1_1_2_1_4_1_5_test_Bearing1_3
XJTU-SY-condition_1_35Hz12kN-rocket_regressor,rocket_regressor,0,Bearing1_3,108,50.0,52.81226863818334,train_Bearing1_1_1_2_1_4_1_5_test_Bearing1_3
XJTU-SY-condition_1_35Hz12kN-rocket_regressor,rocket_regressor,0,Bearing1_3,109,49.0,60.94110000378598,train_Bearing1_1_1_2_1_4_1_5_test_Bearing1_3
XJTU-SY-condition_1_35Hz12kN-rocket_regressor,rocket_regressor,0,Bearing1_3,110,48.0,66.54735186905124,train_Bearing1_1_1_2_1_4_1_5_test_Bearing1_3
XJTU-SY-condition_1_35Hz12kN-rocket_regressor,rocket_regressor,0,Bearing1_3,111,47.0,63.575001421608164,train_Bearing1_1_1_2_1_4_1_5_test_Bearing1_3
XJTU-SY-condition_1_35Hz12kN-rocket_regressor,rocket_regressor,0,Bearing1_3,112,46.0,55.678038621620644,train_Bearing1_1_1_2_1_4_1_5_test_Bearing1_3
XJTU-SY-condition_1_35Hz12kN-rocket_regressor,rocket_regressor,0,Bearing1_3,113,45.0,81.43326737833974,train_Bearing1_1_1_2_1_4_1_5_test_Bearing1_3
XJTU-SY-condition_1_35Hz12kN-rocket_regressor,rocket_regressor,0,Bearing1_3,114,44.0,40.893295729822455,train_Bearing1_1_1_2_1_4_1_5_test_Bearing1_3
XJTU-SY-condition_1_35Hz12kN-rocket_regressor,rocket_regressor,0,Bearing1_3,115,43.0,62.821782631590594,train_Bearing1_1_1_2_1_4_1_5_test_Bearing1_3
XJTU-SY-condition_1_35Hz12kN-rocket_regressor,rocket_regressor,0,Bearing1_3,116,42.0,57.71453132125416,train_Bearing1_1_1_2_1_4_1_5_test_Bearing1_3
XJTU-SY-condition_1_35Hz12kN-rocket_regressor,rocket_regressor,0,Bearing1_3,117,41.0,71.8677045161194,train_Bearing1_1_1_2_1_4_1_5_test_Bearing1_3
XJTU-SY-condition_1_35Hz12kN-rocket_regressor,rocket_regressor,0,Bearing1_3,118,40.0,79.11006335497191,train_Bearing1_1_1_2_1_4_1_5_test_Bearing1_3
XJTU-SY-condition_1_35Hz12kN-rocket_regressor,rocket_regressor,0,Bearing1_3,119,39.0,62.91245740154815,train_Bearing1_1_1_2_1_4_1_5_test_Bearing1_3
XJTU-SY-condition_1_35Hz12kN-rocket_regressor,rocket_regressor,0,Bearing1_3,120,38.0,76.66110054196423,train_Bearing1_1_1_2_1_4_1_5_test_Bearing1_3
XJTU-SY-condition_1_35Hz12kN-rocket_regressor,rocket_regressor,0,Bearing1_3,121,37.0,50.22382540199774,train_Bearing1_1_1_2_1_4_1_5_test_Bearing1_3
XJTU-SY-condition_1_35Hz12kN-rocket_regressor,rocket_regressor,0,Bearing1_3,122,36.0,61.47792699851718,train_Bearing1_1_1_2_1_4_1_5_test_Bearing1_3
XJTU-SY-condition_1_35Hz12kN-rocket_regressor,rocket_regressor,0,Bearing1_3,123,35.0,77.18494884498676,train_Bearing1_1_1_2_1_4_1_5_test_Bearing1_3
XJTU-SY-condition_1_35Hz12kN-rocket_regressor,rocket_regressor,0,Bearing1_3,124,34.0,81.46525586450457,train_Bearing1_1_1_2_1_4_1_5_test_Bearing1_3
XJTU-SY-condition_1_35Hz12kN-rocket_regressor,rocket_regressor,0,Bearing1_3,125,33.0,38.50696526013235,train_Bearing1_1_1_2_1_4_1_5_test_Bearing1_3
XJTU-SY-condition_1_35Hz12kN-rocket_regressor,rocket_regressor,0,Bearing1_3,126,32.0,66.33090946625421,train_Bearing1_1_1_2_1_4_1_5_test_Bearing1_3
XJTU-SY-condition_1_35Hz12kN-rocket_regressor,rocket_regressor,0,Bearing1_3,127,31.0,60.60786042665465,train_Bearing1_1_1_2_1_4_1_5_test_Bearing1_3
XJTU-SY-condition_1_35Hz12kN-rocket_regressor,rocket_regressor,0,Bearing1_3,128,30.0,85.73381240033993,train_Bearing1_1_1_2_1_4_1_5_test_Bearing1_3
XJTU-SY-condition_1_35Hz12kN-rocket_regressor,rocket_regressor,0,Bearing1_3,129,29.0,44.444670011369894,train_Bearing1_1_1_2_1_4_1_5_test_Bearing1_3
XJTU-SY-condition_1_35Hz12kN-rocket_regressor,rocket_regressor,0,Bearing1_3,130,28.0,44.15655216913662,train_Bearing1_1_1_2_1_4_1_5_test_Bearing1_3
XJTU-SY-condition_1_35Hz12kN-rocket_regressor,rocket_regressor,0,Bearing1_3,131,27.0,50.58225424941884,train_Bearing1_1_1_2_1_4_1_5_test_Bearing1_3
XJTU-SY-condition_1_35Hz12kN-rocket_regressor,rocket_regressor,0,Bearing1_3,132,26.0,84.2520864145539,train_Bearing1_1_1_2_1_4_1_5_test_Bearing1_3
XJTU-SY-condition_1_35Hz12kN-rocket_regressor,rocket_regressor,0,Bearing1_3,133,25.0,71.21441021017642,train_Bearing1_1_1_2_1_4_1_5_test_Bearing1_3
XJTU-SY-condition_1_35Hz12kN-rocket_regressor,rocket_regressor,0,Bearing1_3,134,24.0,72.72233405487881,train_Bearing1_1_1_2_1_4_1_5_test_Bearing1_3
XJTU-SY-condition_1_35Hz12kN-rocket_regressor,rocket_regressor,0,Bearing1_3,135,23.0,61.23098165086144,train_Bearing1_1_1_2_1_4_1_5_test_Bearing1_3
XJTU-SY-condition_1_35Hz12kN-rocket_regressor,rocket_regressor,0,Bearing1_3,136,22.0,75.32852644630844,train_Bearing1_1_1_2_1_4_1_5_test_Bearing1_3
XJTU-SY-condition_1_35Hz12kN-rocket_regressor,rocket_regressor,0,Bearing1_3,137,21.0,87.17738572266873,train_Bearing1_1_1_2_1_4_1_5_test_Bearing1_3
XJTU-SY-condition_1_35Hz12kN-rocket_regressor,rocket_regressor,0,Bearing1_3,138,20.0,39.212146744822846,train_Bearing1_1_1_2_1_4_1_5_test_Bearing1_3
XJTU-SY-condition_1_35Hz12kN-rocket_regressor,rocket_regressor,0,Bearing1_3,139,19.0,54.52944969796022,train_Bearing1_1_1_2_1_4_1_5_test_Bearing1_3
XJTU-SY-condition_1_35Hz12kN-rocket_regressor,rocket_regressor,0,Bearing1_3,140,18.0,52.67499413634033,train_Bearing1_1_1_2_1_4_1_5_test_Bearing1_3
XJTU-SY-condition_1_35Hz12kN-rocket_regressor,rocket_regressor,0,Bearing1_3,141,17.0,70.33096029479586,train_Bearing1_1_1_2_1_4_1_5_test_Bearing1_3
XJTU-SY-condition_1_35Hz12kN-rocket_regressor,rocket_regressor,0,Bearing1_3,142,16.0,47.31547201366784,train_Bearing1_1_1_2_1_4_1_5_test_Bearing1_3
XJTU-SY-condition_1_35Hz12kN-rocket_regressor,rocket_regressor,0,Bearing1_3,143,15.0,65.3498938409069,train_Bearing1_1_1_2_1_4_1_5_test_Bearing1_3
XJTU-SY-condition_1_35Hz12kN-rocket_regressor,rocket_regressor,0,Bearing1_3,144,14.0,66.43753837655935,train_Bearing1_1_1_2_1_4_1_5_test_Bearing1_3
XJTU-SY-condition_1_35Hz12kN-rocket_regressor,rocket_regressor,0,Bearing1_3,145,13.0,73.42629434600653,train_Bearing1_1_1_2_1_4_1_5_test_Bearing1_3
XJTU-SY-condition_1_35Hz12kN-rocket_regressor,rocket_regressor,0,Bearing1_3,146,12.0,74.62019727496764,train_Bearing1_1_1_2_1_4_1_5_test_Bearing1_3
XJTU-SY-condition_1_35Hz12kN-rocket_regressor,rocket_regressor,0,Bearing1_3,147,11.0,66.40686605191821,train_Bearing1_1_1_2_1_4_1_5_test_Bearing1_3
XJTU-SY-condition_1_35Hz12kN-rocket_regressor,rocket_regressor,0,Bearing1_3,148,10.0,51.89240039699597,train_Bearing1_1_1_2_1_4_1_5_test_Bearing1_3
XJTU-SY-condition_1_35Hz12kN-rocket_regressor,rocket_regressor,0,Bearing1_3,149,9.0,80.0559054363882,train_Bearing1_1_1_2_1_4_1_5_test_Bearing1_3
XJTU-SY-condition_1_35Hz12kN-rocket_regressor,rocket_regressor,0,Bearing1_3,150,8.0,8.55669818378638,train_Bearing1_1_1_2_1_4_1_5_test_Bearing1_3
XJTU-SY-condition_1_35Hz12kN-rocket_regressor,rocket_regressor,0,Bearing1_3,151,7.0,2.8106165795039146,train_Bearing1_1_1_2_1_4_1_5_test_Bearing1_3
XJTU-SY-condition_1_35Hz12kN-rocket_regressor,rocket_regressor,0,Bearing1_3,152,6.0,0.0,train_Bearing1_1_1_2_1_4_1_5_test_Bearing1_3
XJTU-SY-condition_1_35Hz12kN-rocket_regressor,rocket_regressor,0,Bearing1_3,153,5.0,20.61400406282729,train_Bearing1_1_1_2_1_4_1_5_test_Bearing1_3
XJTU-SY-condition_1_35Hz12kN-rocket_regressor,rocket_regressor,0,Bearing1_3,154,4.0,23.379474551205533,train_Bearing1_1_1_2_1_4_1_5_test_Bearing1_3
XJTU-SY-condition_1_35Hz12kN-rocket_regressor,rocket_regressor,0,Bearing1_3,155,3.0,40.63410569351926,train_Bearing1_1_1_2_1_4_1_5_test_Bearing1_3
XJTU-SY-condition_1_35Hz12kN-rocket_regressor,rocket_regressor,0,Bearing1_3,156,2.0,64.18549928799791,train_Bearing1_1_1_2_1_4_1_5_test_Bearing1_3
XJTU-SY-condition_1_35Hz12kN-rocket_regressor,rocket_regressor,0,Bearing1_3,157,1.0,57.691901745415834,train_Bearing1_1_1_2_1_4_1_5_test_Bearing1_3
XJTU-SY-condition_1_35Hz12kN-rocket_regressor,rocket_regressor,1,Bearing1_3,1,157.0,84.70649261196684,train_Bearing1_1_1_2_1_4_1_5_test_Bearing1_3
XJTU-SY-condition_1_35Hz12kN-rocket_regressor,rocket_regressor,1,Bearing1_3,2,156.0,55.38987616599795,train_Bearing1_1_1_2_1_4_1_5_test_Bearing1_3
XJTU-SY-condition_1_35Hz12kN-rocket_regressor,rocket_regressor,1,Bearing1_3,3,155.0,67.85368725123453,train_Bearing1_1_1_2_1_4_1_5_test_Bearing1_3
XJTU-SY-condition_1_35Hz12kN-rocket_regressor,rocket_regressor,1,Bearing1_3,4,154.0,77.81430749957909,train_Bearing1_1_1_2_1_4_1_5_test_Bearing1_3
XJTU-SY-condition_1_35Hz12kN-rocket_regressor,rocket_regressor,1,Bearing1_3,5,153.0,71.67915309935628,train_Bearing1_1_1_2_1_4_1_5_test_Bearing1_3
XJTU-SY-condition_1_35Hz12kN-rocket_regressor,rocket_regressor,1,Bearing1_3,6,152.0,82.91676921386036,train_Bearing1_1_1_2_1_4_1_5_test_Bearing1_3
XJTU-SY-condition_1_35Hz12kN-rocket_regressor,rocket_regressor,1,Bearing1_3,7,151.0,63.06312882808231,train_Bearing1_1_1_2_1_4_1_5_test_Bearing1_3
XJTU-SY-condition_1_35Hz12kN-rocket_regressor,rocket_regressor,1,Bearing1_3,8,150.0,83.96233808968105,train_Bearing1_1_1_2_1_4_1_5_test_Bearing1_3
XJTU-SY-condition_1_35Hz12kN-rocket_regressor,rocket_regressor,1,Bearing1_3,9,149.0,78.34817180739964,train_Bearing1_1_1_2_1_4_1_5_test_Bearing1_3
XJTU-SY-condition_1_35Hz12kN-rocket_regressor,rocket_regressor,1,Bearing1_3,10,148.0,83.59155098593757,train_Bearing1_1_1_2_1_4_1_5_test_Bearing1_3
XJTU-SY-condition_1_35Hz12kN-rocket_regressor,rocket_regressor,1,Bearing1_3,11,147.0,68.12526817667163,train_Bearing1_1_1_2_1_4_1_5_test_Bearing1_3
XJTU-SY-condition_1_35Hz12kN-rocket_regressor,rocket_regressor,1,Bearing1_3,12,146.0,76.12101147079625,train_Bearing1_1_1_2_1_4_1_5_test_Bearing1_3
XJTU-SY-condition_1_35Hz12kN-rocket_regressor,rocket_regressor,1,Bearing1_3,13,145.0,89.23877018250852,train_Bearing1_1_1_2_1_4_1_5_test_Bearing1_3
XJTU-SY-condition_1_35Hz12kN-rocket_regressor,rocket_regressor,1,Bearing1_3,14,144.0,74.37458677730399,train_Bearing1_1_1_2_1_4_1_5_test_Bearing1_3
XJTU-SY-condition_1_35Hz12kN-rocket_regressor,rocket_regressor,1,Bearing1_3,15,143.0,78.23724853357405,train_Bearing1_1_1_2_1_4_1_5_test_Bearing1_3
XJTU-SY-condition_1_35Hz12kN-rocket_regressor,rocket_regressor,1,Bearing1_3,16,142.0,66.21235108480192,train_Bearing1_1_1_2_1_4_1_5_test_Bearing1_3
XJTU-SY-condition_1_35Hz12kN-rocket_regressor,rocket_regressor,1,Bearing1_3,17,141.0,86.81836210268628,train_Bearing1_1_1_2_1_4_1_5_test_Bearing1_3
XJTU-SY-condition_1_35Hz12kN-rocket_regressor,rocket_regressor,1,Bearing1_3,18,140.0,58.45532908315806,train_Bearing1_1_1_2_1_4_1_5_test_Bearing1_3
XJTU-SY-condition_1_35Hz12kN-rocket_regressor,rocket_regressor,1,Bearing1_3,19,139.0,84.63354939497208,train_Bearing1_1_1_2_1_4_1_5_test_Bearing1_3
XJTU-SY-condition_1_35Hz12kN-rocket_regressor,rocket_regressor,1,Bearing1_3,20,138.0,86.13945199767852,train_Bearing1_1_1_2_1_4_1_5_test_Bearing1_3
XJTU-SY-condition_1_35Hz12kN-rocket_regressor,rocket_regressor,1,Bearing1_3,21,137.0,91.04647042052338,train_Bearing1_1_1_2_1_4_1_5_test_Bearing1_3
XJTU-SY-condition_1_35Hz12kN-rocket_regressor,rocket_regressor,1,Bearing1_3,22,136.0,60.261528758579686,train_Bearing1_1_1_2_1_4_1_5_test_Bearing1_3
XJTU-SY-condition_1_35Hz12kN-rocket_regressor,rocket_regressor,1,Bearing1_3,23,135.0,63.42232795745559,train_Bearing1_1_1_2_1_4_1_5_test_Bearing1_3
XJTU-SY-condition_1_35Hz12kN-rocket_regressor,rocket_regressor,1,Bearing1_3,24,134.0,79.80906554549586,train_Bearing1_1_1_2_1_4_1_5_test_Bearing1_3
XJTU-SY-condition_1_35Hz12kN-rocket_regressor,rocket_regressor,1,Bearing1_3,25,133.0,77.62847192580506,train_Bearing1_1_1_2_1_4_1_5_test_Bearing1_3
XJTU-SY-condition_1_35Hz12kN-rocket_regressor,rocket_regressor,1,Bearing1_3,26,132.0,73.32900214496237,train_Bearing1_1_1_2_1_4_1_5_test_Bearing1_3
XJTU-SY-condition_1_35Hz12kN-rocket_regressor,rocket_regressor,1,Bearing1_3,27,131.0,76.13916868458887,train_Bearing1_1_1_2_1_4_1_5_test_Bearing1_3
XJTU-SY-condition_1_35Hz12kN-rocket_regressor,rocket_regressor,1,Bearing1_3,28,130.0,99.14975042105226,train_Bearing1_1_1_2_1_4_1_5_test_Bearing1_3
XJTU-SY-condition_1_35Hz12kN-rocket_regressor,rocket_regressor,1,Bearing1_3,29,129.0,89.93575022226412,train_Bearing1_1_1_2_1_4_1_5_test_Bearing1_3
XJTU-SY-condition_1_35Hz12kN-rocket_regressor,rocket_regressor,1,Bearing1_3,30,128.0,104.77609662474094,train_Bearing1_1_1_2_1_4_1_5_test_Bearing1_3
XJTU-SY-condition_1_35Hz12kN-rocket_regressor,rocket_regressor,1,Bearing1_3,31,127.0,98.74494294942971,train_Bearing1_1_1_2_1_4_1_5_test_Bearing1_3
XJTU-SY-condition_1_35Hz12kN-rocket_regressor,rocket_regressor,1,Bearing1_3,32,126.0,78.11900565391477,train_Bearing1_1_1_2_1_4_1_5_test_Bearing1_3
XJTU-SY-condition_1_35Hz12kN-rocket_regressor,rocket_regressor,1,Bearing1_3,33,125.0,105.97253670166143,train_Bearing1_1_1_2_1_4_1_5_test_Bearing1_3
XJTU-SY-condition_1_35Hz12kN-rocket_regressor,rocket_regressor,1,Bearing1_3,34,124.0,63.95945260680418,train_Bearing1_1_1_2_1_4_1_5_test_Bearing1_3
XJTU-SY-condition_1_35Hz12kN-rocket_regressor,rocket_regressor,1,Bearing1_3,35,123.0,97.82118226371361,train_Bearing1_1_1_2_1_4_1_5_test_Bearing1_3
XJTU-SY-condition_1_35Hz12kN-rocket_regressor,rocket_regressor,1,Bearing1_3,36,122.0,78.2298583228499,train_Bearing1_1_1_2_1_4_1_5_test_Bearing1_3
XJTU-SY-condition_1_35Hz12kN-rocket_regressor,rocket_regressor,1,Bearing1_3,37,121.0,69.43015861869245,train_Bearing1_1_1_2_1_4_1_5_test_Bearing1_3
XJTU-SY-condition_1_35Hz12kN-rocket_regressor,rocket_regressor,1,Bearing1_3,38,120.0,72.80365394665739,train_Bearing1_1_1_2_1_4_1_5_test_Bearing1_3
XJTU-SY-condition_1_35Hz12kN-rocket_regressor,rocket_regressor,1,Bearing1_3,39,119.0,83.3854277842546,train_Bearing1_1_1_2_1_4_1_5_test_Bearing1_3
XJTU-SY-condition_1_35Hz12kN-rocket_regressor,rocket_regressor,1,Bearing1_3,40,118.0,72.61122221096525,train_Bearing1_1_1_2_1_4_1_5_test_Bearing1_3
XJTU-SY-condition_1_35Hz12kN-rocket_regressor,rocket_regressor,1,Bearing1_3,41,117.0,68.2090110326975,train_Bearing1_1_1_2_1_4_1_5_test_Bearing1_3
XJTU-SY-condition_1_35Hz12kN-rocket_regressor,rocket_regressor,1,Bearing1_3,42,116.0,65.10749111385383,train_Bearing1_1_1_2_1_4_1_5_test_Bearing1_3
XJTU-SY-condition_1_35Hz12kN-rocket_regressor,rocket_regressor,1,Bearing1_3,43,115.0,78.8303320683471,train_Bearing1_1_1_2_1_4_1_5_test_Bearing1_3
XJTU-SY-condition_1_35Hz12kN-rocket_regressor,rocket_regressor,1,Bearing1_3,44,114.0,78.0459117513422,train_Bearing1_1_1_2_1_4_1_5_test_Bearing1_3
XJTU-SY-condition_1_35Hz12kN-rocket_regressor,rocket_regressor,1,Bearing1_3,45,113.0,80.27583001102562,train_Bearing1_1_1_2_1_4_1_5_test_Bearing1_3
XJTU-SY-condition_1_35Hz12kN-rocket_regressor,rocket_regressor,1,Bearing1_3,46,112.0,55.06598593024245,train_Bearing1_1_1_2_1_4_1_5_test_Bearing1_3
XJTU-SY-condition_1_35Hz12kN-rocket_regressor,rocket_regressor,1,Bearing1_3,47,111.0,59.410697102373604,train_Bearing1_1_1_2_1_4_1_5_test_Bearing1_3
XJTU-SY-condition_1_35Hz12kN-rocket_regressor,rocket_regressor,1,Bearing1_3,48,110.0,61.2194985164852,train_Bearing1_1_1_2_1_4_1_5_test_Bearing1_3
XJTU-SY-condition_1_35Hz12kN-rocket_regressor,rocket_regressor,1,Bearing1_3,49,109.0,89.40657359026784,train_Bearing1_1_1_2_1_4_1_5_test_Bearing1_3
XJTU-SY-condition_1_35Hz12kN-rocket_regressor,rocket_regressor,1,Bearing1_3,50,108.0,84.52307668464255,train_Bearing1_1_1_2_1_4_1_5_test_Bearing1_3
XJTU-SY-condition_1_35Hz12kN-rocket_regressor,rocket_regressor,1,Bearing1_3,51,107.0,69.96732896734486,train_Bearing1_1_1_2_1_4_1_5_test_Bearing1_3
XJTU-SY-condition_1_35Hz12kN-rocket_regressor,rocket_regressor,1,Bearing1_3,52,106.0,83.34504458981223,train_Bearing1_1_1_2_1_4_1_5_test_Bearing1_3
XJTU-SY-condition_1_35Hz12kN-rocket_regressor,rocket_regressor,1,Bearing1_3,53,105.0,91.6882926587297,train_Bearing1_1_1_2_1_4_1_5_test_Bearing1_3
XJTU-SY-condition_1_35Hz12kN-rocket_regressor,rocket_regressor,1,Bearing1_3,54,104.0,58.21457405970142,train_Bearing1_1_1_2_1_4_1_5_test_Bearing1_3
XJTU-SY-condition_1_35Hz12kN-rocket_regressor,rocket_regressor,1,Bearing1_3,55,103.0,66.33597607968318,train_Bearing1_1_1_2_1_4_1_5_test_Bearing1_3
XJTU-SY-condition_1_35Hz12kN-rocket_regressor,rocket_regressor,1,Bearing1_3,56,102.0,107.34390943743776,train_Bearing1_1_1_2_1_4_1_5_test_Bearing1_3
XJTU-SY-condition_1_35Hz12kN-rocket_regressor,rocket_regressor,1,Bearing1_3,57,101.0,86.83216352584805,train_Bearing1_1_1_2_1_4_1_5_test_Bearing1_3
XJTU-SY-condition_1_35Hz12kN-rocket_regressor,rocket_regressor,1,Bearing1_3,58,100.0,76.14113271337663,train_Bearing1_1_1_2_1_4_1_5_test_Bearing1_3
XJTU-SY-condition_1_35Hz12kN-rocket_regressor,rocket_regressor,1,Bearing1_3,59,99.0,85.94414421181506,train_Bearing1_1_1_2_1_4_1_5_test_Bearing1_3
XJTU-SY-condition_1_35Hz12kN-rocket_regressor,rocket_regressor,1,Bearing1_3,60,98.0,75.67191480837931,train_Bearing1_1_1_2_1_4_1_5_test_Bearing1_3
XJTU-SY-condition_1_35Hz12kN-rocket_regressor,rocket_regressor,1,Bearing1_3,61,97.0,81.43740374197546,train_Bearing1_1_1_2_1_4_1_5_test_Bearing1_3
XJTU-SY-condition_1_35Hz12kN-rocket_regressor,rocket_regressor,1,Bearing1_3,62,96.0,56.84869470035176,train_Bearing1_1_1_2_1_4_1_5_test_Bearing1_3
XJTU-SY-condition_1_35Hz12kN-rocket_regressor,rocket_regressor,1,Bearing1_3,63,95.0,73.20330329080002,train_Bearing1_1_1_2_1_4_1_5_test_Bearing1_3
XJTU-SY-condition_1_35Hz12kN-rocket_regressor,rocket_regressor,1,Bearing1_3,64,94.0,80.82544885003972,train_Bearing1_1_1_2_1_4_1_5_test_Bearing1_3
XJTU-SY-condition_1_35Hz12kN-rocket_regressor,rocket_regressor,1,Bearing1_3,65,93.0,92.90592747896613,train_Bearing1_1_1_2_1_4_1_5_test_Bearing1_3
XJTU-SY-condition_1_35Hz12kN-rocket_regressor,rocket_regressor,1,Bearing1_3,66,92.0,56.437219406070284,train_Bearing1_1_1_2_1_4_1_5_test_Bearing1_3
XJTU-SY-condition_1_35Hz12kN-rocket_regressor,rocket_regressor,1,Bearing1_3,67,91.0,84.12781626731763,train_Bearing1_1_1_2_1_4_1_5_test_Bearing1_3
XJTU-SY-condition_1_35Hz12kN-rocket_regressor,rocket_regressor,1,Bearing1_3,68,90.0,72.50104527114078,train_Bearing1_1_1_2_1_4_1_5_test_Bearing1_3
XJTU-SY-condition_1_35Hz12kN-rocket_regressor,rocket_regressor,1,Bearing1_3,69,89.0,72.27490958197268,train_Bearing1_1_1_2_1_4_1_5_test_Bearing1_3
XJTU-SY-condition_1_35Hz12kN-rocket_regressor,rocket_regressor,1,Bearing1_3,70,88.0,75.97938496101165,train_Bearing1_1_1_2_1_4_1_5_test_Bearing1_3
XJTU-SY-condition_1_35Hz12kN-rocket_regressor,rocket_regressor,1,Bearing1_3,71,87.0,63.06948782058282,train_Bearing1_1_1_2_1_4_1_5_test_Bearing1_3
XJTU-SY-condition_1_35Hz12kN-rocket_regressor,rocket_regressor,1,Bearing1_3,72,86.0,52.53699334384541,train_Bearing1_1_1_2_1_4_1_5_test_Bearing1_3
XJTU-SY-condition_1_35Hz12kN-rocket_regressor,rocket_regressor,1,Bearing1_3,73,85.0,69.59941173578548,train_Bearing1_1_1_2_1_4_1_5_test_Bearing1_3
XJTU-SY-condition_1_35Hz12kN-rocket_regressor,rocket_regressor,1,Bearing1_3,74,84.0,60.32403501632024,train_Bearing1_1_1_2_1_4_1_5_test_Bearing1_3
XJTU-SY-condition_1_35Hz12kN-rocket_regressor,rocket_regressor,1,Bearing1_3,75,83.0,66.18871702407279,train_Bearing1_1_1_2_1_4_1_5_test_Bearing1_3
XJTU-SY-condition_1_35Hz12kN-rocket_regressor,rocket_regressor,1,Bearing1_3,76,82.0,52.878667771650754,train_Bearing1_1_1_2_1_4_1_5_test_Bearing1_3
XJTU-SY-condition_1_35Hz12kN-rocket_regressor,rocket_regressor,1,Bearing1_3,77,81.0,39.476313738883704,train_Bearing1_1_1_2_1_4_1_5_test_Bearing1_3
XJTU-SY-condition_1_35Hz12kN-rocket_regressor,rocket_regressor,1,Bearing1_3,78,80.0,53.826334583790214,train_Bearing1_1_1_2_1_4_1_5_test_Bearing1_3
XJTU-SY-condition_1_35Hz12kN-rocket_regressor,rocket_regressor,1,Bearing1_3,79,79.0,56.314608450214934,train_Bearing1_1_1_2_1_4_1_5_test_Bearing1_3
XJTU-SY-condition_1_35Hz12kN-rocket_regressor,rocket_regressor,1,Bearing1_3,80,78.0,54.12408306829195,train_Bearing1_1_1_2_1_4_1_5_test_Bearing1_3
XJTU-SY-condition_1_35Hz12kN-rocket_regressor,rocket_regressor,1,Bearing1_3,81,77.0,61.255838778125934,train_Bearing1_1_1_2_1_4_1_5_test_Bearing1_3
XJTU-SY-condition_1_35Hz12kN-rocket_regressor,rocket_regressor,1,Bearing1_3,82,76.0,45.85068802158645,train_Bearing1_1_1_2_1_4_1_5_test_Bearing1_3
XJTU-SY-condition_1_35Hz12kN-rocket_regressor,rocket_regressor,1,Bearing1_3,83,75.0,43.44413897617173,train_Bearing1_1_1_2_1_4_1_5_test_Bearing1_3
XJTU-SY-condition_1_35Hz12kN-rocket_regressor,rocket_regressor,1,Bearing1_3,84,74.0,31.305392790009705,train_Bearing1_1_1_2_1_4_1_5_test_Bearing1_3
XJTU-SY-condition_1_35Hz12kN-rocket_regressor,rocket_regressor,1,Bearing1_3,85,73.0,50.267147889128466,train_Bearing1_1_1_2_1_4_1_5_test_Bearing1_3
XJTU-SY-condition_1_35Hz12kN-rocket_regressor,rocket_regressor,1,Bearing1_3,86,72.0,53.769276405479246,train_Bearing1_1_1_2_1_4_1_5_test_Bearing1_3
XJTU-SY-condition_1_35Hz12kN-rocket_regressor,rocket_regressor,1,Bearing1_3,87,71.0,43.02666080556901,train_Bearing1_1_1_2_1_4_1_5_test_Bearing1_3
XJTU-SY-condition_1_35Hz12kN-rocket_regressor,rocket_regressor,1,Bearing1_3,88,70.0,46.47313902964737,train_Bearing1_1_1_2_1_4_1_5_test_Bearing1_3
XJTU-SY-condition_1_35Hz12kN-rocket_regressor,rocket_regressor,1,Bearing1_3,89,69.0,47.88891262333499,train_Bearing1_1_1_2_1_4_1_5_test_Bearing1_3
XJTU-SY-condition_1_35Hz12kN-rocket_regressor,rocket_regressor,1,Bearing1_3,90,68.0,63.07575262204165,train_Bearing1_1_1_2_1_4_1_5_test_Bearing1_3
XJTU-SY-condition_1_35Hz12kN-rocket_regressor,rocket_regressor,1,Bearing1_3,91,67.0,58.14828565410218,train_Bearing1_1_1_2_1_4_1_5_test_Bearing1_3
XJTU-SY-condition_1_35Hz12kN-rocket_regressor,rocket_regressor,1,Bearing1_3,92,66.0,49.61196266900248,train_Bearing1_1_1_2_1_4_1_5_test_Bearing1_3
XJTU-SY-condition_1_35Hz12kN-rocket_regressor,rocket_regressor,1,Bearing1_3,93,65.0,34.48546037675601,train_Bearing1_1_1_2_1_4_1_5_test_Bearing1_3
XJTU-SY-condition_1_35Hz12kN-rocket_regressor,rocket_regressor,1,Bearing1_3,94,64.0,39.60245809686336,train_Bearing1_1_1_2_1_4_1_5_test_Bearing1_3
XJTU-SY-condition_1_35Hz12kN-rocket_regressor,rocket_regressor,1,Bearing1_3,95,63.0,58.28896460084326,train_Bearing1_1_1_2_1_4_1_5_test_Bearing1_3
XJTU-SY-condition_1_35Hz12kN-rocket_regressor,rocket_regressor,1,Bearing1_3,96,62.0,46.85572010236791,train_Bearing1_1_1_2_1_4_1_5_test_Bearing1_3
XJTU-SY-condition_1_35Hz12kN-rocket_regressor,rocket_regressor,1,Bearing1_3,97,61.0,37.15682882039485,train_Bearing1_1_1_2_1_4_1_5_test_Bearing1_3
XJTU-SY-condition_1_35Hz12kN-rocket_regressor,rocket_regressor,1,Bearing1_3,98,60.0,56.773187856995804,train_Bearing1_1_1_2_1_4_1_5_test_Bearing1_3
XJTU-SY-condition_1_35Hz12kN-rocket_regressor,rocket_regressor,1,Bearing1_3,99,59.0,20.504462140972464,train_Bearing1_1_1_2_1_4_1_5_test_Bearing1_3
XJTU-SY-condition_1_35Hz12kN-rocket_regressor,rocket_regressor,1,Bearing1_3,100,58.0,32.13071683063632,train_Bearing1_1_1_2_1_4_1_5_test_Bearing1_3
XJTU-SY-condition_1_35Hz12kN-rocket_regressor,rocket_regressor,1,Bearing1_3,101,57.0,55.102554239135316,train_Bearing1_1_1_2_1_4_1_5_test_Bearing1_3
XJTU-SY-condition_1_35Hz12kN-rocket_regressor,rocket_regressor,1,Bearing1_3,102,56.0,52.38990441129252,train_Bearing1_1_1_2_1_4_1_5_test_Bearing1_3
XJTU-SY-condition_1_35Hz12kN-rocket_regressor,rocket_regressor,1,Bearing1_3,103,55.0,49.02415010455144,train_Bearing1_1_1_2_1_4_1_5_test_Bearing1_3
XJTU-SY-condition_1_35Hz12kN-rocket_regressor,rocket_regressor,1,Bearing1_3,104,54.0,48.016453878249024,train_Bearing1_1_1_2_1_4_1_5_test_Bearing1_3
XJTU-SY-condition_1_35Hz12kN-rocket_regressor,rocket_regressor,1,Bearing1_3,105,53.0,42.29872271967133,train_Bearing1_1_1_2_1_4_1_5_test_Bearing1_3
XJTU-SY-condition_1_35Hz12kN-rocket_regressor,rocket_regressor,1,Bearing1_3,106,52.0,57.4719994329254,train_Bearing1_1_1_2_1_4_1_5_test_Bearing1_3
XJTU-SY-condition_1_35Hz12kN-rocket_regressor,rocket_regressor,1,Bearing1_3,107,51.0,28.024281814529218,train_Bearing1_1_1_2_1_4_1_5_test_Bearing1_3
XJTU-SY-condition_1_35Hz12kN-rocket_regressor,rocket_regressor,1,Bearing1_3,108,50.0,59.79349966480919,train_Bearing1_1_1_2_1_4_1_5_test_Bearing1_3
XJTU-SY-condition_1_35Hz12kN-rocket_regressor,rocket_regressor,1,Bearing1_3,109,49.0,43.74066673218593,train_Bearing1_1_1_2_1_4_1_5_test_Bearing1_3
XJTU-SY-condition_1_35Hz12kN-rocket_regressor,rocket_regressor,1,Bearing1_3,110,48.0,66.04775453563548,train_Bearing1_1_1_2_1_4_1_5_test_Bearing1_3
XJTU-SY-condition_1_35Hz12kN-rocket_regressor,rocket_regressor,1,Bearing1_3,111,47.0,36.33903949608714,train_Bearing1_1_1_2_1_4_1_5_test_Bearing1_3
XJTU-SY-condition_1_35Hz12kN-rocket_regressor,rocket_regressor,1,Bearing1_3,112,46.0,36.06785348582929,train_Bearing1_1_1_2_1_4_1_5_test_Bearing1_3
XJTU-SY-condition_1_35Hz12kN-rocket_regressor,rocket_regressor,1,Bearing1_3,113,45.0,61.26844608741138,train_Bearing1_1_1_2_1_4_1_5_test_Bearing1_3
XJTU-SY-condition_1_35Hz12kN-rocket_regressor,rocket_regressor,1,Bearing1_3,114,44.0,47.842649895482964,train_Bearing1_1_1_2_1_4_1_5_test_Bearing1_3
XJTU-SY-condition_1_35Hz12kN-rocket_regressor,rocket_regressor,1,Bearing1_3,115,43.0,41.67956400506725,train_Bearing1_1_1_2_1_4_1_5_test_Bearing1_3
XJTU-SY-condition_1_35Hz12kN-rocket_regressor,rocket_regressor,1,Bearing1_3,116,42.0,41.75624197705412,train_Bearing1_1_1_2_1_4_1_5_test_Bearing1_3
XJTU-SY-condition_1_35Hz12kN-rocket_regressor,rocket_regressor,1,Bearing1_3,117,41.0,60.20345545451238,train_Bearing1_1_1_2_1_4_1_5_test_Bearing1_3
XJTU-SY-condition_1_35Hz12kN-rocket_regressor,rocket_regressor,1,Bearing1_3,118,40.0,58.71561791551102,train_Bearing1_1_1_2_1_4_1_5_test_Bearing1_3
XJTU-SY-condition_1_35Hz12kN-rocket_regressor,rocket_regressor,1,Bearing1_3,119,39.0,45.57757223414902,train_Bearing1_1_1_2_1_4_1_5_test_Bearing1_3
XJTU-SY-condition_1_35Hz12kN-rocket_regressor,rocket_regressor,1,Bearing1_3,120,38.0,69.33823810073159,train_Bearing1_1_1_2_1_4_1_5_test_Bearing1_3
XJTU-SY-condition_1_35Hz12kN-rocket_regressor,rocket_regressor,1,Bearing1_3,121,37.0,33.84398400858433,train_Bearing1_1_1_2_1_4_1_5_test_Bearing1_3
XJTU-SY-condition_1_35Hz12kN-rocket_regressor,rocket_regressor,1,Bearing1_3,122,36.0,49.93107704524812,train_Bearing1_1_1_2_1_4_1_5_test_Bearing1_3
XJTU-SY-condition_1_35Hz12kN-rocket_regressor,rocket_regressor,1,Bearing1_3,123,35.0,64.07297521626668,train_Bearing1_1_1_2_1_4_1_5_test_Bearing1_3
XJTU-SY-condition_1_35Hz12kN-rocket_regressor,rocket_regressor,1,Bearing1_3,124,34.0,49.42235309926207,train_Bearing1_1_1_2_1_4_1_5_test_Bearing1_3
XJTU-SY-condition_1_35Hz12kN-rocket_regressor,rocket_regressor,1,Bearing1_3,125,33.0,28.97948078522336,train_Bearing1_1_1_2_1_4_1_5_test_Bearing1_3
XJTU-SY-condition_1_35Hz12kN-rocket_regressor,rocket_regressor,1,Bearing1_3,126,32.0,65.03835055701785,train_Bearing1_1_1_2_1_4_1_5_test_Bearing1_3
XJTU-SY-condition_1_35Hz12kN-rocket_regressor,rocket_regressor,1,Bearing1_3,127,31.0,37.57063773725912,train_Bearing1_1_1_2_1_4_1_5_test_Bearing1_3
XJTU-SY-condition_1_35Hz12kN-rocket_regressor,rocket_regressor,1,Bearing1_3,128,30.0,54.944940716581016,train_Bearing1_1_1_2_1_4_1_5_test_Bearing1_3
XJTU-SY-condition_1_35Hz12kN-rocket_regressor,rocket_regressor,1,Bearing1_3,129,29.0,54.90302544574067,train_Bearing1_1_1_2_1_4_1_5_test_Bearing1_3
XJTU-SY-condition_1_35Hz12kN-rocket_regressor,rocket_regressor,1,Bearing1_3,130,28.0,35.08204902706069,train_Bearing1_1_1_2_1_4_1_5_test_Bearing1_3
XJTU-SY-condition_1_35Hz12kN-rocket_regressor,rocket_regressor,1,Bearing1_3,131,27.0,28.162266537658013,train_Bearing1_1_1_2_1_4_1_5_test_Bearing1_3
XJTU-SY-condition_1_35Hz12kN-rocket_regressor,rocket_regressor,1,Bearing1_3,132,26.0,56.324960363079356,train_Bearing1_1_1_2_1_4_1_5_test_Bearing1_3
XJTU-SY-condition_1_35Hz12kN-rocket_regressor,rocket_regressor,1,Bearing1_3,133,25.0,53.15830999076766,train_Bearing1_1_1_2_1_4_1_5_test_Bearing1_3
XJTU-SY-condition_1_35Hz12kN-rocket_regressor,rocket_regressor,1,Bearing1_3,134,24.0,48.36336719827682,train_Bearing1_1_1_2_1_4_1_5_test_Bearing1_3
XJTU-SY-condition_1_35Hz12kN-rocket_regressor,rocket_regressor,1,Bearing1_3,135,23.0,46.33919574195829,train_Bearing1_1_1_2_1_4_1_5_test_Bearing1_3
XJTU-SY-condition_1_35Hz12kN-rocket_regressor,rocket_regressor,1,Bearing1_3,136,22.0,57.18198161124553,train_Bearing1_1_1_2_1_4_1_5_test_Bearing1_3
XJTU-SY-condition_1_35Hz12kN-rocket_regressor,rocket_regressor,1,Bearing1_3,137,21.0,79.52427434004534,train_Bearing1_1_1_2_1_4_1_5_test_Bearing1_3
XJTU-SY-condition_1_35Hz12kN-rocket_regressor,rocket_regressor,1,Bearing1_3,138,20.0,55.00790538027218,train_Bearing1_1_1_2_1_4_1_5_test_Bearing1_3
XJTU-SY-condition_1_35Hz12kN-rocket_regressor,rocket_regressor,1,Bearing1_3,139,19.0,44.179238013182754,train_Bearing1_1_1_2_1_4_1_5_test_Bearing1_3
XJTU-SY-condition_1_35Hz12kN-rocket_regressor,rocket_regressor,1,Bearing1_3,140,18.0,67.30525342923431,train_Bearing1_1_1_2_1_4_1_5_test_Bearing1_3
XJTU-SY-condition_1_35Hz12kN-rocket_regressor,rocket_regressor,1,Bearing1_3,141,17.0,64.70665526416255,train_Bearing1_1_1_2_1_4_1_5_test_Bearing1_3
XJTU-SY-condition_1_35Hz12kN-rocket_regressor,rocket_regressor,1,Bearing1_3,142,16.0,46.14437977026117,train_Bearing1_1_1_2_1_4_1_5_test_Bearing1_3
XJTU-SY-condition_1_35Hz12kN-rocket_regressor,rocket_regressor,1,Bearing1_3,143,15.0,47.50748787893727,train_Bearing1_1_1_2_1_4_1_5_test_Bearing1_3
XJTU-SY-condition_1_35Hz12kN-rocket_regressor,rocket_regressor,1,Bearing1_3,144,14.0,42.88235897662645,train_Bearing1_1_1_2_1_4_1_5_test_Bearing1_3
XJTU-SY-condition_1_35Hz12kN-rocket_regressor,rocket_regressor,1,Bearing1_3,145,13.0,79.77972474988138,train_Bearing1_1_1_2_1_4_1_5_test_Bearing1_3
XJTU-SY-condition_1_35Hz12kN-rocket_regressor,rocket_regressor,1,Bearing1_3,146,12.0,44.25911345714158,train_Bearing1_1_1_2_1_4_1_5_test_Bearing1_3
XJTU-SY-condition_1_35Hz12kN-rocket_regressor,rocket_regressor,1,Bearing1_3,147,11.0,52.390103716233455,train_Bearing1_1_1_2_1_4_1_5_test_Bearing1_3
XJTU-SY-condition_1_35Hz12kN-rocket_regressor,rocket_regressor,1,Bearing1_3,148,10.0,67.770323853548,train_Bearing1_1_1_2_1_4_1_5_test_Bearing1_3
XJTU-SY-condition_1_35Hz12kN-rocket_regressor,rocket_regressor,1,Bearing1_3,149,9.0,60.386645191013656,train_Bearing1_1_1_2_1_4_1_5_test_Bearing1_3
XJTU-SY-condition_1_35Hz12kN-rocket_regressor,rocket_regressor,1,Bearing1_3,150,8.0,23.170132546251153,train_Bearing1_1_1_2_1_4_1_5_test_Bearing1_3
XJTU-SY-condition_1_35Hz12kN-rocket_regressor,rocket_regressor,1,Bearing1_3,151,7.0,14.887491969951043,train_Bearing1_1_1_2_1_4_1_5_test_Bearing1_3
XJTU-SY-condition_1_35Hz12kN-rocket_regressor,rocket_regressor,1,Bearing1_3,152,6.0,0.0,train_Bearing1_1_1_2_1_4_1_5_test_Bearing1_3
XJTU-SY-condition_1_35Hz12kN-rocket_regressor,rocket_regressor,1,Bearing1_3,153,5.0,11.378479636836715,train_Bearing1_1_1_2_1_4_1_5_test_Bearing1_3
XJTU-SY-condition_1_35Hz12kN-rocket_regressor,rocket_regressor,1,Bearing1_3,154,4.0,38.68402354122037,train_Bearing1_1_1_2_1_4_1_5_test_Bearing1_3
XJTU-SY-condition_1_35Hz12kN-rocket_regressor,rocket_regressor,1,Bearing1_3,155,3.0,51.84206816918655,train_Bearing1_1_1_2_1_4_1_5_test_Bearing1_3
XJTU-SY-condition_1_35Hz12kN-rocket_regressor,rocket_regressor,1,Bearing1_3,156,2.0,72.1770586319146,train_Bearing1_1_1_2_1_4_1_5_test_Bearing1_3
XJTU-SY-condition_1_35Hz12kN-rocket_regressor,rocket_regressor,1,Bearing1_3,157,1.0,64.64771856254794,train_Bearing1_1_1_2_1_4_1_5_test_Bearing1_3
XJTU-SY-condition_1_35Hz12kN-rocket_regressor,rocket_regressor,2,Bearing1_3,1,157.0,102.92596072366791,train_Bearing1_1_1_2_1_4_1_5_test_Bearing1_3
XJTU-SY-condition_1_35Hz12kN-rocket_regressor,rocket_regressor,2,Bearing1_3,2,156.0,59.643548430183756,train_Bearing1_1_1_2_1_4_1_5_test_Bearing1_3
XJTU-SY-condition_1_35Hz12kN-rocket_regressor,rocket_regressor,2,Bearing1_3,3,155.0,82.97419612990484,train_Bearing1_1_1_2_1_4_1_5_test_Bearing1_3
XJTU-SY-condition_1_35Hz12kN-rocket_regressor,rocket_regressor,2,Bearing1_3,4,154.0,71.2656693030113,train_Bearing1_1_1_2_1_4_1_5_test_Bearing1_3
XJTU-SY-condition_1_35Hz12kN-rocket_regressor,rocket_regressor,2,Bearing1_3,5,153.0,60.95104590339287,train_Bearing1_1_1_2_1_4_1_5_test_Bearing1_3
XJTU-SY-condition_1_35Hz12kN-rocket_regressor,rocket_regressor,2,Bearing1_3,6,152.0,75.73554055654435,train_Bearing1_1_1_2_1_4_1_5_test_Bearing1_3
XJTU-SY-condition_1_35Hz12kN-rocket_regressor,rocket_regressor,2,Bearing1_3,7,151.0,68.31512281692042,train_Bearing1_1_1_2_1_4_1_5_test_Bearing1_3
XJTU-SY-condition_1_35Hz12kN-rocket_regressor,rocket_regressor,2,Bearing1_3,8,150.0,72.76194368941185,train_Bearing1_1_1_2_1_4_1_5_test_Bearing1_3
XJTU-SY-condition_1_35Hz12kN-rocket_regressor,rocket_regressor,2,Bearing1_3,9,149.0,64.17310601267829,train_Bearing1_1_1_2_1_4_1_5_test_Bearing1_3
XJTU-SY-condition_1_35Hz12kN-rocket_regressor,rocket_regressor,2,Bearing1_3,10,148.0,80.86107982493778,train_Bearing1_1_1_2_1_4_1_5_test_Bearing1_3
XJTU-SY-condition_1_35Hz12kN-rocket_regressor,rocket_regressor,2,Bearing1_3,11,147.0,82.56307402164538,train_Bearing1_1_1_2_1_4_1_5_test_Bearing1_3
XJTU-SY-condition_1_35Hz12kN-rocket_regressor,rocket_regressor,2,Bearing1_3,12,146.0,73.99107730981339,train_Bearing1_1_1_2_1_4_1_5_test_Bearing1_3
XJTU-SY-condition_1_35Hz12kN-rocket_regressor,rocket_regressor,2,Bearing1_3,13,145.0,90.53182776433715,train_Bearing1_1_1_2_1_4_1_5_test_Bearing1_3
XJTU-SY-condition_1_35Hz12kN-rocket_regressor,rocket_regressor,2,Bearing1_3,14,144.0,74.85513291693704,train_Bearing1_1_1_2_1_4_1_5_test_Bearing1_3
XJTU-SY-condition_1_35Hz12kN-rocket_regressor,rocket_regressor,2,Bearing1_3,15,143.0,71.89574008861413,train_Bearing1_1_1_2_1_4_1_5_test_Bearing1_3
XJTU-SY-condition_1_35Hz12kN-rocket_regressor,rocket_regressor,2,Bearing1_3,16,142.0,66.33055258086216,train_Bearing1_1_1_2_1_4_1_5_test_Bearing1_3
XJTU-SY-condition_1_35Hz12kN-rocket_regressor,rocket_regressor,2,Bearing1_3,17,141.0,63.99394307468569,train_Bearing1_1_1_2_1_4_1_5_test_Bearing1_3
XJTU-SY-condition_1_35Hz12kN-rocket_regressor,rocket_regressor,2,Bearing1_3,18,140.0,45.78821315524567,train_Bearing1_1_1_2_1_4_1_5_test_Bearing1_3
XJTU-SY-condition_1_35Hz12kN-rocket_regressor,rocket_regressor,2,Bearing1_3,19,139.0,94.18728106240553,train_Bearing1_1_1_2_1_4_1_5_test_Bearing1_3
XJTU-SY-condition_1_35Hz12kN-rocket_regressor,rocket_regressor,2,Bearing1_3,20,138.0,82.4136436645714,train_Bearing1_1_1_2_1_4_1_5_test_Bearing1_3
XJTU-SY-condition_1_35Hz12kN-rocket_regressor,rocket_regressor,2,Bearing1_3,21,137.0,78.20875394768257,train_Bearing1_1_1_2_1_4_1_5_test_Bearing1_3
XJTU-SY-condition_1_35Hz12kN-rocket_regressor,rocket_regressor,2,Bearing1_3,22,136.0,65.5646522867849,train_Bearing1_1_1_2_1_4_1_5_test_Bearing1_3
XJTU-SY-condition_1_35Hz12kN-rocket_regressor,rocket_regressor,2,Bearing1_3,23,135.0,85.00390674474482,train_Bearing1_1_1_2_1_4_1_5_test_Bearing1_3
XJTU-SY-condition_1_35Hz12kN-rocket_regressor,rocket_regressor,2,Bearing1_3,24,134.0,80.23151619874344,train_Bearing1_1_1_2_1_4_1_5_test_Bearing1_3
XJTU-SY-condition_1_35Hz12kN-rocket_regressor,rocket_regressor,2,Bearing1_3,25,133.0,80.05236625063097,train_Bearing1_1_1_2_1_4_1_5_test_Bearing1_3
XJTU-SY-condition_1_35Hz12kN-rocket_regressor,rocket_regressor,2,Bearing1_3,26,132.0,72.5434241647065,train_Bearing1_1_1_2_1_4_1_5_test_Bearing1_3
XJTU-SY-condition_1_35Hz12kN-rocket_regressor,rocket_regressor,2,Bearing1_3,27,131.0,79.75140485080664,train_Bearing1_1_1_2_1_4_1_5_test_Bearing1_3
XJTU-SY-condition_1_35Hz12kN-rocket_regressor,rocket_regressor,2,Bearing1_3,28,130.0,79.13928091104773,train_Bearing1_1_1_2_1_4_1_5_test_Bearing1_3
XJTU-SY-condition_1_35Hz12kN-rocket_regressor,rocket_regressor,2,Bearing1_3,29,129.0,64.79009663376681,train_Bearing1_1_1_2_1_4_1_5_test_Bearing1_3
XJTU-SY-condition_1_35Hz12kN-rocket_regressor,rocket_regressor,2,Bearing1_3,30,128.0,94.77655155984922,train_Bearing1_1_1_2_1_4_1_5_test_Bearing1_3
XJTU-SY-condition_1_35Hz12kN-rocket_regressor,rocket_regressor,2,Bearing1_3,31,127.0,72.01282009261169,train_Bearing1_1_1_2_1_4_1_5_test_Bearing1_3
XJTU-SY-condition_1_35Hz12kN-rocket_regressor,rocket_regressor,2,Bearing1_3,32,126.0,83.7857945148132,train_Bearing1_1_1_2_1_4_1_5_test_Bearing1_3
XJTU-SY-condition_1_35Hz12kN-rocket_regressor,rocket_regressor,2,Bearing1_3,33,125.0,70.0924768815207,train_Bearing1_1_1_2_1_4_1_5_test_Bearing1_3
XJTU-SY-condition_1_35Hz12kN-rocket_regressor,rocket_regressor,2,Bearing1_3,34,124.0,61.051632655020114,train_Bearing1_1_1_2_1_4_1_5_test_Bearing1_3
XJTU-SY-condition_1_35Hz12kN-rocket_regressor,rocket_regressor,2,Bearing1_3,35,123.0,80.54040351276797,train_Bearing1_1_1_2_1_4_1_5_test_Bearing1_3
XJTU-SY-condition_1_35Hz12kN-rocket_regressor,rocket_regressor,2,Bearing1_3,36,122.0,107.27196758925123,train_Bearing1_1_1_2_1_4_1_5_test_Bearing1_3
XJTU-SY-condition_1_35Hz12kN-rocket_regressor,rocket_regressor,2,Bearing1_3,37,121.0,73.66031146203585,train_Bearing1_1_1_2_1_4_1_5_test_Bearing1_3
XJTU-SY-condition_1_35Hz12kN-rocket_regressor,rocket_regressor,2,Bearing1_3,38,120.0,80.42313245129606,train_Bearing1_1_1_2_1_4_1_5_test_Bearing1_3
XJTU-SY-condition_1_35Hz12kN-rocket_regressor,rocket_regressor,2,Bearing1_3,39,119.0,86.28944353788336,train_Bearing1_1_1_2_1_4_1_5_test_Bearing1_3
XJTU-SY-condition_1_35Hz12kN-rocket_regressor,rocket_regressor,2,Bearing1_3,40,118.0,62.12157967549541,train_Bearing1_1_1_2_1_4_1_5_test_Bearing1_3
XJTU-SY-condition_1_35Hz12kN-rocket_regressor,rocket_regressor,2,Bearing1_3,41,117.0,82.52180048083054,train_Bearing1_1_1_2_1_4_1_5_test_Bearing1_3
XJTU-SY-condition_1_35Hz12kN-rocket_regressor,rocket_regressor,2,Bearing1_3,42,116.0,70.22848799216587,train_Bearing1_1_1_2_1_4_1_5_test_Bearing1_3
XJTU-SY-condition_1_35Hz12kN-rocket_regressor,rocket_regressor,2,Bearing1_3,43,115.0,90.3757783204963,train_Bearing1_1_1_2_1_4_1_5_test_Bearing1_3
XJTU-SY-condition_1_35Hz12kN-rocket_regressor,rocket_regressor,2,Bearing1_3,44,114.0,80.35511233813796,train_Bearing1_1_1_2_1_4_1_5_test_Bearing1_3
XJTU-SY-condition_1_35Hz12kN-rocket_regressor,rocket_regressor,2,Bearing1_3,45,113.0,78.30800087745922,train_Bearing1_1_1_2_1_4_1_5_test_Bearing1_3
XJTU-SY-condition_1_35Hz12kN-rocket_regressor,rocket_regressor,2,Bearing1_3,46,112.0,81.04900692447399,train_Bearing1_1_1_2_1_4_1_5_test_Bearing1_3
XJTU-SY-condition_1_35Hz12kN-rocket_regressor,rocket_regressor,2,Bearing1_3,47,111.0,57.432320633049045,train_Bearing1_1_1_2_1_4_1_5_test_Bearing1_3
XJTU-SY-condition_1_35Hz12kN-rocket_regressor,rocket_regressor,2,Bearing1_3,48,110.0,95.7798375731775,train_Bearing1_1_1_2_1_4_1_5_test_Bearing1_3
XJTU-SY-condition_1_35Hz12kN-rocket_regressor,rocket_regressor,2,Bearing1_3,49,109.0,79.24248528403211,train_Bearing1_1_1_2_1_4_1_5_test_Bearing1_3
XJTU-SY-condition_1_35Hz12kN-rocket_regressor,rocket_regressor,2,Bearing1_3,50,108.0,66.240216504604,train_Bearing1_1_1_2_1_4_1_5_test_Bearing1_3
XJTU-SY-condition_1_35Hz12kN-rocket_regressor,rocket_regressor,2,Bearing1_3,51,107.0,59.08882693888151,train_Bearing1_1_1_2_1_4_1_5_test_Bearing1_3
XJTU-SY-condition_1_35Hz12kN-rocket_regressor,rocket_regressor,2,Bearing1_3,52,106.0,63.3129582301016,train_Bearing1_1_1_2_1_4_1_5_test_Bearing1_3
XJTU-SY-condition_1_35Hz12kN-rocket_regressor,rocket_regressor,2,Bearing1_3,53,105.0,101.56920283557884,train_Bearing1_1_1_2_1_4_1_5_test_Bearing1_3
XJTU-SY-condition_1_35Hz12kN-rocket_regressor,rocket_regressor,2,Bearing1_3,54,104.0,53.65217288514623,train_Bearing1_1_1_2_1_4_1_5_test_Bearing1_3
XJTU-SY-condition_1_35Hz12kN-rocket_regressor,rocket_regressor,2,Bearing1_3,55,103.0,98.08365689969719,train_Bearing1_1_1_2_1_4_1_5_test_Bearing1_3
XJTU-SY-condition_1_35Hz12kN-rocket_regressor,rocket_regressor,2,Bearing1_3,56,102.0,86.6674171609227,train_Bearing1_1_1_2_1_4_1_5_test_Bearing1_3
XJTU-SY-condition_1_35Hz12kN-rocket_regressor,rocket_regressor,2,Bearing1_3,57,101.0,73.20387062733028,train_Bearing1_1_1_2_1_4_1_5_test_Bearing1_3
XJTU-SY-condition_1_35Hz12kN-rocket_regressor,rocket_regressor,2,Bearing1_3,58,100.0,87.99446766544497,train_Bearing1_1_1_2_1_4_1_5_test_Bearing1_3
XJTU-SY-condition_1_35Hz12kN-rocket_regressor,rocket_regressor,2,Bearing1_3,59,99.0,94.51034415561736,train_Bearing1_1_1_2_1_4_1_5_test_Bearing1_3
XJTU-SY-condition_1_35Hz12kN-rocket_regressor,rocket_regressor,2,Bearing1_3,60,98.0,90.19784726532293,train_Bearing1_1_1_2_1_4_1_5_test_Bearing1_3
XJTU-SY-condition_1_35Hz12kN-rocket_regressor,rocket_regressor,2,Bearing1_3,61,97.0,60.55358570176898,train_Bearing1_1_1_2_1_4_1_5_test_Bearing1_3
XJTU-SY-condition_1_35Hz12kN-rocket_regressor,rocket_regressor,2,Bearing1_3,62,96.0,73.829149104684,train_Bearing1_1_1_2_1_4_1_5_test_Bearing1_3
XJTU-SY-condition_1_35Hz12kN-rocket_regressor,rocket_regressor,2,Bearing1_3,63,95.0,66.33326101811048,train_Bearing1_1_1_2_1_4_1_5_test_Bearing1_3
XJTU-SY-condition_1_35Hz12kN-rocket_regressor,rocket_regressor,2,Bearing1_3,64,94.0,81.275904127567,train_Bearing1_1_1_2_1_4_1_5_test_Bearing1_3
XJTU-SY-condition_1_35Hz12kN-rocket_regressor,rocket_regressor,2,Bearing1_3,65,93.0,75.36788669407807,train_Bearing1_1_1_2_1_4_1_5_test_Bearing1_3
XJTU-SY-condition_1_35Hz12kN-rocket_regressor,rocket_regressor,2,Bearing1_3,66,92.0,57.68913202004251,train_Bearing1_1_1_2_1_4_1_5_test_Bearing1_3
XJTU-SY-condition_1_35Hz12kN-rocket_regressor,rocket_regressor,2,Bearing1_3,67,91.0,66.1370811559404,train_Bearing1_1_1_2_1_4_1_5_test_Bearing1_3
XJTU-SY-condition_1_35Hz12kN-rocket_regressor,rocket_regressor,2,Bearing1_3,68,90.0,89.40724549015437,train_Bearing1_1_1_2_1_4_1_5_test_Bearing1_3
XJTU-SY-condition_1_35Hz12kN-rocket_regressor,rocket_regressor,2,Bearing1_3,69,89.0,76.16480328984835,train_Bearing1_1_1_2_1_4_1_5_test_Bearing1_3
XJTU-SY-condition_1_35Hz12kN-rocket_regressor,rocket_regressor,2,Bearing1_3,70,88.0,80.75322175845224,train_Bearing1_1_1_2_1_4_1_5_test_Bearing1_3
XJTU-SY-condition_1_35Hz12kN-rocket_regressor,rocket_regressor,2,Bearing1_3,71,87.0,79.02075191498852,train_Bearing1_1_1_2_1_4_1_5_test_Bearing1_3
XJTU-SY-condition_1_35Hz12kN-rocket_regressor,rocket_regressor,2,Bearing1_3,72,86.0,37.432683398131815,train_Bearing1_1_1_2_1_4_1_5_test_Bearing1_3
XJTU-SY-condition_1_35Hz12kN-rocket_regressor,rocket_regressor,2,Bearing1_3,73,85.0,62.966313915257984,train_Bearing1_1_1_2_1_4_1_5_test_Bearing1_3
XJTU-SY-condition_1_35Hz12kN-rocket_regressor,rocket_regressor,2,Bearing1_3,74,84.0,54.90754442450296,train_Bearing1_1_1_2_1_4_1_5_test_Bearing1_3
XJTU-SY-condition_1_35Hz12kN-rocket_regressor,rocket_regressor,2,Bearing1_3,75,83.0,60.364909500824666,train_Bearing1_1_1_2_1_4_1_5_test_Bearing1_3
XJTU-SY-condition_1_35Hz12kN-rocket_regressor,rocket_regressor,2,Bearing1_3,76,82.0,59.66547054244742,train_Bearing1_1_1_2_1_4_1_5_test_Bearing1_3
XJTU-SY-condition_1_35Hz12kN-rocket_regressor,rocket_regressor,2,Bearing1_3,77,81.0,38.187673137442914,train_Bearing1_1_1_2_1_4_1_5_test_Bearing1_3
XJTU-SY-condition_1_35Hz12kN-rocket_regressor,rocket_regressor,2,Bearing1_3,78,80.0,63.662566845959844,train_Bearing1_1_1_2_1_4_1_5_test_Bearing1_3
XJTU-SY-condition_1_35Hz12kN-rocket_regressor,rocket_regressor,2,Bearing1_3,79,79.0,65.10079660689013,train_Bearing1_1_1_2_1_4_1_5_test_Bearing1_3
XJTU-SY-condition_1_35Hz12kN-rocket_regressor,rocket_regressor,2,Bearing1_3,80,78.0,51.93808763306404,train_Bearing1_1_1_2_1_4_1_5_test_Bearing1_3
XJTU-SY-condition_1_35Hz12kN-rocket_regressor,rocket_regressor,2,Bearing1_3,81,77.0,57.34048622995775,train_Bearing1_1_1_2_1_4_1_5_test_Bearing1_3
XJTU-SY-condition_1_35Hz12kN-rocket_regressor,rocket_regressor,2,Bearing1_3,82,76.0,43.90959385921025,train_Bearing1_1_1_2_1_4_1_5_test_Bearing1_3
XJTU-SY-condition_1_35Hz12kN-rocket_regressor,rocket_regressor,2,Bearing1_3,83,75.0,56.301227391482286,train_Bearing1_1_1_2_1_4_1_5_test_Bearing1_3
XJTU-SY-condition_1_35Hz12kN-rocket_regressor,rocket_regressor,2,Bearing1_3,84,74.0,68.47625746578757,train_Bearing1_1_1_2_1_4_1_5_test_Bearing1_3
XJTU-SY-condition_1_35Hz12kN-rocket_regressor,rocket_regressor,2,Bearing1_3,85,73.0,48.72496978386269,train_Bearing1_1_1_2_1_4_1_5_test_Bearing1_3
XJTU-SY-condition_1_35Hz12kN-rocket_regressor,rocket_regressor,2,Bearing1_3,86,72.0,39.426613829775675,train_Bearing1_1_1_2_1_4_1_5_test_Bearing1_3
XJTU-SY-condition_1_35Hz12kN-rocket_regressor,rocket_regressor,2,Bearing1_3,87,71.0,27.176570211313475,train_Bearing1_1_1_2_1_4_1_5_test_Bearing1_3
XJTU-SY-condition_1_35Hz12kN-rocket_regressor,rocket_regressor,2,Bearing1_3,88,70.0,64.10472057613555,train_Bearing1_1_1_2_1_4_1_5_test_Bearing1_3
XJTU-SY-condition_1_35Hz12kN-rocket_regressor,rocket_regressor,2,Bearing1_3,89,69.0,63.39045447408063,train_Bearing1_1_1_2_1_4_1_5_test_Bearing1_3
XJTU-SY-condition_1_35Hz12kN-rocket_regressor,rocket_regressor,2,Bearing1_3,90,68.0,45.40617897197501,train_Bearing1_1_1_2_1_4_1_5_test_Bearing1_3
XJTU-SY-condition_1_35Hz12kN-rocket_regressor,rocket_regressor,2,Bearing1_3,91,67.0,57.402675964435616,train_Bearing1_1_1_2_1_4_1_5_test_Bearing1_3
XJTU-SY-condition_1_35Hz12kN-rocket_regressor,rocket_regressor,2,Bearing1_3,92,66.0,44.53153126741901,train_Bearing1_1_1_2_1_4_1_5_test_Bearing1_3
XJTU-SY-condition_1_35Hz12kN-rocket_regressor,rocket_regressor,2,Bearing1_3,93,65.0,39.603739979774616,train_Bearing1_1_1_2_1_4_1_5_test_Bearing1_3
XJTU-SY-condition_1_35Hz12kN-rocket_regressor,rocket_regressor,2,Bearing1_3,94,64.0,59.91427725681507,train_Bearing1_1_1_2_1_4_1_5_test_Bearing1_3
XJTU-SY-condition_1_35Hz12kN-rocket_regressor,rocket_regressor,2,Bearing1_3,95,63.0,59.10715616967468,train_Bearing1_1_1_2_1_4_1_5_test_Bearing1_3
XJTU-SY-condition_1_35Hz12kN-rocket_regressor,rocket_regressor,2,Bearing1_3,96,62.0,46.87579150488986,train_Bearing1_1_1_2_1_4_1_5_test_Bearing1_3
XJTU-SY-condition_1_35Hz12kN-rocket_regressor,rocket_regressor,2,Bearing1_3,97,61.0,51.297501549970974,train_Bearing1_1_1_2_1_4_1_5_test_Bearing1_3
XJTU-SY-condition_1_35Hz12kN-rocket_regressor,rocket_regressor,2,Bearing1_3,98,60.0,63.767610824865244,train_Bearing1_1_1_2_1_4_1_5_test_Bearing1_3
XJTU-SY-condition_1_35Hz12kN-rocket_regressor,rocket_regressor,2,Bearing1_3,99,59.0,35.398672557599866,train_Bearing1_1_1_2_1_4_1_5_test_Bearing1_3
XJTU-SY-condition_1_35Hz12kN-rocket_regressor,rocket_regressor,2,Bearing1_3,100,58.0,31.584148847737623,train_Bearing1_1_1_2_1_4_1_5_test_Bearing1_3
XJTU-SY-condition_1_35Hz12kN-rocket_regressor,rocket_regressor,2,Bearing1_3,101,57.0,57.66693760167544,train_Bearing1_1_1_2_1_4_1_5_test_Bearing1_3
XJTU-SY-condition_1_35Hz12kN-rocket_regressor,rocket_regressor,2,Bearing1_3,102,56.0,60.400381158145166,train_Bearing1_1_1_2_1_4_1_5_test_Bearing1_3
XJTU-SY-condition_1_35Hz12kN-rocket_regressor,rocket_regressor,2,Bearing1_3,103,55.0,53.19378357359284,train_Bearing1_1_1_2_1_4_1_5_test_Bearing1_3
XJTU-SY-condition_1_35Hz12kN-rocket_regressor,rocket_regressor,2,Bearing1_3,104,54.0,49.763504274122454,train_Bearing1_1_1_2_1_4_1_5_test_Bearing1_3
XJTU-SY-condition_1_35Hz12kN-rocket_regressor,rocket_regressor,2,Bearing1_3,105,53.0,50.92481384849907,train_Bearing1_1_1_2_1_4_1_5_test_Bearing1_3
XJTU-SY-condition_1_35Hz12kN-rocket_regressor,rocket_regressor,2,Bearing1_3,106,52.0,62.00197838005897,train_Bearing1_1_1_2_1_4_1_5_test_Bearing1_3
XJTU-SY-condition_1_35Hz12kN-rocket_regressor,rocket_regressor,2,Bearing1_3,107,51.0,41.58210953214666,train_Bearing1_1_1_2_1_4_1_5_test_Bearing1_3
XJTU-SY-condition_1_35Hz12kN-rocket_regressor,rocket_regressor,2,Bearing1_3,108,50.0,62.25983809037524,train_Bearing1_1_1_2_1_4_1_5_test_Bearing1_3
XJTU-SY-condition_1_35Hz12kN-rocket_regressor,rocket_regressor,2,Bearing1_3,109,49.0,51.76156631567926,train_Bearing1_1_1_2_1_4_1_5_test_Bearing1_3
XJTU-SY-condition_1_35Hz12kN-rocket_regressor,rocket_regressor,2,Bearing1_3,110,48.0,86.95156821796556,train_Bearing1_1_1_2_1_4_1_5_test_Bearing1_3
XJTU-SY-condition_1_35Hz12kN-rocket_regressor,rocket_regressor,2,Bearing1_3,111,47.0,67.17196970371288,train_Bearing1_1_1_2_1_4_1_5_test_Bearing1_3
XJTU-SY-condition_1_35Hz12kN-rocket_regressor,rocket_regressor,2,Bearing1_3,112,46.0,67.86151469459861,train_Bearing1_1_1_2_1_4_1_5_test_Bearing1_3
XJTU-SY-condition_1_35Hz12kN-rocket_regressor,rocket_regressor,2,Bearing1_3,113,45.0,88.53622762891916,train_Bearing1_1_1_2_1_4_1_5_test_Bearing1_3
XJTU-SY-condition_1_35Hz12kN-rocket_regressor,rocket_regressor,2,Bearing1_3,114,44.0,63.585223305879396,train_Bearing1_1_1_2_1_4_1_5_test_Bearing1_3
XJTU-SY-condition_1_35Hz12kN-rocket_regressor,rocket_regressor,2,Bearing1_3,115,43.0,73.90655329116527,train_Bearing1_1_1_2_1_4_1_5_test_Bearing1_3
XJTU-SY-condition_1_35Hz12kN-rocket_regressor,rocket_regressor,2,Bearing1_3,116,42.0,67.95180769951142,train_Bearing1_1_1_2_1_4_1_5_test_Bearing1_3
XJTU-SY-condition_1_35Hz12kN-rocket_regressor,rocket_regressor,2,Bearing1_3,117,41.0,80.43419314271546,train_Bearing1_1_1_2_1_4_1_5_test_Bearing1_3
XJTU-SY-condition_1_35Hz12kN-rocket_regressor,rocket_regressor,2,Bearing1_3,118,40.0,93.67804195271219,train_Bearing1_1_1_2_1_4_1_5_test_Bearing1_3
XJTU-SY-condition_1_35Hz12kN-rocket_regressor,rocket_regressor,2,Bearing1_3,119,39.0,76.69044132679107,train_Bearing1_1_1_2_1_4_1_5_test_Bearing1_3
XJTU-SY-condition_1_35Hz12kN-rocket_regressor,rocket_regressor,2,Bearing1_3,120,38.0,84.11608689781494,train_Bearing1_1_1_2_1_4_1_5_test_Bearing1_3
XJTU-SY-condition_1_35Hz12kN-rocket_regressor,rocket_regressor,2,Bearing1_3,121,37.0,41.96372091645554,train_Bearing1_1_1_2_1_4_1_5_test_Bearing1_3
XJTU-SY-condition_1_35Hz12kN-rocket_regressor,rocket_regressor,2,Bearing1_3,122,36.0,64.91072111485684,train_Bearing1_1_1_2_1_4_1_5_test_Bearing1_3
XJTU-SY-condition_1_35Hz12kN-rocket_regressor,rocket_regressor,2,Bearing1_3,123,35.0,67.863287900552,train_Bearing1_1_1_2_1_4_1_5_test_Bearing1_3
XJTU-SY-condition_1_35Hz12kN-rocket_regressor,rocket_regressor,2,Bearing1_3,124,34.0,83.82348263114034,train_Bearing1_1_1_2_1_4_1_5_test_Bearing1_3
XJTU-SY-condition_1_35Hz12kN-rocket_regressor,rocket_regressor,2,Bearing1_3,125,33.0,64.02181950532412,train_Bearing1_1_1_2_1_4_1_5_test_Bearing1_3
XJTU-SY-condition_1_35Hz12kN-rocket_regressor,rocket_regressor,2,Bearing1_3,126,32.0,69.94254310715485,train_Bearing1_1_1_2_1_4_1_5_test_Bearing1_3
XJTU-SY-condition_1_35Hz12kN-rocket_regressor,rocket_regressor,2,Bearing1_3,127,31.0,41.609095612227094,train_Bearing1_1_1_2_1_4_1_5_test_Bearing1_3
XJTU-SY-condition_1_35Hz12kN-rocket_regressor,rocket_regressor,2,Bearing1_3,128,30.0,56.73144421842346,train_Bearing1_1_1_2_1_4_1_5_test_Bearing1_3
XJTU-SY-condition_1_35Hz12kN-rocket_regressor,rocket_regressor,2,Bearing1_3,129,29.0,57.70092230696645,train_Bearing1_1_1_2_1_4_1_5_test_Bearing1_3
XJTU-SY-condition_1_35Hz12kN-rocket_regressor,rocket_regressor,2,Bearing1_3,130,28.0,50.17017940585387,train_Bearing1_1_1_2_1_4_1_5_test_Bearing1_3
XJTU-SY-condition_1_35Hz12kN-rocket_regressor,rocket_regressor,2,Bearing1_3,131,27.0,51.18924294588368,train_Bearing1_1_1_2_1_4_1_5_test_Bearing1_3
XJTU-SY-condition_1_35Hz12kN-rocket_regressor,rocket_regressor,2,Bearing1_3,132,26.0,49.395816628889406,train_Bearing1_1_1_2_1_4_1_5_test_Bearing1_3
XJTU-SY-condition_1_35Hz12kN-rocket_regressor,rocket_regressor,2,Bearing1_3,133,25.0,54.27193931757546,train_Bearing1_1_1_2_1_4_1_5_test_Bearing1_3
XJTU-SY-condition_1_35Hz12kN-rocket_regressor,rocket_regressor,2,Bearing1_3,134,24.0,65.61222443445976,train_Bearing1_1_1_2_1_4_1_5_test_Bearing1_3
XJTU-SY-condition_1_35Hz12kN-rocket_regressor,rocket_regressor,2,Bearing1_3,135,23.0,44.34768207547043,train_Bearing1_1_1_2_1_4_1_5_test_Bearing1_3
XJTU-SY-condition_1_35Hz12kN-rocket_regressor,rocket_regressor,2,Bearing1_3,136,22.0,69.84569947962268,train_Bearing1_1_1_2_1_4_1_5_test_Bearing1_3
XJTU-SY-condition_1_35Hz12kN-rocket_regressor,rocket_regressor,2,Bearing1_3,137,21.0,36.77909761079462,train_Bearing1_1_1_2_1_4_1_5_test_Bearing1_3
XJTU-SY-condition_1_35Hz12kN-rocket_regressor,rocket_regressor,2,Bearing1_3,138,20.0,43.20452682245411,train_Bearing1_1_1_2_1_4_1_5_test_Bearing1_3
XJTU-SY-condition_1_35Hz12kN-rocket_regressor,rocket_regressor,2,Bearing1_3,139,19.0,62.753993082108366,train_Bearing1_1_1_2_1_4_1_5_test_Bearing1_3
XJTU-SY-condition_1_35Hz12kN-rocket_regressor,rocket_regressor,2,Bearing1_3,140,18.0,53.06262978896223,train_Bearing1_1_1_2_1_4_1_5_test_Bearing1_3
XJTU-SY-condition_1_35Hz12kN-rocket_regressor,rocket_regressor,2,Bearing1_3,141,17.0,39.08231144644549,train_Bearing1_1_1_2_1_4_1_5_test_Bearing1_3
XJTU-SY-condition_1_35Hz12kN-rocket_regressor,rocket_regressor,2,Bearing1_3,142,16.0,61.76007131079484,train_Bearing1_1_1_2_1_4_1_5_test_Bearing1_3
XJTU-SY-condition_1_35Hz12kN-rocket_regressor,rocket_regressor,2,Bearing1_3,143,15.0,64.18890754445209,train_Bearing1_1_1_2_1_4_1_5_test_Bearing1_3
XJTU-SY-condition_1_35Hz12kN-rocket_regressor,rocket_regressor,2,Bearing1_3,144,14.0,74.25215756246234,train_Bearing1_1_1_2_1_4_1_5_test_Bearing1_3
XJTU-SY-condition_1_35Hz12kN-rocket_regressor,rocket_regressor,2,Bearing1_3,145,13.0,73.40649907967321,train_Bearing1_1_1_2_1_4_1_5_test_Bearing1_3
XJTU-SY-condition_1_35Hz12kN-rocket_regressor,rocket_regressor,2,Bearing1_3,146,12.0,55.38239847449995,train_Bearing1_1_1_2_1_4_1_5_test_Bearing1_3
XJTU-SY-condition_1_35Hz12kN-rocket_regressor,rocket_regressor,2,Bearing1_3,147,11.0,67.55646572223014,train_Bearing1_1_1_2_1_4_1_5_test_Bearing1_3
XJTU-SY-condition_1_35Hz12kN-rocket_regressor,rocket_regressor,2,Bearing1_3,148,10.0,63.02331855910734,train_Bearing1_1_1_2_1_4_1_5_test_Bearing1_3
XJTU-SY-condition_1_35Hz12kN-rocket_regressor,rocket_regressor,2,Bearing1_3,149,9.0,78.21686220407855,train_Bearing1_1_1_2_1_4_1_5_test_Bearing1_3
XJTU-SY-condition_1_35Hz12kN-rocket_regressor,rocket_regressor,2,Bearing1_3,150,8.0,2.8424846422434484,train_Bearing1_1_1_2_1_4_1_5_test_Bearing1_3
XJTU-SY-condition_1_35Hz12kN-rocket_regressor,rocket_regressor,2,Bearing1_3,151,7.0,6.582319364528814,train_Bearing1_1_1_2_1_4_1_5_test_Bearing1_3
XJTU-SY-condition_1_35Hz12kN-rocket_regressor,rocket_regressor,2,Bearing1_3,152,6.0,4.553088278694361,train_Bearing1_1_1_2_1_4_1_5_test_Bearing1_3
XJTU-SY-condition_1_35Hz12kN-rocket_regressor,rocket_regressor,2,Bearing1_3,153,5.0,18.550902776131807,train_Bearing1_1_1_2_1_4_1_5_test_Bearing1_3
XJTU-SY-condition_1_35Hz12kN-rocket_regressor,rocket_regressor,2,Bearing1_3,154,4.0,13.221684803791959,train_Bearing1_1_1_2_1_4_1_5_test_Bearing1_3
XJTU-SY-condition_1_35Hz12kN-rocket_regressor,rocket_regressor,2,Bearing1_3,155,3.0,25.822481707268594,train_Bearing1_1_1_2_1_4_1_5_test_Bearing1_3
XJTU-SY-condition_1_35Hz12kN-rocket_regressor,rocket_regressor,2,Bearing1_3,156,2.0,60.689557517589265,train_Bearing1_1_1_2_1_4_1_5_test_Bearing1_3
XJTU-SY-condition_1_35Hz12kN-rocket_regressor,rocket_regressor,2,Bearing1_3,157,1.0,38.84537874888784,train_Bearing1_1_1_2_1_4_1_5_test_Bearing1_3
XJTU-SY-condition_1_35Hz12kN-time_series_forest_regressor,time_series_forest_regressor,0,Bearing1_3,1,157.0,56.35,train_Bearing1_1_1_2_1_4_1_5_test_Bearing1_3
XJTU-SY-condition_1_35Hz12kN-time_series_forest_regressor,time_series_forest_regressor,0,Bearing1_3,2,156.0,58.95,train_Bearing1_1_1_2_1_4_1_5_test_Bearing1_3
XJTU-SY-condition_1_35Hz12kN-time_series_forest_regressor,time_series_forest_regressor,0,Bearing1_3,3,155.0,59.125,train_Bearing1_1_1_2_1_4_1_5_test_Bearing1_3
XJTU-SY-condition_1_35Hz12kN-time_series_forest_regressor,time_series_forest_regressor,0,Bearing1_3,4,154.0,70.55,train_Bearing1_1_1_2_1_4_1_5_test_Bearing1_3
XJTU-SY-condition_1_35Hz12kN-time_series_forest_regressor,time_series_forest_regressor,0,Bearing1_3,5,153.0,51.7,train_Bearing1_1_1_2_1_4_1_5_test_Bearing1_3
XJTU-SY-condition_1_35Hz12kN-time_series_forest_regressor,time_series_forest_regressor,0,Bearing1_3,6,152.0,64.4125,train_Bearing1_1_1_2_1_4_1_5_test_Bearing1_3
XJTU-SY-condition_1_35Hz12kN-time_series_forest_regressor,time_series_forest_regressor,0,Bearing1_3,7,151.0,58.325,train_Bearing1_1_1_2_1_4_1_5_test_Bearing1_3
XJTU-SY-condition_1_35Hz12kN-time_series_forest_regressor,time_series_forest_regressor,0,Bearing1_3,8,150.0,64.4875,train_Bearing1_1_1_2_1_4_1_5_test_Bearing1_3
XJTU-SY-condition_1_35Hz12kN-time_series_forest_regressor,time_series_forest_regressor,0,Bearing1_3,9,149.0,67.4625,train_Bearing1_1_1_2_1_4_1_5_test_Bearing1_3
XJTU-SY-condition_1_35Hz12kN-time_series_forest_regressor,time_series_forest_regressor,0,Bearing1_3,10,148.0,68.75,train_Bearing1_1_1_2_1_4_1_5_test_Bearing1_3
XJTU-SY-condition_1_35Hz12kN-time_series_forest_regressor,time_series_forest_regressor,0,Bearing1_3,11,147.0,56.275,train_Bearing1_1_1_2_1_4_1_5_test_Bearing1_3
XJTU-SY-condition_1_35Hz12kN-time_series_forest_regressor,time_series_forest_regressor,0,Bearing1_3,12,146.0,49.8,train_Bearing1_1_1_2_1_4_1_5_test_Bearing1_3
XJTU-SY-condition_1_35Hz12kN-time_series_forest_regressor,time_series_forest_regressor,0,Bearing1_3,13,145.0,60.6125,train_Bearing1_1_1_2_1_4_1_5_test_Bearing1_3
XJTU-SY-condition_1_35Hz12kN-time_series_forest_regressor,time_series_forest_regressor,0,Bearing1_3,14,144.0,60.65,train_Bearing1_1_1_2_1_4_1_5_test_Bearing1_3
XJTU-SY-condition_1_35Hz12kN-time_series_forest_regressor,time_series_forest_regressor,0,Bearing1_3,15,143.0,65.2375,train_Bearing1_1_1_2_1_4_1_5_test_Bearing1_3
XJTU-SY-condition_1_35Hz12kN-time_series_forest_regressor,time_series_forest_regressor,0,Bearing1_3,16,142.0,72.175,train_Bearing1_1_1_2_1_4_1_5_test_Bearing1_3
XJTU-SY-condition_1_35Hz12kN-time_series_forest_regressor,time_series_forest_regressor,0,Bearing1_3,17,141.0,54.725,train_Bearing1_1_1_2_1_4_1_5_test_Bearing1_3
XJTU-SY-condition_1_35Hz12kN-time_series_forest_regressor,time_series_forest_regressor,0,Bearing1_3,18,140.0,50.7375,train_Bearing1_1_1_2_1_4_1_5_test_Bearing1_3
XJTU-SY-condition_1_35Hz12kN-time_series_forest_regressor,time_series_forest_regressor,0,Bearing1_3,19,139.0,69.175,train_Bearing1_1_1_2_1_4_1_5_test_Bearing1_3
XJTU-SY-condition_1_35Hz12kN-time_series_forest_regressor,time_series_forest_regressor,0,Bearing1_3,20,138.0,48.9875,train_Bearing1_1_1_2_1_4_1_5_test_Bearing1_3
XJTU-SY-condition_1_35Hz12kN-time_series_forest_regressor,time_series_forest_regressor,0,Bearing1_3,21,137.0,50.475,train_Bearing1_1_1_2_1_4_1_5_test_Bearing1_3
XJTU-SY-condition_1_35Hz12kN-time_series_forest_regressor,time_series_forest_regressor,0,Bearing1_3,22,136.0,67.9125,train_Bearing1_1_1_2_1_4_1_5_test_Bearing1_3
XJTU-SY-condition_1_35Hz12kN-time_series_forest_regressor,time_series_forest_regressor,0,Bearing1_3,23,135.0,76.95,train_Bearing1_1_1_2_1_4_1_5_test_Bearing1_3
XJTU-SY-condition_1_35Hz12kN-time_series_forest_regressor,time_series_forest_regressor,0,Bearing1_3,24,134.0,58.0125,train_Bearing1_1_1_2_1_4_1_5_test_Bearing1_3
XJTU-SY-condition_1_35Hz12kN-time_series_forest_regressor,time_series_forest_regressor,0,Bearing1_3,25,133.0,67.6375,train_Bearing1_1_1_2_1_4_1_5_test_Bearing1_3
XJTU-SY-condition_1_35Hz12kN-time_series_forest_regressor,time_series_forest_regressor,0,Bearing1_3,26,132.0,60.0,train_Bearing1_1_1_2_1_4_1_5_test_Bearing1_3
XJTU-SY-condition_1_35Hz12kN-time_series_forest_regressor,time_series_forest_regressor,0,Bearing1_3,27,131.0,59.875,train_Bearing1_1_1_2_1_4_1_5_test_Bearing1_3
XJTU-SY-condition_1_35Hz12kN-time_series_forest_regressor,time_series_forest_regressor,0,Bearing1_3,28,130.0,65.6625,train_Bearing1_1_1_2_1_4_1_5_test_Bearing1_3
XJTU-SY-condition_1_35Hz12kN-time_series_forest_regressor,time_series_forest_regressor,0,Bearing1_3,29,129.0,62.15,train_Bearing1_1_1_2_1_4_1_5_test_Bearing1_3
XJTU-SY-condition_1_35Hz12kN-time_series_forest_regressor,time_series_forest_regressor,0,Bearing1_3,30,128.0,73.3625,train_Bearing1_1_1_2_1_4_1_5_test_Bearing1_3
XJTU-SY-condition_1_35Hz12kN-time_series_forest_regressor,time_series_forest_regressor,0,Bearing1_3,31,127.0,63.3375,train_Bearing1_1_1_2_1_4_1_5_test_Bearing1_3
XJTU-SY-condition_1_35Hz12kN-time_series_forest_regressor,time_series_forest_regressor,0,Bearing1_3,32,126.0,63.7625,train_Bearing1_1_1_2_1_4_1_5_test_Bearing1_3
XJTU-SY-condition_1_35Hz12kN-time_series_forest_regressor,time_series_forest_regressor,0,Bearing1_3,33,125.0,60.825,train_Bearing1_1_1_2_1_4_1_5_test_Bearing1_3
XJTU-SY-condition_1_35Hz12kN-time_series_forest_regressor,time_series_forest_regressor,0,Bearing1_3,34,124.0,80.8875,train_Bearing1_1_1_2_1_4_1_5_test_Bearing1_3
XJTU-SY-condition_1_35Hz12kN-time_series_forest_regressor,time_series_forest_regressor,0,Bearing1_3,35,123.0,63.1375,train_Bearing1_1_1_2_1_4_1_5_test_Bearing1_3
XJTU-SY-condition_1_35Hz12kN-time_series_forest_regressor,time_series_forest_regressor,0,Bearing1_3,36,122.0,64.35,train_Bearing1_1_1_2_1_4_1_5_test_Bearing1_3
XJTU-SY-condition_1_35Hz12kN-time_series_forest_regressor,time_series_forest_regressor,0,Bearing1_3,37,121.0,60.3,train_Bearing1_1_1_2_1_4_1_5_test_Bearing1_3
XJTU-SY-condition_1_35Hz12kN-time_series_forest_regressor,time_series_forest_regressor,0,Bearing1_3,38,120.0,59.5875,train_Bearing1_1_1_2_1_4_1_5_test_Bearing1_3
XJTU-SY-condition_1_35Hz12kN-time_series_forest_regressor,time_series_forest_regressor,0,Bearing1_3,39,119.0,65.8375,train_Bearing1_1_1_2_1_4_1_5_test_Bearing1_3
XJTU-SY-condition_1_35Hz12kN-time_series_forest_regressor,time_series_forest_regressor,0,Bearing1_3,40,118.0,62.725,train_Bearing1_1_1_2_1_4_1_5_test_Bearing1_3
XJTU-SY-condition_1_35Hz12kN-time_series_forest_regressor,time_series_forest_regressor,0,Bearing1_3,41,117.0,70.0625,train_Bearing1_1_1_2_1_4_1_5_test_Bearing1_3
XJTU-SY-condition_1_35Hz12kN-time_series_forest_regressor,time_series_forest_regressor,0,Bearing1_3,42,116.0,57.775,train_Bearing1_1_1_2_1_4_1_5_test_Bearing1_3
XJTU-SY-condition_1_35Hz12kN-time_series_forest_regressor,time_series_forest_regressor,0,Bearing1_3,43,115.0,79.7375,train_Bearing1_1_1_2_1_4_1_5_test_Bearing1_3
XJTU-SY-condition_1_35Hz12kN-time_series_forest_regressor,time_series_forest_regressor,0,Bearing1_3,44,114.0,68.475,train_Bearing1_1_1_2_1_4_1_5_test_Bearing1_3
XJTU-SY-condition_1_35Hz12kN-time_series_forest_regressor,time_series_forest_regressor,0,Bearing1_3,45,113.0,72.0375,train_Bearing1_1_1_2_1_4_1_5_test_Bearing1_3
XJTU-SY-condition_1_35Hz12kN-time_series_forest_regressor,time_series_forest_regressor,0,Bearing1_3,46,112.0,53.75,train_Bearing1_1_1_2_1_4_1_5_test_Bearing1_3
XJTU-SY-condition_1_35Hz12kN-time_series_forest_regressor,time_series_forest_regressor,0,Bearing1_3,47,111.0,59.9125,train_Bearing1_1_1_2_1_4_1_5_test_Bearing1_3
XJTU-SY-condition_1_35Hz12kN-time_series_forest_regressor,time_series_forest_regressor,0,Bearing1_3,48,110.0,70.975,train_Bearing1_1_1_2_1_4_1_5_test_Bearing1_3
XJTU-SY-condition_1_35Hz12kN-time_series_forest_regressor,time_series_forest_regressor,0,Bearing1_3,49,109.0,76.3875,train_Bearing1_1_1_2_1_4_1_5_test_Bearing1_3
XJTU-SY-condition_1_35Hz12kN-time_series_forest_regressor,time_series_forest_regressor,0,Bearing1_3,50,108.0,57.625,train_Bearing1_1_1_2_1_4_1_5_test_Bearing1_3
XJTU-SY-condition_1_35Hz12kN-time_series_forest_regressor,time_series_forest_regressor,0,Bearing1_3,51,107.0,70.925,train_Bearing1_1_1_2_1_4_1_5_test_Bearing1_3
XJTU-SY-condition_1_35Hz12kN-time_series_forest_regressor,time_series_forest_regressor,0,Bearing1_3,52,106.0,63.275,train_Bearing1_1_1_2_1_4_1_5_test_Bearing1_3
XJTU-SY-condition_1_35Hz12kN-time_series_forest_regressor,time_series_forest_regressor,0,Bearing1_3,53,105.0,74.3875,train_Bearing1_1_1_2_1_4_1_5_test_Bearing1_3
XJTU-SY-condition_1_35Hz12kN-time_series_forest_regressor,time_series_forest_regressor,0,Bearing1_3,54,104.0,62.0625,train_Bearing1_1_1_2_1_4_1_5_test_Bearing1_3
XJTU-SY-condition_1_35Hz12kN-time_series_forest_regressor,time_series_forest_regressor,0,Bearing1_3,55,103.0,57.85,train_Bearing1_1_1_2_1_4_1_5_test_Bearing1_3
XJTU-SY-condition_1_35Hz12kN-time_series_forest_regressor,time_series_forest_regressor,0,Bearing1_3,56,102.0,65.9375,train_Bearing1_1_1_2_1_4_1_5_test_Bearing1_3
XJTU-SY-condition_1_35Hz12kN-time_series_forest_regressor,time_series_forest_regressor,0,Bearing1_3,57,101.0,68.85,train_Bearing1_1_1_2_1_4_1_5_test_Bearing1_3
XJTU-SY-condition_1_35Hz12kN-time_series_forest_regressor,time_series_forest_regressor,0,Bearing1_3,58,100.0,68.45,train_Bearing1_1_1_2_1_4_1_5_test_Bearing1_3
XJTU-SY-condition_1_35Hz12kN-time_series_forest_regressor,time_series_forest_regressor,0,Bearing1_3,59,99.0,69.725,train_Bearing1_1_1_2_1_4_1_5_test_Bearing1_3
XJTU-SY-condition_1_35Hz12kN-time_series_forest_regressor,time_series_forest_regressor,0,Bearing1_3,60,98.0,60.0125,train_Bearing1_1_1_2_1_4_1_5_test_Bearing1_3
XJTU-SY-condition_1_35Hz12kN-time_series_forest_regressor,time_series_forest_regressor,0,Bearing1_3,61,97.0,65.4625,train_Bearing1_1_1_2_1_4_1_5_test_Bearing1_3
XJTU-SY-condition_1_35Hz12kN-time_series_forest_regressor,time_series_forest_regressor,0,Bearing1_3,62,96.0,55.375,train_Bearing1_1_1_2_1_4_1_5_test_Bearing1_3
XJTU-SY-condition_1_35Hz12kN-time_series_forest_regressor,time_series_forest_regressor,0,Bearing1_3,63,95.0,63.15,train_Bearing1_1_1_2_1_4_1_5_test_Bearing1_3
XJTU-SY-condition_1_35Hz12kN-time_series_forest_regressor,time_series_forest_regressor,0,Bearing1_3,64,94.0,61.6,train_Bearing1_1_1_2_1_4_1_5_test_Bearing1_3
XJTU-SY-condition_1_35Hz12kN-time_series_forest_regressor,time_series_forest_regressor,0,Bearing1_3,65,93.0,66.05,train_Bearing1_1_1_2_1_4_1_5_test_Bearing1_3
XJTU-SY-condition_1_35Hz12kN-time_series_forest_regressor,time_series_forest_regressor,0,Bearing1_3,66,92.0,57.075,train_Bearing1_1_1_2_1_4_1_5_test_Bearing1_3
XJTU-SY-condition_1_35Hz12kN-time_series_forest_regressor,time_series_forest_regressor,0,Bearing1_3,67,91.0,69.7,train_Bearing1_1_1_2_1_4_1_5_test_Bearing1_3
XJTU-SY-condition_1_35Hz12kN-time_series_forest_regressor,time_series_forest_regressor,0,Bearing1_3,68,90.0,58.5125,train_Bearing1_1_1_2_1_4_1_5_test_Bearing1_3
XJTU-SY-condition_1_35Hz12kN-time_series_forest_regressor,time_series_forest_regressor,0,Bearing1_3,69,89.0,63.425,train_Bearing1_1_1_2_1_4_1_5_test_Bearing1_3
XJTU-SY-condition_1_35Hz12kN-time_series_forest_regressor,time_series_forest_regressor,0,Bearing1_3,70,88.0,66.7375,train_Bearing1_1_1_2_1_4_1_5_test_Bearing1_3
XJTU-SY-condition_1_35Hz12kN-time_series_forest_regressor,time_series_forest_regressor,0,Bearing1_3,71,87.0,49.7625,train_Bearing1_1_1_2_1_4_1_5_test_Bearing1_3
XJTU-SY-condition_1_35Hz12kN-time_series_forest_regressor,time_series_forest_regressor,0,Bearing1_3,72,86.0,48.0,train_Bearing1_1_1_2_1_4_1_5_test_Bearing1_3
XJTU-SY-condition_1_35Hz12kN-time_series_forest_regressor,time_series_forest_regressor,0,Bearing1_3,73,85.0,68.6,train_Bearing1_1_1_2_1_4_1_5_test_Bearing1_3
XJTU-SY-condition_1_35Hz12kN-time_series_forest_regressor,time_series_forest_regressor,0,Bearing1_3,74,84.0,66.3875,train_Bearing1_1_1_2_1_4_1_5_test_Bearing1_3
XJTU-SY-condition_1_35Hz12kN-time_series_forest_regressor,time_series_forest_regressor,0,Bearing1_3,75,83.0,57.4125,train_Bearing1_1_1_2_1_4_1_5_test_Bearing1_3
XJTU-SY-condition_1_35Hz12kN-time_series_forest_regressor,time_series_forest_regressor,0,Bearing1_3,76,82.0,64.7625,train_Bearing1_1_1_2_1_4_1_5_test_Bearing1_3
XJTU-SY-condition_1_35Hz12kN-time_series_forest_regressor,time_series_forest_regressor,0,Bearing1_3,77,81.0,51.3875,train_Bearing1_1_1_2_1_4_1_5_test_Bearing1_3
XJTU-SY-condition_1_35Hz12kN-time_series_forest_regressor,time_series_forest_regressor,0,Bearing1_3,78,80.0,51.025,train_Bearing1_1_1_2_1_4_1_5_test_Bearing1_3
XJTU-SY-condition_1_35Hz12kN-time_series_forest_regressor,time_series_forest_regressor,0,Bearing1_3,79,79.0,58.125,train_Bearing1_1_1_2_1_4_1_5_test_Bearing1_3
XJTU-SY-condition_1_35Hz12kN-time_series_forest_regressor,time_series_forest_regressor,0,Bearing1_3,80,78.0,71.4875,train_Bearing1_1_1_2_1_4_1_5_test_Bearing1_3
XJTU-SY-condition_1_35Hz12kN-time_series_forest_regressor,time_series_forest_regressor,0,Bearing1_3,81,77.0,51.325,train_Bearing1_1_1_2_1_4_1_5_test_Bearing1_3
XJTU-SY-condition_1_35Hz12kN-time_series_forest_regressor,time_series_forest_regressor,0,Bearing1_3,82,76.0,59.15,train_Bearing1_1_1_2_1_4_1_5_test_Bearing1_3
XJTU-SY-condition_1_35Hz12kN-time_series_forest_regressor,time_series_forest_regressor,0,Bearing1_3,83,75.0,57.9375,train_Bearing1_1_1_2_1_4_1_5_test_Bearing1_3
XJTU-SY-condition_1_35Hz12kN-time_series_forest_regressor,time_series_forest_regressor,0,Bearing1_3,84,74.0,77.75,train_Bearing1_1_1_2_1_4_1_5_test_Bearing1_3
XJTU-SY-condition_1_35Hz12kN-time_series_forest_regressor,time_series_forest_regressor,0,Bearing1_3,85,73.0,53.975,train_Bearing1_1_1_2_1_4_1_5_test_Bearing1_3
XJTU-SY-condition_1_35Hz12kN-time_series_forest_regressor,time_series_forest_regressor,0,Bearing1_3,86,72.0,49.975,train_Bearing1_1_1_2_1_4_1_5_test_Bearing1_3
XJTU-SY-condition_1_35Hz12kN-time_series_forest_regressor,time_series_forest_regressor,0,Bearing1_3,87,71.0,54.3625,train_Bearing1_1_1_2_1_4_1_5_test_Bearing1_3
XJTU-SY-condition_1_35Hz12kN-time_series_forest_regressor,time_series_forest_regressor,0,Bearing1_3,88,70.0,67.575,train_Bearing1_1_1_2_1_4_1_5_test_Bearing1_3
XJTU-SY-condition_1_35Hz12kN-time_series_forest_regressor,time_series_forest_regressor,0,Bearing1_3,89,69.0,58.475,train_Bearing1_1_1_2_1_4_1_5_test_Bearing1_3
XJTU-SY-condition_1_35Hz12kN-time_series_forest_regressor,time_series_forest_regressor,0,Bearing1_3,90,68.0,54.7375,train_Bearing1_1_1_2_1_4_1_5_test_Bearing1_3
XJTU-SY-condition_1_35Hz12kN-time_series_forest_regressor,time_series_forest_regressor,0,Bearing1_3,91,67.0,59.275,train_Bearing1_1_1_2_1_4_1_5_test_Bearing1_3
XJTU-SY-condition_1_35Hz12kN-time_series_forest_regressor,time_series_forest_regressor,0,Bearing1_3,92,66.0,56.925,train_Bearing1_1_1_2_1_4_1_5_test_Bearing1_3
XJTU-SY-condition_1_35Hz12kN-time_series_forest_regressor,time_series_forest_regressor,0,Bearing1_3,93,65.0,67.825,train_Bearing1_1_1_2_1_4_1_5_test_Bearing1_3
XJTU-SY-condition_1_35Hz12kN-time_series_forest_regressor,time_series_forest_regressor,0,Bearing1_3,94,64.0,59.625,train_Bearing1_1_1_2_1_4_1_5_test_Bearing1_3
XJTU-SY-condition_1_35Hz12kN-time_series_forest_regressor,time_series_forest_regressor,0,Bearing1_3,95,63.0,56.025,train_Bearing1_1_1_2_1_4_1_5_test_Bearing1_3
XJTU-SY-condition_1_35Hz12kN-time_series_forest_regressor,time_series_forest_regressor,0,Bearing1_3,96,62.0,71.55,train_Bearing1_1_1_2_1_4_1_5_test_Bearing1_3
XJTU-SY-condition_1_35Hz12kN-time_series_forest_regressor,time_series_forest_regressor,0,Bearing1_3,97,61.0,68.7625,train_Bearing1_1_1_2_1_4_1_5_test_Bearing1_3
XJTU-SY-condition_1_35Hz12kN-time_series_forest_regressor,time_series_forest_regressor,0,Bearing1_3,98,60.0,71.4375,train_Bearing1_1_1_2_1_4_1_5_test_Bearing1_3
XJTU-SY-condition_1_35Hz12kN-time_series_forest_regressor,time_series_forest_regressor,0,Bearing1_3,99,59.0,67.0875,train_Bearing1_1_1_2_1_4_1_5_test_Bearing1_3
XJTU-SY-condition_1_35Hz12kN-time_series_forest_regressor,time_series_forest_regressor,0,Bearing1_3,100,58.0,57.1875,train_Bearing1_1_1_2_1_4_1_5_test_Bearing1_3
XJTU-SY-condition_1_35Hz12kN-time_series_forest_regressor,time_series_forest_regressor,0,Bearing1_3,101,57.0,57.4125,train_Bearing1_1_1_2_1_4_1_5_test_Bearing1_3
XJTU-SY-condition_1_35Hz12kN-time_series_forest_regressor,time_series_forest_regressor,0,Bearing1_3,102,56.0,72.7125,train_Bearing1_1_1_2_1_4_1_5_test_Bearing1_3
XJTU-SY-condition_1_35Hz12kN-time_series_forest_regressor,time_series_forest_regressor,0,Bearing1_3,103,55.0,65.35,train_Bearing1_1_1_2_1_4_1_5_test_Bearing1_3
XJTU-SY-condition_1_35Hz12kN-time_series_forest_regressor,time_series_forest_regressor,0,Bearing1_3,104,54.0,64.8375,train_Bearing1_1_1_2_1_4_1_5_test_Bearing1_3
XJTU-SY-condition_1_35Hz12kN-time_series_forest_regressor,time_series_forest_regressor,0,Bearing1_3,105,53.0,53.225,train_Bearing1_1_1_2_1_4_1_5_test_Bearing1_3
XJTU-SY-condition_1_35Hz12kN-time_series_forest_regressor,time_series_forest_regressor,0,Bearing1_3,106,52.0,69.8625,train_Bearing1_1_1_2_1_4_1_5_test_Bearing1_3
XJTU-SY-condition_1_35Hz12kN-time_series_forest_regressor,time_series_forest_regressor,0,Bearing1_3,107,51.0,52.6,train_Bearing1_1_1_2_1_4_1_5_test_Bearing1_3
XJTU-SY-condition_1_35Hz12kN-time_series_forest_regressor,time_series_forest_regressor,0,Bearing1_3,108,50.0,52.075,train_Bearing1_1_1_2_1_4_1_5_test_Bearing1_3
XJTU-SY-condition_1_35Hz12kN-time_series_forest_regressor,time_series_forest_regressor,0,Bearing1_3,109,49.0,45.1375,train_Bearing1_1_1_2_1_4_1_5_test_Bearing1_3
XJTU-SY-condition_1_35Hz12kN-time_series_forest_regressor,time_series_forest_regressor,0,Bearing1_3,110,48.0,68.8625,train_Bearing1_1_1_2_1_4_1_5_test_Bearing1_3
XJTU-SY-condition_1_35Hz12kN-time_series_forest_regressor,time_series_forest_regressor,0,Bearing1_3,111,47.0,63.4625,train_Bearing1_1_1_2_1_4_1_5_test_Bearing1_3
XJTU-SY-condition_1_35Hz12kN-time_series_forest_regressor,time_series_forest_regressor,0,Bearing1_3,112,46.0,55.25,train_Bearing1_1_1_2_1_4_1_5_test_Bearing1_3
XJTU-SY-condition_1_35Hz12kN-time_series_forest_regressor,time_series_forest_regressor,0,Bearing1_3,113,45.0,61.6,train_Bearing1_1_1_2_1_4_1_5_test_Bearing1_3
XJTU-SY-condition_1_35Hz12kN-time_series_forest_regressor,time_series_forest_regressor,0,Bearing1_3,114,44.0,64.5625,train_Bearing1_1_1_2_1_4_1_5_test_Bearing1_3
XJTU-SY-condition_1_35Hz12kN-time_series_forest_regressor,time_series_forest_regressor,0,Bearing1_3,115,43.0,51.85,train_Bearing1_1_1_2_1_4_1_5_test_Bearing1_3
XJTU-SY-condition_1_35Hz12kN-time_series_forest_regressor,time_series_forest_regressor,0,Bearing1_3,116,42.0,72.2375,train_Bearing1_1_1_2_1_4_1_5_test_Bearing1_3
XJTU-SY-condition_1_35Hz12kN-time_series_forest_regressor,time_series_forest_regressor,0,Bearing1_3,117,41.0,58.4125,train_Bearing1_1_1_2_1_4_1_5_test_Bearing1_3
XJTU-SY-condition_1_35Hz12kN-time_series_forest_regressor,time_series_forest_regressor,0,Bearing1_3,118,40.0,59.025,train_Bearing1_1_1_2_1_4_1_5_test_Bearing1_3
XJTU-SY-condition_1_35Hz12kN-time_series_forest_regressor,time_series_forest_regressor,0,Bearing1_3,119,39.0,63.55,train_Bearing1_1_1_2_1_4_1_5_test_Bearing1_3
XJTU-SY-condition_1_35Hz12kN-time_series_forest_regressor,time_series_forest_regressor,0,Bearing1_3,120,38.0,52.7125,train_Bearing1_1_1_2_1_4_1_5_test_Bearing1_3
XJTU-SY-condition_1_35Hz12kN-time_series_forest_regressor,time_series_forest_regressor,0,Bearing1_3,121,37.0,55.0,train_Bearing1_1_1_2_1_4_1_5_test_Bearing1_3
XJTU-SY-condition_1_35Hz12kN-time_series_forest_regressor,time_series_forest_regressor,0,Bearing1_3,122,36.0,45.8625,train_Bearing1_1_1_2_1_4_1_5_test_Bearing1_3
XJTU-SY-condition_1_35Hz12kN-time_series_forest_regressor,time_series_forest_regressor,0,Bearing1_3,123,35.0,80.45,train_Bearing1_1_1_2_1_4_1_5_test_Bearing1_3
XJTU-SY-condition_1_35Hz12kN-time_series_forest_regressor,time_series_forest_regressor,0,Bearing1_3,124,34.0,63.7625,train_Bearing1_1_1_2_1_4_1_5_test_Bearing1_3
XJTU-SY-condition_1_35Hz12kN-time_series_forest_regressor,time_series_forest_regressor,0,Bearing1_3,125,33.0,66.7,train_Bearing1_1_1_2_1_4_1_5_test_Bearing1_3
XJTU-SY-condition_1_35Hz12kN-time_series_forest_regressor,time_series_forest_regressor,0,Bearing1_3,126,32.0,58.875,train_Bearing1_1_1_2_1_4_1_5_test_Bearing1_3
XJTU-SY-condition_1_35Hz12kN-time_series_forest_regressor,time_series_forest_regressor,0,Bearing1_3,127,31.0,61.95,train_Bearing1_1_1_2_1_4_1_5_test_Bearing1_3
XJTU-SY-condition_1_35Hz12kN-time_series_forest_regressor,time_series_forest_regressor,0,Bearing1_3,128,30.0,60.85,train_Bearing1_1_1_2_1_4_1_5_test_Bearing1_3
XJTU-SY-condition_1_35Hz12kN-time_series_forest_regressor,time_series_forest_regressor,0,Bearing1_3,129,29.0,63.275,train_Bearing1_1_1_2_1_4_1_5_test_Bearing1_3
XJTU-SY-condition_1_35Hz12kN-time_series_forest_regressor,time_series_forest_regressor,0,Bearing1_3,130,28.0,57.8625,train_Bearing1_1_1_2_1_4_1_5_test_Bearing1_3
XJTU-SY-condition_1_35Hz12kN-time_series_forest_regressor,time_series_forest_regressor,0,Bearing1_3,131,27.0,61.6,train_Bearing1_1_1_2_1_4_1_5_test_Bearing1_3
XJTU-SY-condition_1_35Hz12kN-time_series_forest_regressor,time_series_forest_regressor,0,Bearing1_3,132,26.0,65.2,train_Bearing1_1_1_2_1_4_1_5_test_Bearing1_3
XJTU-SY-condition_1_35Hz12kN-time_series_forest_regressor,time_series_forest_regressor,0,Bearing1_3,133,25.0,61.6875,train_Bearing1_1_1_2_1_4_1_5_test_Bearing1_3
XJTU-SY-condition_1_35Hz12kN-time_series_forest_regressor,time_series_forest_regressor,0,Bearing1_3,134,24.0,63.5375,train_Bearing1_1_1_2_1_4_1_5_test_Bearing1_3
XJTU-SY-condition_1_35Hz12kN-time_series_forest_regressor,time_series_forest_regressor,0,Bearing1_3,135,23.0,64.4625,train_Bearing1_1_1_2_1_4_1_5_test_Bearing1_3
XJTU-SY-condition_1_35Hz12kN-time_series_forest_regressor,time_series_forest_regressor,0,Bearing1_3,136,22.0,68.1,train_Bearing1_1_1_2_1_4_1_5_test_Bearing1_3
XJTU-SY-condition_1_35Hz12kN-time_series_forest_regressor,time_series_forest_regressor,0,Bearing1_3,137,21.0,72.425,train_Bearing1_1_1_2_1_4_1_5_test_Bearing1_3
XJTU-SY-condition_1_35Hz12kN-time_series_forest_regressor,time_series_forest_regressor,0,Bearing1_3,138,20.0,74.9625,train_Bearing1_1_1_2_1_4_1_5_test_Bearing1_3
XJTU-SY-condition_1_35Hz12kN-time_series_forest_regressor,time_series_forest_regressor,0,Bearing1_3,139,19.0,63.175,train_Bearing1_1_1_2_1_4_1_5_test_Bearing1_3
XJTU-SY-condition_1_35Hz12kN-time_series_forest_regressor,time_series_forest_regressor,0,Bearing1_3,140,18.0,76.325,train_Bearing1_1_1_2_1_4_1_5_test_Bearing1_3
XJTU-SY-condition_1_35Hz12kN-time_series_forest_regressor,time_series_forest_regressor,0,Bearing1_3,141,17.0,60.6,train_Bearing1_1_1_2_1_4_1_5_test_Bearing1_3
XJTU-SY-condition_1_35Hz12kN-time_series_forest_regressor,time_series_forest_regressor,0,Bearing1_3,142,16.0,66.125,train_Bearing1_1_1_2_1_4_1_5_test_Bearing1_3
XJTU-SY-condition_1_35Hz12kN-time_series_forest_regressor,time_series_forest_regressor,0,Bearing1_3,143,15.0,68.25,train_Bearing1_1_1_2_1_4_1_5_test_Bearing1_3
XJTU-SY-condition_1_35Hz12kN-time_series_forest_regressor,time_series_forest_regressor,0,Bearing1_3,144,14.0,59.975,train_Bearing1_1_1_2_1_4_1_5_test_Bearing1_3
XJTU-SY-condition_1_35Hz12kN-time_series_forest_regressor,time_series_forest_regressor,0,Bearing1_3,145,13.0,83.9625,train_Bearing1_1_1_2_1_4_1_5_test_Bearing1_3
XJTU-SY-condition_1_35Hz12kN-time_series_forest_regressor,time_series_forest_regressor,0,Bearing1_3,146,12.0,51.25,train_Bearing1_1_1_2_1_4_1_5_test_Bearing1_3
XJTU-SY-condition_1_35Hz12kN-time_series_forest_regressor,time_series_forest_regressor,0,Bearing1_3,147,11.0,77.125,train_Bearing1_1_1_2_1_4_1_5_test_Bearing1_3
XJTU-SY-condition_1_35Hz12kN-time_series_forest_regressor,time_series_forest_regressor,0,Bearing1_3,148,10.0,76.2,train_Bearing1_1_1_2_1_4_1_5_test_Bearing1_3
XJTU-SY-condition_1_35Hz12kN-time_series_forest_regressor,time_series_forest_regressor,0,Bearing1_3,149,9.0,70.225,train_Bearing1_1_1_2_1_4_1_5_test_Bearing1_3
XJTU-SY-condition_1_35Hz12kN-time_series_forest_regressor,time_series_forest_regressor,0,Bearing1_3,150,8.0,63.8875,train_Bearing1_1_1_2_1_4_1_5_test_Bearing1_3
XJTU-SY-condition_1_35Hz12kN-time_series_forest_regressor,time_series_forest_regressor,0,Bearing1_3,151,7.0,61.15,train_Bearing1_1_1_2_1_4_1_5_test_Bearing1_3
XJTU-SY-condition_1_35Hz12kN-time_series_forest_regressor,time_series_forest_regressor,0,Bearing1_3,152,6.0,63.975,train_Bearing1_1_1_2_1_4_1_5_test_Bearing1_3
XJTU-SY-condition_1_35Hz12kN-time_series_forest_regressor,time_series_forest_regressor,0,Bearing1_3,153,5.0,61.975,train_Bearing1_1_1_2_1_4_1_5_test_Bearing1_3
XJTU-SY-condition_1_35Hz12kN-time_series_forest_regressor,time_series_forest_regressor,0,Bearing1_3,154,4.0,66.4,train_Bearing1_1_1_2_1_4_1_5_test_Bearing1_3
XJTU-SY-condition_1_35Hz12kN-time_series_forest_regressor,time_series_forest_regressor,0,Bearing1_3,155,3.0,50.325,train_Bearing1_1_1_2_1_4_1_5_test_Bearing1_3
XJTU-SY-condition_1_35Hz12kN-time_series_forest_regressor,time_series_forest_regressor,0,Bearing1_3,156,2.0,55.2875,train_Bearing1_1_1_2_1_4_1_5_test_Bearing1_3
XJTU-SY-condition_1_35Hz12kN-time_series_forest_regressor,time_series_forest_regressor,0,Bearing1_3,157,1.0,63.025,train_Bearing1_1_1_2_1_4_1_5_test_Bearing1_3
XJTU-SY-condition_1_35Hz12kN-time_series_forest_regressor,time_series_forest_regressor,1,Bearing1_3,1,157.0,54.5625,train_Bearing1_1_1_2_1_4_1_5_test_Bearing1_3
XJTU-SY-condition_1_35Hz12kN-time_series_forest_regressor,time_series_forest_regressor,1,Bearing1_3,2,156.0,64.2125,train_Bearing1_1_1_2_1_4_1_5_test_Bearing1_3
XJTU-SY-condition_1_35Hz12kN-time_series_forest_regressor,time_series_forest_regressor,1,Bearing1_3,3,155.0,57.75,train_Bearing1_1_1_2_1_4_1_5_test_Bearing1_3
XJTU-SY-condition_1_35Hz12kN-time_series_forest_regressor,time_series_forest_regressor,1,Bearing1_3,4,154.0,57.375,train_Bearing1_1_1_2_1_4_1_5_test_Bearing1_3
XJTU-SY-condition_1_35Hz12kN-time_series_forest_regressor,time_series_forest_regressor,1,Bearing1_3,5,153.0,56.0875,train_Bearing1_1_1_2_1_4_1_5_test_Bearing1_3
XJTU-SY-condition_1_35Hz12kN-time_series_forest_regressor,time_series_forest_regressor,1,Bearing1_3,6,152.0,64.4375,train_Bearing1_1_1_2_1_4_1_5_test_Bearing1_3
XJTU-SY-condition_1_35Hz12kN-time_series_forest_regressor,time_series_forest_regressor,1,Bearing1_3,7,151.0,63.4875,train_Bearing1_1_1_2_1_4_1_5_test_Bearing1_3
XJTU-SY-condition_1_35Hz12kN-time_series_forest_regressor,time_series_forest_regressor,1,Bearing1_3,8,150.0,55.1875,train_Bearing1_1_1_2_1_4_1_5_test_Bearing1_3
XJTU-SY-condition_1_35Hz12kN-time_series_forest_regressor,time_series_forest_regressor,1,Bearing1_3,9,149.0,73.1625,train_Bearing1_1_1_2_1_4_1_5_test_Bearing1_3
XJTU-SY-condition_1_35Hz12kN-time_series_forest_regressor,time_series_forest_regressor,1,Bearing1_3,10,148.0,69.7625,train_Bearing1_1_1_2_1_4_1_5_test_Bearing1_3
XJTU-SY-condition_1_35Hz12kN-time_series_forest_regressor,time_series_forest_regressor,1,Bearing1_3,11,147.0,59.3,train_Bearing1_1_1_2_1_4_1_5_test_Bearing1_3
XJTU-SY-condition_1_35Hz12kN-time_series_forest_regressor,time_series_forest_regressor,1,Bearing1_3,12,146.0,49.975,train_Bearing1_1_1_2_1_4_1_5_test_Bearing1_3
XJTU-SY-condition_1_35Hz12kN-time_series_forest_regressor,time_series_forest_regressor,1,Bearing1_3,13,145.0,61.5125,train_Bearing1_1_1_2_1_4_1_5_test_Bearing1_3
XJTU-SY-condition_1_35Hz12kN-time_series_forest_regressor,time_series_forest_regressor,1,Bearing1_3,14,144.0,63.125,train_Bearing1_1_1_2_1_4_1_5_test_Bearing1_3
XJTU-SY-condition_1_35Hz12kN-time_series_forest_regressor,time_series_forest_regressor,1,Bearing1_3,15,143.0,58.05,train_Bearing1_1_1_2_1_4_1_5_test_Bearing1_3
XJTU-SY-condition_1_35Hz12kN-time_series_forest_regressor,time_series_forest_regressor,1,Bearing1_3,16,142.0,76.675,train_Bearing1_1_1_2_1_4_1_5_test_Bearing1_3
XJTU-SY-condition_1_35Hz12kN-time_series_forest_regressor,time_series_forest_regressor,1,Bearing1_3,17,141.0,55.225,train_Bearing1_1_1_2_1_4_1_5_test_Bearing1_3
XJTU-SY-condition_1_35Hz12kN-time_series_forest_regressor,time_series_forest_regressor,1,Bearing1_3,18,140.0,53.125,train_Bearing1_1_1_2_1_4_1_5_test_Bearing1_3
XJTU-SY-condition_1_35Hz12kN-time_series_forest_regressor,time_series_forest_regressor,1,Bearing1_3,19,139.0,61.7,train_Bearing1_1_1_2_1_4_1_5_test_Bearing1_3
XJTU-SY-condition_1_35Hz12kN-time_series_forest_regressor,time_series_forest_regressor,1,Bearing1_3,20,138.0,47.2125,train_Bearing1_1_1_2_1_4_1_5_test_Bearing1_3
XJTU-SY-condition_1_35Hz12kN-time_series_forest_regressor,time_series_forest_regressor,1,Bearing1_3,21,137.0,60.1875,train_Bearing1_1_1_2_1_4_1_5_test_Bearing1_3
XJTU-SY-condition_1_35Hz12kN-time_series_forest_regressor,time_series_forest_regressor,1,Bearing1_3,22,136.0,72.65,train_Bearing1_1_1_2_1_4_1_5_test_Bearing1_3
XJTU-SY-condition_1_35Hz12kN-time_series_forest_regressor,time_series_forest_regressor,1,Bearing1_3,23,135.0,73.5875,train_Bearing1_1_1_2_1_4_1_5_test_Bearing1_3
XJTU-SY-condition_1_35Hz12kN-time_series_forest_regressor,time_series_forest_regressor,1,Bearing1_3,24,134.0,55.05,train_Bearing1_1_1_2_1_4_1_5_test_Bearing1_3
XJTU-SY-condition_1_35Hz12kN-time_series_forest_regressor,time_series_forest_regressor,1,Bearing1_3,25,133.0,64.7625,train_Bearing1_1_1_2_1_4_1_5_test_Bearing1_3
XJTU-SY-condition_1_35Hz12kN-time_series_forest_regressor,time_series_forest_regressor,1,Bearing1_3,26,132.0,62.7875,train_Bearing1_1_1_2_1_4_1_5_test_Bearing1_3
XJTU-SY-condition_1_35Hz12kN-time_series_forest_regressor,time_series_forest_regressor,1,Bearing1_3,27,131.0,54.075,train_Bearing1_1_1_2_1_4_1_5_test_Bearing1_3
XJTU-SY-condition_1_35Hz12kN-time_series_forest_regressor,time_series_forest_regressor,1,Bearing1_3,28,130.0,64.2125,train_Bearing1_1_1_2_1_4_1_5_test_Bearing1_3
XJTU-SY-condition_1_35Hz12kN-time_series_forest_regressor,time_series_forest_regressor,1,Bearing1_3,29,129.0,59.225,train_Bearing1_1_1_2_1_4_1_5_test_Bearing1_3
XJTU-SY-condition_1_35Hz12kN-time_series_forest_regressor,time_series_forest_regressor,1,Bearing1_3,30,128.0,68.4125,train_Bearing1_1_1_2_1_4_1_5_test_Bearing1_3
XJTU-SY-condition_1_35Hz12kN-time_series_forest_regressor,time_series_forest_regressor,1,Bearing1_3,31,127.0,69.825,train_Bearing1_1_1_2_1_4_1_5_test_Bearing1_3
XJTU-SY-condition_1_35Hz12kN-time_series_forest_regressor,time_series_forest_regressor,1,Bearing1_3,32,126.0,67.75,train_Bearing1_1_1_2_1_4_1_5_test_Bearing1_3
XJTU-SY-condition_1_35Hz12kN-time_series_forest_regressor,time_series_forest_regressor,1,Bearing1_3,33,125.0,66.5375,train_Bearing1_1_1_2_1_4_1_5_test_Bearing1_3
XJTU-SY-condition_1_35Hz12kN-time_series_forest_regressor,time_series_forest_regressor,1,Bearing1_3,34,124.0,68.0375,train_Bearing1_1_1_2_1_4_1_5_test_Bearing1_3
XJTU-SY-condition_1_35Hz12kN-time_series_forest_regressor,time_series_forest_regressor,1,Bearing1_3,35,123.0,62.825,train_Bearing1_1_1_2_1_4_1_5_test_Bearing1_3
XJTU-SY-condition_1_35Hz12kN-time_series_forest_regressor,time_series_forest_regressor,1,Bearing1_3,36,122.0,55.5,train_Bearing1_1_1_2_1_4_1_5_test_Bearing1_3
XJTU-SY-condition_1_35Hz12kN-time_series_forest_regressor,time_series_forest_regressor,1,Bearing1_3,37,121.0,53.8875,train_Bearing1_1_1_2_1_4_1_5_test_Bearing1_3
XJTU-SY-condition_1_35Hz12kN-time_series_forest_regressor,time_series_forest_regressor,1,Bearing1_3,38,120.0,54.9875,train_Bearing1_1_1_2_1_4_1_5_test_Bearing1_3
XJTU-SY-condition_1_35Hz12kN-time_series_forest_regressor,time_series_forest_regressor,1,Bearing1_3,39,119.0,61.0125,train_Bearing1_1_1_2_1_4_1_5_test_Bearing1_3
XJTU-SY-condition_1_35Hz12kN-time_series_forest_regressor,time_series_forest_regressor,1,Bearing1_3,40,118.0,56.6125,train_Bearing1_1_1_2_1_4_1_5_test_Bearing1_3
XJTU-SY-condition_1_35Hz12kN-time_series_forest_regressor,time_series_forest_regressor,1,Bearing1_3,41,117.0,62.275,train_Bearing1_1_1_2_1_4_1_5_test_Bearing1_3
XJTU-SY-condition_1_35Hz12kN-time_series_forest_regressor,time_series_forest_regressor,1,Bearing1_3,42,116.0,63.175,train_Bearing1_1_1_2_1_4_1_5_test_Bearing1_3
XJTU-SY-condition_1_35Hz12kN-time_series_forest_regressor,time_series_forest_regressor,1,Bearing1_3,43,115.0,76.6375,train_Bearing1_1_1_2_1_4_1_5_test_Bearing1_3
XJTU-SY-condition_1_35Hz12kN-time_series_forest_regressor,time_series_forest_regressor,1,Bearing1_3,44,114.0,70.0875,train_Bearing1_1_1_2_1_4_1_5_test_Bearing1_3
XJTU-SY-condition_1_35Hz12kN-time_series_forest_regressor,time_series_forest_regressor,1,Bearing1_3,45,113.0,81.85,train_Bearing1_1_1_2_1_4_1_5_test_Bearing1_3
XJTU-SY-condition_1_35Hz12kN-time_series_forest_regressor,time_series_forest_regressor,1,Bearing1_3,46,112.0,53.15,train_Bearing1_1_1_2_1_4_1_5_test_Bearing1_3
XJTU-SY-condition_1_35Hz12kN-time_series_forest_regressor,time_series_forest_regressor,1,Bearing1_3,47,111.0,62.8875,train_Bearing1_1_1_2_1_4_1_5_test_Bearing1_3
XJTU-SY-condition_1_35Hz12kN-time_series_forest_regressor,time_series_forest_regressor,1,Bearing1_3,48,110.0,77.675,train_Bearing1_1_1_2_1_4_1_5_test_Bearing1_3
XJTU-SY-condition_1_35Hz12kN-time_series_forest_regressor,time_series_forest_regressor,1,Bearing1_3,49,109.0,64.425,train_Bearing1_1_1_2_1_4_1_5_test_Bearing1_3
XJTU-SY-condition_1_35Hz12kN-time_series_forest_regressor,time_series_forest_regressor,1,Bearing1_3,50,108.0,65.325,train_Bearing1_1_1_2_1_4_1_5_test_Bearing1_3
XJTU-SY-condition_1_35Hz12kN-time_series_forest_regressor,time_series_forest_regressor,1,Bearing1_3,51,107.0,67.5,train_Bearing1_1_1_2_1_4_1_5_test_Bearing1_3
XJTU-SY-condition_1_35Hz12kN-time_series_forest_regressor,time_series_forest_regressor,1,Bearing1_3,52,106.0,51.0375,train_Bearing1_1_1_2_1_4_1_5_test_Bearing1_3
XJTU-SY-condition_1_35Hz12kN-time_series_forest_regressor,time_series_forest_regressor,1,Bearing1_3,53,105.0,64.575,train_Bearing1_1_1_2_1_4_1_5_test_Bearing1_3
XJTU-SY-condition_1_35Hz12kN-time_series_forest_regressor,time_series_forest_regressor,1,Bearing1_3,54,104.0,56.425,train_Bearing1_1_1_2_1_4_1_5_test_Bearing1_3
XJTU-SY-condition_1_35Hz12kN-time_series_forest_regressor,time_series_forest_regressor,1,Bearing1_3,55,103.0,53.175,train_Bearing1_1_1_2_1_4_1_5_test_Bearing1_3
XJTU-SY-condition_1_35Hz12kN-time_series_forest_regressor,time_series_forest_regressor,1,Bearing1_3,56,102.0,56.15,train_Bearing1_1_1_2_1_4_1_5_test_Bearing1_3
XJTU-SY-condition_1_35Hz12kN-time_series_forest_regressor,time_series_forest_regressor,1,Bearing1_3,57,101.0,69.5875,train_Bearing1_1_1_2_1_4_1_5_test_Bearing1_3
XJTU-SY-condition_1_35Hz12kN-time_series_forest_regressor,time_series_forest_regressor,1,Bearing1_3,58,100.0,56.5125,train_Bearing1_1_1_2_1_4_1_5_test_Bearing1_3
XJTU-SY-condition_1_35Hz12kN-time_series_forest_regressor,time_series_forest_regressor,1,Bearing1_3,59,99.0,70.825,train_Bearing1_1_1_2_1_4_1_5_test_Bearing1_3
XJTU-SY-condition_1_35Hz12kN-time_series_forest_regressor,time_series_forest_regressor,1,Bearing1_3,60,98.0,58.9625,train_Bearing1_1_1_2_1_4_1_5_test_Bearing1_3
XJTU-SY-condition_1_35Hz12kN-time_series_forest_regressor,time_series_forest_regressor,1,Bearing1_3,61,97.0,66.1,train_Bearing1_1_1_2_1_4_1_5_test_Bearing1_3
XJTU-SY-condition_1_35Hz12kN-time_series_forest_regressor,time_series_forest_regressor,1,Bearing1_3,62,96.0,68.375,train_Bearing1_1_1_2_1_4_1_5_test_Bearing1_3
XJTU-SY-condition_1_35Hz12kN-time_series_forest_regressor,time_series_forest_regressor,1,Bearing1_3,63,95.0,66.3625,train_Bearing1_1_1_2_1_4_1_5_test_Bearing1_3
XJTU-SY-condition_1_35Hz12kN-time_series_forest_regressor,time_series_forest_regressor,1,Bearing1_3,64,94.0,69.9125,train_Bearing1_1_1_2_1_4_1_5_test_Bearing1_3
XJTU-SY-condition_1_35Hz12kN-time_series_forest_regressor,time_series_forest_regressor,1,Bearing1_3,65,93.0,61.2375,train_Bearing1_1_1_2_1_4_1_5_test_Bearing1_3
XJTU-SY-condition_1_35Hz12kN-time_series_forest_regressor,time_series_forest_regressor,1,Bearing1_3,66,92.0,62.65,train_Bearing1_1_1_2_1_4_1_5_test_Bearing1_3
XJTU-SY-condition_1_35Hz12kN-time_series_forest_regressor,time_series_forest_regressor,1,Bearing1_3,67,91.0,68.0875,train_Bearing1_1_1_2_1_4_1_5_test_Bearing1_3
XJTU-SY-condition_1_35Hz12kN-time_series_forest_regressor,time_series_forest_regressor,1,Bearing1_3,68,90.0,53.6125,train_Bearing1_1_1_2_1_4_1_5_test_Bearing1_3
XJTU-SY-condition_1_35Hz12kN-time_series_forest_regressor,time_series_forest_regressor,1,Bearing1_3,69,89.0,68.575,train_Bearing1_1_1_2_1_4_1_5_test_Bearing1_3
XJTU-SY-condition_1_35Hz12kN-time_series_forest_regressor,time_series_forest_regressor,1,Bearing1_3,70,88.0,61.9875,train_Bearing1_1_1_2_1_4_1_5_test_Bearing1_3
XJTU-SY-condition_1_35Hz12kN-time_series_forest_regressor,time_series_forest_regressor,1,Bearing1_3,71,87.0,46.15,train_Bearing1_1_1_2_1_4_1_5_test_Bearing1_3
XJTU-SY-condition_1_35Hz12kN-time_series_forest_regressor,time_series_forest_regressor,1,Bearing1_3,72,86.0,45.8,train_Bearing1_1_1_2_1_4_1_5_test_Bearing1_3
XJTU-SY-condition_1_35Hz12kN-time_series_forest_regressor,time_series_forest_regressor,1,Bearing1_3,73,85.0,68.45,train_Bearing1_1_1_2_1_4_1_5_test_Bearing1_3
XJTU-SY-condition_1_35Hz12kN-time_series_forest_regressor,time_series_forest_regressor,1,Bearing1_3,74,84.0,56.8625,train_Bearing1_1_1_2_1_4_1_5_test_Bearing1_3
XJTU-SY-condition_1_35Hz12kN-time_series_forest_regressor,time_series_forest_regressor,1,Bearing1_3,75,83.0,61.9125,train_Bearing1_1_1_2_1_4_1_5_test_Bearing1_3
XJTU-SY-condition_1_35Hz12kN-time_series_forest_regressor,time_series_forest_regressor,1,Bearing1_3,76,82.0,67.8625,train_Bearing1_1_1_2_1_4_1_5_test_Bearing1_3
XJTU-SY-condition_1_35Hz12kN-time_series_forest_regressor,time_series_forest_regressor,1,Bearing1_3,77,81.0,53.4375,train_Bearing1_1_1_2_1_4_1_5_test_Bearing1_3
XJTU-SY-condition_1_35Hz12kN-time_series_forest_regressor,time_series_forest_regressor,1,Bearing1_3,78,80.0,52.1125,train_Bearing1_1_1_2_1_4_1_5_test_Bearing1_3
XJTU-SY-condition_1_35Hz12kN-time_series_forest_regressor,time_series_forest_regressor,1,Bearing1_3,79,79.0,76.4875,train_Bearing1_1_1_2_1_4_1_5_test_Bearing1_3
XJTU-SY-condition_1_35Hz12kN-time_series_forest_regressor,time_series_forest_regressor,1,Bearing1_3,80,78.0,70.4375,train_Bearing1_1_1_2_1_4_1_5_test_Bearing1_3
XJTU-SY-condition_1_35Hz12kN-time_series_forest_regressor,time_series_forest_regressor,1,Bearing1_3,81,77.0,60.3375,train_Bearing1_1_1_2_1_4_1_5_test_Bearing1_3
XJTU-SY-condition_1_35Hz12kN-time_series_forest_regressor,time_series_forest_regressor,1,Bearing1_3,82,76.0,56.25,train_Bearing1_1_1_2_1_4_1_5_test_Bearing1_3
XJTU-SY-condition_1_35Hz12kN-time_series_forest_regressor,time_series_forest_regressor,1,Bearing1_3,83,75.0,57.2625,train_Bearing1_1_1_2_1_4_1_5_test_Bearing1_3
XJTU-SY-condition_1_35Hz12kN-time_series_forest_regressor,time_series_forest_regressor,1,Bearing1_3,84,74.0,73.7375,train_Bearing1_1_1_2_1_4_1_5_test_Bearing1_3
XJTU-SY-condition_1_35Hz12kN-time_series_forest_regressor,time_series_forest_regressor,1,Bearing1_3,85,73.0,50.725,train_Bearing1_1_1_2_1_4_1_5_test_Bearing1_3
XJTU-SY-condition_1_35Hz12kN-time_series_forest_regressor,time_series_forest_regressor,1,Bearing1_3,86,72.0,49.725,train_Bearing1_1_1_2_1_4_1_5_test_Bearing1_3
XJTU-SY-condition_1_35Hz12kN-time_series_forest_regressor,time_series_forest_regressor,1,Bearing1_3,87,71.0,59.4875,train_Bearing1_1_1_2_1_4_1_5_test_Bearing1_3
XJTU-SY-condition_1_35Hz12kN-time_series_forest_regressor,time_series_forest_regressor,1,Bearing1_3,88,70.0,62.925,train_Bearing1_1_1_2_1_4_1_5_test_Bearing1_3
XJTU-SY-condition_1_35Hz12kN-time_series_forest_regressor,time_series_forest_regressor,1,Bearing1_3,89,69.0,59.85,train_Bearing1_1_1_2_1_4_1_5_test_Bearing1_3
XJTU-SY-condition_1_35Hz12kN-time_series_forest_regressor,time_series_forest_regressor,1,Bearing1_3,90,68.0,51.625,train_Bearing1_1_1_2_1_4_1_5_test_Bearing1_3
XJTU-SY-condition_1_35Hz12kN-time_series_forest_regressor,time_series_forest_regressor,1,Bearing1_3,91,67.0,67.2,train_Bearing1_1_1_2_1_4_1_5_test_Bearing1_3
XJTU-SY-condition_1_35Hz12kN-time_series_forest_regressor,time_series_forest_regressor,1,Bearing1_3,92,66.0,61.7625,train_Bearing1_1_1_2_1_4_1_5_test_Bearing1_3
XJTU-SY-condition_1_35Hz12kN-time_series_forest_regressor,time_series_forest_regressor,1,Bearing1_3,93,65.0,65.25,train_Bearing1_1_1_2_1_4_1_5_test_Bearing1_3
XJTU-SY-condition_1_35Hz12kN-time_series_forest_regressor,time_series_forest_regressor,1,Bearing1_3,94,64.0,59.125,train_Bearing1_1_1_2_1_4_1_5_test_Bearing1_3
XJTU-SY-condition_1_35Hz12kN-time_series_forest_regressor,time_series_forest_regressor,1,Bearing1_3,95,63.0,62.4125,train_Bearing1_1_1_2_1_4_1_5_test_Bearing1_3
XJTU-SY-condition_1_35Hz12kN-time_series_forest_regressor,time_series_forest_regressor,1,Bearing1_3,96,62.0,60.525,train_Bearing1_1_1_2_1_4_1_5_test_Bearing1_3
XJTU-SY-condition_1_35Hz12kN-time_series_forest_regressor,time_series_forest_regressor,1,Bearing1_3,97,61.0,72.9,train_Bearing1_1_1_2_1_4_1_5_test_Bearing1_3
XJTU-SY-condition_1_35Hz12kN-time_series_forest_regressor,time_series_forest_regressor,1,Bearing1_3,98,60.0,75.1,train_Bearing1_1_1_2_1_4_1_5_test_Bearing1_3
XJTU-SY-condition_1_35Hz12kN-time_series_forest_regressor,time_series_forest_regressor,1,Bearing1_3,99,59.0,66.75,train_Bearing1_1_1_2_1_4_1_5_test_Bearing1_3
XJTU-SY-condition_1_35Hz12kN-time_series_forest_regressor,time_series_forest_regressor,1,Bearing1_3,100,58.0,59.1125,train_Bearing1_1_1_2_1_4_1_5_test_Bearing1_3
XJTU-SY-condition_1_35Hz12kN-time_series_forest_regressor,time_series_forest_regressor,1,Bearing1_3,101,57.0,53.4,train_Bearing1_1_1_2_1_4_1_5_test_Bearing1_3
XJTU-SY-condition_1_35Hz12kN-time_series_forest_regressor,time_series_forest_regressor,1,Bearing1_3,102,56.0,59.2125,train_Bearing1_1_1_2_1_4_1_5_test_Bearing1_3
XJTU-SY-condition_1_35Hz12kN-time_series_forest_regressor,time_series_forest_regressor,1,Bearing1_3,103,55.0,57.1625,train_Bearing1_1_1_2_1_4_1_5_test_Bearing1_3
XJTU-SY-condition_1_35Hz12kN-time_series_forest_regressor,time_series_forest_regressor,1,Bearing1_3,104,54.0,77.6875,train_Bearing1_1_1_2_1_4_1_5_test_Bearing1_3
XJTU-SY-condition_1_35Hz12kN-time_series_forest_regressor,time_series_forest_regressor,1,Bearing1_3,105,53.0,66.225,train_Bearing1_1_1_2_1_4_1_5_test_Bearing1_3
XJTU-SY-condition_1_35Hz12kN-time_series_forest_regressor,time_series_forest_regressor,1,Bearing1_3,106,52.0,68.0375,train_Bearing1_1_1_2_1_4_1_5_test_Bearing1_3
XJTU-SY-condition_1_35Hz12kN-time_series_forest_regressor,time_series_forest_regressor,1,Bearing1_3,107,51.0,51.45,train_Bearing1_1_1_2_1_4_1_5_test_Bearing1_3
XJTU-SY-condition_1_35Hz12kN-time_series_forest_regressor,time_series_forest_regressor,1,Bearing1_3,108,50.0,56.4,train_Bearing1_1_1_2_1_4_1_5_test_Bearing1_3
XJTU-SY-condition_1_35Hz12kN-time_series_forest_regressor,time_series_forest_regressor,1,Bearing1_3,109,49.0,47.5375,train_Bearing1_1_1_2_1_4_1_5_test_Bearing1_3
XJTU-SY-condition_1_35Hz12kN-time_series_forest_regressor,time_series_forest_regressor,1,Bearing1_3,110,48.0,61.9125,train_Bearing1_1_1_2_1_4_1_5_test_Bearing1_3
XJTU-SY-condition_1_35Hz12kN-time_series_forest_regressor,time_series_forest_regressor,1,Bearing1_3,111,47.0,59.2375,train_Bearing1_1_1_2_1_4_1_5_test_Bearing1_3
XJTU-SY-condition_1_35Hz12kN-time_series_forest_regressor,time_series_forest_regressor,1,Bearing1_3,112,46.0,67.9625,train_Bearing1_1_1_2_1_4_1_5_test_Bearing1_3
XJTU-SY-condition_1_35Hz12kN-time_series_forest_regressor,time_series_forest_regressor,1,Bearing1_3,113,45.0,59.55,train_Bearing1_1_1_2_1_4_1_5_test_Bearing1_3
XJTU-SY-condition_1_35Hz12kN-time_series_forest_regressor,time_series_forest_regressor,1,Bearing1_3,114,44.0,64.6875,train_Bearing1_1_1_2_1_4_1_5_test_Bearing1_3
XJTU-SY-condition_1_35Hz12kN-time_series_forest_regressor,time_series_forest_regressor,1,Bearing1_3,115,43.0,55.8875,train_Bearing1_1_1_2_1_4_1_5_test_Bearing1_3
XJTU-SY-condition_1_35Hz12kN-time_series_forest_regressor,time_series_forest_regressor,1,Bearing1_3,116,42.0,65.2125,train_Bearing1_1_1_2_1_4_1_5_test_Bearing1_3
XJTU-SY-condition_1_35Hz12kN-time_series_forest_regressor,time_series_forest_regressor,1,Bearing1_3,117,41.0,55.9625,train_Bearing1_1_1_2_1_4_1_5_test_Bearing1_3
XJTU-SY-condition_1_35Hz12kN-time_series_forest_regressor,time_series_forest_regressor,1,Bearing1_3,118,40.0,59.275,train_Bearing1_1_1_2_1_4_1_5_test_Bearing1_3
XJTU-SY-condition_1_35Hz12kN-time_series_forest_regressor,time_series_forest_regressor,1,Bearing1_3,119,39.0,58.9875,train_Bearing1_1_1_2_1_4_1_5_test_Bearing1_3
XJTU-SY-condition_1_35Hz12kN-time_series_forest_regressor,time_series_forest_regressor,1,Bearing1_3,120,38.0,54.1125,train_Bearing1_1_1_2_1_4_1_5_test_Bearing1_3
XJTU-SY-condition_1_35Hz12kN-time_series_forest_regressor,time_series_forest_regressor,1,Bearing1_3,121,37.0,59.175,train_Bearing1_1_1_2_1_4_1_5_test_Bearing1_3
XJTU-SY-condition_1_35Hz12kN-time_series_forest_regressor,time_series_forest_regressor,1,Bearing1_3,122,36.0,50.55,train_Bearing1_1_1_2_1_4_1_5_test_Bearing1_3
XJTU-SY-condition_1_35Hz12kN-time_series_forest_regressor,time_series_forest_regressor,1,Bearing1_3,123,35.0,71.8,train_Bearing1_1_1_2_1_4_1_5_test_Bearing1_3
XJTU-SY-condition_1_35Hz12kN-time_series_forest_regressor,time_series_forest_regressor,1,Bearing1_3,124,34.0,66.0625,train_Bearing1_1_1_2_1_4_1_5_test_Bearing1_3
XJTU-SY-condition_1_35Hz12kN-time_series_forest_regressor,time_series_forest_regressor,1,Bearing1_3,125,33.0,66.05,train_Bearing1_1_1_2_1_4_1_5_test_Bearing1_3
XJTU-SY-condition_1_35Hz12kN-time_series_forest_regressor,time_series_forest_regressor,1,Bearing1_3,126,32.0,56.675,train_Bearing1_1_1_2_1_4_1_5_test_Bearing1_3
XJTU-SY-condition_1_35Hz12kN-time_series_forest_regressor,time_series_forest_regressor,1,Bearing1_3,127,31.0,55.4625,train_Bearing1_1_1_2_1_4_1_5_test_Bearing1_3
XJTU-SY-condition_1_35Hz12kN-time_series_forest_regressor,time_series_forest_regressor,1,Bearing1_3,128,30.0,57.025,train_Bearing1_1_1_2_1_4_1_5_test_Bearing1_3
XJTU-SY-condition_1_35Hz12kN-time_series_forest_regressor,time_series_forest_regressor,1,Bearing1_3,129,29.0,60.95,train_Bearing1_1_1_2_1_4_1_5_test_Bearing1_3
XJTU-SY-condition_1_35Hz12kN-time_series_forest_regressor,time_series_forest_regressor,1,Bearing1_3,130,28.0,58.7375,train_Bearing1_1_1_2_1_4_1_5_test_Bearing1_3
XJTU-SY-condition_1_35Hz12kN-time_series_forest_regressor,time_series_forest_regressor,1,Bearing1_3,131,27.0,54.85,train_Bearing1_1_1_2_1_4_1_5_test_Bearing1_3
XJTU-SY-condition_1_35Hz12kN-time_series_forest_regressor,time_series_forest_regressor,1,Bearing1_3,132,26.0,60.4375,train_Bearing1_1_1_2_1_4_1_5_test_Bearing1_3
XJTU-SY-condition_1_35Hz12kN-time_series_forest_regressor,time_series_forest_regressor,1,Bearing1_3,133,25.0,63.9625,train_Bearing1_1_1_2_1_4_1_5_test_Bearing1_3
XJTU-SY-condition_1_35Hz12kN-time_series_forest_regressor,time_series_forest_regressor,1,Bearing1_3,134,24.0,64.5375,train_Bearing1_1_1_2_1_4_1_5_test_Bearing1_3
XJTU-SY-condition_1_35Hz12kN-time_series_forest_regressor,time_series_forest_regressor,1,Bearing1_3,135,23.0,75.225,train_Bearing1_1_1_2_1_4_1_5_test_Bearing1_3
XJTU-SY-condition_1_35Hz12kN-time_series_forest_regressor,time_series_forest_regressor,1,Bearing1_3,136,22.0,70.375,train_Bearing1_1_1_2_1_4_1_5_test_Bearing1_3
XJTU-SY-condition_1_35Hz12kN-time_series_forest_regressor,time_series_forest_regressor,1,Bearing1_3,137,21.0,66.3625,train_Bearing1_1_1_2_1_4_1_5_test_Bearing1_3
XJTU-SY-condition_1_35Hz12kN-time_series_forest_regressor,time_series_forest_regressor,1,Bearing1_3,138,20.0,75.525,train_Bearing1_1_1_2_1_4_1_5_test_Bearing1_3
XJTU-SY-condition_1_35Hz12kN-time_series_forest_regressor,time_series_forest_regressor,1,Bearing1_3,139,19.0,65.3625,train_Bearing1_1_1_2_1_4_1_5_test_Bearing1_3
XJTU-SY-condition_1_35Hz12kN-time_series_forest_regressor,time_series_forest_regressor,1,Bearing1_3,140,18.0,78.1875,train_Bearing1_1_1_2_1_4_1_5_test_Bearing1_3
XJTU-SY-condition_1_35Hz12kN-time_series_forest_regressor,time_series_forest_regressor,1,Bearing1_3,141,17.0,55.6,train_Bearing1_1_1_2_1_4_1_5_test_Bearing1_3
XJTU-SY-condition_1_35Hz12kN-time_series_forest_regressor,time_series_forest_regressor,1,Bearing1_3,142,16.0,75.775,train_Bearing1_1_1_2_1_4_1_5_test_Bearing1_3
XJTU-SY-condition_1_35Hz12kN-time_series_forest_regressor,time_series_forest_regressor,1,Bearing1_3,143,15.0,74.35,train_Bearing1_1_1_2_1_4_1_5_test_Bearing1_3
XJTU-SY-condition_1_35Hz12kN-time_series_forest_regressor,time_series_forest_regressor,1,Bearing1_3,144,14.0,53.425,train_Bearing1_1_1_2_1_4_1_5_test_Bearing1_3
XJTU-SY-condition_1_35Hz12kN-time_series_forest_regressor,time_series_forest_regressor,1,Bearing1_3,145,13.0,82.0875,train_Bearing1_1_1_2_1_4_1_5_test_Bearing1_3
XJTU-SY-condition_1_35Hz12kN-time_series_forest_regressor,time_series_forest_regressor,1,Bearing1_3,146,12.0,63.8375,train_Bearing1_1_1_2_1_4_1_5_test_Bearing1_3
XJTU-SY-condition_1_35Hz12kN-time_series_forest_regressor,time_series_forest_regressor,1,Bearing1_3,147,11.0,70.775,train_Bearing1_1_1_2_1_4_1_5_test_Bearing1_3
XJTU-SY-condition_1_35Hz12kN-time_series_forest_regressor,time_series_forest_regressor,1,Bearing1_3,148,10.0,79.1,train_Bearing1_1_1_2_1_4_1_5_test_Bearing1_3
XJTU-SY-condition_1_35Hz12kN-time_series_forest_regressor,time_series_forest_regressor,1,Bearing1_3,149,9.0,72.175,train_Bearing1_1_1_2_1_4_1_5_test_Bearing1_3
XJTU-SY-condition_1_35Hz12kN-time_series_forest_regressor,time_series_forest_regressor,1,Bearing1_3,150,8.0,48.8125,train_Bearing1_1_1_2_1_4_1_5_test_Bearing1_3
XJTU-SY-condition_1_35Hz12kN-time_series_forest_regressor,time_series_forest_regressor,1,Bearing1_3,151,7.0,66.2125,train_Bearing1_1_1_2_1_4_1_5_test_Bearing1_3
XJTU-SY-condition_1_35Hz12kN-time_series_forest_regressor,time_series_forest_regressor,1,Bearing1_3,152,6.0,60.55,train_Bearing1_1_1_2_1_4_1_5_test_Bearing1_3
XJTU-SY-condition_1_35Hz12kN-time_series_forest_regressor,time_series_forest_regressor,1,Bearing1_3,153,5.0,63.55,train_Bearing1_1_1_2_1_4_1_5_test_Bearing1_3
XJTU-SY-condition_1_35Hz12kN-time_series_forest_regressor,time_series_forest_regressor,1,Bearing1_3,154,4.0,61.325,train_Bearing1_1_1_2_1_4_1_5_test_Bearing1_3
XJTU-SY-condition_1_35Hz12kN-time_series_forest_regressor,time_series_forest_regressor,1,Bearing1_3,155,3.0,49.4375,train_Bearing1_1_1_2_1_4_1_5_test_Bearing1_3
XJTU-SY-condition_1_35Hz12kN-time_series_forest_regressor,time_series_forest_regressor,1,Bearing1_3,156,2.0,49.3625,train_Bearing1_1_1_2_1_4_1_5_test_Bearing1_3
XJTU-SY-condition_1_35Hz12kN-time_series_forest_regressor,time_series_forest_regressor,1,Bearing1_3,157,1.0,64.5375,train_Bearing1_1_1_2_1_4_1_5_test_Bearing1_3
XJTU-SY-condition_1_35Hz12kN-time_series_forest_regressor,time_series_forest_regressor,2,Bearing1_3,1,157.0,56.275,train_Bearing1_1_1_2_1_4_1_5_test_Bearing1_3
XJTU-SY-condition_1_35Hz12kN-time_series_forest_regressor,time_series_forest_regressor,2,Bearing1_3,2,156.0,62.4625,train_Bearing1_1_1_2_1_4_1_5_test_Bearing1_3
XJTU-SY-condition_1_35Hz12kN-time_series_forest_regressor,time_series_forest_regressor,2,Bearing1_3,3,155.0,60.0375,train_Bearing1_1_1_2_1_4_1_5_test_Bearing1_3
XJTU-SY-condition_1_35Hz12kN-time_series_forest_regressor,time_series_forest_regressor,2,Bearing1_3,4,154.0,62.9,train_Bearing1_1_1_2_1_4_1_5_test_Bearing1_3
XJTU-SY-condition_1_35Hz12kN-time_series_forest_regressor,time_series_forest_regressor,2,Bearing1_3,5,153.0,50.1125,train_Bearing1_1_1_2_1_4_1_5_test_Bearing1_3
XJTU-SY-condition_1_35Hz12kN-time_series_forest_regressor,time_series_forest_regressor,2,Bearing1_3,6,152.0,65.5625,train_Bearing1_1_1_2_1_4_1_5_test_Bearing1_3
XJTU-SY-condition_1_35Hz12kN-time_series_forest_regressor,time_series_forest_regressor,2,Bearing1_3,7,151.0,63.0875,train_Bearing1_1_1_2_1_4_1_5_test_Bearing1_3
XJTU-SY-condition_1_35Hz12kN-time_series_forest_regressor,time_series_forest_regressor,2,Bearing1_3,8,150.0,60.425,train_Bearing1_1_1_2_1_4_1_5_test_Bearing1_3
XJTU-SY-condition_1_35Hz12kN-time_series_forest_regressor,time_series_forest_regressor,2,Bearing1_3,9,149.0,71.9375,train_Bearing1_1_1_2_1_4_1_5_test_Bearing1_3
XJTU-SY-condition_1_35Hz12kN-time_series_forest_regressor,time_series_forest_regressor,2,Bearing1_3,10,148.0,58.3125,train_Bearing1_1_1_2_1_4_1_5_test_Bearing1_3
XJTU-SY-condition_1_35Hz12kN-time_series_forest_regressor,time_series_forest_regressor,2,Bearing1_3,11,147.0,57.3125,train_Bearing1_1_1_2_1_4_1_5_test_Bearing1_3
XJTU-SY-condition_1_35Hz12kN-time_series_forest_regressor,time_series_forest_regressor,2,Bearing1_3,12,146.0,50.125,train_Bearing1_1_1_2_1_4_1_5_test_Bearing1_3
XJTU-SY-condition_1_35Hz12kN-time_series_forest_regressor,time_series_forest_regressor,2,Bearing1_3,13,145.0,71.5625,train_Bearing1_1_1_2_1_4_1_5_test_Bearing1_3
XJTU-SY-condition_1_35Hz12kN-time_series_forest_regressor,time_series_forest_regressor,2,Bearing1_3,14,144.0,58.975,train_Bearing1_1_1_2_1_4_1_5_test_Bearing1_3
XJTU-SY-condition_1_35Hz12kN-time_series_forest_regressor,time_series_forest_regressor,2,Bearing1_3,15,143.0,49.9375,train_Bearing1_1_1_2_1_4_1_5_test_Bearing1_3
XJTU-SY-condition_1_35Hz12kN-time_series_forest_regressor,time_series_forest_regressor,2,Bearing1_3,16,142.0,75.975,train_Bearing1_1_1_2_1_4_1_5_test_Bearing1_3
XJTU-SY-condition_1_35Hz12kN-time_series_forest_regressor,time_series_forest_regressor,2,Bearing1_3,17,141.0,57.2,train_Bearing1_1_1_2_1_4_1_5_test_Bearing1_3
XJTU-SY-condition_1_35Hz12kN-time_series_forest_regressor,time_series_forest_regressor,2,Bearing1_3,18,140.0,52.2375,train_Bearing1_1_1_2_1_4_1_5_test_Bearing1_3
XJTU-SY-condition_1_35Hz12kN-time_series_forest_regressor,time_series_forest_regressor,2,Bearing1_3,19,139.0,61.225,train_Bearing1_1_1_2_1_4_1_5_test_Bearing1_3
XJTU-SY-condition_1_35Hz12kN-time_series_forest_regressor,time_series_forest_regressor,2,Bearing1_3,20,138.0,42.4,train_Bearing1_1_1_2_1_4_1_5_test_Bearing1_3
XJTU-SY-condition_1_35Hz12kN-time_series_forest_regressor,time_series_forest_regressor,2,Bearing1_3,21,137.0,54.5,train_Bearing1_1_1_2_1_4_1_5_test_Bearing1_3
XJTU-SY-condition_1_35Hz12kN-time_series_forest_regressor,time_series_forest_regressor,2,Bearing1_3,22,136.0,76.7625,train_Bearing1_1_1_2_1_4_1_5_test_Bearing1_3
XJTU-SY-condition_1_35Hz12kN-time_series_forest_regressor,time_series_forest_regressor,2,Bearing1_3,23,135.0,68.8,train_Bearing1_1_1_2_1_4_1_5_test_Bearing1_3
XJTU-SY-condition_1_35Hz12kN-time_series_forest_regressor,time_series_forest_regressor,2,Bearing1_3,24,134.0,57.4625,train_Bearing1_1_1_2_1_4_1_5_test_Bearing1_3
XJTU-SY-condition_1_35Hz12kN-time_series_forest_regressor,time_series_forest_regressor,2,Bearing1_3,25,133.0,73.05,train_Bearing1_1_1_2_1_4_1_5_test_Bearing1_3
XJTU-SY-condition_1_35Hz12kN-time_series_forest_regressor,time_series_forest_regressor,2,Bearing1_3,26,132.0,61.175,train_Bearing1_1_1_2_1_4_1_5_test_Bearing1_3
XJTU-SY-condition_1_35Hz12kN-time_series_forest_regressor,time_series_forest_regressor,2,Bearing1_3,27,131.0,64.2625,train_Bearing1_1_1_2_1_4_1_5_test_Bearing1_3
XJTU-SY-condition_1_35Hz12kN-time_series_forest_regressor,time_series_forest_regressor,2,Bearing1_3,28,130.0,63.5125,train_Bearing1_1_1_2_1_4_1_5_test_Bearing1_3
XJTU-SY-condition_1_35Hz12kN-time_series_forest_regressor,time_series_forest_regressor,2,Bearing1_3,29,129.0,65.425,train_Bearing1_1_1_2_1_4_1_5_test_Bearing1_3
XJTU-SY-condition_1_35Hz12kN-time_series_forest_regressor,time_series_forest_regressor,2,Bearing1_3,30,128.0,61.1625,train_Bearing1_1_1_2_1_4_1_5_test_Bearing1_3
XJTU-SY-condition_1_35Hz12kN-time_series_forest_regressor,time_series_forest_regressor,2,Bearing1_3,31,127.0,63.225,train_Bearing1_1_1_2_1_4_1_5_test_Bearing1_3
XJTU-SY-condition_1_35Hz12kN-time_series_forest_regressor,time_series_forest_regressor,2,Bearing1_3,32,126.0,61.8375,train_Bearing1_1_1_2_1_4_1_5_test_Bearing1_3
XJTU-SY-condition_1_35Hz12kN-time_series_forest_regressor,time_series_forest_regressor,2,Bearing1_3,33,125.0,65.8375,train_Bearing1_1_1_2_1_4_1_5_test_Bearing1_3
XJTU-SY-condition_1_35Hz12kN-time_series_forest_regressor,time_series_forest_regressor,2,Bearing1_3,34,124.0,77.4375,train_Bearing1_1_1_2_1_4_1_5_test_Bearing1_3
XJTU-SY-condition_1_35Hz12kN-time_series_forest_regressor,time_series_forest_regressor,2,Bearing1_3,35,123.0,63.5125,train_Bearing1_1_1_2_1_4_1_5_test_Bearing1_3
XJTU-SY-condition_1_35Hz12kN-time_series_forest_regressor,time_series_forest_regressor,2,Bearing1_3,36,122.0,66.45,train_Bearing1_1_1_2_1_4_1_5_test_Bearing1_3
XJTU-SY-condition_1_35Hz12kN-time_series_forest_regressor,time_series_forest_regressor,2,Bearing1_3,37,121.0,55.675,train_Bearing1_1_1_2_1_4_1_5_test_Bearing1_3
XJTU-SY-condition_1_35Hz12kN-time_series_forest_regressor,time_series_forest_regressor,2,Bearing1_3,38,120.0,65.425,train_Bearing1_1_1_2_1_4_1_5_test_Bearing1_3
XJTU-SY-condition_1_35Hz12kN-time_series_forest_regressor,time_series_forest_regressor,2,Bearing1_3,39,119.0,62.7,train_Bearing1_1_1_2_1_4_1_5_test_Bearing1_3
XJTU-SY-condition_1_35Hz12kN-time_series_forest_regressor,time_series_forest_regressor,2,Bearing1_3,40,118.0,54.8375,train_Bearing1_1_1_2_1_4_1_5_test_Bearing1_3
XJTU-SY-condition_1_35Hz12kN-time_series_forest_regressor,time_series_forest_regressor,2,Bearing1_3,41,117.0,57.225,train_Bearing1_1_1_2_1_4_1_5_test_Bearing1_3
XJTU-SY-condition_1_35Hz12kN-time_series_forest_regressor,time_series_forest_regressor,2,Bearing1_3,42,116.0,64.725,train_Bearing1_1_1_2_1_4_1_5_test_Bearing1_3
XJTU-SY-condition_1_35Hz12kN-time_series_forest_regressor,time_series_forest_regressor,2,Bearing1_3,43,115.0,81.2875,train_Bearing1_1_1_2_1_4_1_5_test_Bearing1_3
XJTU-SY-condition_1_35Hz12kN-time_series_forest_regressor,time_series_forest_regressor,2,Bearing1_3,44,114.0,66.7,train_Bearing1_1_1_2_1_4_1_5_test_Bearing1_3
XJTU-SY-condition_1_35Hz12kN-time_series_forest_regressor,time_series_forest_regressor,2,Bearing1_3,45,113.0,73.8625,train_Bearing1_1_1_2_1_4_1_5_test_Bearing1_3
XJTU-SY-condition_1_35Hz12kN-time_series_forest_regressor,time_series_forest_regressor,2,Bearing1_3,46,112.0,53.625,train_Bearing1_1_1_2_1_4_1_5_test_Bearing1_3
XJTU-SY-condition_1_35Hz12kN-time_series_forest_regressor,time_series_forest_regressor,2,Bearing1_3,47,111.0,56.8125,train_Bearing1_1_1_2_1_4_1_5_test_Bearing1_3
XJTU-SY-condition_1_35Hz12kN-time_series_forest_regressor,time_series_forest_regressor,2,Bearing1_3,48,110.0,69.1875,train_Bearing1_1_1_2_1_4_1_5_test_Bearing1_3
XJTU-SY-condition_1_35Hz12kN-time_series_forest_regressor,time_series_forest_regressor,2,Bearing1_3,49,109.0,75.425,train_Bearing1_1_1_2_1_4_1_5_test_Bearing1_3
XJTU-SY-condition_1_35Hz12kN-time_series_forest_regressor,time_series_forest_regressor,2,Bearing1_3,50,108.0,66.025,train_Bearing1_1_1_2_1_4_1_5_test_Bearing1_3
XJTU-SY-condition_1_35Hz12kN-time_series_forest_regressor,time_series_forest_regressor,2,Bearing1_3,51,107.0,63.95,train_Bearing1_1_1_2_1_4_1_5_test_Bearing1_3
XJTU-SY-condition_1_35Hz12kN-time_series_forest_regressor,time_series_forest_regressor,2,Bearing1_3,52,106.0,66.7875,train_Bearing1_1_1_2_1_4_1_5_test_Bearing1_3
XJTU-SY-condition_1_35Hz12kN-time_series_forest_regressor,time_series_forest_regressor,2,Bearing1_3,53,105.0,60.075,train_Bearing1_1_1_2_1_4_1_5_test_Bearing1_3
XJTU-SY-condition_1_35Hz12kN-time_series_forest_regressor,time_series_forest_regressor,2,Bearing1_3,54,104.0,66.1,train_Bearing1_1_1_2_1_4_1_5_test_Bearing1_3
XJTU-SY-condition_1_35Hz12kN-time_series_forest_regressor,time_series_forest_regressor,2,Bearing1_3,55,103.0,55.4375,train_Bearing1_1_1_2_1_4_1_5_test_Bearing1_3
XJTU-SY-condition_1_35Hz12kN-time_series_forest_regressor,time_series_forest_regressor,2,Bearing1_3,56,102.0,68.8875,train_Bearing1_1_1_2_1_4_1_5_test_Bearing1_3
XJTU-SY-condition_1_35Hz12kN-time_series_forest_regressor,time_series_forest_regressor,2,Bearing1_3,57,101.0,59.4125,train_Bearing1_1_1_2_1_4_1_5_test_Bearing1_3
XJTU-SY-condition_1_35Hz12kN-time_series_forest_regressor,time_series_forest_regressor,2,Bearing1_3,58,100.0,71.725,train_Bearing1_1_1_2_1_4_1_5_test_Bearing1_3
XJTU-SY-condition_1_35Hz12kN-time_series_forest_regressor,time_series_forest_regressor,2,Bearing1_3,59,99.0,71.7,train_Bearing1_1_1_2_1_4_1_5_test_Bearing1_3
XJTU-SY-condition_1_35Hz12kN-time_series_forest_regressor,time_series_forest_regressor,2,Bearing1_3,60,98.0,52.925,train_Bearing1_1_1_2_1_4_1_5_test_Bearing1_3
XJTU-SY-condition_1_35Hz12kN-time_series_forest_regressor,time_series_forest_regressor,2,Bearing1_3,61,97.0,68.1375,train_Bearing1_1_1_2_1_4_1_5_test_Bearing1_3
XJTU-SY-condition_1_35Hz12kN-time_series_forest_regressor,time_series_forest_regressor,2,Bearing1_3,62,96.0,59.9625,train_Bearing1_1_1_2_1_4_1_5_test_Bearing1_3
XJTU-SY-condition_1_35Hz12kN-time_series_forest_regressor,time_series_forest_regressor,2,Bearing1_3,63,95.0,67.175,train_Bearing1_1_1_2_1_4_1_5_test_Bearing1_3
XJTU-SY-condition_1_35Hz12kN-time_series_forest_regressor,time_series_forest_regressor,2,Bearing1_3,64,94.0,61.775,train_Bearing1_1_1_2_1_4_1_5_test_Bearing1_3
XJTU-SY-condition_1_35Hz12kN-time_series_forest_regressor,time_series_forest_regressor,2,Bearing1_3,65,93.0,67.375,train_Bearing1_1_1_2_1_4_1_5_test_Bearing1_3
XJTU-SY-condition_1_35Hz12kN-time_series_forest_regressor,time_series_forest_regressor,2,Bearing1_3,66,92.0,64.3625,train_Bearing1_1_1_2_1_4_1_5_test_Bearing1_3
XJTU-SY-condition_1_35Hz12kN-time_series_forest_regressor,time_series_forest_regressor,2,Bearing1_3,67,91.0,67.7875,train_Bearing1_1_1_2_1_4_1_5_test_Bearing1_3
XJTU-SY-condition_1_35Hz12kN-time_series_forest_regressor,time_series_forest_regressor,2,Bearing1_3,68,90.0,66.65,train_Bearing1_1_1_2_1_4_1_5_test_Bearing1_3
XJTU-SY-condition_1_35Hz12kN-time_series_forest_regressor,time_series_forest_regressor,2,Bearing1_3,69,89.0,70.175,train_Bearing1_1_1_2_1_4_1_5_test_Bearing1_3
XJTU-SY-condition_1_35Hz12kN-time_series_forest_regressor,time_series_forest_regressor,2,Bearing1_3,70,88.0,68.2375,train_Bearing1_1_1_2_1_4_1_5_test_Bearing1_3
XJTU-SY-condition_1_35Hz12kN-time_series_forest_regressor,time_series_forest_regressor,2,Bearing1_3,71,87.0,47.525,train_Bearing1_1_1_2_1_4_1_5_test_Bearing1_3
XJTU-SY-condition_1_35Hz12kN-time_series_forest_regressor,time_series_forest_regressor,2,Bearing1_3,72,86.0,50.8,train_Bearing1_1_1_2_1_4_1_5_test_Bearing1_3
XJTU-SY-condition_1_35Hz12kN-time_series_forest_regressor,time_series_forest_regressor,2,Bearing1_3,73,85.0,66.9875,train_Bearing1_1_1_2_1_4_1_5_test_Bearing1_3
XJTU-SY-condition_1_35Hz12kN-time_series_forest_regressor,time_series_forest_regressor,2,Bearing1_3,74,84.0,55.2375,train_Bearing1_1_1_2_1_4_1_5_test_Bearing1_3
XJTU-SY-condition_1_35Hz12kN-time_series_forest_regressor,time_series_forest_regressor,2,Bearing1_3,75,83.0,60.6125,train_Bearing1_1_1_2_1_4_1_5_test_Bearing1_3
XJTU-SY-condition_1_35Hz12kN-time_series_forest_regressor,time_series_forest_regressor,2,Bearing1_3,76,82.0,62.15,train_Bearing1_1_1_2_1_4_1_5_test_Bearing1_3
XJTU-SY-condition_1_35Hz12kN-time_series_forest_regressor,time_series_forest_regressor,2,Bearing1_3,77,81.0,68.8625,train_Bearing1_1_1_2_1_4_1_5_test_Bearing1_3
XJTU-SY-condition_1_35Hz12kN-time_series_forest_regressor,time_series_forest_regressor,2,Bearing1_3,78,80.0,63.2,train_Bearing1_1_1_2_1_4_1_5_test_Bearing1_3
XJTU-SY-condition_1_35Hz12kN-time_series_forest_regressor,time_series_forest_regressor,2,Bearing1_3,79,79.0,58.8625,train_Bearing1_1_1_2_1_4_1_5_test_Bearing1_3
XJTU-SY-condition_1_35Hz12kN-time_series_forest_regressor,time_series_forest_regressor,2,Bearing1_3,80,78.0,71.8375,train_Bearing1_1_1_2_1_4_1_5_test_Bearing1_3
XJTU-SY-condition_1_35Hz12kN-time_series_forest_regressor,time_series_forest_regressor,2,Bearing1_3,81,77.0,57.0875,train_Bearing1_1_1_2_1_4_1_5_test_Bearing1_3
XJTU-SY-condition_1_35Hz12kN-time_series_forest_regressor,time_series_forest_regressor,2,Bearing1_3,82,76.0,54.7,train_Bearing1_1_1_2_1_4_1_5_test_Bearing1_3
XJTU-SY-condition_1_35Hz12kN-time_series_forest_regressor,time_series_forest_regressor,2,Bearing1_3,83,75.0,54.775,train_Bearing1_1_1_2_1_4_1_5_test_Bearing1_3
XJTU-SY-condition_1_35Hz12kN-time_series_forest_regressor,time_series_forest_regressor,2,Bearing1_3,84,74.0,75.0875,train_Bearing1_1_1_2_1_4_1_5_test_Bearing1_3
XJTU-SY-condition_1_35Hz12kN-time_series_forest_regressor,time_series_forest_regressor,2,Bearing1_3,85,73.0,60.975,train_Bearing1_1_1_2_1_4_1_5_test_Bearing1_3
XJTU-SY-condition_1_35Hz12kN-time_series_forest_regressor,time_series_forest_regressor,2,Bearing1_3,86,72.0,45.05,train_Bearing1_1_1_2_1_4_1_5_test_Bearing1_3
XJTU-SY-condition_1_35Hz12kN-time_series_forest_regressor,time_series_forest_regressor,2,Bearing1_3,87,71.0,53.825,train_Bearing1_1_1_2_1_4_1_5_test_Bearing1_3
XJTU-SY-condition_1_35Hz12kN-time_series_forest_regressor,time_series_forest_regressor,2,Bearing1_3,88,70.0,60.975,train_Bearing1_1_1_2_1_4_1_5_test_Bearing1_3
XJTU-SY-condition_1_35Hz12kN-time_series_forest_regressor,time_series_forest_regressor,2,Bearing1_3,89,69.0,66.6125,train_Bearing1_1_1_2_1_4_1_5_test_Bearing1_3
XJTU-SY-condition_1_35Hz12kN-time_series_forest_regressor,time_series_forest_regressor,2,Bearing1_3,90,68.0,59.1625,train_Bearing1_1_1_2_1_4_1_5_test_Bearing1_3
XJTU-SY-condition_1_35Hz12kN-time_series_forest_regressor,time_series_forest_regressor,2,Bearing1_3,91,67.0,63.275,train_Bearing1_1_1_2_1_4_1_5_test_Bearing1_3
XJTU-SY-condition_1_35Hz12kN-time_series_forest_regressor,time_series_forest_regressor,2,Bearing1_3,92,66.0,53.525,train_Bearing1_1_1_2_1_4_1_5_test_Bearing1_3
XJTU-SY-condition_1_35Hz12kN-time_series_forest_regressor,time_series_forest_regressor,2,Bearing1_3,93,65.0,81.6875,train_Bearing1_1_1_2_1_4_1_5_test_Bearing1_3
XJTU-SY-condition_1_35Hz12kN-time_series_forest_regressor,time_series_forest_regressor,2,Bearing1_3,94,64.0,59.6125,train_Bearing1_1_1_2_1_4_1_5_test_Bearing1_3
XJTU-SY-condition_1_35Hz12kN-time_series_forest_regressor,time_series_forest_regressor,2,Bearing1_3,95,63.0,55.1375,train_Bearing1_1_1_2_1_4_1_5_test_Bearing1_3
XJTU-SY-condition_1_35Hz12kN-time_series_forest_regressor,time_series_forest_regressor,2,Bearing1_3,96,62.0,67.425,train_Bearing1_1_1_2_1_4_1_5_test_Bearing1_3
XJTU-SY-condition_1_35Hz12kN-time_series_forest_regressor,time_series_forest_regressor,2,Bearing1_3,97,61.0,79.4625,train_Bearing1_1_1_2_1_4_1_5_test_Bearing1_3
XJTU-SY-condition_1_35Hz12kN-time_series_forest_regressor,time_series_forest_regressor,2,Bearing1_3,98,60.0,76.8875,train_Bearing1_1_1_2_1_4_1_5_test_Bearing1_3
XJTU-SY-condition_1_35Hz12kN-time_series_forest_regressor,time_series_forest_regressor,2,Bearing1_3,99,59.0,69.25,train_Bearing1_1_1_2_1_4_1_5_test_Bearing1_3
XJTU-SY-condition_1_35Hz12kN-time_series_forest_regressor,time_series_forest_regressor,2,Bearing1_3,100,58.0,59.6625,train_Bearing1_1_1_2_1_4_1_5_test_Bearing1_3
XJTU-SY-condition_1_35Hz12kN-time_series_forest_regressor,time_series_forest_regressor,2,Bearing1_3,101,57.0,63.2125,train_Bearing1_1_1_2_1_4_1_5_test_Bearing1_3
XJTU-SY-condition_1_35Hz12kN-time_series_forest_regressor,time_series_forest_regressor,2,Bearing1_3,102,56.0,68.5875,train_Bearing1_1_1_2_1_4_1_5_test_Bearing1_3
XJTU-SY-condition_1_35Hz12kN-time_series_forest_regressor,time_series_forest_regressor,2,Bearing1_3,103,55.0,60.2625,train_Bearing1_1_1_2_1_4_1_5_test_Bearing1_3
XJTU-SY-condition_1_35Hz12kN-time_series_forest_regressor,time_series_forest_regressor,2,Bearing1_3,104,54.0,70.5125,train_Bearing1_1_1_2_1_4_1_5_test_Bearing1_3
XJTU-SY-condition_1_35Hz12kN-time_series_forest_regressor,time_series_forest_regressor,2,Bearing1_3,105,53.0,59.1625,train_Bearing1_1_1_2_1_4_1_5_test_Bearing1_3
XJTU-SY-condition_1_35Hz12kN-time_series_forest_regressor,time_series_forest_regressor,2,Bearing1_3,106,52.0,59.8,train_Bearing1_1_1_2_1_4_1_5_test_Bearing1_3
XJTU-SY-condition_1_35Hz12kN-time_series_forest_regressor,time_series_forest_regressor,2,Bearing1_3,107,51.0,54.0,train_Bearing1_1_1_2_1_4_1_5_test_Bearing1_3
XJTU-SY-condition_1_35Hz12kN-time_series_forest_regressor,time_series_forest_regressor,2,Bearing1_3,108,50.0,55.4125,train_Bearing1_1_1_2_1_4_1_5_test_Bearing1_3
XJTU-SY-condition_1_35Hz12kN-time_series_forest_regressor,time_series_forest_regressor,2,Bearing1_3,109,49.0,43.1375,train_Bearing1_1_1_2_1_4_1_5_test_Bearing1_3
XJTU-SY-condition_1_35Hz12kN-time_series_forest_regressor,time_series_forest_regressor,2,Bearing1_3,110,48.0,65.875,train_Bearing1_1_1_2_1_4_1_5_test_Bearing1_3
XJTU-SY-condition_1_35Hz12kN-time_series_forest_regressor,time_series_forest_regressor,2,Bearing1_3,111,47.0,60.9125,train_Bearing1_1_1_2_1_4_1_5_test_Bearing1_3
XJTU-SY-condition_1_35Hz12kN-time_series_forest_regressor,time_series_forest_regressor,2,Bearing1_3,112,46.0,64.3625,train_Bearing1_1_1_2_1_4_1_5_test_Bearing1_3
XJTU-SY-condition_1_35Hz12kN-time_series_forest_regressor,time_series_forest_regressor,2,Bearing1_3,113,45.0,68.2375,train_Bearing1_1_1_2_1_4_1_5_test_Bearing1_3
XJTU-SY-condition_1_35Hz12kN-time_series_forest_regressor,time_series_forest_regressor,2,Bearing1_3,114,44.0,54.6625,train_Bearing1_1_1_2_1_4_1_5_test_Bearing1_3
XJTU-SY-condition_1_35Hz12kN-time_series_forest_regressor,time_series_forest_regressor,2,Bearing1_3,115,43.0,51.5,train_Bearing1_1_1_2_1_4_1_5_test_Bearing1_3
XJTU-SY-condition_1_35Hz12kN-time_series_forest_regressor,time_series_forest_regressor,2,Bearing1_3,116,42.0,61.2375,train_Bearing1_1_1_2_1_4_1_5_test_Bearing1_3
XJTU-SY-condition_1_35Hz12kN-time_series_forest_regressor,time_series_forest_regressor,2,Bearing1_3,117,41.0,58.9625,train_Bearing1_1_1_2_1_4_1_5_test_Bearing1_3
XJTU-SY-condition_1_35Hz12kN-time_series_forest_regressor,time_series_forest_regressor,2,Bearing1_3,118,40.0,59.45,train_Bearing1_1_1_2_1_4_1_5_test_Bearing1_3
XJTU-SY-condition_1_35Hz12kN-time_series_forest_regressor,time_series_forest_regressor,2,Bearing1_3,119,39.0,64.075,train_Bearing1_1_1_2_1_4_1_5_test_Bearing1_3
XJTU-SY-condition_1_35Hz12kN-time_series_forest_regressor,time_series_forest_regressor,2,Bearing1_3,120,38.0,60.425,train_Bearing1_1_1_2_1_4_1_5_test_Bearing1_3
XJTU-SY-condition_1_35Hz12kN-time_series_forest_regressor,time_series_forest_regressor,2,Bearing1_3,121,37.0,56.7625,train_Bearing1_1_1_2_1_4_1_5_test_Bearing1_3
XJTU-SY-condition_1_35Hz12kN-time_series_forest_regressor,time_series_forest_regressor,2,Bearing1_3,122,36.0,49.0125,train_Bearing1_1_1_2_1_4_1_5_test_Bearing1_3
XJTU-SY-condition_1_35Hz12kN-time_series_forest_regressor,time_series_forest_regressor,2,Bearing1_3,123,35.0,72.1125,train_Bearing1_1_1_2_1_4_1_5_test_Bearing1_3
XJTU-SY-condition_1_35Hz12kN-time_series_forest_regressor,time_series_forest_regressor,2,Bearing1_3,124,34.0,54.8875,train_Bearing1_1_1_2_1_4_1_5_test_Bearing1_3
XJTU-SY-condition_1_35Hz12kN-time_series_forest_regressor,time_series_forest_regressor,2,Bearing1_3,125,33.0,71.45,train_Bearing1_1_1_2_1_4_1_5_test_Bearing1_3
XJTU-SY-condition_1_35Hz12kN-time_series_forest_regressor,time_series_forest_regressor,2,Bearing1_3,126,32.0,59.7625,train_Bearing1_1_1_2_1_4_1_5_test_Bearing1_3
XJTU-SY-condition_1_35Hz12kN-time_series_forest_regressor,time_series_forest_regressor,2,Bearing1_3,127,31.0,52.75,train_Bearing1_1_1_2_1_4_1_5_test_Bearing1_3
XJTU-SY-condition_1_35Hz12kN-time_series_forest_regressor,time_series_forest_regressor,2,Bearing1_3,128,30.0,66.8625,train_Bearing1_1_1_2_1_4_1_5_test_Bearing1_3
XJTU-SY-condition_1_35Hz12kN-time_series_forest_regressor,time_series_forest_regressor,2,Bearing1_3,129,29.0,66.0125,train_Bearing1_1_1_2_1_4_1_5_test_Bearing1_3
XJTU-SY-condition_1_35Hz12kN-time_series_forest_regressor,time_series_forest_regressor,2,Bearing1_3,130,28.0,68.65,train_Bearing1_1_1_2_1_4_1_5_test_Bearing1_3
XJTU-SY-condition_1_35Hz12kN-time_series_forest_regressor,time_series_forest_regressor,2,Bearing1_3,131,27.0,62.275,train_Bearing1_1_1_2_1_4_1_5_test_Bearing1_3
XJTU-SY-condition_1_35Hz12kN-time_series_forest_regressor,time_series_forest_regressor,2,Bearing1_3,132,26.0,67.575,train_Bearing1_1_1_2_1_4_1_5_test_Bearing1_3
XJTU-SY-condition_1_35Hz12kN-time_series_forest_regressor,time_series_forest_regressor,2,Bearing1_3,133,25.0,60.1625,train_Bearing1_1_1_2_1_4_1_5_test_Bearing1_3
XJTU-SY-condition_1_35Hz12kN-time_series_forest_regressor,time_series_forest_regressor,2,Bearing1_3,134,24.0,72.6,train_Bearing1_1_1_2_1_4_1_5_test_Bearing1_3
XJTU-SY-condition_1_35Hz12kN-time_series_forest_regressor,time_series_forest_regressor,2,Bearing1_3,135,23.0,67.5125,train_Bearing1_1_1_2_1_4_1_5_test_Bearing1_3
XJTU-SY-condition_1_35Hz12kN-time_series_forest_regressor,time_series_forest_regressor,2,Bearing1_3,136,22.0,69.5375,train_Bearing1_1_1_2_1_4_1_5_test_Bearing1_3
XJTU-SY-condition_1_35Hz12kN-time_series_forest_regressor,time_series_forest_regressor,2,Bearing1_3,137,21.0,81.2375,train_Bearing1_1_1_2_1_4_1_5_test_Bearing1_3
XJTU-SY-condition_1_35Hz12kN-time_series_forest_regressor,time_series_forest_regressor,2,Bearing1_3,138,20.0,69.8,train_Bearing1_1_1_2_1_4_1_5_test_Bearing1_3
XJTU-SY-condition_1_35Hz12kN-time_series_forest_regressor,time_series_forest_regressor,2,Bearing1_3,139,19.0,63.5,train_Bearing1_1_1_2_1_4_1_5_test_Bearing1_3
XJTU-SY-condition_1_35Hz12kN-time_series_forest_regressor,time_series_forest_regressor,2,Bearing1_3,140,18.0,65.65,train_Bearing1_1_1_2_1_4_1_5_test_Bearing1_3
XJTU-SY-condition_1_35Hz12kN-time_series_forest_regressor,time_series_forest_regressor,2,Bearing1_3,141,17.0,63.3625,train_Bearing1_1_1_2_1_4_1_5_test_Bearing1_3
XJTU-SY-condition_1_35Hz12kN-time_series_forest_regressor,time_series_forest_regressor,2,Bearing1_3,142,16.0,76.85,train_Bearing1_1_1_2_1_4_1_5_test_Bearing1_3
XJTU-SY-condition_1_35Hz12kN-time_series_forest_regressor,time_series_forest_regressor,2,Bearing1_3,143,15.0,73.625,train_Bearing1_1_1_2_1_4_1_5_test_Bearing1_3
XJTU-SY-condition_1_35Hz12kN-time_series_forest_regressor,time_series_forest_regressor,2,Bearing1_3,144,14.0,60.4375,train_Bearing1_1_1_2_1_4_1_5_test_Bearing1_3
XJTU-SY-condition_1_35Hz12kN-time_series_forest_regressor,time_series_forest_regressor,2,Bearing1_3,145,13.0,82.625,train_Bearing1_1_1_2_1_4_1_5_test_Bearing1_3
XJTU-SY-condition_1_35Hz12kN-time_series_forest_regressor,time_series_forest_regressor,2,Bearing1_3,146,12.0,69.75,train_Bearing1_1_1_2_1_4_1_5_test_Bearing1_3
XJTU-SY-condition_1_35Hz12kN-time_series_forest_regressor,time_series_forest_regressor,2,Bearing1_3,147,11.0,72.775,train_Bearing1_1_1_2_1_4_1_5_test_Bearing1_3
XJTU-SY-condition_1_35Hz12kN-time_series_forest_regressor,time_series_forest_regressor,2,Bearing1_3,148,10.0,77.55,train_Bearing1_1_1_2_1_4_1_5_test_Bearing1_3
XJTU-SY-condition_1_35Hz12kN-time_series_forest_regressor,time_series_forest_regressor,2,Bearing1_3,149,9.0,67.4875,train_Bearing1_1_1_2_1_4_1_5_test_Bearing1_3
XJTU-SY-condition_1_35Hz12kN-time_series_forest_regressor,time_series_forest_regressor,2,Bearing1_3,150,8.0,62.725,train_Bearing1_1_1_2_1_4_1_5_test_Bearing1_3
XJTU-SY-condition_1_35Hz12kN-time_series_forest_regressor,time_series_forest_regressor,2,Bearing1_3,151,7.0,63.15,train_Bearing1_1_1_2_1_4_1_5_test_Bearing1_3
XJTU-SY-condition_1_35Hz12kN-time_series_forest_regressor,time_series_forest_regressor,2,Bearing1_3,152,6.0,61.25,train_Bearing1_1_1_2_1_4_1_5_test_Bearing1_3
XJTU-SY-condition_1_35Hz12kN-time_series_forest_regressor,time_series_forest_regressor,2,Bearing1_3,153,5.0,61.0375,train_Bearing1_1_1_2_1_4_1_5_test_Bearing1_3
XJTU-SY-condition_1_35Hz12kN-time_series_forest_regressor,time_series_forest_regressor,2,Bearing1_3,154,4.0,67.125,train_Bearing1_1_1_2_1_4_1_5_test_Bearing1_3
XJTU-SY-condition_1_35Hz12kN-time_series_forest_regressor,time_series_forest_regressor,2,Bearing1_3,155,3.0,52.9875,train_Bearing1_1_1_2_1_4_1_5_test_Bearing1_3
XJTU-SY-condition_1_35Hz12kN-time_series_forest_regressor,time_series_forest_regressor,2,Bearing1_3,156,2.0,55.6875,train_Bearing1_1_1_2_1_4_1_5_test_Bearing1_3
XJTU-SY-condition_1_35Hz12kN-time_series_forest_regressor,time_series_forest_regressor,2,Bearing1_3,157,1.0,57.1125,train_Bearing1_1_1_2_1_4_1_5_test_Bearing1_3
