feature_name,feature_set_config,dataset_name,condition_name,target_name,score,p_value,correlation,selected,feature_group,interpretation,selection_split,selection_scope,feature_grain,train_bearings,held_out_bearing,overlaps_manual_19
vertical__maximum,MinimalFCParameters,XJTU-SY,condition_1_35Hz12kN,rul,0.20099398483833752,1.596460411218523e-05,0.20099398483833752,True,time_domain,vertical channel maximum statistic; selected on train bearings only to avoid held-out leakage.,train_only,train_bearings_only,single_snapshot,"Bearing1_1,Bearing1_2,Bearing1_4,Bearing1_5",Bearing1_3,False
vertical__absolute_maximum,MinimalFCParameters,XJTU-SY,condition_1_35Hz12kN,rul,0.12594433545960798,0.007213169748093983,0.12594433545960798,True,energy,vertical channel absolute maximum statistic; selected on train bearings only to avoid held-out leakage.,train_only,train_bearings_only,single_snapshot,"Bearing1_1,Bearing1_2,Bearing1_4,Bearing1_5",Bearing1_3,False
horizontal__maximum,MinimalFCParameters,XJTU-SY,condition_1_35Hz12kN,rul,0.04193677519249295,0.3726677970150667,0.04193677519249295,True,time_domain,horizontal channel maximum statistic; selected on train bearings only to avoid held-out leakage.,train_only,train_bearings_only,single_snapshot,"Bearing1_1,Bearing1_2,Bearing1_4,Bearing1_5",Bearing1_3,False
horizontal__minimum,MinimalFCParameters,XJTU-SY,condition_1_35Hz12kN,rul,0.040403679987257184,0.3904123568379125,0.040403679987257184,True,time_domain,horizontal channel minimum statistic; selected on train bearings only to avoid held-out leakage.,train_only,train_bearings_only,single_snapshot,"Bearing1_1,Bearing1_2,Bearing1_4,Bearing1_5",Bearing1_3,False
vertical__minimum,MinimalFCParameters,XJTU-SY,condition_1_35Hz12kN,rul,0.035981716425469185,0.4443867902016859,-0.035981716425469185,True,time_domain,vertical channel minimum statistic; selected on train bearings only to avoid held-out leakage.,train_only,train_bearings_only,single_snapshot,"Bearing1_1,Bearing1_2,Bearing1_4,Bearing1_5",Bearing1_3,False
horizontal__absolute_maximum,MinimalFCParameters,XJTU-SY,condition_1_35Hz12kN,rul,0.03539192754389322,0.4518933103834701,0.03539192754389322,True,energy,horizontal channel absolute maximum statistic; selected on train bearings only to avoid held-out leakage.,train_only,train_bearings_only,single_snapshot,"Bearing1_1,Bearing1_2,Bearing1_4,Bearing1_5",Bearing1_3,False
vertical__median,MinimalFCParameters,XJTU-SY,condition_1_35Hz12kN,rul,0.031177327916756724,0.5075652003240807,-0.031177327916756724,True,time_domain,vertical channel median statistic; selected on train bearings only to avoid held-out leakage.,train_only,train_bearings_only,single_snapshot,"Bearing1_1,Bearing1_2,Bearing1_4,Bearing1_5",Bearing1_3,False
horizontal__median,MinimalFCParameters,XJTU-SY,condition_1_35Hz12kN,rul,0.0272192903267348,0.5629419478454442,-0.0272192903267348,True,time_domain,horizontal channel median statistic; selected on train bearings only to avoid held-out leakage.,train_only,train_bearings_only,single_snapshot,"Bearing1_1,Bearing1_2,Bearing1_4,Bearing1_5",Bearing1_3,False
vertical__length,MinimalFCParameters,XJTU-SY,condition_1_35Hz12kN,rul,0.0,1.0,0.0,False,shape,vertical channel length statistic; selected on train bearings only to avoid held-out leakage.,train_only,train_bearings_only,single_snapshot,"Bearing1_1,Bearing1_2,Bearing1_4,Bearing1_5",Bearing1_3,False
vertical__root_mean_square,MinimalFCParameters,XJTU-SY,condition_1_35Hz12kN,rul,0.0,1.0,0.0,False,energy,vertical channel root mean square statistic; selected on train bearings only to avoid held-out leakage.,train_only,train_bearings_only,single_snapshot,"Bearing1_1,Bearing1_2,Bearing1_4,Bearing1_5",Bearing1_3,True
vertical__variance,MinimalFCParameters,XJTU-SY,condition_1_35Hz12kN,rul,0.0,1.0,0.0,False,distribution,vertical channel variance statistic; selected on train bearings only to avoid held-out leakage.,train_only,train_bearings_only,single_snapshot,"Bearing1_1,Bearing1_2,Bearing1_4,Bearing1_5",Bearing1_3,True
vertical__standard_deviation,MinimalFCParameters,XJTU-SY,condition_1_35Hz12kN,rul,0.0,1.0,0.0,False,distribution,vertical channel standard deviation statistic; selected on train bearings only to avoid held-out leakage.,train_only,train_bearings_only,single_snapshot,"Bearing1_1,Bearing1_2,Bearing1_4,Bearing1_5",Bearing1_3,True
horizontal__sum_values,MinimalFCParameters,XJTU-SY,condition_1_35Hz12kN,rul,0.0,1.0,0.0,False,time_domain,horizontal channel sum values statistic; selected on train bearings only to avoid held-out leakage.,train_only,train_bearings_only,single_snapshot,"Bearing1_1,Bearing1_2,Bearing1_4,Bearing1_5",Bearing1_3,False
vertical__mean,MinimalFCParameters,XJTU-SY,condition_1_35Hz12kN,rul,0.0,1.0,0.0,False,time_domain,vertical channel mean statistic; selected on train bearings only to avoid held-out leakage.,train_only,train_bearings_only,single_snapshot,"Bearing1_1,Bearing1_2,Bearing1_4,Bearing1_5",Bearing1_3,True
horizontal__root_mean_square,MinimalFCParameters,XJTU-SY,condition_1_35Hz12kN,rul,0.0,1.0,0.0,False,energy,horizontal channel root mean square statistic; selected on train bearings only to avoid held-out leakage.,train_only,train_bearings_only,single_snapshot,"Bearing1_1,Bearing1_2,Bearing1_4,Bearing1_5",Bearing1_3,True
horizontal__variance,MinimalFCParameters,XJTU-SY,condition_1_35Hz12kN,rul,0.0,1.0,0.0,False,distribution,horizontal channel variance statistic; selected on train bearings only to avoid held-out leakage.,train_only,train_bearings_only,single_snapshot,"Bearing1_1,Bearing1_2,Bearing1_4,Bearing1_5",Bearing1_3,True
horizontal__standard_deviation,MinimalFCParameters,XJTU-SY,condition_1_35Hz12kN,rul,0.0,1.0,0.0,False,distribution,horizontal channel standard deviation statistic; selected on train bearings only to avoid held-out leakage.,train_only,train_bearings_only,single_snapshot,"Bearing1_1,Bearing1_2,Bearing1_4,Bearing1_5",Bearing1_3,True
horizontal__length,MinimalFCParameters,XJTU-SY,condition_1_35Hz12kN,rul,0.0,1.0,0.0,False,shape,horizontal channel length statistic; selected on train bearings only to avoid held-out leakage.,train_only,train_bearings_only,single_snapshot,"Bearing1_1,Bearing1_2,Bearing1_4,Bearing1_5",Bearing1_3,False
horizontal__mean,MinimalFCParameters,XJTU-SY,condition_1_35Hz12kN,rul,0.0,1.0,0.0,False,time_domain,horizontal channel mean statistic; selected on train bearings only to avoid held-out leakage.,train_only,train_bearings_only,single_snapshot,"Bearing1_1,Bearing1_2,Bearing1_4,Bearing1_5",Bearing1_3,True
vertical__sum_values,MinimalFCParameters,XJTU-SY,condition_1_35Hz12kN,rul,0.0,1.0,0.0,False,time_domain,vertical channel sum values statistic; selected on train bearings only to avoid held-out leakage.,train_only,train_bearings_only,single_snapshot,"Bearing1_1,Bearing1_2,Bearing1_4,Bearing1_5",Bearing1_3,False
horizontal__partial_autocorrelation__lag_1,EfficientFCParameters,XJTU-SY,condition_1_35Hz12kN,rul,0.424468234213857,2.7747482527749358e-21,0.424468234213857,True,time_domain,horizontal channel partial autocorrelation  lag 1 statistic; selected on train bearings only to avoid held-out leakage.,train_only,train_bearings_only,single_snapshot,"Bearing1_1,Bearing1_2,Bearing1_4,Bearing1_5",Bearing1_3,False
horizontal__autocorrelation__lag_1,EfficientFCParameters,XJTU-SY,condition_1_35Hz12kN,rul,0.42446823421385693,2.7747482527749358e-21,0.42446823421385693,True,time_domain,horizontal channel autocorrelation  lag 1 statistic; selected on train bearings only to avoid held-out leakage.,train_only,train_bearings_only,single_snapshot,"Bearing1_1,Bearing1_2,Bearing1_4,Bearing1_5",Bearing1_3,False
"horizontal__change_quantiles__f_agg_""var""__isabs_False__qh_1.0__ql_0.0",EfficientFCParameters,XJTU-SY,condition_1_35Hz12kN,rul,0.42150133421321,5.574785071518923e-21,-0.42150133421321,True,time_domain,"horizontal channel change quantiles  f agg ""var""  isabs False  qh 1.0  ql 0.0 statistic; selected on train bearings only to avoid held-out leakage.",train_only,train_bearings_only,single_snapshot,"Bearing1_1,Bearing1_2,Bearing1_4,Bearing1_5",Bearing1_3,False
horizontal__cid_ce__normalize_True,EfficientFCParameters,XJTU-SY,condition_1_35Hz12kN,rul,0.4152512794758147,2.370197559999447e-20,-0.4152512794758147,True,time_domain,horizontal channel cid ce  normalize True statistic; selected on train bearings only to avoid held-out leakage.,train_only,train_bearings_only,single_snapshot,"Bearing1_1,Bearing1_2,Bearing1_4,Bearing1_5",Bearing1_3,False
horizontal__cid_ce__normalize_False,EfficientFCParameters,XJTU-SY,condition_1_35Hz12kN,rul,0.4152512794758146,2.3701975599995592e-20,-0.4152512794758146,True,time_domain,horizontal channel cid ce  normalize False statistic; selected on train bearings only to avoid held-out leakage.,train_only,train_bearings_only,single_snapshot,"Bearing1_1,Bearing1_2,Bearing1_4,Bearing1_5",Bearing1_3,False
"horizontal__change_quantiles__f_agg_""mean""__isabs_True__qh_1.0__ql_0.0",EfficientFCParameters,XJTU-SY,condition_1_35Hz12kN,rul,0.4131819375830164,3.8019878657982037e-20,-0.4131819375830164,True,time_domain,"horizontal channel change quantiles  f agg ""mean""  isabs True  qh 1.0  ql 0.0 statistic; selected on train bearings only to avoid held-out leakage.",train_only,train_bearings_only,single_snapshot,"Bearing1_1,Bearing1_2,Bearing1_4,Bearing1_5",Bearing1_3,True
horizontal__mean_abs_change,EfficientFCParameters,XJTU-SY,condition_1_35Hz12kN,rul,0.4131819375830164,3.8019878657982037e-20,-0.4131819375830164,True,time_domain,horizontal channel mean abs change statistic; selected on train bearings only to avoid held-out leakage.,train_only,train_bearings_only,single_snapshot,"Bearing1_1,Bearing1_2,Bearing1_4,Bearing1_5",Bearing1_3,True
horizontal__absolute_sum_of_changes,EfficientFCParameters,XJTU-SY,condition_1_35Hz12kN,rul,0.41318193758301625,3.801987865798293e-20,-0.41318193758301625,True,energy,horizontal channel absolute sum of changes statistic; selected on train bearings only to avoid held-out leakage.,train_only,train_bearings_only,single_snapshot,"Bearing1_1,Bearing1_2,Bearing1_4,Bearing1_5",Bearing1_3,False
vertical__ar_coefficient__coeff_8__k_10,EfficientFCParameters,XJTU-SY,condition_1_35Hz12kN,rul,0.41283722995608796,4.1120529320793924e-20,0.41283722995608796,True,time_domain,vertical channel ar coefficient  coeff 8  k 10 statistic; selected on train bearings only to avoid held-out leakage.,train_only,train_bearings_only,single_snapshot,"Bearing1_1,Bearing1_2,Bearing1_4,Bearing1_5",Bearing1_3,False
horizontal__number_crossing_m__m_0,EfficientFCParameters,XJTU-SY,condition_1_35Hz12kN,rul,0.40345197001616406,3.357850382183681e-19,-0.40345197001616406,True,time_domain,horizontal channel number crossing m  m 0 statistic; selected on train bearings only to avoid held-out leakage.,train_only,train_bearings_only,single_snapshot,"Bearing1_1,Bearing1_2,Bearing1_4,Bearing1_5",Bearing1_3,False
vertical__partial_autocorrelation__lag_8,EfficientFCParameters,XJTU-SY,condition_1_35Hz12kN,rul,0.390024707350065,6.046681200352858e-18,0.390024707350065,True,time_domain,vertical channel partial autocorrelation  lag 8 statistic; selected on train bearings only to avoid held-out leakage.,train_only,train_bearings_only,single_snapshot,"Bearing1_1,Bearing1_2,Bearing1_4,Bearing1_5",Bearing1_3,False
horizontal__ar_coefficient__coeff_1__k_10,EfficientFCParameters,XJTU-SY,condition_1_35Hz12kN,rul,0.38153365967528186,3.5178454255862387e-17,0.38153365967528186,True,time_domain,horizontal channel ar coefficient  coeff 1  k 10 statistic; selected on train bearings only to avoid held-out leakage.,train_only,train_bearings_only,single_snapshot,"Bearing1_1,Bearing1_2,Bearing1_4,Bearing1_5",Bearing1_3,False
"vertical__fft_coefficient__attr_""abs""__coeff_44",EfficientFCParameters,XJTU-SY,condition_1_35Hz12kN,rul,0.3773276470215873,8.258789091688106e-17,0.3773276470215873,True,frequency,"vertical channel fft coefficient  attr ""abs""  coeff 44 statistic; selected on train bearings only to avoid held-out leakage.",train_only,train_bearings_only,single_snapshot,"Bearing1_1,Bearing1_2,Bearing1_4,Bearing1_5",Bearing1_3,False
"horizontal__fft_aggregated__aggtype_""skew""",EfficientFCParameters,XJTU-SY,condition_1_35Hz12kN,rul,0.37217693355898346,2.309566224691098e-16,0.37217693355898346,True,frequency,"horizontal channel fft aggregated  aggtype ""skew"" statistic; selected on train bearings only to avoid held-out leakage.",train_only,train_bearings_only,single_snapshot,"Bearing1_1,Bearing1_2,Bearing1_4,Bearing1_5",Bearing1_3,False
"horizontal__fft_aggregated__aggtype_""centroid""",EfficientFCParameters,XJTU-SY,condition_1_35Hz12kN,rul,0.3662695863034678,7.34539481541092e-16,-0.3662695863034678,True,frequency,"horizontal channel fft aggregated  aggtype ""centroid"" statistic; selected on train bearings only to avoid held-out leakage.",train_only,train_bearings_only,single_snapshot,"Bearing1_1,Bearing1_2,Bearing1_4,Bearing1_5",Bearing1_3,False
horizontal__autocorrelation__lag_7,EfficientFCParameters,XJTU-SY,condition_1_35Hz12kN,rul,0.3644421501500175,1.0456198846834935e-15,0.3644421501500175,True,time_domain,horizontal channel autocorrelation  lag 7 statistic; selected on train bearings only to avoid held-out leakage.,train_only,train_bearings_only,single_snapshot,"Bearing1_1,Bearing1_2,Bearing1_4,Bearing1_5",Bearing1_3,False
horizontal__number_peaks__n_1,EfficientFCParameters,XJTU-SY,condition_1_35Hz12kN,rul,0.36421555839043684,1.0922479443142049e-15,-0.36421555839043684,True,time_domain,horizontal channel number peaks  n 1 statistic; selected on train bearings only to avoid held-out leakage.,train_only,train_bearings_only,single_snapshot,"Bearing1_1,Bearing1_2,Bearing1_4,Bearing1_5",Bearing1_3,True
horizontal__friedrich_coefficients__coeff_2__m_3__r_30,EfficientFCParameters,XJTU-SY,condition_1_35Hz12kN,rul,0.36337523355137,1.283681751332031e-15,0.36337523355137,True,time_domain,horizontal channel friedrich coefficients  coeff 2  m 3  r 30 statistic; selected on train bearings only to avoid held-out leakage.,train_only,train_bearings_only,single_snapshot,"Bearing1_1,Bearing1_2,Bearing1_4,Bearing1_5",Bearing1_3,False
horizontal__autocorrelation__lag_9,EfficientFCParameters,XJTU-SY,condition_1_35Hz12kN,rul,0.35064359084530494,1.3998744848067317e-14,0.35064359084530494,True,time_domain,horizontal channel autocorrelation  lag 9 statistic; selected on train bearings only to avoid held-out leakage.,train_only,train_bearings_only,single_snapshot,"Bearing1_1,Bearing1_2,Bearing1_4,Bearing1_5",Bearing1_3,False
vertical__ar_coefficient__coeff_6__k_10,EfficientFCParameters,XJTU-SY,condition_1_35Hz12kN,rul,0.3481331536819597,2.2142433090051162e-14,0.3481331536819597,True,time_domain,vertical channel ar coefficient  coeff 6  k 10 statistic; selected on train bearings only to avoid held-out leakage.,train_only,train_bearings_only,single_snapshot,"Bearing1_1,Bearing1_2,Bearing1_4,Bearing1_5",Bearing1_3,False
vertical__permutation_entropy__dimension_4__tau_1,EfficientFCParameters,XJTU-SY,condition_1_35Hz12kN,rul,0.3463462301763091,3.06117176575734e-14,0.3463462301763091,True,time_domain,vertical channel permutation entropy  dimension 4  tau 1 statistic; selected on train bearings only to avoid held-out leakage.,train_only,train_bearings_only,single_snapshot,"Bearing1_1,Bearing1_2,Bearing1_4,Bearing1_5",Bearing1_3,False
vertical__permutation_entropy__dimension_6__tau_1,EfficientFCParameters,XJTU-SY,condition_1_35Hz12kN,rul,0.34414043440007086,4.552893026363163e-14,0.34414043440007086,True,time_domain,vertical channel permutation entropy  dimension 6  tau 1 statistic; selected on train bearings only to avoid held-out leakage.,train_only,train_bearings_only,single_snapshot,"Bearing1_1,Bearing1_2,Bearing1_4,Bearing1_5",Bearing1_3,False
horizontal__partial_autocorrelation__lag_7,EfficientFCParameters,XJTU-SY,condition_1_35Hz12kN,rul,0.3429114645904873,5.672194239232826e-14,0.3429114645904873,True,time_domain,horizontal channel partial autocorrelation  lag 7 statistic; selected on train bearings only to avoid held-out leakage.,train_only,train_bearings_only,single_snapshot,"Bearing1_1,Bearing1_2,Bearing1_4,Bearing1_5",Bearing1_3,False
vertical__permutation_entropy__dimension_7__tau_1,EfficientFCParameters,XJTU-SY,condition_1_35Hz12kN,rul,0.33622306531986024,1.84480022503564e-13,0.33622306531986024,True,time_domain,vertical channel permutation entropy  dimension 7  tau 1 statistic; selected on train bearings only to avoid held-out leakage.,train_only,train_bearings_only,single_snapshot,"Bearing1_1,Bearing1_2,Bearing1_4,Bearing1_5",Bearing1_3,False
vertical__partial_autocorrelation__lag_6,EfficientFCParameters,XJTU-SY,condition_1_35Hz12kN,rul,0.3331928406459496,3.1185619815892797e-13,0.3331928406459496,True,time_domain,vertical channel partial autocorrelation  lag 6 statistic; selected on train bearings only to avoid held-out leakage.,train_only,train_bearings_only,single_snapshot,"Bearing1_1,Bearing1_2,Bearing1_4,Bearing1_5",Bearing1_3,False
horizontal__ar_coefficient__coeff_7__k_10,EfficientFCParameters,XJTU-SY,condition_1_35Hz12kN,rul,0.3289391880098304,6.453531678653168e-13,0.3289391880098304,True,time_domain,horizontal channel ar coefficient  coeff 7  k 10 statistic; selected on train bearings only to avoid held-out leakage.,train_only,train_bearings_only,single_snapshot,"Bearing1_1,Bearing1_2,Bearing1_4,Bearing1_5",Bearing1_3,False
vertical__permutation_entropy__dimension_5__tau_1,EfficientFCParameters,XJTU-SY,condition_1_35Hz12kN,rul,0.3280330256248644,7.524010356480454e-13,0.3280330256248644,True,time_domain,vertical channel permutation entropy  dimension 5  tau 1 statistic; selected on train bearings only to avoid held-out leakage.,train_only,train_bearings_only,single_snapshot,"Bearing1_1,Bearing1_2,Bearing1_4,Bearing1_5",Bearing1_3,False
"horizontal__agg_autocorrelation__f_agg_""var""__maxlag_40",EfficientFCParameters,XJTU-SY,condition_1_35Hz12kN,rul,0.31264036074349083,9.444815980446495e-12,-0.31264036074349083,True,time_domain,"horizontal channel agg autocorrelation  f agg ""var""  maxlag 40 statistic; selected on train bearings only to avoid held-out leakage.",train_only,train_bearings_only,single_snapshot,"Bearing1_1,Bearing1_2,Bearing1_4,Bearing1_5",Bearing1_3,False
"vertical__agg_autocorrelation__f_agg_""var""__maxlag_40",EfficientFCParameters,XJTU-SY,condition_1_35Hz12kN,rul,0.30921260285588836,1.6270012163674163e-11,-0.30921260285588836,True,time_domain,"vertical channel agg autocorrelation  f agg ""var""  maxlag 40 statistic; selected on train bearings only to avoid held-out leakage.",train_only,train_bearings_only,single_snapshot,"Bearing1_1,Bearing1_2,Bearing1_4,Bearing1_5",Bearing1_3,False
vertical__permutation_entropy__dimension_3__tau_1,EfficientFCParameters,XJTU-SY,condition_1_35Hz12kN,rul,0.30728414830728396,2.2025814958315278e-11,0.30728414830728396,True,time_domain,vertical channel permutation entropy  dimension 3  tau 1 statistic; selected on train bearings only to avoid held-out leakage.,train_only,train_bearings_only,single_snapshot,"Bearing1_1,Bearing1_2,Bearing1_4,Bearing1_5",Bearing1_3,False
"horizontal__change_quantiles__f_agg_""var""__isabs_True__qh_1.0__ql_0.0",EfficientFCParameters,XJTU-SY,condition_1_35Hz12kN,rul,0.3059024811799148,2.7326782906950526e-11,-0.3059024811799148,True,time_domain,"horizontal channel change quantiles  f agg ""var""  isabs True  qh 1.0  ql 0.0 statistic; selected on train bearings only to avoid held-out leakage.",train_only,train_bearings_only,single_snapshot,"Bearing1_1,Bearing1_2,Bearing1_4,Bearing1_5",Bearing1_3,False
vertical__autocorrelation__lag_9,EfficientFCParameters,XJTU-SY,condition_1_35Hz12kN,rul,0.3058815763094954,2.7415853608736712e-11,0.3058815763094954,True,time_domain,vertical channel autocorrelation  lag 9 statistic; selected on train bearings only to avoid held-out leakage.,train_only,train_bearings_only,single_snapshot,"Bearing1_1,Bearing1_2,Bearing1_4,Bearing1_5",Bearing1_3,False
vertical__fourier_entropy__bins_100,EfficientFCParameters,XJTU-SY,condition_1_35Hz12kN,rul,0.2955083735173485,1.3350860571194673e-10,0.2955083735173485,False,time_domain,vertical channel fourier entropy  bins 100 statistic; selected on train bearings only to avoid held-out leakage.,train_only,train_bearings_only,single_snapshot,"Bearing1_1,Bearing1_2,Bearing1_4,Bearing1_5",Bearing1_3,False
"horizontal__change_quantiles__f_agg_""var""__isabs_False__qh_0.8__ql_0.0",EfficientFCParameters,XJTU-SY,condition_1_35Hz12kN,rul,0.27938643651527273,1.3817267856105035e-09,-0.27938643651527273,False,time_domain,"horizontal channel change quantiles  f agg ""var""  isabs False  qh 0.8  ql 0.0 statistic; selected on train bearings only to avoid held-out leakage.",train_only,train_bearings_only,single_snapshot,"Bearing1_1,Bearing1_2,Bearing1_4,Bearing1_5",Bearing1_3,False
horizontal__ar_coefficient__coeff_9__k_10,EfficientFCParameters,XJTU-SY,condition_1_35Hz12kN,rul,0.27413349702436524,2.866172040773038e-09,0.27413349702436524,False,time_domain,horizontal channel ar coefficient  coeff 9  k 10 statistic; selected on train bearings only to avoid held-out leakage.,train_only,train_bearings_only,single_snapshot,"Bearing1_1,Bearing1_2,Bearing1_4,Bearing1_5",Bearing1_3,False
horizontal__permutation_entropy__dimension_4__tau_1,EfficientFCParameters,XJTU-SY,condition_1_35Hz12kN,rul,0.27231063571808606,3.6787683416701163e-09,0.27231063571808606,False,time_domain,horizontal channel permutation entropy  dimension 4  tau 1 statistic; selected on train bearings only to avoid held-out leakage.,train_only,train_bearings_only,single_snapshot,"Bearing1_1,Bearing1_2,Bearing1_4,Bearing1_5",Bearing1_3,False
"horizontal__change_quantiles__f_agg_""var""__isabs_True__qh_0.8__ql_0.0",EfficientFCParameters,XJTU-SY,condition_1_35Hz12kN,rul,0.2708560713960273,4.483596836962123e-09,-0.2708560713960273,False,time_domain,"horizontal channel change quantiles  f agg ""var""  isabs True  qh 0.8  ql 0.0 statistic; selected on train bearings only to avoid held-out leakage.",train_only,train_bearings_only,single_snapshot,"Bearing1_1,Bearing1_2,Bearing1_4,Bearing1_5",Bearing1_3,False
"vertical__fft_coefficient__attr_""abs""__coeff_90",EfficientFCParameters,XJTU-SY,condition_1_35Hz12kN,rul,0.27079872764310997,4.51859628125306e-09,0.27079872764310997,False,frequency,"vertical channel fft coefficient  attr ""abs""  coeff 90 statistic; selected on train bearings only to avoid held-out leakage.",train_only,train_bearings_only,single_snapshot,"Bearing1_1,Bearing1_2,Bearing1_4,Bearing1_5",Bearing1_3,False
"vertical__agg_linear_trend__attr_""stderr""__chunk_len_5__f_agg_""max""",EfficientFCParameters,XJTU-SY,condition_1_35Hz12kN,rul,0.2667566055064921,7.781419764614914e-09,0.2667566055064921,False,time_domain,"vertical channel agg linear trend  attr ""stderr""  chunk len 5  f agg ""max"" statistic; selected on train bearings only to avoid held-out leakage.",train_only,train_bearings_only,single_snapshot,"Bearing1_1,Bearing1_2,Bearing1_4,Bearing1_5",Bearing1_3,False
"horizontal__fft_coefficient__attr_""abs""__coeff_32",EfficientFCParameters,XJTU-SY,condition_1_35Hz12kN,rul,0.26522880530928566,9.533758123969891e-09,0.26522880530928566,False,frequency,"horizontal channel fft coefficient  attr ""abs""  coeff 32 statistic; selected on train bearings only to avoid held-out leakage.",train_only,train_bearings_only,single_snapshot,"Bearing1_1,Bearing1_2,Bearing1_4,Bearing1_5",Bearing1_3,False
"vertical__agg_linear_trend__attr_""stderr""__chunk_len_10__f_agg_""max""",EfficientFCParameters,XJTU-SY,condition_1_35Hz12kN,rul,0.26184290685912726,1.4885636040631391e-08,0.26184290685912726,False,time_domain,"vertical channel agg linear trend  attr ""stderr""  chunk len 10  f agg ""max"" statistic; selected on train bearings only to avoid held-out leakage.",train_only,train_bearings_only,single_snapshot,"Bearing1_1,Bearing1_2,Bearing1_4,Bearing1_5",Bearing1_3,False
vertical__c3__lag_1,EfficientFCParameters,XJTU-SY,condition_1_35Hz12kN,rul,0.2609491822138603,1.6725947377350776e-08,-0.2609491822138603,False,time_domain,vertical channel c3  lag 1 statistic; selected on train bearings only to avoid held-out leakage.,train_only,train_bearings_only,single_snapshot,"Bearing1_1,Bearing1_2,Bearing1_4,Bearing1_5",Bearing1_3,False
vertical__ar_coefficient__coeff_9__k_10,EfficientFCParameters,XJTU-SY,condition_1_35Hz12kN,rul,0.2580047575532635,2.448160572668069e-08,0.2580047575532635,False,time_domain,vertical channel ar coefficient  coeff 9  k 10 statistic; selected on train bearings only to avoid held-out leakage.,train_only,train_bearings_only,single_snapshot,"Bearing1_1,Bearing1_2,Bearing1_4,Bearing1_5",Bearing1_3,False
vertical__quantile__q_0.7,EfficientFCParameters,XJTU-SY,condition_1_35Hz12kN,rul,0.2575097699258795,2.6088758769301348e-08,-0.2575097699258795,False,time_domain,vertical channel quantile  q 0.7 statistic; selected on train bearings only to avoid held-out leakage.,train_only,train_bearings_only,single_snapshot,"Bearing1_1,Bearing1_2,Bearing1_4,Bearing1_5",Bearing1_3,False
horizontal__partial_autocorrelation__lag_9,EfficientFCParameters,XJTU-SY,condition_1_35Hz12kN,rul,0.2546704222050437,3.7474952292821025e-08,0.2546704222050437,False,time_domain,horizontal channel partial autocorrelation  lag 9 statistic; selected on train bearings only to avoid held-out leakage.,train_only,train_bearings_only,single_snapshot,"Bearing1_1,Bearing1_2,Bearing1_4,Bearing1_5",Bearing1_3,False
vertical__mean_n_absolute_max__number_of_maxima_7,EfficientFCParameters,XJTU-SY,condition_1_35Hz12kN,rul,0.252628238718471,4.8495925263021854e-08,0.252628238718471,False,energy,vertical channel mean n absolute max  number of maxima 7 statistic; selected on train bearings only to avoid held-out leakage.,train_only,train_bearings_only,single_snapshot,"Bearing1_1,Bearing1_2,Bearing1_4,Bearing1_5",Bearing1_3,True
horizontal__permutation_entropy__dimension_5__tau_1,EfficientFCParameters,XJTU-SY,condition_1_35Hz12kN,rul,0.25171782112347274,5.436341498900603e-08,0.25171782112347274,False,time_domain,horizontal channel permutation entropy  dimension 5  tau 1 statistic; selected on train bearings only to avoid held-out leakage.,train_only,train_bearings_only,single_snapshot,"Bearing1_1,Bearing1_2,Bearing1_4,Bearing1_5",Bearing1_3,False
"horizontal__fft_coefficient__attr_""abs""__coeff_30",EfficientFCParameters,XJTU-SY,condition_1_35Hz12kN,rul,0.2516729603130134,5.466959595765988e-08,0.2516729603130134,False,frequency,"horizontal channel fft coefficient  attr ""abs""  coeff 30 statistic; selected on train bearings only to avoid held-out leakage.",train_only,train_bearings_only,single_snapshot,"Bearing1_1,Bearing1_2,Bearing1_4,Bearing1_5",Bearing1_3,False
"horizontal__fft_coefficient__attr_""abs""__coeff_35",EfficientFCParameters,XJTU-SY,condition_1_35Hz12kN,rul,0.2487421991493058,7.87197956524865e-08,0.2487421991493058,False,frequency,"horizontal channel fft coefficient  attr ""abs""  coeff 35 statistic; selected on train bearings only to avoid held-out leakage.",train_only,train_bearings_only,single_snapshot,"Bearing1_1,Bearing1_2,Bearing1_4,Bearing1_5",Bearing1_3,False
vertical__partial_autocorrelation__lag_9,EfficientFCParameters,XJTU-SY,condition_1_35Hz12kN,rul,0.2484027634163501,8.209070752134162e-08,0.2484027634163501,False,time_domain,vertical channel partial autocorrelation  lag 9 statistic; selected on train bearings only to avoid held-out leakage.,train_only,train_bearings_only,single_snapshot,"Bearing1_1,Bearing1_2,Bearing1_4,Bearing1_5",Bearing1_3,False
horizontal__number_peaks__n_10,EfficientFCParameters,XJTU-SY,condition_1_35Hz12kN,rul,0.24671534404400075,1.0102436583724947e-07,-0.24671534404400075,False,time_domain,horizontal channel number peaks  n 10 statistic; selected on train bearings only to avoid held-out leakage.,train_only,train_bearings_only,single_snapshot,"Bearing1_1,Bearing1_2,Bearing1_4,Bearing1_5",Bearing1_3,True
"vertical__change_quantiles__f_agg_""mean""__isabs_True__qh_1.0__ql_0.8",EfficientFCParameters,XJTU-SY,condition_1_35Hz12kN,rul,0.24654221740652082,1.0318972247600411e-07,0.24654221740652082,False,time_domain,"vertical channel change quantiles  f agg ""mean""  isabs True  qh 1.0  ql 0.8 statistic; selected on train bearings only to avoid held-out leakage.",train_only,train_bearings_only,single_snapshot,"Bearing1_1,Bearing1_2,Bearing1_4,Bearing1_5",Bearing1_3,True
"vertical__fft_coefficient__attr_""abs""__coeff_20",EfficientFCParameters,XJTU-SY,condition_1_35Hz12kN,rul,0.24295408036357669,1.5957870714897062e-07,-0.24295408036357669,False,frequency,"vertical channel fft coefficient  attr ""abs""  coeff 20 statistic; selected on train bearings only to avoid held-out leakage.",train_only,train_bearings_only,single_snapshot,"Bearing1_1,Bearing1_2,Bearing1_4,Bearing1_5",Bearing1_3,False
vertical__autocorrelation__lag_6,EfficientFCParameters,XJTU-SY,condition_1_35Hz12kN,rul,0.2426021205679376,1.664900359092957e-07,0.2426021205679376,False,time_domain,vertical channel autocorrelation  lag 6 statistic; selected on train bearings only to avoid held-out leakage.,train_only,train_bearings_only,single_snapshot,"Bearing1_1,Bearing1_2,Bearing1_4,Bearing1_5",Bearing1_3,False
"horizontal__fft_coefficient__attr_""abs""__coeff_31",EfficientFCParameters,XJTU-SY,condition_1_35Hz12kN,rul,0.23979966232214317,2.3280598898195538e-07,0.23979966232214317,False,frequency,"horizontal channel fft coefficient  attr ""abs""  coeff 31 statistic; selected on train bearings only to avoid held-out leakage.",train_only,train_bearings_only,single_snapshot,"Bearing1_1,Bearing1_2,Bearing1_4,Bearing1_5",Bearing1_3,False
vertical__ratio_beyond_r_sigma__r_0.5,EfficientFCParameters,XJTU-SY,condition_1_35Hz12kN,rul,0.23717837402710745,3.1737289011329483e-07,-0.23717837402710745,False,time_domain,vertical channel ratio beyond r sigma  r 0.5 statistic; selected on train bearings only to avoid held-out leakage.,train_only,train_bearings_only,single_snapshot,"Bearing1_1,Bearing1_2,Bearing1_4,Bearing1_5",Bearing1_3,False
horizontal__permutation_entropy__dimension_3__tau_1,EfficientFCParameters,XJTU-SY,condition_1_35Hz12kN,rul,0.23667956828847697,3.365129853817745e-07,0.23667956828847697,False,time_domain,horizontal channel permutation entropy  dimension 3  tau 1 statistic; selected on train bearings only to avoid held-out leakage.,train_only,train_bearings_only,single_snapshot,"Bearing1_1,Bearing1_2,Bearing1_4,Bearing1_5",Bearing1_3,False
"horizontal__change_quantiles__f_agg_""mean""__isabs_True__qh_0.8__ql_0.0",EfficientFCParameters,XJTU-SY,condition_1_35Hz12kN,rul,0.23362380054401224,4.803694193137319e-07,-0.23362380054401224,False,time_domain,"horizontal channel change quantiles  f agg ""mean""  isabs True  qh 0.8  ql 0.0 statistic; selected on train bearings only to avoid held-out leakage.",train_only,train_bearings_only,single_snapshot,"Bearing1_1,Bearing1_2,Bearing1_4,Bearing1_5",Bearing1_3,True
vertical__ratio_beyond_r_sigma__r_2.5,EfficientFCParameters,XJTU-SY,condition_1_35Hz12kN,rul,0.23219119845426012,5.666539533416204e-07,0.23219119845426012,False,time_domain,vertical channel ratio beyond r sigma  r 2.5 statistic; selected on train bearings only to avoid held-out leakage.,train_only,train_bearings_only,single_snapshot,"Bearing1_1,Bearing1_2,Bearing1_4,Bearing1_5",Bearing1_3,False
horizontal__ratio_beyond_r_sigma__r_2,EfficientFCParameters,XJTU-SY,condition_1_35Hz12kN,rul,0.23134181484201397,6.24649013993645e-07,-0.23134181484201397,False,time_domain,horizontal channel ratio beyond r sigma  r 2 statistic; selected on train bearings only to avoid held-out leakage.,train_only,train_bearings_only,single_snapshot,"Bearing1_1,Bearing1_2,Bearing1_4,Bearing1_5",Bearing1_3,False
vertical__range_count__max_1__min_-1,EfficientFCParameters,XJTU-SY,condition_1_35Hz12kN,rul,0.22887283121637841,8.274243515242445e-07,0.22887283121637841,False,shape,vertical channel range count  max 1  min -1 statistic; selected on train bearings only to avoid held-out leakage.,train_only,train_bearings_only,single_snapshot,"Bearing1_1,Bearing1_2,Bearing1_4,Bearing1_5",Bearing1_3,False
vertical__ratio_beyond_r_sigma__r_1,EfficientFCParameters,XJTU-SY,condition_1_35Hz12kN,rul,0.22887283121637841,8.274243515242445e-07,-0.22887283121637841,False,time_domain,vertical channel ratio beyond r sigma  r 1 statistic; selected on train bearings only to avoid held-out leakage.,train_only,train_bearings_only,single_snapshot,"Bearing1_1,Bearing1_2,Bearing1_4,Bearing1_5",Bearing1_3,False
"vertical__change_quantiles__f_agg_""var""__isabs_False__qh_1.0__ql_0.8",EfficientFCParameters,XJTU-SY,condition_1_35Hz12kN,rul,0.22884009166890695,8.304971053410587e-07,0.22884009166890695,False,time_domain,"vertical channel change quantiles  f agg ""var""  isabs False  qh 1.0  ql 0.8 statistic; selected on train bearings only to avoid held-out leakage.",train_only,train_bearings_only,single_snapshot,"Bearing1_1,Bearing1_2,Bearing1_4,Bearing1_5",Bearing1_3,False
horizontal__permutation_entropy__dimension_6__tau_1,EfficientFCParameters,XJTU-SY,condition_1_35Hz12kN,rul,0.22865904126495762,8.476882573447757e-07,0.22865904126495762,False,time_domain,horizontal channel permutation entropy  dimension 6  tau 1 statistic; selected on train bearings only to avoid held-out leakage.,train_only,train_bearings_only,single_snapshot,"Bearing1_1,Bearing1_2,Bearing1_4,Bearing1_5",Bearing1_3,False
horizontal__fourier_entropy__bins_100,EfficientFCParameters,XJTU-SY,condition_1_35Hz12kN,rul,0.22836743557551897,8.760971381079087e-07,0.22836743557551897,False,time_domain,horizontal channel fourier entropy  bins 100 statistic; selected on train bearings only to avoid held-out leakage.,train_only,train_bearings_only,single_snapshot,"Bearing1_1,Bearing1_2,Bearing1_4,Bearing1_5",Bearing1_3,False
"horizontal__fft_aggregated__aggtype_""kurtosis""",EfficientFCParameters,XJTU-SY,condition_1_35Hz12kN,rul,0.22680110811200016,1.0450211540402447e-06,-0.22680110811200016,False,frequency,"horizontal channel fft aggregated  aggtype ""kurtosis"" statistic; selected on train bearings only to avoid held-out leakage.",train_only,train_bearings_only,single_snapshot,"Bearing1_1,Bearing1_2,Bearing1_4,Bearing1_5",Bearing1_3,True
"vertical__fft_coefficient__attr_""abs""__coeff_55",EfficientFCParameters,XJTU-SY,condition_1_35Hz12kN,rul,0.2265574227275862,1.0739621349795617e-06,0.2265574227275862,False,frequency,"vertical channel fft coefficient  attr ""abs""  coeff 55 statistic; selected on train bearings only to avoid held-out leakage.",train_only,train_bearings_only,single_snapshot,"Bearing1_1,Bearing1_2,Bearing1_4,Bearing1_5",Bearing1_3,False
vertical__number_crossing_m__m_1,EfficientFCParameters,XJTU-SY,condition_1_35Hz12kN,rul,0.2262764680942815,1.1082836417516402e-06,-0.2262764680942815,False,time_domain,vertical channel number crossing m  m 1 statistic; selected on train bearings only to avoid held-out leakage.,train_only,train_bearings_only,single_snapshot,"Bearing1_1,Bearing1_2,Bearing1_4,Bearing1_5",Bearing1_3,False
"vertical__fft_coefficient__attr_""abs""__coeff_71",EfficientFCParameters,XJTU-SY,condition_1_35Hz12kN,rul,0.22586792508535405,1.1600742412217462e-06,-0.22586792508535405,False,frequency,"vertical channel fft coefficient  attr ""abs""  coeff 71 statistic; selected on train bearings only to avoid held-out leakage.",train_only,train_bearings_only,single_snapshot,"Bearing1_1,Bearing1_2,Bearing1_4,Bearing1_5",Bearing1_3,False
vertical__fourier_entropy__bins_10,EfficientFCParameters,XJTU-SY,condition_1_35Hz12kN,rul,0.22546343747629669,1.2136325340986785e-06,0.22546343747629669,False,time_domain,vertical channel fourier entropy  bins 10 statistic; selected on train bearings only to avoid held-out leakage.,train_only,train_bearings_only,single_snapshot,"Bearing1_1,Bearing1_2,Bearing1_4,Bearing1_5",Bearing1_3,False
vertical__kurtosis,EfficientFCParameters,XJTU-SY,condition_1_35Hz12kN,rul,0.22315046503274388,1.5684705281734718e-06,0.22315046503274388,False,distribution,vertical channel kurtosis statistic; selected on train bearings only to avoid held-out leakage.,train_only,train_bearings_only,single_snapshot,"Bearing1_1,Bearing1_2,Bearing1_4,Bearing1_5",Bearing1_3,True
"vertical__change_quantiles__f_agg_""var""__isabs_False__qh_0.8__ql_0.2",EfficientFCParameters,XJTU-SY,condition_1_35Hz12kN,rul,0.2214414087065023,1.8924358804599704e-06,-0.2214414087065023,False,time_domain,"vertical channel change quantiles  f agg ""var""  isabs False  qh 0.8  ql 0.2 statistic; selected on train bearings only to avoid held-out leakage.",train_only,train_bearings_only,single_snapshot,"Bearing1_1,Bearing1_2,Bearing1_4,Bearing1_5",Bearing1_3,False
vertical__autocorrelation__lag_8,EfficientFCParameters,XJTU-SY,condition_1_35Hz12kN,rul,0.2204200581446641,2.1156580654394857e-06,0.2204200581446641,False,time_domain,vertical channel autocorrelation  lag 8 statistic; selected on train bearings only to avoid held-out leakage.,train_only,train_bearings_only,single_snapshot,"Bearing1_1,Bearing1_2,Bearing1_4,Bearing1_5",Bearing1_3,False
"vertical__fft_coefficient__attr_""abs""__coeff_91",EfficientFCParameters,XJTU-SY,condition_1_35Hz12kN,rul,0.21768641864626198,2.843959624880151e-06,0.21768641864626198,False,frequency,"vertical channel fft coefficient  attr ""abs""  coeff 91 statistic; selected on train bearings only to avoid held-out leakage.",train_only,train_bearings_only,single_snapshot,"Bearing1_1,Bearing1_2,Bearing1_4,Bearing1_5",Bearing1_3,False
"vertical__agg_linear_trend__attr_""stderr""__chunk_len_10__f_agg_""mean""",EfficientFCParameters,XJTU-SY,condition_1_35Hz12kN,rul,0.216868076796916,3.105028003170876e-06,0.216868076796916,False,time_domain,"vertical channel agg linear trend  attr ""stderr""  chunk len 10  f agg ""mean"" statistic; selected on train bearings only to avoid held-out leakage.",train_only,train_bearings_only,single_snapshot,"Bearing1_1,Bearing1_2,Bearing1_4,Bearing1_5",Bearing1_3,True
"vertical__fft_coefficient__attr_""abs""__coeff_1",EfficientFCParameters,XJTU-SY,condition_1_35Hz12kN,rul,0.2131759979936246,4.595459461599093e-06,0.2131759979936246,False,frequency,"vertical channel fft coefficient  attr ""abs""  coeff 1 statistic; selected on train bearings only to avoid held-out leakage.",train_only,train_bearings_only,single_snapshot,"Bearing1_1,Bearing1_2,Bearing1_4,Bearing1_5",Bearing1_3,False
"vertical__change_quantiles__f_agg_""mean""__isabs_True__qh_0.8__ql_0.2",EfficientFCParameters,XJTU-SY,condition_1_35Hz12kN,rul,0.21240666104341238,4.9823402291205445e-06,-0.21240666104341238,False,time_domain,"vertical channel change quantiles  f agg ""mean""  isabs True  qh 0.8  ql 0.2 statistic; selected on train bearings only to avoid held-out leakage.",train_only,train_bearings_only,single_snapshot,"Bearing1_1,Bearing1_2,Bearing1_4,Bearing1_5",Bearing1_3,True
vertical__ratio_beyond_r_sigma__r_2,EfficientFCParameters,XJTU-SY,condition_1_35Hz12kN,rul,0.21194247979361336,5.230599513284548e-06,0.21194247979361336,False,time_domain,vertical channel ratio beyond r sigma  r 2 statistic; selected on train bearings only to avoid held-out leakage.,train_only,train_bearings_only,single_snapshot,"Bearing1_1,Bearing1_2,Bearing1_4,Bearing1_5",Bearing1_3,False
"vertical__fft_coefficient__attr_""abs""__coeff_89",EfficientFCParameters,XJTU-SY,condition_1_35Hz12kN,rul,0.21091222673871357,5.824464217323139e-06,0.21091222673871357,False,frequency,"vertical channel fft coefficient  attr ""abs""  coeff 89 statistic; selected on train bearings only to avoid held-out leakage.",train_only,train_bearings_only,single_snapshot,"Bearing1_1,Bearing1_2,Bearing1_4,Bearing1_5",Bearing1_3,False
"vertical__fft_coefficient__attr_""abs""__coeff_64",EfficientFCParameters,XJTU-SY,condition_1_35Hz12kN,rul,0.20965834278545153,6.634188025990715e-06,0.20965834278545153,False,frequency,"vertical channel fft coefficient  attr ""abs""  coeff 64 statistic; selected on train bearings only to avoid held-out leakage.",train_only,train_bearings_only,single_snapshot,"Bearing1_1,Bearing1_2,Bearing1_4,Bearing1_5",Bearing1_3,False
horizontal__ar_coefficient__coeff_10__k_10,EfficientFCParameters,XJTU-SY,condition_1_35Hz12kN,rul,0.20821520105715804,7.698942485487459e-06,0.20821520105715804,False,time_domain,horizontal channel ar coefficient  coeff 10  k 10 statistic; selected on train bearings only to avoid held-out leakage.,train_only,train_bearings_only,single_snapshot,"Bearing1_1,Bearing1_2,Bearing1_4,Bearing1_5",Bearing1_3,False
vertical__spkt_welch_density__coeff_2,EfficientFCParameters,XJTU-SY,condition_1_35Hz12kN,rul,0.20724585891973524,8.503518323111043e-06,0.20724585891973524,False,time_domain,vertical channel spkt welch density  coeff 2 statistic; selected on train bearings only to avoid held-out leakage.,train_only,train_bearings_only,single_snapshot,"Bearing1_1,Bearing1_2,Bearing1_4,Bearing1_5",Bearing1_3,False
horizontal__quantile__q_0.2,EfficientFCParameters,XJTU-SY,condition_1_35Hz12kN,rul,0.2066751108996832,9.014069337675772e-06,-0.2066751108996832,False,time_domain,horizontal channel quantile  q 0.2 statistic; selected on train bearings only to avoid held-out leakage.,train_only,train_bearings_only,single_snapshot,"Bearing1_1,Bearing1_2,Bearing1_4,Bearing1_5",Bearing1_3,False
"vertical__change_quantiles__f_agg_""var""__isabs_True__qh_1.0__ql_0.8",EfficientFCParameters,XJTU-SY,condition_1_35Hz12kN,rul,0.2029327566599942,1.3158946144763236e-05,0.2029327566599942,False,time_domain,"vertical channel change quantiles  f agg ""var""  isabs True  qh 1.0  ql 0.8 statistic; selected on train bearings only to avoid held-out leakage.",train_only,train_bearings_only,single_snapshot,"Bearing1_1,Bearing1_2,Bearing1_4,Bearing1_5",Bearing1_3,False
"vertical__change_quantiles__f_agg_""var""__isabs_True__qh_0.8__ql_0.2",EfficientFCParameters,XJTU-SY,condition_1_35Hz12kN,rul,0.20259323006204635,1.3613776870703836e-05,-0.20259323006204635,False,time_domain,"vertical channel change quantiles  f agg ""var""  isabs True  qh 0.8  ql 0.2 statistic; selected on train bearings only to avoid held-out leakage.",train_only,train_bearings_only,single_snapshot,"Bearing1_1,Bearing1_2,Bearing1_4,Bearing1_5",Bearing1_3,False
horizontal__partial_autocorrelation__lag_3,EfficientFCParameters,XJTU-SY,condition_1_35Hz12kN,rul,0.2021639659644115,1.4210235168246865e-05,-0.2021639659644115,False,time_domain,horizontal channel partial autocorrelation  lag 3 statistic; selected on train bearings only to avoid held-out leakage.,train_only,train_bearings_only,single_snapshot,"Bearing1_1,Bearing1_2,Bearing1_4,Bearing1_5",Bearing1_3,False
"horizontal__fft_coefficient__attr_""abs""__coeff_55",EfficientFCParameters,XJTU-SY,condition_1_35Hz12kN,rul,0.20141144459772414,1.531625435261305e-05,0.20141144459772414,False,frequency,"horizontal channel fft coefficient  attr ""abs""  coeff 55 statistic; selected on train bearings only to avoid held-out leakage.",train_only,train_bearings_only,single_snapshot,"Bearing1_1,Bearing1_2,Bearing1_4,Bearing1_5",Bearing1_3,False
vertical__autocorrelation__lag_3,EfficientFCParameters,XJTU-SY,condition_1_35Hz12kN,rul,0.20134092103516973,1.5423997862500428e-05,0.20134092103516973,False,time_domain,vertical channel autocorrelation  lag 3 statistic; selected on train bearings only to avoid held-out leakage.,train_only,train_bearings_only,single_snapshot,"Bearing1_1,Bearing1_2,Bearing1_4,Bearing1_5",Bearing1_3,False
vertical__maximum,EfficientFCParameters,XJTU-SY,condition_1_35Hz12kN,rul,0.20099398483833752,1.596460411218523e-05,0.20099398483833752,False,time_domain,vertical channel maximum statistic; selected on train bearings only to avoid held-out leakage.,train_only,train_bearings_only,single_snapshot,"Bearing1_1,Bearing1_2,Bearing1_4,Bearing1_5",Bearing1_3,False
vertical__quantile__q_0.8,EfficientFCParameters,XJTU-SY,condition_1_35Hz12kN,rul,0.20079618429822443,1.628083046535718e-05,-0.20079618429822443,False,time_domain,vertical channel quantile  q 0.8 statistic; selected on train bearings only to avoid held-out leakage.,train_only,train_bearings_only,single_snapshot,"Bearing1_1,Bearing1_2,Bearing1_4,Bearing1_5",Bearing1_3,False
"vertical__augmented_dickey_fuller__attr_""usedlag""__autolag_""AIC""",EfficientFCParameters,XJTU-SY,condition_1_35Hz12kN,rul,0.19893933491233157,1.955402012206866e-05,-0.19893933491233157,False,time_domain,"vertical channel augmented dickey fuller  attr ""usedlag""  autolag ""AIC"" statistic; selected on train bearings only to avoid held-out leakage.",train_only,train_bearings_only,single_snapshot,"Bearing1_1,Bearing1_2,Bearing1_4,Bearing1_5",Bearing1_3,False
"vertical__agg_linear_trend__attr_""stderr""__chunk_len_50__f_agg_""mean""",EfficientFCParameters,XJTU-SY,condition_1_35Hz12kN,rul,0.19852176122169332,2.037166298134208e-05,0.19852176122169332,False,time_domain,"vertical channel agg linear trend  attr ""stderr""  chunk len 50  f agg ""mean"" statistic; selected on train bearings only to avoid held-out leakage.",train_only,train_bearings_only,single_snapshot,"Bearing1_1,Bearing1_2,Bearing1_4,Bearing1_5",Bearing1_3,True
"vertical__change_quantiles__f_agg_""mean""__isabs_True__qh_1.0__ql_0.2",EfficientFCParameters,XJTU-SY,condition_1_35Hz12kN,rul,0.19762522754426037,2.2238085062317317e-05,-0.19762522754426037,False,time_domain,"vertical channel change quantiles  f agg ""mean""  isabs True  qh 1.0  ql 0.2 statistic; selected on train bearings only to avoid held-out leakage.",train_only,train_bearings_only,single_snapshot,"Bearing1_1,Bearing1_2,Bearing1_4,Bearing1_5",Bearing1_3,True
"horizontal__fft_coefficient__attr_""abs""__coeff_95",EfficientFCParameters,XJTU-SY,condition_1_35Hz12kN,rul,0.1964342095000709,2.4969476114403648e-05,-0.1964342095000709,False,frequency,"horizontal channel fft coefficient  attr ""abs""  coeff 95 statistic; selected on train bearings only to avoid held-out leakage.",train_only,train_bearings_only,single_snapshot,"Bearing1_1,Bearing1_2,Bearing1_4,Bearing1_5",Bearing1_3,False
vertical__quantile__q_0.2,EfficientFCParameters,XJTU-SY,condition_1_35Hz12kN,rul,0.19595376234999243,2.6158916320183995e-05,0.19595376234999243,False,time_domain,vertical channel quantile  q 0.2 statistic; selected on train bearings only to avoid held-out leakage.,train_only,train_bearings_only,single_snapshot,"Bearing1_1,Bearing1_2,Bearing1_4,Bearing1_5",Bearing1_3,False
vertical__ar_coefficient__coeff_4__k_10,EfficientFCParameters,XJTU-SY,condition_1_35Hz12kN,rul,0.19267200034537546,3.583960981559443e-05,0.19267200034537546,False,time_domain,vertical channel ar coefficient  coeff 4  k 10 statistic; selected on train bearings only to avoid held-out leakage.,train_only,train_bearings_only,single_snapshot,"Bearing1_1,Bearing1_2,Bearing1_4,Bearing1_5",Bearing1_3,False
"horizontal__fft_coefficient__attr_""abs""__coeff_52",EfficientFCParameters,XJTU-SY,condition_1_35Hz12kN,rul,0.19222301181179033,3.740199911985588e-05,0.19222301181179033,False,frequency,"horizontal channel fft coefficient  attr ""abs""  coeff 52 statistic; selected on train bearings only to avoid held-out leakage.",train_only,train_bearings_only,single_snapshot,"Bearing1_1,Bearing1_2,Bearing1_4,Bearing1_5",Bearing1_3,False
"horizontal__fft_coefficient__attr_""abs""__coeff_54",EfficientFCParameters,XJTU-SY,condition_1_35Hz12kN,rul,0.19218343825041953,3.754275484189411e-05,0.19218343825041953,False,frequency,"horizontal channel fft coefficient  attr ""abs""  coeff 54 statistic; selected on train bearings only to avoid held-out leakage.",train_only,train_bearings_only,single_snapshot,"Bearing1_1,Bearing1_2,Bearing1_4,Bearing1_5",Bearing1_3,False
horizontal__c3__lag_2,EfficientFCParameters,XJTU-SY,condition_1_35Hz12kN,rul,0.18992634413922208,4.6454094010677226e-05,-0.18992634413922208,False,time_domain,horizontal channel c3  lag 2 statistic; selected on train bearings only to avoid held-out leakage.,train_only,train_bearings_only,single_snapshot,"Bearing1_1,Bearing1_2,Bearing1_4,Bearing1_5",Bearing1_3,False
"vertical__fft_coefficient__attr_""abs""__coeff_88",EfficientFCParameters,XJTU-SY,condition_1_35Hz12kN,rul,0.1889710749132825,5.079835007784688e-05,0.1889710749132825,False,frequency,"vertical channel fft coefficient  attr ""abs""  coeff 88 statistic; selected on train bearings only to avoid held-out leakage.",train_only,train_bearings_only,single_snapshot,"Bearing1_1,Bearing1_2,Bearing1_4,Bearing1_5",Bearing1_3,False
horizontal__range_count__max_1__min_-1,EfficientFCParameters,XJTU-SY,condition_1_35Hz12kN,rul,0.18688658431487448,6.164634723917793e-05,-0.18688658431487448,False,shape,horizontal channel range count  max 1  min -1 statistic; selected on train bearings only to avoid held-out leakage.,train_only,train_bearings_only,single_snapshot,"Bearing1_1,Bearing1_2,Bearing1_4,Bearing1_5",Bearing1_3,False
horizontal__ratio_beyond_r_sigma__r_1,EfficientFCParameters,XJTU-SY,condition_1_35Hz12kN,rul,0.1868865843148744,6.164634723917841e-05,0.1868865843148744,False,time_domain,horizontal channel ratio beyond r sigma  r 1 statistic; selected on train bearings only to avoid held-out leakage.,train_only,train_bearings_only,single_snapshot,"Bearing1_1,Bearing1_2,Bearing1_4,Bearing1_5",Bearing1_3,False
"horizontal__fft_coefficient__attr_""abs""__coeff_34",EfficientFCParameters,XJTU-SY,condition_1_35Hz12kN,rul,0.1853713318449014,7.086642709568726e-05,0.1853713318449014,False,frequency,"horizontal channel fft coefficient  attr ""abs""  coeff 34 statistic; selected on train bearings only to avoid held-out leakage.",train_only,train_bearings_only,single_snapshot,"Bearing1_1,Bearing1_2,Bearing1_4,Bearing1_5",Bearing1_3,False
"vertical__fft_coefficient__attr_""abs""__coeff_28",EfficientFCParameters,XJTU-SY,condition_1_35Hz12kN,rul,0.18467561316644637,7.552202509671548e-05,0.18467561316644637,False,frequency,"vertical channel fft coefficient  attr ""abs""  coeff 28 statistic; selected on train bearings only to avoid held-out leakage.",train_only,train_bearings_only,single_snapshot,"Bearing1_1,Bearing1_2,Bearing1_4,Bearing1_5",Bearing1_3,False
horizontal__fourier_entropy__bins_10,EfficientFCParameters,XJTU-SY,condition_1_35Hz12kN,rul,0.18465032965087852,7.569652781443973e-05,0.18465032965087852,False,time_domain,horizontal channel fourier entropy  bins 10 statistic; selected on train bearings only to avoid held-out leakage.,train_only,train_bearings_only,single_snapshot,"Bearing1_1,Bearing1_2,Bearing1_4,Bearing1_5",Bearing1_3,False
horizontal__quantile__q_0.3,EfficientFCParameters,XJTU-SY,condition_1_35Hz12kN,rul,0.18430903919151473,7.808955635508707e-05,-0.18430903919151473,False,time_domain,horizontal channel quantile  q 0.3 statistic; selected on train bearings only to avoid held-out leakage.,train_only,train_bearings_only,single_snapshot,"Bearing1_1,Bearing1_2,Bearing1_4,Bearing1_5",Bearing1_3,False
"horizontal__change_quantiles__f_agg_""var""__isabs_True__qh_0.6__ql_0.0",EfficientFCParameters,XJTU-SY,condition_1_35Hz12kN,rul,0.1832583219026097,8.591225106126858e-05,-0.1832583219026097,False,time_domain,"horizontal channel change quantiles  f agg ""var""  isabs True  qh 0.6  ql 0.0 statistic; selected on train bearings only to avoid held-out leakage.",train_only,train_bearings_only,single_snapshot,"Bearing1_1,Bearing1_2,Bearing1_4,Bearing1_5",Bearing1_3,False
vertical__friedrich_coefficients__coeff_3__m_3__r_30,EfficientFCParameters,XJTU-SY,condition_1_35Hz12kN,rul,0.1826507900968814,9.076619598616033e-05,-0.1826507900968814,False,time_domain,vertical channel friedrich coefficients  coeff 3  m 3  r 30 statistic; selected on train bearings only to avoid held-out leakage.,train_only,train_bearings_only,single_snapshot,"Bearing1_1,Bearing1_2,Bearing1_4,Bearing1_5",Bearing1_3,False
"horizontal__fft_coefficient__attr_""abs""__coeff_62",EfficientFCParameters,XJTU-SY,condition_1_35Hz12kN,rul,0.18118677380719636,0.00010354488485087035,0.18118677380719636,False,frequency,"horizontal channel fft coefficient  attr ""abs""  coeff 62 statistic; selected on train bearings only to avoid held-out leakage.",train_only,train_bearings_only,single_snapshot,"Bearing1_1,Bearing1_2,Bearing1_4,Bearing1_5",Bearing1_3,False
vertical__friedrich_coefficients__coeff_1__m_3__r_30,EfficientFCParameters,XJTU-SY,condition_1_35Hz12kN,rul,0.18080360538964868,0.00010715862628696266,0.18080360538964868,False,time_domain,vertical channel friedrich coefficients  coeff 1  m 3  r 30 statistic; selected on train bearings only to avoid held-out leakage.,train_only,train_bearings_only,single_snapshot,"Bearing1_1,Bearing1_2,Bearing1_4,Bearing1_5",Bearing1_3,False
"vertical__fft_coefficient__attr_""abs""__coeff_7",EfficientFCParameters,XJTU-SY,condition_1_35Hz12kN,rul,0.1804497788728857,0.00011060067124308777,0.1804497788728857,False,frequency,"vertical channel fft coefficient  attr ""abs""  coeff 7 statistic; selected on train bearings only to avoid held-out leakage.",train_only,train_bearings_only,single_snapshot,"Bearing1_1,Bearing1_2,Bearing1_4,Bearing1_5",Bearing1_3,False
"horizontal__change_quantiles__f_agg_""var""__isabs_False__qh_1.0__ql_0.2",EfficientFCParameters,XJTU-SY,condition_1_35Hz12kN,rul,0.17953825645717278,0.00011995301005425861,-0.17953825645717278,False,time_domain,"horizontal channel change quantiles  f agg ""var""  isabs False  qh 1.0  ql 0.2 statistic; selected on train bearings only to avoid held-out leakage.",train_only,train_bearings_only,single_snapshot,"Bearing1_1,Bearing1_2,Bearing1_4,Bearing1_5",Bearing1_3,False
horizontal__autocorrelation__lag_2,EfficientFCParameters,XJTU-SY,condition_1_35Hz12kN,rul,0.17878693410951116,0.00012821526477930275,-0.17878693410951116,False,time_domain,horizontal channel autocorrelation  lag 2 statistic; selected on train bearings only to avoid held-out leakage.,train_only,train_bearings_only,single_snapshot,"Bearing1_1,Bearing1_2,Bearing1_4,Bearing1_5",Bearing1_3,False
"horizontal__change_quantiles__f_agg_""mean""__isabs_False__qh_0.6__ql_0.0",EfficientFCParameters,XJTU-SY,condition_1_35Hz12kN,rul,0.17696193821092723,0.00015056494590111325,0.17696193821092723,False,time_domain,"horizontal channel change quantiles  f agg ""mean""  isabs False  qh 0.6  ql 0.0 statistic; selected on train bearings only to avoid held-out leakage.",train_only,train_bearings_only,single_snapshot,"Bearing1_1,Bearing1_2,Bearing1_4,Bearing1_5",Bearing1_3,True
"horizontal__fft_coefficient__attr_""abs""__coeff_44",EfficientFCParameters,XJTU-SY,condition_1_35Hz12kN,rul,0.17587019558470596,0.00016563123712207522,0.17587019558470596,False,frequency,"horizontal channel fft coefficient  attr ""abs""  coeff 44 statistic; selected on train bearings only to avoid held-out leakage.",train_only,train_bearings_only,single_snapshot,"Bearing1_1,Bearing1_2,Bearing1_4,Bearing1_5",Bearing1_3,False
vertical__binned_entropy__max_bins_10,EfficientFCParameters,XJTU-SY,condition_1_35Hz12kN,rul,0.17565858235133888,0.0001687104812640458,-0.17565858235133888,False,time_domain,vertical channel binned entropy  max bins 10 statistic; selected on train bearings only to avoid held-out leakage.,train_only,train_bearings_only,single_snapshot,"Bearing1_1,Bearing1_2,Bearing1_4,Bearing1_5",Bearing1_3,False
"vertical__fft_coefficient__attr_""abs""__coeff_53",EfficientFCParameters,XJTU-SY,condition_1_35Hz12kN,rul,0.17513312747545062,0.00017659019698877226,0.17513312747545062,False,frequency,"vertical channel fft coefficient  attr ""abs""  coeff 53 statistic; selected on train bearings only to avoid held-out leakage.",train_only,train_bearings_only,single_snapshot,"Bearing1_1,Bearing1_2,Bearing1_4,Bearing1_5",Bearing1_3,False
"vertical__fft_coefficient__attr_""abs""__coeff_87",EfficientFCParameters,XJTU-SY,condition_1_35Hz12kN,rul,0.17488527245941293,0.0001804255680649482,0.17488527245941293,False,frequency,"vertical channel fft coefficient  attr ""abs""  coeff 87 statistic; selected on train bearings only to avoid held-out leakage.",train_only,train_bearings_only,single_snapshot,"Bearing1_1,Bearing1_2,Bearing1_4,Bearing1_5",Bearing1_3,False
"vertical__fft_coefficient__attr_""abs""__coeff_3",EfficientFCParameters,XJTU-SY,condition_1_35Hz12kN,rul,0.174696759405274,0.00018339478105119578,0.174696759405274,False,frequency,"vertical channel fft coefficient  attr ""abs""  coeff 3 statistic; selected on train bearings only to avoid held-out leakage.",train_only,train_bearings_only,single_snapshot,"Bearing1_1,Bearing1_2,Bearing1_4,Bearing1_5",Bearing1_3,False
horizontal__ratio_beyond_r_sigma__r_2.5,EfficientFCParameters,XJTU-SY,condition_1_35Hz12kN,rul,0.17409788673091614,0.00019313403136713052,-0.17409788673091614,False,time_domain,horizontal channel ratio beyond r sigma  r 2.5 statistic; selected on train bearings only to avoid held-out leakage.,train_only,train_bearings_only,single_snapshot,"Bearing1_1,Bearing1_2,Bearing1_4,Bearing1_5",Bearing1_3,False
"horizontal__fft_coefficient__attr_""abs""__coeff_98",EfficientFCParameters,XJTU-SY,condition_1_35Hz12kN,rul,0.17353012698333928,0.0002028127908779557,-0.17353012698333928,False,frequency,"horizontal channel fft coefficient  attr ""abs""  coeff 98 statistic; selected on train bearings only to avoid held-out leakage.",train_only,train_bearings_only,single_snapshot,"Bearing1_1,Bearing1_2,Bearing1_4,Bearing1_5",Bearing1_3,False
"horizontal__augmented_dickey_fuller__attr_""pvalue""__autolag_""AIC""",EfficientFCParameters,XJTU-SY,condition_1_35Hz12kN,rul,0.17312041256946525,0.00021007741102820401,-0.17312041256946525,False,time_domain,"horizontal channel augmented dickey fuller  attr ""pvalue""  autolag ""AIC"" statistic; selected on train bearings only to avoid held-out leakage.",train_only,train_bearings_only,single_snapshot,"Bearing1_1,Bearing1_2,Bearing1_4,Bearing1_5",Bearing1_3,False
"horizontal__fft_coefficient__attr_""abs""__coeff_53",EfficientFCParameters,XJTU-SY,condition_1_35Hz12kN,rul,0.17180432606860635,0.00023509457435561944,0.17180432606860635,False,frequency,"horizontal channel fft coefficient  attr ""abs""  coeff 53 statistic; selected on train bearings only to avoid held-out leakage.",train_only,train_bearings_only,single_snapshot,"Bearing1_1,Bearing1_2,Bearing1_4,Bearing1_5",Bearing1_3,False
"vertical__fft_coefficient__attr_""abs""__coeff_83",EfficientFCParameters,XJTU-SY,condition_1_35Hz12kN,rul,0.17136767717558843,0.0002439923658978016,0.17136767717558843,False,frequency,"vertical channel fft coefficient  attr ""abs""  coeff 83 statistic; selected on train bearings only to avoid held-out leakage.",train_only,train_bearings_only,single_snapshot,"Bearing1_1,Bearing1_2,Bearing1_4,Bearing1_5",Bearing1_3,False
"vertical__fft_coefficient__attr_""abs""__coeff_86",EfficientFCParameters,XJTU-SY,condition_1_35Hz12kN,rul,0.1712962896584475,0.0002454766675101387,0.1712962896584475,False,frequency,"vertical channel fft coefficient  attr ""abs""  coeff 86 statistic; selected on train bearings only to avoid held-out leakage.",train_only,train_bearings_only,single_snapshot,"Bearing1_1,Bearing1_2,Bearing1_4,Bearing1_5",Bearing1_3,False
vertical__longest_strike_below_mean,EfficientFCParameters,XJTU-SY,condition_1_35Hz12kN,rul,0.1705070745819435,0.00026245847927357615,0.1705070745819435,False,time_domain,vertical channel longest strike below mean statistic; selected on train bearings only to avoid held-out leakage.,train_only,train_bearings_only,single_snapshot,"Bearing1_1,Bearing1_2,Bearing1_4,Bearing1_5",Bearing1_3,True
vertical__partial_autocorrelation__lag_3,EfficientFCParameters,XJTU-SY,condition_1_35Hz12kN,rul,0.16892173839265615,0.0002999386093615537,0.16892173839265615,False,time_domain,vertical channel partial autocorrelation  lag 3 statistic; selected on train bearings only to avoid held-out leakage.,train_only,train_bearings_only,single_snapshot,"Bearing1_1,Bearing1_2,Bearing1_4,Bearing1_5",Bearing1_3,False
"vertical__fft_coefficient__attr_""abs""__coeff_85",EfficientFCParameters,XJTU-SY,condition_1_35Hz12kN,rul,0.1684502270205158,0.00031201521852466566,0.1684502270205158,False,frequency,"vertical channel fft coefficient  attr ""abs""  coeff 85 statistic; selected on train bearings only to avoid held-out leakage.",train_only,train_bearings_only,single_snapshot,"Bearing1_1,Bearing1_2,Bearing1_4,Bearing1_5",Bearing1_3,False
"vertical__change_quantiles__f_agg_""var""__isabs_True__qh_0.6__ql_0.2",EfficientFCParameters,XJTU-SY,condition_1_35Hz12kN,rul,0.16822478965820548,0.000317948198526854,-0.16822478965820548,False,time_domain,"vertical channel change quantiles  f agg ""var""  isabs True  qh 0.6  ql 0.2 statistic; selected on train bearings only to avoid held-out leakage.",train_only,train_bearings_only,single_snapshot,"Bearing1_1,Bearing1_2,Bearing1_4,Bearing1_5",Bearing1_3,False
horizontal__permutation_entropy__dimension_7__tau_1,EfficientFCParameters,XJTU-SY,condition_1_35Hz12kN,rul,0.16749100016608787,0.0003379966917460504,0.16749100016608787,False,time_domain,horizontal channel permutation entropy  dimension 7  tau 1 statistic; selected on train bearings only to avoid held-out leakage.,train_only,train_bearings_only,single_snapshot,"Bearing1_1,Bearing1_2,Bearing1_4,Bearing1_5",Bearing1_3,False
"horizontal__change_quantiles__f_agg_""mean""__isabs_False__qh_0.8__ql_0.0",EfficientFCParameters,XJTU-SY,condition_1_35Hz12kN,rul,0.1668998161756162,0.0003549998598428551,0.1668998161756162,False,time_domain,"horizontal channel change quantiles  f agg ""mean""  isabs False  qh 0.8  ql 0.0 statistic; selected on train bearings only to avoid held-out leakage.",train_only,train_bearings_only,single_snapshot,"Bearing1_1,Bearing1_2,Bearing1_4,Bearing1_5",Bearing1_3,True
"vertical__change_quantiles__f_agg_""var""__isabs_False__qh_0.6__ql_0.2",EfficientFCParameters,XJTU-SY,condition_1_35Hz12kN,rul,0.16614598864515612,0.00037783789404669476,-0.16614598864515612,False,time_domain,"vertical channel change quantiles  f agg ""var""  isabs False  qh 0.6  ql 0.2 statistic; selected on train bearings only to avoid held-out leakage.",train_only,train_bearings_only,single_snapshot,"Bearing1_1,Bearing1_2,Bearing1_4,Bearing1_5",Bearing1_3,False
vertical__fourier_entropy__bins_5,EfficientFCParameters,XJTU-SY,condition_1_35Hz12kN,rul,0.1652090707047556,0.00040813062075349915,0.1652090707047556,False,time_domain,vertical channel fourier entropy  bins 5 statistic; selected on train bearings only to avoid held-out leakage.,train_only,train_bearings_only,single_snapshot,"Bearing1_1,Bearing1_2,Bearing1_4,Bearing1_5",Bearing1_3,False
"vertical__fft_coefficient__attr_""abs""__coeff_84",EfficientFCParameters,XJTU-SY,condition_1_35Hz12kN,rul,0.1650021664428362,0.00041511826076268707,0.1650021664428362,False,frequency,"vertical channel fft coefficient  attr ""abs""  coeff 84 statistic; selected on train bearings only to avoid held-out leakage.",train_only,train_bearings_only,single_snapshot,"Bearing1_1,Bearing1_2,Bearing1_4,Bearing1_5",Bearing1_3,False
vertical__ratio_beyond_r_sigma__r_3,EfficientFCParameters,XJTU-SY,condition_1_35Hz12kN,rul,0.16444286810055403,0.00043456841077903853,0.16444286810055403,False,time_domain,vertical channel ratio beyond r sigma  r 3 statistic; selected on train bearings only to avoid held-out leakage.,train_only,train_bearings_only,single_snapshot,"Bearing1_1,Bearing1_2,Bearing1_4,Bearing1_5",Bearing1_3,False
vertical__autocorrelation__lag_5,EfficientFCParameters,XJTU-SY,condition_1_35Hz12kN,rul,0.1635921378891629,0.0004657850644691548,0.1635921378891629,False,time_domain,vertical channel autocorrelation  lag 5 statistic; selected on train bearings only to avoid held-out leakage.,train_only,train_bearings_only,single_snapshot,"Bearing1_1,Bearing1_2,Bearing1_4,Bearing1_5",Bearing1_3,False
vertical__ar_coefficient__coeff_3__k_10,EfficientFCParameters,XJTU-SY,condition_1_35Hz12kN,rul,0.16356195017539701,0.00046693016664125717,0.16356195017539701,False,time_domain,vertical channel ar coefficient  coeff 3  k 10 statistic; selected on train bearings only to avoid held-out leakage.,train_only,train_bearings_only,single_snapshot,"Bearing1_1,Bearing1_2,Bearing1_4,Bearing1_5",Bearing1_3,False
"horizontal__change_quantiles__f_agg_""mean""__isabs_False__qh_0.4__ql_0.0",EfficientFCParameters,XJTU-SY,condition_1_35Hz12kN,rul,0.1627521798017974,0.0004986414618657233,0.1627521798017974,False,time_domain,"horizontal channel change quantiles  f agg ""mean""  isabs False  qh 0.4  ql 0.0 statistic; selected on train bearings only to avoid held-out leakage.",train_only,train_bearings_only,single_snapshot,"Bearing1_1,Bearing1_2,Bearing1_4,Bearing1_5",Bearing1_3,True
"horizontal__fft_coefficient__attr_""abs""__coeff_94",EfficientFCParameters,XJTU-SY,condition_1_35Hz12kN,rul,0.16154132663152795,0.0005498103393706689,-0.16154132663152795,False,frequency,"horizontal channel fft coefficient  attr ""abs""  coeff 94 statistic; selected on train bearings only to avoid held-out leakage.",train_only,train_bearings_only,single_snapshot,"Bearing1_1,Bearing1_2,Bearing1_4,Bearing1_5",Bearing1_3,False
"vertical__fft_coefficient__attr_""abs""__coeff_5",EfficientFCParameters,XJTU-SY,condition_1_35Hz12kN,rul,0.15997462351875313,0.0006232585782531693,0.15997462351875313,False,frequency,"vertical channel fft coefficient  attr ""abs""  coeff 5 statistic; selected on train bearings only to avoid held-out leakage.",train_only,train_bearings_only,single_snapshot,"Bearing1_1,Bearing1_2,Bearing1_4,Bearing1_5",Bearing1_3,False
vertical__lempel_ziv_complexity__bins_10,EfficientFCParameters,XJTU-SY,condition_1_35Hz12kN,rul,0.1599267380088872,0.0006256405837945705,-0.1599267380088872,False,time_domain,vertical channel lempel ziv complexity  bins 10 statistic; selected on train bearings only to avoid held-out leakage.,train_only,train_bearings_only,single_snapshot,"Bearing1_1,Bearing1_2,Bearing1_4,Bearing1_5",Bearing1_3,False
"horizontal__fft_coefficient__attr_""abs""__coeff_33",EfficientFCParameters,XJTU-SY,condition_1_35Hz12kN,rul,0.15985075932558032,0.0006294373785706733,0.15985075932558032,False,frequency,"horizontal channel fft coefficient  attr ""abs""  coeff 33 statistic; selected on train bearings only to avoid held-out leakage.",train_only,train_bearings_only,single_snapshot,"Bearing1_1,Bearing1_2,Bearing1_4,Bearing1_5",Bearing1_3,False
"horizontal__change_quantiles__f_agg_""var""__isabs_False__qh_0.6__ql_0.0",EfficientFCParameters,XJTU-SY,condition_1_35Hz12kN,rul,0.15944403980254546,0.0006501277328451057,-0.15944403980254546,False,time_domain,"horizontal channel change quantiles  f agg ""var""  isabs False  qh 0.6  ql 0.0 statistic; selected on train bearings only to avoid held-out leakage.",train_only,train_bearings_only,single_snapshot,"Bearing1_1,Bearing1_2,Bearing1_4,Bearing1_5",Bearing1_3,False
"horizontal__fft_coefficient__attr_""imag""__coeff_93",EfficientFCParameters,XJTU-SY,condition_1_35Hz12kN,rul,0.15913900916943424,0.0006660567977470144,-0.15913900916943424,False,frequency,"horizontal channel fft coefficient  attr ""imag""  coeff 93 statistic; selected on train bearings only to avoid held-out leakage.",train_only,train_bearings_only,single_snapshot,"Bearing1_1,Bearing1_2,Bearing1_4,Bearing1_5",Bearing1_3,False
vertical__quantile__q_0.3,EfficientFCParameters,XJTU-SY,condition_1_35Hz12kN,rul,0.15901943806080654,0.0006723990345793256,0.15901943806080654,False,time_domain,vertical channel quantile  q 0.3 statistic; selected on train bearings only to avoid held-out leakage.,train_only,train_bearings_only,single_snapshot,"Bearing1_1,Bearing1_2,Bearing1_4,Bearing1_5",Bearing1_3,False
"vertical__fft_coefficient__attr_""abs""__coeff_4",EfficientFCParameters,XJTU-SY,condition_1_35Hz12kN,rul,0.15837087310595388,0.0007077857624178917,0.15837087310595388,False,frequency,"vertical channel fft coefficient  attr ""abs""  coeff 4 statistic; selected on train bearings only to avoid held-out leakage.",train_only,train_bearings_only,single_snapshot,"Bearing1_1,Bearing1_2,Bearing1_4,Bearing1_5",Bearing1_3,False
horizontal__longest_strike_below_mean,EfficientFCParameters,XJTU-SY,condition_1_35Hz12kN,rul,0.15776698080217244,0.0007422781767762967,0.15776698080217244,False,time_domain,horizontal channel longest strike below mean statistic; selected on train bearings only to avoid held-out leakage.,train_only,train_bearings_only,single_snapshot,"Bearing1_1,Bearing1_2,Bearing1_4,Bearing1_5",Bearing1_3,True
"horizontal__change_quantiles__f_agg_""mean""__isabs_True__qh_1.0__ql_0.2",EfficientFCParameters,XJTU-SY,condition_1_35Hz12kN,rul,0.15771216773253008,0.0007454847426464499,-0.15771216773253008,False,time_domain,"horizontal channel change quantiles  f agg ""mean""  isabs True  qh 1.0  ql 0.2 statistic; selected on train bearings only to avoid held-out leakage.",train_only,train_bearings_only,single_snapshot,"Bearing1_1,Bearing1_2,Bearing1_4,Bearing1_5",Bearing1_3,True
vertical__ar_coefficient__coeff_5__k_10,EfficientFCParameters,XJTU-SY,condition_1_35Hz12kN,rul,0.1576648961270897,0.000748260424635855,0.1576648961270897,False,time_domain,vertical channel ar coefficient  coeff 5  k 10 statistic; selected on train bearings only to avoid held-out leakage.,train_only,train_bearings_only,single_snapshot,"Bearing1_1,Bearing1_2,Bearing1_4,Bearing1_5",Bearing1_3,False
"vertical__change_quantiles__f_agg_""mean""__isabs_True__qh_0.6__ql_0.2",EfficientFCParameters,XJTU-SY,condition_1_35Hz12kN,rul,0.15757295076931815,0.0007536866652882392,-0.15757295076931815,False,time_domain,"vertical channel change quantiles  f agg ""mean""  isabs True  qh 0.6  ql 0.2 statistic; selected on train bearings only to avoid held-out leakage.",train_only,train_bearings_only,single_snapshot,"Bearing1_1,Bearing1_2,Bearing1_4,Bearing1_5",Bearing1_3,True
"vertical__fft_aggregated__aggtype_""variance""",EfficientFCParameters,XJTU-SY,condition_1_35Hz12kN,rul,0.15752638806938374,0.0007564484764944197,0.15752638806938374,False,frequency,"vertical channel fft aggregated  aggtype ""variance"" statistic; selected on train bearings only to avoid held-out leakage.",train_only,train_bearings_only,single_snapshot,"Bearing1_1,Bearing1_2,Bearing1_4,Bearing1_5",Bearing1_3,True
horizontal__friedrich_coefficients__coeff_0__m_3__r_30,EfficientFCParameters,XJTU-SY,condition_1_35Hz12kN,rul,0.15735656083324584,0.0007666011497336689,-0.15735656083324584,False,time_domain,horizontal channel friedrich coefficients  coeff 0  m 3  r 30 statistic; selected on train bearings only to avoid held-out leakage.,train_only,train_bearings_only,single_snapshot,"Bearing1_1,Bearing1_2,Bearing1_4,Bearing1_5",Bearing1_3,False
horizontal__ratio_beyond_r_sigma__r_0.5,EfficientFCParameters,XJTU-SY,condition_1_35Hz12kN,rul,0.1573529451367714,0.0007668186690918201,0.1573529451367714,False,time_domain,horizontal channel ratio beyond r sigma  r 0.5 statistic; selected on train bearings only to avoid held-out leakage.,train_only,train_bearings_only,single_snapshot,"Bearing1_1,Bearing1_2,Bearing1_4,Bearing1_5",Bearing1_3,False
"vertical__fft_coefficient__attr_""abs""__coeff_45",EfficientFCParameters,XJTU-SY,condition_1_35Hz12kN,rul,0.15635199613504788,0.000829280679660527,-0.15635199613504788,False,frequency,"vertical channel fft coefficient  attr ""abs""  coeff 45 statistic; selected on train bearings only to avoid held-out leakage.",train_only,train_bearings_only,single_snapshot,"Bearing1_1,Bearing1_2,Bearing1_4,Bearing1_5",Bearing1_3,False
"vertical__fft_coefficient__attr_""abs""__coeff_65",EfficientFCParameters,XJTU-SY,condition_1_35Hz12kN,rul,0.15621235623684918,0.0008383592533996953,0.15621235623684918,False,frequency,"vertical channel fft coefficient  attr ""abs""  coeff 65 statistic; selected on train bearings only to avoid held-out leakage.",train_only,train_bearings_only,single_snapshot,"Bearing1_1,Bearing1_2,Bearing1_4,Bearing1_5",Bearing1_3,False
"vertical__fft_coefficient__attr_""abs""__coeff_62",EfficientFCParameters,XJTU-SY,condition_1_35Hz12kN,rul,0.15547169993199947,0.0008880675749819683,0.15547169993199947,False,frequency,"vertical channel fft coefficient  attr ""abs""  coeff 62 statistic; selected on train bearings only to avoid held-out leakage.",train_only,train_bearings_only,single_snapshot,"Bearing1_1,Bearing1_2,Bearing1_4,Bearing1_5",Bearing1_3,False
"vertical__fft_coefficient__attr_""abs""__coeff_8",EfficientFCParameters,XJTU-SY,condition_1_35Hz12kN,rul,0.1547906019588141,0.0009361682398880846,0.1547906019588141,False,frequency,"vertical channel fft coefficient  attr ""abs""  coeff 8 statistic; selected on train bearings only to avoid held-out leakage.",train_only,train_bearings_only,single_snapshot,"Bearing1_1,Bearing1_2,Bearing1_4,Bearing1_5",Bearing1_3,False
"vertical__fft_coefficient__attr_""abs""__coeff_2",EfficientFCParameters,XJTU-SY,condition_1_35Hz12kN,rul,0.15474110246188502,0.0009397561180047848,0.15474110246188502,False,frequency,"vertical channel fft coefficient  attr ""abs""  coeff 2 statistic; selected on train bearings only to avoid held-out leakage.",train_only,train_bearings_only,single_snapshot,"Bearing1_1,Bearing1_2,Bearing1_4,Bearing1_5",Bearing1_3,False
"vertical__fft_coefficient__attr_""abs""__coeff_39",EfficientFCParameters,XJTU-SY,condition_1_35Hz12kN,rul,0.15338619214552107,0.0010430339745736202,-0.15338619214552107,False,frequency,"vertical channel fft coefficient  attr ""abs""  coeff 39 statistic; selected on train bearings only to avoid held-out leakage.",train_only,train_bearings_only,single_snapshot,"Bearing1_1,Bearing1_2,Bearing1_4,Bearing1_5",Bearing1_3,False
"vertical__fft_coefficient__attr_""abs""__coeff_48",EfficientFCParameters,XJTU-SY,condition_1_35Hz12kN,rul,0.15287955867883016,0.0010842698365997033,-0.15287955867883016,False,frequency,"vertical channel fft coefficient  attr ""abs""  coeff 48 statistic; selected on train bearings only to avoid held-out leakage.",train_only,train_bearings_only,single_snapshot,"Bearing1_1,Bearing1_2,Bearing1_4,Bearing1_5",Bearing1_3,False
"horizontal__agg_linear_trend__attr_""stderr""__chunk_len_10__f_agg_""mean""",EfficientFCParameters,XJTU-SY,condition_1_35Hz12kN,rul,0.15254848107303248,0.0011120232717337383,0.15254848107303248,False,time_domain,"horizontal channel agg linear trend  attr ""stderr""  chunk len 10  f agg ""mean"" statistic; selected on train bearings only to avoid held-out leakage.",train_only,train_bearings_only,single_snapshot,"Bearing1_1,Bearing1_2,Bearing1_4,Bearing1_5",Bearing1_3,True
"vertical__fft_coefficient__attr_""abs""__coeff_56",EfficientFCParameters,XJTU-SY,condition_1_35Hz12kN,rul,0.15207857428140473,0.0011525394945184606,0.15207857428140473,False,frequency,"vertical channel fft coefficient  attr ""abs""  coeff 56 statistic; selected on train bearings only to avoid held-out leakage.",train_only,train_bearings_only,single_snapshot,"Bearing1_1,Bearing1_2,Bearing1_4,Bearing1_5",Bearing1_3,False
vertical__large_standard_deviation__r_0.2,EfficientFCParameters,XJTU-SY,condition_1_35Hz12kN,rul,0.15186471384179542,0.0011714254911395555,-0.15186471384179542,False,distribution,vertical channel large standard deviation  r 0.2 statistic; selected on train bearings only to avoid held-out leakage.,train_only,train_bearings_only,single_snapshot,"Bearing1_1,Bearing1_2,Bearing1_4,Bearing1_5",Bearing1_3,True
vertical__quantile__q_0.6,EfficientFCParameters,XJTU-SY,condition_1_35Hz12kN,rul,0.15089672046177516,0.0012605262529244146,-0.15089672046177516,False,time_domain,vertical channel quantile  q 0.6 statistic; selected on train bearings only to avoid held-out leakage.,train_only,train_bearings_only,single_snapshot,"Bearing1_1,Bearing1_2,Bearing1_4,Bearing1_5",Bearing1_3,False
"vertical__fft_coefficient__attr_""abs""__coeff_47",EfficientFCParameters,XJTU-SY,condition_1_35Hz12kN,rul,0.15009618730808827,0.0013388794281054845,-0.15009618730808827,False,frequency,"vertical channel fft coefficient  attr ""abs""  coeff 47 statistic; selected on train bearings only to avoid held-out leakage.",train_only,train_bearings_only,single_snapshot,"Bearing1_1,Bearing1_2,Bearing1_4,Bearing1_5",Bearing1_3,False
"vertical__fft_coefficient__attr_""abs""__coeff_10",EfficientFCParameters,XJTU-SY,condition_1_35Hz12kN,rul,0.14908048515470382,0.001444735374371097,0.14908048515470382,False,frequency,"vertical channel fft coefficient  attr ""abs""  coeff 10 statistic; selected on train bearings only to avoid held-out leakage.",train_only,train_bearings_only,single_snapshot,"Bearing1_1,Bearing1_2,Bearing1_4,Bearing1_5",Bearing1_3,False
vertical__lempel_ziv_complexity__bins_100,EfficientFCParameters,XJTU-SY,condition_1_35Hz12kN,rul,0.14898078165640832,0.0014555304408907835,-0.14898078165640832,False,time_domain,vertical channel lempel ziv complexity  bins 100 statistic; selected on train bearings only to avoid held-out leakage.,train_only,train_bearings_only,single_snapshot,"Bearing1_1,Bearing1_2,Bearing1_4,Bearing1_5",Bearing1_3,False
horizontal__ar_coefficient__coeff_3__k_10,EfficientFCParameters,XJTU-SY,condition_1_35Hz12kN,rul,0.1485334292220111,0.0015048840551799762,-0.1485334292220111,False,time_domain,horizontal channel ar coefficient  coeff 3  k 10 statistic; selected on train bearings only to avoid held-out leakage.,train_only,train_bearings_only,single_snapshot,"Bearing1_1,Bearing1_2,Bearing1_4,Bearing1_5",Bearing1_3,False
horizontal__quantile__q_0.8,EfficientFCParameters,XJTU-SY,condition_1_35Hz12kN,rul,0.14832200442119614,0.0015287398883499076,0.14832200442119614,False,time_domain,horizontal channel quantile  q 0.8 statistic; selected on train bearings only to avoid held-out leakage.,train_only,train_bearings_only,single_snapshot,"Bearing1_1,Bearing1_2,Bearing1_4,Bearing1_5",Bearing1_3,False
vertical__energy_ratio_by_chunks__num_segments_10__segment_focus_8,EfficientFCParameters,XJTU-SY,condition_1_35Hz12kN,rul,0.14724881611566695,0.0016552735113202135,-0.14724881611566695,False,energy,vertical channel energy ratio by chunks  num segments 10  segment focus 8 statistic; selected on train bearings only to avoid held-out leakage.,train_only,train_bearings_only,single_snapshot,"Bearing1_1,Bearing1_2,Bearing1_4,Bearing1_5",Bearing1_3,False
horizontal__variance_larger_than_standard_deviation,EfficientFCParameters,XJTU-SY,condition_1_35Hz12kN,rul,0.14713342794534853,0.0016694352522614775,0.14713342794534853,False,distribution,horizontal channel variance larger than standard deviation statistic; selected on train bearings only to avoid held-out leakage.,train_only,train_bearings_only,single_snapshot,"Bearing1_1,Bearing1_2,Bearing1_4,Bearing1_5",Bearing1_3,True
vertical__c3__lag_3,EfficientFCParameters,XJTU-SY,condition_1_35Hz12kN,rul,0.14639289118200652,0.0017629985880716834,-0.14639289118200652,False,time_domain,vertical channel c3  lag 3 statistic; selected on train bearings only to avoid held-out leakage.,train_only,train_bearings_only,single_snapshot,"Bearing1_1,Bearing1_2,Bearing1_4,Bearing1_5",Bearing1_3,False
horizontal__ar_coefficient__coeff_2__k_10,EfficientFCParameters,XJTU-SY,condition_1_35Hz12kN,rul,0.1462569469906735,0.0017806877421153028,-0.1462569469906735,False,time_domain,horizontal channel ar coefficient  coeff 2  k 10 statistic; selected on train bearings only to avoid held-out leakage.,train_only,train_bearings_only,single_snapshot,"Bearing1_1,Bearing1_2,Bearing1_4,Bearing1_5",Bearing1_3,False
"vertical__fft_coefficient__attr_""abs""__coeff_68",EfficientFCParameters,XJTU-SY,condition_1_35Hz12kN,rul,0.1459535045061293,0.0018207599324179587,-0.1459535045061293,False,frequency,"vertical channel fft coefficient  attr ""abs""  coeff 68 statistic; selected on train bearings only to avoid held-out leakage.",train_only,train_bearings_only,single_snapshot,"Bearing1_1,Bearing1_2,Bearing1_4,Bearing1_5",Bearing1_3,False
vertical__benford_correlation,EfficientFCParameters,XJTU-SY,condition_1_35Hz12kN,rul,0.14569484774513144,0.001855568046635229,0.14569484774513144,False,time_domain,vertical channel benford correlation statistic; selected on train bearings only to avoid held-out leakage.,train_only,train_bearings_only,single_snapshot,"Bearing1_1,Bearing1_2,Bearing1_4,Bearing1_5",Bearing1_3,False
horizontal__benford_correlation,EfficientFCParameters,XJTU-SY,condition_1_35Hz12kN,rul,0.14554981128797723,0.0018753515692944112,-0.14554981128797723,False,time_domain,horizontal channel benford correlation statistic; selected on train bearings only to avoid held-out leakage.,train_only,train_bearings_only,single_snapshot,"Bearing1_1,Bearing1_2,Bearing1_4,Bearing1_5",Bearing1_3,False
"horizontal__agg_linear_trend__attr_""stderr""__chunk_len_5__f_agg_""mean""",EfficientFCParameters,XJTU-SY,condition_1_35Hz12kN,rul,0.1437826947121886,0.0021324008778820457,0.1437826947121886,False,time_domain,"horizontal channel agg linear trend  attr ""stderr""  chunk len 5  f agg ""mean"" statistic; selected on train bearings only to avoid held-out leakage.",train_only,train_bearings_only,single_snapshot,"Bearing1_1,Bearing1_2,Bearing1_4,Bearing1_5",Bearing1_3,True
"vertical__augmented_dickey_fuller__attr_""teststat""__autolag_""AIC""",EfficientFCParameters,XJTU-SY,condition_1_35Hz12kN,rul,0.1437443620874704,0.002138317587285323,-0.1437443620874704,False,time_domain,"vertical channel augmented dickey fuller  attr ""teststat""  autolag ""AIC"" statistic; selected on train bearings only to avoid held-out leakage.",train_only,train_bearings_only,single_snapshot,"Bearing1_1,Bearing1_2,Bearing1_4,Bearing1_5",Bearing1_3,False
vertical__lempel_ziv_complexity__bins_3,EfficientFCParameters,XJTU-SY,condition_1_35Hz12kN,rul,0.14264674090495025,0.0023142351200671077,-0.14264674090495025,False,time_domain,vertical channel lempel ziv complexity  bins 3 statistic; selected on train bearings only to avoid held-out leakage.,train_only,train_bearings_only,single_snapshot,"Bearing1_1,Bearing1_2,Bearing1_4,Bearing1_5",Bearing1_3,False
"horizontal__fft_coefficient__attr_""abs""__coeff_21",EfficientFCParameters,XJTU-SY,condition_1_35Hz12kN,rul,0.14029391567055838,0.0027366304771586046,-0.14029391567055838,False,frequency,"horizontal channel fft coefficient  attr ""abs""  coeff 21 statistic; selected on train bearings only to avoid held-out leakage.",train_only,train_bearings_only,single_snapshot,"Bearing1_1,Bearing1_2,Bearing1_4,Bearing1_5",Bearing1_3,False
"horizontal__augmented_dickey_fuller__attr_""usedlag""__autolag_""AIC""",EfficientFCParameters,XJTU-SY,condition_1_35Hz12kN,rul,0.13920213335845566,0.0029555336603666205,-0.13920213335845566,False,time_domain,"horizontal channel augmented dickey fuller  attr ""usedlag""  autolag ""AIC"" statistic; selected on train bearings only to avoid held-out leakage.",train_only,train_bearings_only,single_snapshot,"Bearing1_1,Bearing1_2,Bearing1_4,Bearing1_5",Bearing1_3,False
"vertical__fft_coefficient__attr_""abs""__coeff_63",EfficientFCParameters,XJTU-SY,condition_1_35Hz12kN,rul,0.1391362323958745,0.0029692430690786207,0.1391362323958745,False,frequency,"vertical channel fft coefficient  attr ""abs""  coeff 63 statistic; selected on train bearings only to avoid held-out leakage.",train_only,train_bearings_only,single_snapshot,"Bearing1_1,Bearing1_2,Bearing1_4,Bearing1_5",Bearing1_3,False
"vertical__fft_aggregated__aggtype_""kurtosis""",EfficientFCParameters,XJTU-SY,condition_1_35Hz12kN,rul,0.1388838450386875,0.003022283826482431,-0.1388838450386875,False,frequency,"vertical channel fft aggregated  aggtype ""kurtosis"" statistic; selected on train bearings only to avoid held-out leakage.",train_only,train_bearings_only,single_snapshot,"Bearing1_1,Bearing1_2,Bearing1_4,Bearing1_5",Bearing1_3,True
vertical__absolute_sum_of_changes,EfficientFCParameters,XJTU-SY,condition_1_35Hz12kN,rul,0.1385191288903111,0.003100453687215844,-0.1385191288903111,False,energy,vertical channel absolute sum of changes statistic; selected on train bearings only to avoid held-out leakage.,train_only,train_bearings_only,single_snapshot,"Bearing1_1,Bearing1_2,Bearing1_4,Bearing1_5",Bearing1_3,False
vertical__mean_abs_change,EfficientFCParameters,XJTU-SY,condition_1_35Hz12kN,rul,0.1385191288903111,0.003100453687215844,-0.1385191288903111,False,time_domain,vertical channel mean abs change statistic; selected on train bearings only to avoid held-out leakage.,train_only,train_bearings_only,single_snapshot,"Bearing1_1,Bearing1_2,Bearing1_4,Bearing1_5",Bearing1_3,True
"vertical__change_quantiles__f_agg_""mean""__isabs_True__qh_1.0__ql_0.0",EfficientFCParameters,XJTU-SY,condition_1_35Hz12kN,rul,0.1385191288903111,0.003100453687215844,-0.1385191288903111,False,time_domain,"vertical channel change quantiles  f agg ""mean""  isabs True  qh 1.0  ql 0.0 statistic; selected on train bearings only to avoid held-out leakage.",train_only,train_bearings_only,single_snapshot,"Bearing1_1,Bearing1_2,Bearing1_4,Bearing1_5",Bearing1_3,True
"horizontal__fft_coefficient__attr_""abs""__coeff_65",EfficientFCParameters,XJTU-SY,condition_1_35Hz12kN,rul,0.13765357971355355,0.0032933738401876634,0.13765357971355355,False,frequency,"horizontal channel fft coefficient  attr ""abs""  coeff 65 statistic; selected on train bearings only to avoid held-out leakage.",train_only,train_bearings_only,single_snapshot,"Bearing1_1,Bearing1_2,Bearing1_4,Bearing1_5",Bearing1_3,False
"vertical__fft_coefficient__attr_""angle""__coeff_85",EfficientFCParameters,XJTU-SY,condition_1_35Hz12kN,rul,0.13754708826541032,0.0033178475550646775,-0.13754708826541032,False,frequency,"vertical channel fft coefficient  attr ""angle""  coeff 85 statistic; selected on train bearings only to avoid held-out leakage.",train_only,train_bearings_only,single_snapshot,"Bearing1_1,Bearing1_2,Bearing1_4,Bearing1_5",Bearing1_3,False
"horizontal__change_quantiles__f_agg_""var""__isabs_True__qh_1.0__ql_0.2",EfficientFCParameters,XJTU-SY,condition_1_35Hz12kN,rul,0.13698827947792255,0.0034489992954631473,-0.13698827947792255,False,time_domain,"horizontal channel change quantiles  f agg ""var""  isabs True  qh 1.0  ql 0.2 statistic; selected on train bearings only to avoid held-out leakage.",train_only,train_bearings_only,single_snapshot,"Bearing1_1,Bearing1_2,Bearing1_4,Bearing1_5",Bearing1_3,False
"vertical__fft_coefficient__attr_""angle""__coeff_20",EfficientFCParameters,XJTU-SY,condition_1_35Hz12kN,rul,0.13614927016841366,0.0036547591710523585,0.13614927016841366,False,frequency,"vertical channel fft coefficient  attr ""angle""  coeff 20 statistic; selected on train bearings only to avoid held-out leakage.",train_only,train_bearings_only,single_snapshot,"Bearing1_1,Bearing1_2,Bearing1_4,Bearing1_5",Bearing1_3,False
vertical__lempel_ziv_complexity__bins_5,EfficientFCParameters,XJTU-SY,condition_1_35Hz12kN,rul,0.13584537447231781,0.003731989600641571,-0.13584537447231781,False,time_domain,vertical channel lempel ziv complexity  bins 5 statistic; selected on train bearings only to avoid held-out leakage.,train_only,train_bearings_only,single_snapshot,"Bearing1_1,Bearing1_2,Bearing1_4,Bearing1_5",Bearing1_3,False
"vertical__change_quantiles__f_agg_""mean""__isabs_False__qh_1.0__ql_0.4",EfficientFCParameters,XJTU-SY,condition_1_35Hz12kN,rul,0.13500781651570762,0.003952554853307751,-0.13500781651570762,False,time_domain,"vertical channel change quantiles  f agg ""mean""  isabs False  qh 1.0  ql 0.4 statistic; selected on train bearings only to avoid held-out leakage.",train_only,train_bearings_only,single_snapshot,"Bearing1_1,Bearing1_2,Bearing1_4,Bearing1_5",Bearing1_3,True
"vertical__change_quantiles__f_agg_""var""__isabs_False__qh_1.0__ql_0.2",EfficientFCParameters,XJTU-SY,condition_1_35Hz12kN,rul,0.13474469556102373,0.004024242699717261,-0.13474469556102373,False,time_domain,"vertical channel change quantiles  f agg ""var""  isabs False  qh 1.0  ql 0.2 statistic; selected on train bearings only to avoid held-out leakage.",train_only,train_bearings_only,single_snapshot,"Bearing1_1,Bearing1_2,Bearing1_4,Bearing1_5",Bearing1_3,False
"vertical__agg_autocorrelation__f_agg_""mean""__maxlag_40",EfficientFCParameters,XJTU-SY,condition_1_35Hz12kN,rul,0.13421765545324127,0.00417138486188151,0.13421765545324127,False,time_domain,"vertical channel agg autocorrelation  f agg ""mean""  maxlag 40 statistic; selected on train bearings only to avoid held-out leakage.",train_only,train_bearings_only,single_snapshot,"Bearing1_1,Bearing1_2,Bearing1_4,Bearing1_5",Bearing1_3,True
"vertical__change_quantiles__f_agg_""var""__isabs_False__qh_0.2__ql_0.0",EfficientFCParameters,XJTU-SY,condition_1_35Hz12kN,rul,0.13400666792160262,0.004231640711281039,0.13400666792160262,False,time_domain,"vertical channel change quantiles  f agg ""var""  isabs False  qh 0.2  ql 0.0 statistic; selected on train bearings only to avoid held-out leakage.",train_only,train_bearings_only,single_snapshot,"Bearing1_1,Bearing1_2,Bearing1_4,Bearing1_5",Bearing1_3,False
vertical__partial_autocorrelation__lag_5,EfficientFCParameters,XJTU-SY,condition_1_35Hz12kN,rul,0.13399183795516556,0.004235905447299641,0.13399183795516556,False,time_domain,vertical channel partial autocorrelation  lag 5 statistic; selected on train bearings only to avoid held-out leakage.,train_only,train_bearings_only,single_snapshot,"Bearing1_1,Bearing1_2,Bearing1_4,Bearing1_5",Bearing1_3,False
"horizontal__change_quantiles__f_agg_""mean""__isabs_False__qh_1.0__ql_0.2",EfficientFCParameters,XJTU-SY,condition_1_35Hz12kN,rul,0.1334287410883486,0.004400741028619197,0.1334287410883486,False,time_domain,"horizontal channel change quantiles  f agg ""mean""  isabs False  qh 1.0  ql 0.2 statistic; selected on train bearings only to avoid held-out leakage.",train_only,train_bearings_only,single_snapshot,"Bearing1_1,Bearing1_2,Bearing1_4,Bearing1_5",Bearing1_3,True
"vertical__fft_coefficient__attr_""imag""__coeff_53",EfficientFCParameters,XJTU-SY,condition_1_35Hz12kN,rul,0.13316477657951212,0.004479988219361071,0.13316477657951212,False,frequency,"vertical channel fft coefficient  attr ""imag""  coeff 53 statistic; selected on train bearings only to avoid held-out leakage.",train_only,train_bearings_only,single_snapshot,"Bearing1_1,Bearing1_2,Bearing1_4,Bearing1_5",Bearing1_3,False
"vertical__fft_coefficient__attr_""imag""__coeff_20",EfficientFCParameters,XJTU-SY,condition_1_35Hz12kN,rul,0.13296761010775027,0.004540019706520168,0.13296761010775027,False,frequency,"vertical channel fft coefficient  attr ""imag""  coeff 20 statistic; selected on train bearings only to avoid held-out leakage.",train_only,train_bearings_only,single_snapshot,"Bearing1_1,Bearing1_2,Bearing1_4,Bearing1_5",Bearing1_3,False
horizontal__fourier_entropy__bins_5,EfficientFCParameters,XJTU-SY,condition_1_35Hz12kN,rul,0.1326880121689598,0.004626394578667179,0.1326880121689598,False,time_domain,horizontal channel fourier entropy  bins 5 statistic; selected on train bearings only to avoid held-out leakage.,train_only,train_bearings_only,single_snapshot,"Bearing1_1,Bearing1_2,Bearing1_4,Bearing1_5",Bearing1_3,False
"horizontal__change_quantiles__f_agg_""var""__isabs_False__qh_0.6__ql_0.2",EfficientFCParameters,XJTU-SY,condition_1_35Hz12kN,rul,0.13144445244913167,0.005028805418702331,0.13144445244913167,False,time_domain,"horizontal channel change quantiles  f agg ""var""  isabs False  qh 0.6  ql 0.2 statistic; selected on train bearings only to avoid held-out leakage.",train_only,train_bearings_only,single_snapshot,"Bearing1_1,Bearing1_2,Bearing1_4,Bearing1_5",Bearing1_3,False
vertical__partial_autocorrelation__lag_4,EfficientFCParameters,XJTU-SY,condition_1_35Hz12kN,rul,0.13102171901060475,0.005172620509789212,0.13102171901060475,False,time_domain,vertical channel partial autocorrelation  lag 4 statistic; selected on train bearings only to avoid held-out leakage.,train_only,train_bearings_only,single_snapshot,"Bearing1_1,Bearing1_2,Bearing1_4,Bearing1_5",Bearing1_3,False
"horizontal__change_quantiles__f_agg_""mean""__isabs_True__qh_0.6__ql_0.2",EfficientFCParameters,XJTU-SY,condition_1_35Hz12kN,rul,0.13088342930890415,0.005220464891894328,0.13088342930890415,False,time_domain,"horizontal channel change quantiles  f agg ""mean""  isabs True  qh 0.6  ql 0.2 statistic; selected on train bearings only to avoid held-out leakage.",train_only,train_bearings_only,single_snapshot,"Bearing1_1,Bearing1_2,Bearing1_4,Bearing1_5",Bearing1_3,True
"vertical__agg_linear_trend__attr_""stderr""__chunk_len_10__f_agg_""min""",EfficientFCParameters,XJTU-SY,condition_1_35Hz12kN,rul,0.13036094825671093,0.00540484647929802,0.13036094825671093,False,time_domain,"vertical channel agg linear trend  attr ""stderr""  chunk len 10  f agg ""min"" statistic; selected on train bearings only to avoid held-out leakage.",train_only,train_bearings_only,single_snapshot,"Bearing1_1,Bearing1_2,Bearing1_4,Bearing1_5",Bearing1_3,False
vertical__number_peaks__n_10,EfficientFCParameters,XJTU-SY,condition_1_35Hz12kN,rul,0.13013140325480774,0.005487689004589467,-0.13013140325480774,False,time_domain,vertical channel number peaks  n 10 statistic; selected on train bearings only to avoid held-out leakage.,train_only,train_bearings_only,single_snapshot,"Bearing1_1,Bearing1_2,Bearing1_4,Bearing1_5",Bearing1_3,True
vertical__quantile__q_0.9,EfficientFCParameters,XJTU-SY,condition_1_35Hz12kN,rul,0.12964981820817045,0.005665215119898677,-0.12964981820817045,False,time_domain,vertical channel quantile  q 0.9 statistic; selected on train bearings only to avoid held-out leakage.,train_only,train_bearings_only,single_snapshot,"Bearing1_1,Bearing1_2,Bearing1_4,Bearing1_5",Bearing1_3,False
"horizontal__fft_coefficient__attr_""abs""__coeff_7",EfficientFCParameters,XJTU-SY,condition_1_35Hz12kN,rul,0.12832115690258142,0.006182075668172602,0.12832115690258142,False,frequency,"horizontal channel fft coefficient  attr ""abs""  coeff 7 statistic; selected on train bearings only to avoid held-out leakage.",train_only,train_bearings_only,single_snapshot,"Bearing1_1,Bearing1_2,Bearing1_4,Bearing1_5",Bearing1_3,False
horizontal__partial_autocorrelation__lag_2,EfficientFCParameters,XJTU-SY,condition_1_35Hz12kN,rul,0.12780015297356662,0.006396038423836329,-0.12780015297356662,False,time_domain,horizontal channel partial autocorrelation  lag 2 statistic; selected on train bearings only to avoid held-out leakage.,train_only,train_bearings_only,single_snapshot,"Bearing1_1,Bearing1_2,Bearing1_4,Bearing1_5",Bearing1_3,False
"horizontal__change_quantiles__f_agg_""mean""__isabs_True__qh_0.6__ql_0.4",EfficientFCParameters,XJTU-SY,condition_1_35Hz12kN,rul,0.12767577160226465,0.006448090597771394,0.12767577160226465,False,time_domain,"horizontal channel change quantiles  f agg ""mean""  isabs True  qh 0.6  ql 0.4 statistic; selected on train bearings only to avoid held-out leakage.",train_only,train_bearings_only,single_snapshot,"Bearing1_1,Bearing1_2,Bearing1_4,Bearing1_5",Bearing1_3,True
"horizontal__change_quantiles__f_agg_""var""__isabs_True__qh_0.8__ql_0.6",EfficientFCParameters,XJTU-SY,condition_1_35Hz12kN,rul,0.12767399228619344,0.006448837968819359,0.12767399228619344,False,time_domain,"horizontal channel change quantiles  f agg ""var""  isabs True  qh 0.8  ql 0.6 statistic; selected on train bearings only to avoid held-out leakage.",train_only,train_bearings_only,single_snapshot,"Bearing1_1,Bearing1_2,Bearing1_4,Bearing1_5",Bearing1_3,False
"vertical__change_quantiles__f_agg_""var""__isabs_False__qh_0.8__ql_0.4",EfficientFCParameters,XJTU-SY,condition_1_35Hz12kN,rul,0.12747067212797905,0.006534752361992906,-0.12747067212797905,False,time_domain,"vertical channel change quantiles  f agg ""var""  isabs False  qh 0.8  ql 0.4 statistic; selected on train bearings only to avoid held-out leakage.",train_only,train_bearings_only,single_snapshot,"Bearing1_1,Bearing1_2,Bearing1_4,Bearing1_5",Bearing1_3,False
"horizontal__fft_coefficient__attr_""abs""__coeff_3",EfficientFCParameters,XJTU-SY,condition_1_35Hz12kN,rul,0.12741907702156055,0.006556716825443452,0.12741907702156055,False,frequency,"horizontal channel fft coefficient  attr ""abs""  coeff 3 statistic; selected on train bearings only to avoid held-out leakage.",train_only,train_bearings_only,single_snapshot,"Bearing1_1,Bearing1_2,Bearing1_4,Bearing1_5",Bearing1_3,False
vertical__number_peaks__n_5,EfficientFCParameters,XJTU-SY,condition_1_35Hz12kN,rul,0.12661461598994098,0.006907847689882092,0.12661461598994098,False,time_domain,vertical channel number peaks  n 5 statistic; selected on train bearings only to avoid held-out leakage.,train_only,train_bearings_only,single_snapshot,"Bearing1_1,Bearing1_2,Bearing1_4,Bearing1_5",Bearing1_3,True
"horizontal__fft_coefficient__attr_""abs""__coeff_87",EfficientFCParameters,XJTU-SY,condition_1_35Hz12kN,rul,0.12624691326920465,0.007073877337046311,0.12624691326920465,False,frequency,"horizontal channel fft coefficient  attr ""abs""  coeff 87 statistic; selected on train bearings only to avoid held-out leakage.",train_only,train_bearings_only,single_snapshot,"Bearing1_1,Bearing1_2,Bearing1_4,Bearing1_5",Bearing1_3,False
vertical__absolute_maximum,EfficientFCParameters,XJTU-SY,condition_1_35Hz12kN,rul,0.12594433545960798,0.007213169748093983,0.12594433545960798,False,energy,vertical channel absolute maximum statistic; selected on train bearings only to avoid held-out leakage.,train_only,train_bearings_only,single_snapshot,"Bearing1_1,Bearing1_2,Bearing1_4,Bearing1_5",Bearing1_3,False
vertical__ar_coefficient__coeff_2__k_10,EfficientFCParameters,XJTU-SY,condition_1_35Hz12kN,rul,0.12588497757757522,0.007240781410467414,0.12588497757757522,False,time_domain,vertical channel ar coefficient  coeff 2  k 10 statistic; selected on train bearings only to avoid held-out leakage.,train_only,train_bearings_only,single_snapshot,"Bearing1_1,Bearing1_2,Bearing1_4,Bearing1_5",Bearing1_3,False
"vertical__fft_coefficient__attr_""angle""__coeff_53",EfficientFCParameters,XJTU-SY,condition_1_35Hz12kN,rul,0.1254044696640037,0.00746780361660306,0.1254044696640037,False,frequency,"vertical channel fft coefficient  attr ""angle""  coeff 53 statistic; selected on train bearings only to avoid held-out leakage.",train_only,train_bearings_only,single_snapshot,"Bearing1_1,Bearing1_2,Bearing1_4,Bearing1_5",Bearing1_3,False
"horizontal__change_quantiles__f_agg_""var""__isabs_False__qh_0.6__ql_0.4",EfficientFCParameters,XJTU-SY,condition_1_35Hz12kN,rul,0.12535269267421087,0.007492642131347366,0.12535269267421087,False,time_domain,"horizontal channel change quantiles  f agg ""var""  isabs False  qh 0.6  ql 0.4 statistic; selected on train bearings only to avoid held-out leakage.",train_only,train_bearings_only,single_snapshot,"Bearing1_1,Bearing1_2,Bearing1_4,Bearing1_5",Bearing1_3,False
"vertical__change_quantiles__f_agg_""mean""__isabs_True__qh_0.8__ql_0.4",EfficientFCParameters,XJTU-SY,condition_1_35Hz12kN,rul,0.1252464464234657,0.007543842039543631,-0.1252464464234657,False,time_domain,"vertical channel change quantiles  f agg ""mean""  isabs True  qh 0.8  ql 0.4 statistic; selected on train bearings only to avoid held-out leakage.",train_only,train_bearings_only,single_snapshot,"Bearing1_1,Bearing1_2,Bearing1_4,Bearing1_5",Bearing1_3,True
vertical__fourier_entropy__bins_3,EfficientFCParameters,XJTU-SY,condition_1_35Hz12kN,rul,0.1251043610003935,0.007612801362122355,0.1251043610003935,False,time_domain,vertical channel fourier entropy  bins 3 statistic; selected on train bearings only to avoid held-out leakage.,train_only,train_bearings_only,single_snapshot,"Bearing1_1,Bearing1_2,Bearing1_4,Bearing1_5",Bearing1_3,False
"vertical__fft_coefficient__attr_""abs""__coeff_32",EfficientFCParameters,XJTU-SY,condition_1_35Hz12kN,rul,0.12481972522475544,0.00775264217911581,0.12481972522475544,False,frequency,"vertical channel fft coefficient  attr ""abs""  coeff 32 statistic; selected on train bearings only to avoid held-out leakage.",train_only,train_bearings_only,single_snapshot,"Bearing1_1,Bearing1_2,Bearing1_4,Bearing1_5",Bearing1_3,False
"horizontal__agg_linear_trend__attr_""slope""__chunk_len_50__f_agg_""max""",EfficientFCParameters,XJTU-SY,condition_1_35Hz12kN,rul,0.12472602533385327,0.007799176064066344,-0.12472602533385327,False,time_domain,"horizontal channel agg linear trend  attr ""slope""  chunk len 50  f agg ""max"" statistic; selected on train bearings only to avoid held-out leakage.",train_only,train_bearings_only,single_snapshot,"Bearing1_1,Bearing1_2,Bearing1_4,Bearing1_5",Bearing1_3,False
horizontal__has_duplicate,EfficientFCParameters,XJTU-SY,condition_1_35Hz12kN,rul,0.12435063545311892,0.007988115895219628,0.12435063545311892,False,time_domain,horizontal channel has duplicate statistic; selected on train bearings only to avoid held-out leakage.,train_only,train_bearings_only,single_snapshot,"Bearing1_1,Bearing1_2,Bearing1_4,Bearing1_5",Bearing1_3,False
"horizontal__agg_linear_trend__attr_""intercept""__chunk_len_10__f_agg_""min""",EfficientFCParameters,XJTU-SY,condition_1_35Hz12kN,rul,0.12423117024667697,0.008049095801855104,0.12423117024667697,False,time_domain,"horizontal channel agg linear trend  attr ""intercept""  chunk len 10  f agg ""min"" statistic; selected on train bearings only to avoid held-out leakage.",train_only,train_bearings_only,single_snapshot,"Bearing1_1,Bearing1_2,Bearing1_4,Bearing1_5",Bearing1_3,False
"vertical__fft_coefficient__attr_""abs""__coeff_59",EfficientFCParameters,XJTU-SY,condition_1_35Hz12kN,rul,0.12422545758054657,0.008052022158266985,-0.12422545758054657,False,frequency,"vertical channel fft coefficient  attr ""abs""  coeff 59 statistic; selected on train bearings only to avoid held-out leakage.",train_only,train_bearings_only,single_snapshot,"Bearing1_1,Bearing1_2,Bearing1_4,Bearing1_5",Bearing1_3,False
horizontal__friedrich_coefficients__coeff_1__m_3__r_30,EfficientFCParameters,XJTU-SY,condition_1_35Hz12kN,rul,0.12366776136051742,0.008342317358154607,-0.12366776136051742,False,time_domain,horizontal channel friedrich coefficients  coeff 1  m 3  r 30 statistic; selected on train bearings only to avoid held-out leakage.,train_only,train_bearings_only,single_snapshot,"Bearing1_1,Bearing1_2,Bearing1_4,Bearing1_5",Bearing1_3,False
"horizontal__fft_coefficient__attr_""angle""__coeff_93",EfficientFCParameters,XJTU-SY,condition_1_35Hz12kN,rul,0.12327399754681898,0.008552865058156419,-0.12327399754681898,False,frequency,"horizontal channel fft coefficient  attr ""angle""  coeff 93 statistic; selected on train bearings only to avoid held-out leakage.",train_only,train_bearings_only,single_snapshot,"Bearing1_1,Bearing1_2,Bearing1_4,Bearing1_5",Bearing1_3,False
"vertical__linear_trend__attr_""pvalue""",EfficientFCParameters,XJTU-SY,condition_1_35Hz12kN,rul,0.12291661142223934,0.008748046975124922,-0.12291661142223934,False,time_domain,"vertical channel linear trend  attr ""pvalue"" statistic; selected on train bearings only to avoid held-out leakage.",train_only,train_bearings_only,single_snapshot,"Bearing1_1,Bearing1_2,Bearing1_4,Bearing1_5",Bearing1_3,False
"horizontal__change_quantiles__f_agg_""mean""__isabs_False__qh_0.6__ql_0.2",EfficientFCParameters,XJTU-SY,condition_1_35Hz12kN,rul,0.12253424255919719,0.008961256327212851,0.12253424255919719,False,time_domain,"horizontal channel change quantiles  f agg ""mean""  isabs False  qh 0.6  ql 0.2 statistic; selected on train bearings only to avoid held-out leakage.",train_only,train_bearings_only,single_snapshot,"Bearing1_1,Bearing1_2,Bearing1_4,Bearing1_5",Bearing1_3,True
"horizontal__change_quantiles__f_agg_""mean""__isabs_False__qh_0.8__ql_0.2",EfficientFCParameters,XJTU-SY,condition_1_35Hz12kN,rul,0.12237387911819295,0.009052043366693303,0.12237387911819295,False,time_domain,"horizontal channel change quantiles  f agg ""mean""  isabs False  qh 0.8  ql 0.2 statistic; selected on train bearings only to avoid held-out leakage.",train_only,train_bearings_only,single_snapshot,"Bearing1_1,Bearing1_2,Bearing1_4,Bearing1_5",Bearing1_3,True
"vertical__agg_linear_trend__attr_""stderr""__chunk_len_5__f_agg_""mean""",EfficientFCParameters,XJTU-SY,condition_1_35Hz12kN,rul,0.12193166879060692,0.009306647950310984,0.12193166879060692,False,time_domain,"vertical channel agg linear trend  attr ""stderr""  chunk len 5  f agg ""mean"" statistic; selected on train bearings only to avoid held-out leakage.",train_only,train_bearings_only,single_snapshot,"Bearing1_1,Bearing1_2,Bearing1_4,Bearing1_5",Bearing1_3,True
"vertical__fft_coefficient__attr_""imag""__coeff_64",EfficientFCParameters,XJTU-SY,condition_1_35Hz12kN,rul,0.12176312884296439,0.009405349322507042,0.12176312884296439,False,frequency,"vertical channel fft coefficient  attr ""imag""  coeff 64 statistic; selected on train bearings only to avoid held-out leakage.",train_only,train_bearings_only,single_snapshot,"Bearing1_1,Bearing1_2,Bearing1_4,Bearing1_5",Bearing1_3,False
"horizontal__fft_coefficient__attr_""abs""__coeff_99",EfficientFCParameters,XJTU-SY,condition_1_35Hz12kN,rul,0.12169839630673591,0.00944350504901267,-0.12169839630673591,False,frequency,"horizontal channel fft coefficient  attr ""abs""  coeff 99 statistic; selected on train bearings only to avoid held-out leakage.",train_only,train_bearings_only,single_snapshot,"Bearing1_1,Bearing1_2,Bearing1_4,Bearing1_5",Bearing1_3,False
"vertical__fft_coefficient__attr_""abs""__coeff_77",EfficientFCParameters,XJTU-SY,condition_1_35Hz12kN,rul,0.12165524761207828,0.009469014840881751,-0.12165524761207828,False,frequency,"vertical channel fft coefficient  attr ""abs""  coeff 77 statistic; selected on train bearings only to avoid held-out leakage.",train_only,train_bearings_only,single_snapshot,"Bearing1_1,Bearing1_2,Bearing1_4,Bearing1_5",Bearing1_3,False
horizontal__partial_autocorrelation__lag_8,EfficientFCParameters,XJTU-SY,condition_1_35Hz12kN,rul,0.121419125474984,0.009609699546915028,0.121419125474984,False,time_domain,horizontal channel partial autocorrelation  lag 8 statistic; selected on train bearings only to avoid held-out leakage.,train_only,train_bearings_only,single_snapshot,"Bearing1_1,Bearing1_2,Bearing1_4,Bearing1_5",Bearing1_3,False
"horizontal__agg_linear_trend__attr_""intercept""__chunk_len_50__f_agg_""min""",EfficientFCParameters,XJTU-SY,condition_1_35Hz12kN,rul,0.12137048719485628,0.00963890852491131,0.12137048719485628,False,time_domain,"horizontal channel agg linear trend  attr ""intercept""  chunk len 50  f agg ""min"" statistic; selected on train bearings only to avoid held-out leakage.",train_only,train_bearings_only,single_snapshot,"Bearing1_1,Bearing1_2,Bearing1_4,Bearing1_5",Bearing1_3,False
"horizontal__fft_coefficient__attr_""abs""__coeff_45",EfficientFCParameters,XJTU-SY,condition_1_35Hz12kN,rul,0.12130946738367757,0.009675664590292487,-0.12130946738367757,False,frequency,"horizontal channel fft coefficient  attr ""abs""  coeff 45 statistic; selected on train bearings only to avoid held-out leakage.",train_only,train_bearings_only,single_snapshot,"Bearing1_1,Bearing1_2,Bearing1_4,Bearing1_5",Bearing1_3,False
horizontal__longest_strike_above_mean,EfficientFCParameters,XJTU-SY,condition_1_35Hz12kN,rul,0.12129909927941934,0.00968192231276633,0.12129909927941934,False,time_domain,horizontal channel longest strike above mean statistic; selected on train bearings only to avoid held-out leakage.,train_only,train_bearings_only,single_snapshot,"Bearing1_1,Bearing1_2,Bearing1_4,Bearing1_5",Bearing1_3,True
"vertical__fft_coefficient__attr_""imag""__coeff_4",EfficientFCParameters,XJTU-SY,condition_1_35Hz12kN,rul,0.12080646424786567,0.00998343005422537,0.12080646424786567,False,frequency,"vertical channel fft coefficient  attr ""imag""  coeff 4 statistic; selected on train bearings only to avoid held-out leakage.",train_only,train_bearings_only,single_snapshot,"Bearing1_1,Bearing1_2,Bearing1_4,Bearing1_5",Bearing1_3,False
horizontal__energy_ratio_by_chunks__num_segments_10__segment_focus_2,EfficientFCParameters,XJTU-SY,condition_1_35Hz12kN,rul,0.12063082420556814,0.010092925953341362,0.12063082420556814,False,energy,horizontal channel energy ratio by chunks  num segments 10  segment focus 2 statistic; selected on train bearings only to avoid held-out leakage.,train_only,train_bearings_only,single_snapshot,"Bearing1_1,Bearing1_2,Bearing1_4,Bearing1_5",Bearing1_3,False
vertical__index_mass_quantile__q_0.6,EfficientFCParameters,XJTU-SY,condition_1_35Hz12kN,rul,0.1197094483295418,0.010684964525367635,-0.1197094483295418,False,time_domain,vertical channel index mass quantile  q 0.6 statistic; selected on train bearings only to avoid held-out leakage.,train_only,train_bearings_only,single_snapshot,"Bearing1_1,Bearing1_2,Bearing1_4,Bearing1_5",Bearing1_3,False
"vertical__agg_linear_trend__attr_""stderr""__chunk_len_5__f_agg_""min""",EfficientFCParameters,XJTU-SY,condition_1_35Hz12kN,rul,0.1194815796021732,0.010836049181431995,0.1194815796021732,False,time_domain,"vertical channel agg linear trend  attr ""stderr""  chunk len 5  f agg ""min"" statistic; selected on train bearings only to avoid held-out leakage.",train_only,train_bearings_only,single_snapshot,"Bearing1_1,Bearing1_2,Bearing1_4,Bearing1_5",Bearing1_3,False
horizontal__skewness,EfficientFCParameters,XJTU-SY,condition_1_35Hz12kN,rul,0.11909642745221005,0.011095724512589902,0.11909642745221005,False,distribution,horizontal channel skewness statistic; selected on train bearings only to avoid held-out leakage.,train_only,train_bearings_only,single_snapshot,"Bearing1_1,Bearing1_2,Bearing1_4,Bearing1_5",Bearing1_3,True
"vertical__fft_coefficient__attr_""imag""__coeff_94",EfficientFCParameters,XJTU-SY,condition_1_35Hz12kN,rul,0.11871972706199403,0.011355015849830084,-0.11871972706199403,False,frequency,"vertical channel fft coefficient  attr ""imag""  coeff 94 statistic; selected on train bearings only to avoid held-out leakage.",train_only,train_bearings_only,single_snapshot,"Bearing1_1,Bearing1_2,Bearing1_4,Bearing1_5",Bearing1_3,False
"horizontal__fft_coefficient__attr_""abs""__coeff_9",EfficientFCParameters,XJTU-SY,condition_1_35Hz12kN,rul,0.11858387150456962,0.011449835433554796,0.11858387150456962,False,frequency,"horizontal channel fft coefficient  attr ""abs""  coeff 9 statistic; selected on train bearings only to avoid held-out leakage.",train_only,train_bearings_only,single_snapshot,"Bearing1_1,Bearing1_2,Bearing1_4,Bearing1_5",Bearing1_3,False
"horizontal__agg_linear_trend__attr_""rvalue""__chunk_len_50__f_agg_""max""",EfficientFCParameters,XJTU-SY,condition_1_35Hz12kN,rul,0.11786641332668989,0.011962289994807999,-0.11786641332668989,False,time_domain,"horizontal channel agg linear trend  attr ""rvalue""  chunk len 50  f agg ""max"" statistic; selected on train bearings only to avoid held-out leakage.",train_only,train_bearings_only,single_snapshot,"Bearing1_1,Bearing1_2,Bearing1_4,Bearing1_5",Bearing1_3,False
vertical__longest_strike_above_mean,EfficientFCParameters,XJTU-SY,condition_1_35Hz12kN,rul,0.1178475914798846,0.011976002314496406,0.1178475914798846,False,time_domain,vertical channel longest strike above mean statistic; selected on train bearings only to avoid held-out leakage.,train_only,train_bearings_only,single_snapshot,"Bearing1_1,Bearing1_2,Bearing1_4,Bearing1_5",Bearing1_3,True
"horizontal__fft_coefficient__attr_""abs""__coeff_67",EfficientFCParameters,XJTU-SY,condition_1_35Hz12kN,rul,0.11756719663502427,0.012181929812710032,-0.11756719663502427,False,frequency,"horizontal channel fft coefficient  attr ""abs""  coeff 67 statistic; selected on train bearings only to avoid held-out leakage.",train_only,train_bearings_only,single_snapshot,"Bearing1_1,Bearing1_2,Bearing1_4,Bearing1_5",Bearing1_3,False
"horizontal__change_quantiles__f_agg_""var""__isabs_True__qh_0.4__ql_0.2",EfficientFCParameters,XJTU-SY,condition_1_35Hz12kN,rul,0.11742010824239629,0.01229119996102981,0.11742010824239629,False,time_domain,"horizontal channel change quantiles  f agg ""var""  isabs True  qh 0.4  ql 0.2 statistic; selected on train bearings only to avoid held-out leakage.",train_only,train_bearings_only,single_snapshot,"Bearing1_1,Bearing1_2,Bearing1_4,Bearing1_5",Bearing1_3,False
"vertical__fft_coefficient__attr_""abs""__coeff_98",EfficientFCParameters,XJTU-SY,condition_1_35Hz12kN,rul,0.11722325855118916,0.012438790879995412,-0.11722325855118916,False,frequency,"vertical channel fft coefficient  attr ""abs""  coeff 98 statistic; selected on train bearings only to avoid held-out leakage.",train_only,train_bearings_only,single_snapshot,"Bearing1_1,Bearing1_2,Bearing1_4,Bearing1_5",Bearing1_3,False
vertical__skewness,EfficientFCParameters,XJTU-SY,condition_1_35Hz12kN,rul,0.11715223387813764,0.012492425435752066,0.11715223387813764,False,distribution,vertical channel skewness statistic; selected on train bearings only to avoid held-out leakage.,train_only,train_bearings_only,single_snapshot,"Bearing1_1,Bearing1_2,Bearing1_4,Bearing1_5",Bearing1_3,True
"horizontal__fft_coefficient__attr_""angle""__coeff_51",EfficientFCParameters,XJTU-SY,condition_1_35Hz12kN,rul,0.11625388342543924,0.013188645714211139,0.11625388342543924,False,frequency,"horizontal channel fft coefficient  attr ""angle""  coeff 51 statistic; selected on train bearings only to avoid held-out leakage.",train_only,train_bearings_only,single_snapshot,"Bearing1_1,Bearing1_2,Bearing1_4,Bearing1_5",Bearing1_3,False
"vertical__agg_linear_trend__attr_""intercept""__chunk_len_50__f_agg_""max""",EfficientFCParameters,XJTU-SY,condition_1_35Hz12kN,rul,0.11609628737458112,0.01331424651073743,0.11609628737458112,False,time_domain,"vertical channel agg linear trend  attr ""intercept""  chunk len 50  f agg ""max"" statistic; selected on train bearings only to avoid held-out leakage.",train_only,train_bearings_only,single_snapshot,"Bearing1_1,Bearing1_2,Bearing1_4,Bearing1_5",Bearing1_3,False
"horizontal__change_quantiles__f_agg_""var""__isabs_True__qh_0.6__ql_0.2",EfficientFCParameters,XJTU-SY,condition_1_35Hz12kN,rul,0.11601268273435131,0.013381304546456108,0.11601268273435131,False,time_domain,"horizontal channel change quantiles  f agg ""var""  isabs True  qh 0.6  ql 0.2 statistic; selected on train bearings only to avoid held-out leakage.",train_only,train_bearings_only,single_snapshot,"Bearing1_1,Bearing1_2,Bearing1_4,Bearing1_5",Bearing1_3,False
"vertical__fft_coefficient__attr_""angle""__coeff_94",EfficientFCParameters,XJTU-SY,condition_1_35Hz12kN,rul,0.11600131613031485,0.01339044446603399,-0.11600131613031485,False,frequency,"vertical channel fft coefficient  attr ""angle""  coeff 94 statistic; selected on train bearings only to avoid held-out leakage.",train_only,train_bearings_only,single_snapshot,"Bearing1_1,Bearing1_2,Bearing1_4,Bearing1_5",Bearing1_3,False
"vertical__change_quantiles__f_agg_""mean""__isabs_False__qh_0.8__ql_0.0",EfficientFCParameters,XJTU-SY,condition_1_35Hz12kN,rul,0.11580294538702768,0.013550842766569603,-0.11580294538702768,False,time_domain,"vertical channel change quantiles  f agg ""mean""  isabs False  qh 0.8  ql 0.0 statistic; selected on train bearings only to avoid held-out leakage.",train_only,train_bearings_only,single_snapshot,"Bearing1_1,Bearing1_2,Bearing1_4,Bearing1_5",Bearing1_3,True
"vertical__fft_coefficient__attr_""abs""__coeff_21",EfficientFCParameters,XJTU-SY,condition_1_35Hz12kN,rul,0.11573839580554074,0.013603399769078496,-0.11573839580554074,False,frequency,"vertical channel fft coefficient  attr ""abs""  coeff 21 statistic; selected on train bearings only to avoid held-out leakage.",train_only,train_bearings_only,single_snapshot,"Bearing1_1,Bearing1_2,Bearing1_4,Bearing1_5",Bearing1_3,False
horizontal__ratio_value_number_to_time_series_length,EfficientFCParameters,XJTU-SY,condition_1_35Hz12kN,rul,0.11515763715579112,0.014084389136458365,-0.11515763715579112,False,shape,horizontal channel ratio value number to time series length statistic; selected on train bearings only to avoid held-out leakage.,train_only,train_bearings_only,single_snapshot,"Bearing1_1,Bearing1_2,Bearing1_4,Bearing1_5",Bearing1_3,False
horizontal__percentage_of_reoccurring_datapoints_to_all_datapoints,EfficientFCParameters,XJTU-SY,condition_1_35Hz12kN,rul,0.11515763715579111,0.01408438913645837,0.11515763715579111,False,time_domain,horizontal channel percentage of reoccurring datapoints to all datapoints statistic; selected on train bearings only to avoid held-out leakage.,train_only,train_bearings_only,single_snapshot,"Bearing1_1,Bearing1_2,Bearing1_4,Bearing1_5",Bearing1_3,False
horizontal__percentage_of_reoccurring_values_to_all_values,EfficientFCParameters,XJTU-SY,condition_1_35Hz12kN,rul,0.11506061196571392,0.014166188213931216,0.11506061196571392,False,time_domain,horizontal channel percentage of reoccurring values to all values statistic; selected on train bearings only to avoid held-out leakage.,train_only,train_bearings_only,single_snapshot,"Bearing1_1,Bearing1_2,Bearing1_4,Bearing1_5",Bearing1_3,False
"vertical__fft_coefficient__attr_""abs""__coeff_69",EfficientFCParameters,XJTU-SY,condition_1_35Hz12kN,rul,0.11460494695829415,0.014555959754859038,-0.11460494695829415,False,frequency,"vertical channel fft coefficient  attr ""abs""  coeff 69 statistic; selected on train bearings only to avoid held-out leakage.",train_only,train_bearings_only,single_snapshot,"Bearing1_1,Bearing1_2,Bearing1_4,Bearing1_5",Bearing1_3,False
"horizontal__fft_coefficient__attr_""abs""__coeff_97",EfficientFCParameters,XJTU-SY,condition_1_35Hz12kN,rul,0.11416886722318566,0.014937771563215631,-0.11416886722318566,False,frequency,"horizontal channel fft coefficient  attr ""abs""  coeff 97 statistic; selected on train bearings only to avoid held-out leakage.",train_only,train_bearings_only,single_snapshot,"Bearing1_1,Bearing1_2,Bearing1_4,Bearing1_5",Bearing1_3,False
"horizontal__fft_coefficient__attr_""abs""__coeff_68",EfficientFCParameters,XJTU-SY,condition_1_35Hz12kN,rul,0.11307930104251815,0.015930422833435667,-0.11307930104251815,False,frequency,"horizontal channel fft coefficient  attr ""abs""  coeff 68 statistic; selected on train bearings only to avoid held-out leakage.",train_only,train_bearings_only,single_snapshot,"Bearing1_1,Bearing1_2,Bearing1_4,Bearing1_5",Bearing1_3,False
"horizontal__agg_linear_trend__attr_""stderr""__chunk_len_10__f_agg_""min""",EfficientFCParameters,XJTU-SY,condition_1_35Hz12kN,rul,0.11228629459472483,0.016688794965651867,-0.11228629459472483,False,time_domain,"horizontal channel agg linear trend  attr ""stderr""  chunk len 10  f agg ""min"" statistic; selected on train bearings only to avoid held-out leakage.",train_only,train_bearings_only,single_snapshot,"Bearing1_1,Bearing1_2,Bearing1_4,Bearing1_5",Bearing1_3,False
horizontal__quantile__q_0.4,EfficientFCParameters,XJTU-SY,condition_1_35Hz12kN,rul,0.11219992091194288,0.016773274280884785,-0.11219992091194288,False,time_domain,horizontal channel quantile  q 0.4 statistic; selected on train bearings only to avoid held-out leakage.,train_only,train_bearings_only,single_snapshot,"Bearing1_1,Bearing1_2,Bearing1_4,Bearing1_5",Bearing1_3,False
"vertical__change_quantiles__f_agg_""var""__isabs_True__qh_0.4__ql_0.0",EfficientFCParameters,XJTU-SY,condition_1_35Hz12kN,rul,0.1121622003730611,0.016810284754197023,0.1121622003730611,False,time_domain,"vertical channel change quantiles  f agg ""var""  isabs True  qh 0.4  ql 0.0 statistic; selected on train bearings only to avoid held-out leakage.",train_only,train_bearings_only,single_snapshot,"Bearing1_1,Bearing1_2,Bearing1_4,Bearing1_5",Bearing1_3,False
"horizontal__agg_linear_trend__attr_""stderr""__chunk_len_50__f_agg_""mean""",EfficientFCParameters,XJTU-SY,condition_1_35Hz12kN,rul,0.11212547916685768,0.016846383321817874,0.11212547916685768,False,time_domain,"horizontal channel agg linear trend  attr ""stderr""  chunk len 50  f agg ""mean"" statistic; selected on train bearings only to avoid held-out leakage.",train_only,train_bearings_only,single_snapshot,"Bearing1_1,Bearing1_2,Bearing1_4,Bearing1_5",Bearing1_3,True
"vertical__change_quantiles__f_agg_""var""__isabs_True__qh_0.8__ql_0.4",EfficientFCParameters,XJTU-SY,condition_1_35Hz12kN,rul,0.11103045753108336,0.017954458039257336,-0.11103045753108336,False,time_domain,"vertical channel change quantiles  f agg ""var""  isabs True  qh 0.8  ql 0.4 statistic; selected on train bearings only to avoid held-out leakage.",train_only,train_bearings_only,single_snapshot,"Bearing1_1,Bearing1_2,Bearing1_4,Bearing1_5",Bearing1_3,False
"horizontal__fft_coefficient__attr_""imag""__coeff_47",EfficientFCParameters,XJTU-SY,condition_1_35Hz12kN,rul,0.11086211779307674,0.01813032963118339,-0.11086211779307674,False,frequency,"horizontal channel fft coefficient  attr ""imag""  coeff 47 statistic; selected on train bearings only to avoid held-out leakage.",train_only,train_bearings_only,single_snapshot,"Bearing1_1,Bearing1_2,Bearing1_4,Bearing1_5",Bearing1_3,False
"vertical__fft_coefficient__attr_""abs""__coeff_96",EfficientFCParameters,XJTU-SY,condition_1_35Hz12kN,rul,0.11036064130842255,0.018663184275704205,0.11036064130842255,False,frequency,"vertical channel fft coefficient  attr ""abs""  coeff 96 statistic; selected on train bearings only to avoid held-out leakage.",train_only,train_bearings_only,single_snapshot,"Bearing1_1,Bearing1_2,Bearing1_4,Bearing1_5",Bearing1_3,False
horizontal__number_peaks__n_5,EfficientFCParameters,XJTU-SY,condition_1_35Hz12kN,rul,0.1090907606462333,0.020074013146509195,0.1090907606462333,False,time_domain,horizontal channel number peaks  n 5 statistic; selected on train bearings only to avoid held-out leakage.,train_only,train_bearings_only,single_snapshot,"Bearing1_1,Bearing1_2,Bearing1_4,Bearing1_5",Bearing1_3,True
"horizontal__fft_coefficient__attr_""abs""__coeff_64",EfficientFCParameters,XJTU-SY,condition_1_35Hz12kN,rul,0.10887326130139713,0.020324738242343394,0.10887326130139713,False,frequency,"horizontal channel fft coefficient  attr ""abs""  coeff 64 statistic; selected on train bearings only to avoid held-out leakage.",train_only,train_bearings_only,single_snapshot,"Bearing1_1,Bearing1_2,Bearing1_4,Bearing1_5",Bearing1_3,False
"vertical__fft_coefficient__attr_""abs""__coeff_30",EfficientFCParameters,XJTU-SY,condition_1_35Hz12kN,rul,0.10803030528008838,0.021322366681267593,0.10803030528008838,False,frequency,"vertical channel fft coefficient  attr ""abs""  coeff 30 statistic; selected on train bearings only to avoid held-out leakage.",train_only,train_bearings_only,single_snapshot,"Bearing1_1,Bearing1_2,Bearing1_4,Bearing1_5",Bearing1_3,False
"horizontal__change_quantiles__f_agg_""mean""__isabs_False__qh_0.6__ql_0.4",EfficientFCParameters,XJTU-SY,condition_1_35Hz12kN,rul,0.10763026555179352,0.021810499070681645,0.10763026555179352,False,time_domain,"horizontal channel change quantiles  f agg ""mean""  isabs False  qh 0.6  ql 0.4 statistic; selected on train bearings only to avoid held-out leakage.",train_only,train_bearings_only,single_snapshot,"Bearing1_1,Bearing1_2,Bearing1_4,Bearing1_5",Bearing1_3,True
"horizontal__fft_coefficient__attr_""abs""__coeff_75",EfficientFCParameters,XJTU-SY,condition_1_35Hz12kN,rul,0.10707415669860254,0.02250515469201825,0.10707415669860254,False,frequency,"horizontal channel fft coefficient  attr ""abs""  coeff 75 statistic; selected on train bearings only to avoid held-out leakage.",train_only,train_bearings_only,single_snapshot,"Bearing1_1,Bearing1_2,Bearing1_4,Bearing1_5",Bearing1_3,False
"vertical__fft_coefficient__attr_""abs""__coeff_23",EfficientFCParameters,XJTU-SY,condition_1_35Hz12kN,rul,0.10705508544350115,0.022529313412312187,0.10705508544350115,False,frequency,"vertical channel fft coefficient  attr ""abs""  coeff 23 statistic; selected on train bearings only to avoid held-out leakage.",train_only,train_bearings_only,single_snapshot,"Bearing1_1,Bearing1_2,Bearing1_4,Bearing1_5",Bearing1_3,False
horizontal__time_reversal_asymmetry_statistic__lag_1,EfficientFCParameters,XJTU-SY,condition_1_35Hz12kN,rul,0.10674885851958345,0.022920317483935245,0.10674885851958345,False,time_domain,horizontal channel time reversal asymmetry statistic  lag 1 statistic; selected on train bearings only to avoid held-out leakage.,train_only,train_bearings_only,single_snapshot,"Bearing1_1,Bearing1_2,Bearing1_4,Bearing1_5",Bearing1_3,False
"horizontal__change_quantiles__f_agg_""var""__isabs_True__qh_0.8__ql_0.2",EfficientFCParameters,XJTU-SY,condition_1_35Hz12kN,rul,0.10674881116000277,0.022920378406264832,0.10674881116000277,False,time_domain,"horizontal channel change quantiles  f agg ""var""  isabs True  qh 0.8  ql 0.2 statistic; selected on train bearings only to avoid held-out leakage.",train_only,train_bearings_only,single_snapshot,"Bearing1_1,Bearing1_2,Bearing1_4,Bearing1_5",Bearing1_3,False
horizontal__quantile__q_0.1,EfficientFCParameters,XJTU-SY,condition_1_35Hz12kN,rul,0.10674102881810786,0.02293039134534721,-0.10674102881810786,False,time_domain,horizontal channel quantile  q 0.1 statistic; selected on train bearings only to avoid held-out leakage.,train_only,train_bearings_only,single_snapshot,"Bearing1_1,Bearing1_2,Bearing1_4,Bearing1_5",Bearing1_3,False
"vertical__fft_coefficient__attr_""angle""__coeff_97",EfficientFCParameters,XJTU-SY,condition_1_35Hz12kN,rul,0.10583067264451859,0.024128115014030317,-0.10583067264451859,False,frequency,"vertical channel fft coefficient  attr ""angle""  coeff 97 statistic; selected on train bearings only to avoid held-out leakage.",train_only,train_bearings_only,single_snapshot,"Bearing1_1,Bearing1_2,Bearing1_4,Bearing1_5",Bearing1_3,False
"horizontal__fft_coefficient__attr_""abs""__coeff_89",EfficientFCParameters,XJTU-SY,condition_1_35Hz12kN,rul,0.10551438236997142,0.024556716500436417,0.10551438236997142,False,frequency,"horizontal channel fft coefficient  attr ""abs""  coeff 89 statistic; selected on train bearings only to avoid held-out leakage.",train_only,train_bearings_only,single_snapshot,"Bearing1_1,Bearing1_2,Bearing1_4,Bearing1_5",Bearing1_3,False
"vertical__fft_coefficient__attr_""abs""__coeff_25",EfficientFCParameters,XJTU-SY,condition_1_35Hz12kN,rul,0.10532916555365733,0.02481074163836218,-0.10532916555365733,False,frequency,"vertical channel fft coefficient  attr ""abs""  coeff 25 statistic; selected on train bearings only to avoid held-out leakage.",train_only,train_bearings_only,single_snapshot,"Bearing1_1,Bearing1_2,Bearing1_4,Bearing1_5",Bearing1_3,False
horizontal__number_cwt_peaks__n_5,EfficientFCParameters,XJTU-SY,condition_1_35Hz12kN,rul,0.10519530249425739,0.02499574423606259,0.10519530249425739,False,time_domain,horizontal channel number cwt peaks  n 5 statistic; selected on train bearings only to avoid held-out leakage.,train_only,train_bearings_only,single_snapshot,"Bearing1_1,Bearing1_2,Bearing1_4,Bearing1_5",Bearing1_3,True
"vertical__fft_coefficient__attr_""angle""__coeff_65",EfficientFCParameters,XJTU-SY,condition_1_35Hz12kN,rul,0.10513175426768623,0.025083985630286357,0.10513175426768623,False,frequency,"vertical channel fft coefficient  attr ""angle""  coeff 65 statistic; selected on train bearings only to avoid held-out leakage.",train_only,train_bearings_only,single_snapshot,"Bearing1_1,Bearing1_2,Bearing1_4,Bearing1_5",Bearing1_3,False
"vertical__fft_coefficient__attr_""abs""__coeff_72",EfficientFCParameters,XJTU-SY,condition_1_35Hz12kN,rul,0.10508519878285141,0.02514880182211552,-0.10508519878285141,False,frequency,"vertical channel fft coefficient  attr ""abs""  coeff 72 statistic; selected on train bearings only to avoid held-out leakage.",train_only,train_bearings_only,single_snapshot,"Bearing1_1,Bearing1_2,Bearing1_4,Bearing1_5",Bearing1_3,False
horizontal__number_cwt_peaks__n_1,EfficientFCParameters,XJTU-SY,condition_1_35Hz12kN,rul,0.10465423087553061,0.025755701892639208,-0.10465423087553061,False,time_domain,horizontal channel number cwt peaks  n 1 statistic; selected on train bearings only to avoid held-out leakage.,train_only,train_bearings_only,single_snapshot,"Bearing1_1,Bearing1_2,Bearing1_4,Bearing1_5",Bearing1_3,True
"vertical__linear_trend__attr_""stderr""",EfficientFCParameters,XJTU-SY,condition_1_35Hz12kN,rul,0.1045968954598109,0.025837386972895605,-0.1045968954598109,False,time_domain,"vertical channel linear trend  attr ""stderr"" statistic; selected on train bearings only to avoid held-out leakage.",train_only,train_bearings_only,single_snapshot,"Bearing1_1,Bearing1_2,Bearing1_4,Bearing1_5",Bearing1_3,False
"horizontal__fft_coefficient__attr_""abs""__coeff_58",EfficientFCParameters,XJTU-SY,condition_1_35Hz12kN,rul,0.1036321261188319,0.02724574153788081,0.1036321261188319,False,frequency,"horizontal channel fft coefficient  attr ""abs""  coeff 58 statistic; selected on train bearings only to avoid held-out leakage.",train_only,train_bearings_only,single_snapshot,"Bearing1_1,Bearing1_2,Bearing1_4,Bearing1_5",Bearing1_3,False
"vertical__fft_coefficient__attr_""abs""__coeff_67",EfficientFCParameters,XJTU-SY,condition_1_35Hz12kN,rul,0.10333571133045279,0.027691492781519864,-0.10333571133045279,False,frequency,"vertical channel fft coefficient  attr ""abs""  coeff 67 statistic; selected on train bearings only to avoid held-out leakage.",train_only,train_bearings_only,single_snapshot,"Bearing1_1,Bearing1_2,Bearing1_4,Bearing1_5",Bearing1_3,False
"horizontal__fft_coefficient__attr_""angle""__coeff_16",EfficientFCParameters,XJTU-SY,condition_1_35Hz12kN,rul,0.10332710749489578,0.027704524371999294,-0.10332710749489578,False,frequency,"horizontal channel fft coefficient  attr ""angle""  coeff 16 statistic; selected on train bearings only to avoid held-out leakage.",train_only,train_bearings_only,single_snapshot,"Bearing1_1,Bearing1_2,Bearing1_4,Bearing1_5",Bearing1_3,False
"horizontal__agg_linear_trend__attr_""stderr""__chunk_len_5__f_agg_""min""",EfficientFCParameters,XJTU-SY,condition_1_35Hz12kN,rul,0.10332012330772138,0.02771510667710529,-0.10332012330772138,False,time_domain,"horizontal channel agg linear trend  attr ""stderr""  chunk len 5  f agg ""min"" statistic; selected on train bearings only to avoid held-out leakage.",train_only,train_bearings_only,single_snapshot,"Bearing1_1,Bearing1_2,Bearing1_4,Bearing1_5",Bearing1_3,False
"horizontal__fft_coefficient__attr_""abs""__coeff_69",EfficientFCParameters,XJTU-SY,condition_1_35Hz12kN,rul,0.1032637368926187,0.027800669599529513,-0.1032637368926187,False,frequency,"horizontal channel fft coefficient  attr ""abs""  coeff 69 statistic; selected on train bearings only to avoid held-out leakage.",train_only,train_bearings_only,single_snapshot,"Bearing1_1,Bearing1_2,Bearing1_4,Bearing1_5",Bearing1_3,False
horizontal__autocorrelation__lag_3,EfficientFCParameters,XJTU-SY,condition_1_35Hz12kN,rul,0.10312828107287537,0.02800714368260188,-0.10312828107287537,False,time_domain,horizontal channel autocorrelation  lag 3 statistic; selected on train bearings only to avoid held-out leakage.,train_only,train_bearings_only,single_snapshot,"Bearing1_1,Bearing1_2,Bearing1_4,Bearing1_5",Bearing1_3,False
"horizontal__agg_linear_trend__attr_""stderr""__chunk_len_50__f_agg_""var""",EfficientFCParameters,XJTU-SY,condition_1_35Hz12kN,rul,0.10289847149198006,0.028360454290317944,-0.10289847149198006,False,time_domain,"horizontal channel agg linear trend  attr ""stderr""  chunk len 50  f agg ""var"" statistic; selected on train bearings only to avoid held-out leakage.",train_only,train_bearings_only,single_snapshot,"Bearing1_1,Bearing1_2,Bearing1_4,Bearing1_5",Bearing1_3,False
"vertical__fft_coefficient__attr_""angle""__coeff_84",EfficientFCParameters,XJTU-SY,condition_1_35Hz12kN,rul,0.10266338548195107,0.02872583012159757,-0.10266338548195107,False,frequency,"vertical channel fft coefficient  attr ""angle""  coeff 84 statistic; selected on train bearings only to avoid held-out leakage.",train_only,train_bearings_only,single_snapshot,"Bearing1_1,Bearing1_2,Bearing1_4,Bearing1_5",Bearing1_3,False
"horizontal__fft_coefficient__attr_""abs""__coeff_92",EfficientFCParameters,XJTU-SY,condition_1_35Hz12kN,rul,0.10254876381020274,0.028905437889036004,-0.10254876381020274,False,frequency,"horizontal channel fft coefficient  attr ""abs""  coeff 92 statistic; selected on train bearings only to avoid held-out leakage.",train_only,train_bearings_only,single_snapshot,"Bearing1_1,Bearing1_2,Bearing1_4,Bearing1_5",Bearing1_3,False
horizontal__friedrich_coefficients__coeff_3__m_3__r_30,EfficientFCParameters,XJTU-SY,condition_1_35Hz12kN,rul,0.10234023964111919,0.029234658868163885,0.10234023964111919,False,time_domain,horizontal channel friedrich coefficients  coeff 3  m 3  r 30 statistic; selected on train bearings only to avoid held-out leakage.,train_only,train_bearings_only,single_snapshot,"Bearing1_1,Bearing1_2,Bearing1_4,Bearing1_5",Bearing1_3,False
"vertical__fft_coefficient__attr_""imag""__coeff_57",EfficientFCParameters,XJTU-SY,condition_1_35Hz12kN,rul,0.10159262431426183,0.03044156891588642,-0.10159262431426183,False,frequency,"vertical channel fft coefficient  attr ""imag""  coeff 57 statistic; selected on train bearings only to avoid held-out leakage.",train_only,train_bearings_only,single_snapshot,"Bearing1_1,Bearing1_2,Bearing1_4,Bearing1_5",Bearing1_3,False
"horizontal__change_quantiles__f_agg_""var""__isabs_False__qh_0.8__ql_0.2",EfficientFCParameters,XJTU-SY,condition_1_35Hz12kN,rul,0.10155076520378917,0.03051038703388537,0.10155076520378917,False,time_domain,"horizontal channel change quantiles  f agg ""var""  isabs False  qh 0.8  ql 0.2 statistic; selected on train bearings only to avoid held-out leakage.",train_only,train_bearings_only,single_snapshot,"Bearing1_1,Bearing1_2,Bearing1_4,Bearing1_5",Bearing1_3,False
"vertical__fft_coefficient__attr_""abs""__coeff_49",EfficientFCParameters,XJTU-SY,condition_1_35Hz12kN,rul,0.10118105884454037,0.03112400343097955,-0.10118105884454037,False,frequency,"vertical channel fft coefficient  attr ""abs""  coeff 49 statistic; selected on train bearings only to avoid held-out leakage.",train_only,train_bearings_only,single_snapshot,"Bearing1_1,Bearing1_2,Bearing1_4,Bearing1_5",Bearing1_3,False
"vertical__fft_coefficient__attr_""imag""__coeff_90",EfficientFCParameters,XJTU-SY,condition_1_35Hz12kN,rul,0.10097167325531661,0.031476188620180146,-0.10097167325531661,False,frequency,"vertical channel fft coefficient  attr ""imag""  coeff 90 statistic; selected on train bearings only to avoid held-out leakage.",train_only,train_bearings_only,single_snapshot,"Bearing1_1,Bearing1_2,Bearing1_4,Bearing1_5",Bearing1_3,False
"horizontal__fft_coefficient__attr_""imag""__coeff_73",EfficientFCParameters,XJTU-SY,condition_1_35Hz12kN,rul,0.1002666096742588,0.032687260502721915,-0.1002666096742588,False,frequency,"horizontal channel fft coefficient  attr ""imag""  coeff 73 statistic; selected on train bearings only to avoid held-out leakage.",train_only,train_bearings_only,single_snapshot,"Bearing1_1,Bearing1_2,Bearing1_4,Bearing1_5",Bearing1_3,False
"horizontal__fft_coefficient__attr_""abs""__coeff_76",EfficientFCParameters,XJTU-SY,condition_1_35Hz12kN,rul,0.09990411017183588,0.033325249655982436,0.09990411017183588,False,frequency,"horizontal channel fft coefficient  attr ""abs""  coeff 76 statistic; selected on train bearings only to avoid held-out leakage.",train_only,train_bearings_only,single_snapshot,"Bearing1_1,Bearing1_2,Bearing1_4,Bearing1_5",Bearing1_3,False
"horizontal__fft_coefficient__attr_""angle""__coeff_39",EfficientFCParameters,XJTU-SY,condition_1_35Hz12kN,rul,0.09972893294963306,0.03363734333498788,-0.09972893294963306,False,frequency,"horizontal channel fft coefficient  attr ""angle""  coeff 39 statistic; selected on train bearings only to avoid held-out leakage.",train_only,train_bearings_only,single_snapshot,"Bearing1_1,Bearing1_2,Bearing1_4,Bearing1_5",Bearing1_3,False
"horizontal__fft_coefficient__attr_""abs""__coeff_27",EfficientFCParameters,XJTU-SY,condition_1_35Hz12kN,rul,0.0996803872699497,0.033724271383724344,0.0996803872699497,False,frequency,"horizontal channel fft coefficient  attr ""abs""  coeff 27 statistic; selected on train bearings only to avoid held-out leakage.",train_only,train_bearings_only,single_snapshot,"Bearing1_1,Bearing1_2,Bearing1_4,Bearing1_5",Bearing1_3,False
"vertical__fft_coefficient__attr_""imag""__coeff_62",EfficientFCParameters,XJTU-SY,condition_1_35Hz12kN,rul,0.09953137370662739,0.03399229856071957,-0.09953137370662739,False,frequency,"vertical channel fft coefficient  attr ""imag""  coeff 62 statistic; selected on train bearings only to avoid held-out leakage.",train_only,train_bearings_only,single_snapshot,"Bearing1_1,Bearing1_2,Bearing1_4,Bearing1_5",Bearing1_3,False
"horizontal__change_quantiles__f_agg_""mean""__isabs_True__qh_0.8__ql_0.2",EfficientFCParameters,XJTU-SY,condition_1_35Hz12kN,rul,0.09909041465527278,0.03479609716218642,0.09909041465527278,False,time_domain,"horizontal channel change quantiles  f agg ""mean""  isabs True  qh 0.8  ql 0.2 statistic; selected on train bearings only to avoid held-out leakage.",train_only,train_bearings_only,single_snapshot,"Bearing1_1,Bearing1_2,Bearing1_4,Bearing1_5",Bearing1_3,True
"horizontal__agg_autocorrelation__f_agg_""median""__maxlag_40",EfficientFCParameters,XJTU-SY,condition_1_35Hz12kN,rul,0.09888997922309495,0.0351667736199626,0.09888997922309495,False,time_domain,"horizontal channel agg autocorrelation  f agg ""median""  maxlag 40 statistic; selected on train bearings only to avoid held-out leakage.",train_only,train_bearings_only,single_snapshot,"Bearing1_1,Bearing1_2,Bearing1_4,Bearing1_5",Bearing1_3,False
"vertical__fft_coefficient__attr_""imag""__coeff_44",EfficientFCParameters,XJTU-SY,condition_1_35Hz12kN,rul,0.09880821788659253,0.03531894123303576,0.09880821788659253,False,frequency,"vertical channel fft coefficient  attr ""imag""  coeff 44 statistic; selected on train bearings only to avoid held-out leakage.",train_only,train_bearings_only,single_snapshot,"Bearing1_1,Bearing1_2,Bearing1_4,Bearing1_5",Bearing1_3,False
"horizontal__fft_coefficient__attr_""abs""__coeff_29",EfficientFCParameters,XJTU-SY,condition_1_35Hz12kN,rul,0.09859507182527025,0.03571826680502223,0.09859507182527025,False,frequency,"horizontal channel fft coefficient  attr ""abs""  coeff 29 statistic; selected on train bearings only to avoid held-out leakage.",train_only,train_bearings_only,single_snapshot,"Bearing1_1,Bearing1_2,Bearing1_4,Bearing1_5",Bearing1_3,False
"vertical__fft_coefficient__attr_""angle""__coeff_77",EfficientFCParameters,XJTU-SY,condition_1_35Hz12kN,rul,0.09851432808855098,0.03587053800553086,-0.09851432808855098,False,frequency,"vertical channel fft coefficient  attr ""angle""  coeff 77 statistic; selected on train bearings only to avoid held-out leakage.",train_only,train_bearings_only,single_snapshot,"Bearing1_1,Bearing1_2,Bearing1_4,Bearing1_5",Bearing1_3,False
"horizontal__change_quantiles__f_agg_""var""__isabs_False__qh_0.4__ql_0.2",EfficientFCParameters,XJTU-SY,condition_1_35Hz12kN,rul,0.0983390517541726,0.036202983913374516,0.0983390517541726,False,time_domain,"horizontal channel change quantiles  f agg ""var""  isabs False  qh 0.4  ql 0.2 statistic; selected on train bearings only to avoid held-out leakage.",train_only,train_bearings_only,single_snapshot,"Bearing1_1,Bearing1_2,Bearing1_4,Bearing1_5",Bearing1_3,False
"vertical__fft_coefficient__attr_""imag""__coeff_85",EfficientFCParameters,XJTU-SY,condition_1_35Hz12kN,rul,0.09828418736534235,0.03630758140580447,-0.09828418736534235,False,frequency,"vertical channel fft coefficient  attr ""imag""  coeff 85 statistic; selected on train bearings only to avoid held-out leakage.",train_only,train_bearings_only,single_snapshot,"Bearing1_1,Bearing1_2,Bearing1_4,Bearing1_5",Bearing1_3,False
vertical__time_reversal_asymmetry_statistic__lag_1,EfficientFCParameters,XJTU-SY,condition_1_35Hz12kN,rul,0.09799530643903032,0.03686256904522004,-0.09799530643903032,False,time_domain,vertical channel time reversal asymmetry statistic  lag 1 statistic; selected on train bearings only to avoid held-out leakage.,train_only,train_bearings_only,single_snapshot,"Bearing1_1,Bearing1_2,Bearing1_4,Bearing1_5",Bearing1_3,False
"horizontal__fft_coefficient__attr_""angle""__coeff_35",EfficientFCParameters,XJTU-SY,condition_1_35Hz12kN,rul,0.09794858270407891,0.03695300614280384,0.09794858270407891,False,frequency,"horizontal channel fft coefficient  attr ""angle""  coeff 35 statistic; selected on train bearings only to avoid held-out leakage.",train_only,train_bearings_only,single_snapshot,"Bearing1_1,Bearing1_2,Bearing1_4,Bearing1_5",Bearing1_3,False
"vertical__fft_coefficient__attr_""abs""__coeff_35",EfficientFCParameters,XJTU-SY,condition_1_35Hz12kN,rul,0.09743115598025438,0.03796717522758305,0.09743115598025438,False,frequency,"vertical channel fft coefficient  attr ""abs""  coeff 35 statistic; selected on train bearings only to avoid held-out leakage.",train_only,train_bearings_only,single_snapshot,"Bearing1_1,Bearing1_2,Bearing1_4,Bearing1_5",Bearing1_3,False
"vertical__fft_coefficient__attr_""real""__coeff_4",EfficientFCParameters,XJTU-SY,condition_1_35Hz12kN,rul,0.09741845240939696,0.03799236836703594,0.09741845240939696,False,frequency,"vertical channel fft coefficient  attr ""real""  coeff 4 statistic; selected on train bearings only to avoid held-out leakage.",train_only,train_bearings_only,single_snapshot,"Bearing1_1,Bearing1_2,Bearing1_4,Bearing1_5",Bearing1_3,False
vertical__number_crossing_m__m_0,EfficientFCParameters,XJTU-SY,condition_1_35Hz12kN,rul,0.09733635562682413,0.03815552085912504,-0.09733635562682413,False,time_domain,vertical channel number crossing m  m 0 statistic; selected on train bearings only to avoid held-out leakage.,train_only,train_bearings_only,single_snapshot,"Bearing1_1,Bearing1_2,Bearing1_4,Bearing1_5",Bearing1_3,False
"vertical__agg_linear_trend__attr_""rvalue""__chunk_len_5__f_agg_""min""",EfficientFCParameters,XJTU-SY,condition_1_35Hz12kN,rul,0.09721513171017879,0.0383975168944062,0.09721513171017879,False,time_domain,"vertical channel agg linear trend  attr ""rvalue""  chunk len 5  f agg ""min"" statistic; selected on train bearings only to avoid held-out leakage.",train_only,train_bearings_only,single_snapshot,"Bearing1_1,Bearing1_2,Bearing1_4,Bearing1_5",Bearing1_3,False
"vertical__change_quantiles__f_agg_""var""__isabs_True__qh_0.2__ql_0.0",EfficientFCParameters,XJTU-SY,condition_1_35Hz12kN,rul,0.09701131462423199,0.03880732237095143,0.09701131462423199,False,time_domain,"vertical channel change quantiles  f agg ""var""  isabs True  qh 0.2  ql 0.0 statistic; selected on train bearings only to avoid held-out leakage.",train_only,train_bearings_only,single_snapshot,"Bearing1_1,Bearing1_2,Bearing1_4,Bearing1_5",Bearing1_3,False
"vertical__fft_coefficient__attr_""angle""__coeff_57",EfficientFCParameters,XJTU-SY,condition_1_35Hz12kN,rul,0.0969911445361274,0.03884807807240932,-0.0969911445361274,False,frequency,"vertical channel fft coefficient  attr ""angle""  coeff 57 statistic; selected on train bearings only to avoid held-out leakage.",train_only,train_bearings_only,single_snapshot,"Bearing1_1,Bearing1_2,Bearing1_4,Bearing1_5",Bearing1_3,False
"vertical__change_quantiles__f_agg_""mean""__isabs_True__qh_0.2__ql_0.0",EfficientFCParameters,XJTU-SY,condition_1_35Hz12kN,rul,0.09696708660065793,0.03889673695032188,0.09696708660065793,False,time_domain,"vertical channel change quantiles  f agg ""mean""  isabs True  qh 0.2  ql 0.0 statistic; selected on train bearings only to avoid held-out leakage.",train_only,train_bearings_only,single_snapshot,"Bearing1_1,Bearing1_2,Bearing1_4,Bearing1_5",Bearing1_3,True
vertical__number_crossing_m__m_-1,EfficientFCParameters,XJTU-SY,condition_1_35Hz12kN,rul,0.09686872281757958,0.03909622181930172,-0.09686872281757958,False,time_domain,vertical channel number crossing m  m -1 statistic; selected on train bearings only to avoid held-out leakage.,train_only,train_bearings_only,single_snapshot,"Bearing1_1,Bearing1_2,Bearing1_4,Bearing1_5",Bearing1_3,False
horizontal__max_langevin_fixed_point__m_3__r_30,EfficientFCParameters,XJTU-SY,condition_1_35Hz12kN,rul,0.09652771577882402,0.039794512995212764,-0.09652771577882402,False,time_domain,horizontal channel max langevin fixed point  m 3  r 30 statistic; selected on train bearings only to avoid held-out leakage.,train_only,train_bearings_only,single_snapshot,"Bearing1_1,Bearing1_2,Bearing1_4,Bearing1_5",Bearing1_3,False
vertical__spkt_welch_density__coeff_8,EfficientFCParameters,XJTU-SY,condition_1_35Hz12kN,rul,0.09627134957822357,0.04032640260510954,0.09627134957822357,False,time_domain,vertical channel spkt welch density  coeff 8 statistic; selected on train bearings only to avoid held-out leakage.,train_only,train_bearings_only,single_snapshot,"Bearing1_1,Bearing1_2,Bearing1_4,Bearing1_5",Bearing1_3,False
"vertical__change_quantiles__f_agg_""mean""__isabs_True__qh_0.8__ql_0.0",EfficientFCParameters,XJTU-SY,condition_1_35Hz12kN,rul,0.09625487552062649,0.04036078625181005,-0.09625487552062649,False,time_domain,"vertical channel change quantiles  f agg ""mean""  isabs True  qh 0.8  ql 0.0 statistic; selected on train bearings only to avoid held-out leakage.",train_only,train_bearings_only,single_snapshot,"Bearing1_1,Bearing1_2,Bearing1_4,Bearing1_5",Bearing1_3,True
"vertical__change_quantiles__f_agg_""var""__isabs_True__qh_1.0__ql_0.6",EfficientFCParameters,XJTU-SY,condition_1_35Hz12kN,rul,0.0961939020389868,0.04048826201230301,0.0961939020389868,False,time_domain,"vertical channel change quantiles  f agg ""var""  isabs True  qh 1.0  ql 0.6 statistic; selected on train bearings only to avoid held-out leakage.",train_only,train_bearings_only,single_snapshot,"Bearing1_1,Bearing1_2,Bearing1_4,Bearing1_5",Bearing1_3,False
"horizontal__fft_coefficient__attr_""real""__coeff_74",EfficientFCParameters,XJTU-SY,condition_1_35Hz12kN,rul,0.09615968982228305,0.040559937540629844,-0.09615968982228305,False,frequency,"horizontal channel fft coefficient  attr ""real""  coeff 74 statistic; selected on train bearings only to avoid held-out leakage.",train_only,train_bearings_only,single_snapshot,"Bearing1_1,Bearing1_2,Bearing1_4,Bearing1_5",Bearing1_3,False
"vertical__fft_coefficient__attr_""angle""__coeff_62",EfficientFCParameters,XJTU-SY,condition_1_35Hz12kN,rul,0.09569408861679059,0.041546090383880616,-0.09569408861679059,False,frequency,"vertical channel fft coefficient  attr ""angle""  coeff 62 statistic; selected on train bearings only to avoid held-out leakage.",train_only,train_bearings_only,single_snapshot,"Bearing1_1,Bearing1_2,Bearing1_4,Bearing1_5",Bearing1_3,False
"vertical__fft_coefficient__attr_""real""__coeff_38",EfficientFCParameters,XJTU-SY,condition_1_35Hz12kN,rul,0.09531436504657259,0.04236526249497598,-0.09531436504657259,False,frequency,"vertical channel fft coefficient  attr ""real""  coeff 38 statistic; selected on train bearings only to avoid held-out leakage.",train_only,train_bearings_only,single_snapshot,"Bearing1_1,Bearing1_2,Bearing1_4,Bearing1_5",Bearing1_3,False
"vertical__fft_coefficient__attr_""real""__coeff_84",EfficientFCParameters,XJTU-SY,condition_1_35Hz12kN,rul,0.09528010478596849,0.042439836811388305,-0.09528010478596849,False,frequency,"vertical channel fft coefficient  attr ""real""  coeff 84 statistic; selected on train bearings only to avoid held-out leakage.",train_only,train_bearings_only,single_snapshot,"Bearing1_1,Bearing1_2,Bearing1_4,Bearing1_5",Bearing1_3,False
"vertical__agg_linear_trend__attr_""intercept""__chunk_len_50__f_agg_""min""",EfficientFCParameters,XJTU-SY,condition_1_35Hz12kN,rul,0.09517645868289618,0.0426661174151718,-0.09517645868289618,False,time_domain,"vertical channel agg linear trend  attr ""intercept""  chunk len 50  f agg ""min"" statistic; selected on train bearings only to avoid held-out leakage.",train_only,train_bearings_only,single_snapshot,"Bearing1_1,Bearing1_2,Bearing1_4,Bearing1_5",Bearing1_3,False
"horizontal__fft_coefficient__attr_""abs""__coeff_6",EfficientFCParameters,XJTU-SY,condition_1_35Hz12kN,rul,0.09485463430662283,0.04337521576688157,0.09485463430662283,False,frequency,"horizontal channel fft coefficient  attr ""abs""  coeff 6 statistic; selected on train bearings only to avoid held-out leakage.",train_only,train_bearings_only,single_snapshot,"Bearing1_1,Bearing1_2,Bearing1_4,Bearing1_5",Bearing1_3,False
"vertical__fft_coefficient__attr_""abs""__coeff_40",EfficientFCParameters,XJTU-SY,condition_1_35Hz12kN,rul,0.09476083151496632,0.04358375637651763,-0.09476083151496632,False,frequency,"vertical channel fft coefficient  attr ""abs""  coeff 40 statistic; selected on train bearings only to avoid held-out leakage.",train_only,train_bearings_only,single_snapshot,"Bearing1_1,Bearing1_2,Bearing1_4,Bearing1_5",Bearing1_3,False
"horizontal__fft_coefficient__attr_""abs""__coeff_5",EfficientFCParameters,XJTU-SY,condition_1_35Hz12kN,rul,0.09466428417725778,0.04379927942834786,0.09466428417725778,False,frequency,"horizontal channel fft coefficient  attr ""abs""  coeff 5 statistic; selected on train bearings only to avoid held-out leakage.",train_only,train_bearings_only,single_snapshot,"Bearing1_1,Bearing1_2,Bearing1_4,Bearing1_5",Bearing1_3,False
"vertical__fft_coefficient__attr_""angle""__coeff_79",EfficientFCParameters,XJTU-SY,condition_1_35Hz12kN,rul,0.09435428602656878,0.044497362591554034,-0.09435428602656878,False,frequency,"vertical channel fft coefficient  attr ""angle""  coeff 79 statistic; selected on train bearings only to avoid held-out leakage.",train_only,train_bearings_only,single_snapshot,"Bearing1_1,Bearing1_2,Bearing1_4,Bearing1_5",Bearing1_3,False
"horizontal__fft_coefficient__attr_""imag""__coeff_17",EfficientFCParameters,XJTU-SY,condition_1_35Hz12kN,rul,0.09425447134381747,0.04472411655926062,-0.09425447134381747,False,frequency,"horizontal channel fft coefficient  attr ""imag""  coeff 17 statistic; selected on train bearings only to avoid held-out leakage.",train_only,train_bearings_only,single_snapshot,"Bearing1_1,Bearing1_2,Bearing1_4,Bearing1_5",Bearing1_3,False
vertical__ar_coefficient__coeff_10__k_10,EfficientFCParameters,XJTU-SY,condition_1_35Hz12kN,rul,0.0941235744605936,0.04502295310761456,0.0941235744605936,False,time_domain,vertical channel ar coefficient  coeff 10  k 10 statistic; selected on train bearings only to avoid held-out leakage.,train_only,train_bearings_only,single_snapshot,"Bearing1_1,Bearing1_2,Bearing1_4,Bearing1_5",Bearing1_3,False
"vertical__agg_linear_trend__attr_""stderr""__chunk_len_5__f_agg_""var""",EfficientFCParameters,XJTU-SY,condition_1_35Hz12kN,rul,0.09401922958849021,0.04526237202954158,0.09401922958849021,False,time_domain,"vertical channel agg linear trend  attr ""stderr""  chunk len 5  f agg ""var"" statistic; selected on train bearings only to avoid held-out leakage.",train_only,train_bearings_only,single_snapshot,"Bearing1_1,Bearing1_2,Bearing1_4,Bearing1_5",Bearing1_3,False
"vertical__fft_coefficient__attr_""real""__coeff_6",EfficientFCParameters,XJTU-SY,condition_1_35Hz12kN,rul,0.09395368262397744,0.04541331562772505,-0.09395368262397744,False,frequency,"vertical channel fft coefficient  attr ""real""  coeff 6 statistic; selected on train bearings only to avoid held-out leakage.",train_only,train_bearings_only,single_snapshot,"Bearing1_1,Bearing1_2,Bearing1_4,Bearing1_5",Bearing1_3,False
"vertical__fft_coefficient__attr_""real""__coeff_2",EfficientFCParameters,XJTU-SY,condition_1_35Hz12kN,rul,0.09365387265298447,0.04610912820544378,0.09365387265298447,False,frequency,"vertical channel fft coefficient  attr ""real""  coeff 2 statistic; selected on train bearings only to avoid held-out leakage.",train_only,train_bearings_only,single_snapshot,"Bearing1_1,Bearing1_2,Bearing1_4,Bearing1_5",Bearing1_3,False
horizontal__fourier_entropy__bins_3,EfficientFCParameters,XJTU-SY,condition_1_35Hz12kN,rul,0.09347211078772237,0.04653531021009982,0.09347211078772237,False,time_domain,horizontal channel fourier entropy  bins 3 statistic; selected on train bearings only to avoid held-out leakage.,train_only,train_bearings_only,single_snapshot,"Bearing1_1,Bearing1_2,Bearing1_4,Bearing1_5",Bearing1_3,False
"horizontal__fft_coefficient__attr_""imag""__coeff_12",EfficientFCParameters,XJTU-SY,condition_1_35Hz12kN,rul,0.09319969206577178,0.0471802425830553,-0.09319969206577178,False,frequency,"horizontal channel fft coefficient  attr ""imag""  coeff 12 statistic; selected on train bearings only to avoid held-out leakage.",train_only,train_bearings_only,single_snapshot,"Bearing1_1,Bearing1_2,Bearing1_4,Bearing1_5",Bearing1_3,False
"vertical__fft_coefficient__attr_""abs""__coeff_14",EfficientFCParameters,XJTU-SY,condition_1_35Hz12kN,rul,0.0931873329202091,0.04720967879874208,0.0931873329202091,False,frequency,"vertical channel fft coefficient  attr ""abs""  coeff 14 statistic; selected on train bearings only to avoid held-out leakage.",train_only,train_bearings_only,single_snapshot,"Bearing1_1,Bearing1_2,Bearing1_4,Bearing1_5",Bearing1_3,False
"horizontal__fft_coefficient__attr_""abs""__coeff_20",EfficientFCParameters,XJTU-SY,condition_1_35Hz12kN,rul,0.09302921082164838,0.04758764421011867,-0.09302921082164838,False,frequency,"horizontal channel fft coefficient  attr ""abs""  coeff 20 statistic; selected on train bearings only to avoid held-out leakage.",train_only,train_bearings_only,single_snapshot,"Bearing1_1,Bearing1_2,Bearing1_4,Bearing1_5",Bearing1_3,False
"vertical__agg_linear_trend__attr_""slope""__chunk_len_5__f_agg_""min""",EfficientFCParameters,XJTU-SY,condition_1_35Hz12kN,rul,0.09268088824237809,0.04842920404144968,0.09268088824237809,False,time_domain,"vertical channel agg linear trend  attr ""slope""  chunk len 5  f agg ""min"" statistic; selected on train bearings only to avoid held-out leakage.",train_only,train_bearings_only,single_snapshot,"Bearing1_1,Bearing1_2,Bearing1_4,Bearing1_5",Bearing1_3,False
"horizontal__fft_aggregated__aggtype_""variance""",EfficientFCParameters,XJTU-SY,condition_1_35Hz12kN,rul,0.09267827326051216,0.048435568742140736,-0.09267827326051216,False,frequency,"horizontal channel fft aggregated  aggtype ""variance"" statistic; selected on train bearings only to avoid held-out leakage.",train_only,train_bearings_only,single_snapshot,"Bearing1_1,Bearing1_2,Bearing1_4,Bearing1_5",Bearing1_3,True
"vertical__change_quantiles__f_agg_""mean""__isabs_True__qh_0.4__ql_0.2",EfficientFCParameters,XJTU-SY,condition_1_35Hz12kN,rul,0.09253817888038345,0.048777574633251566,-0.09253817888038345,False,time_domain,"vertical channel change quantiles  f agg ""mean""  isabs True  qh 0.4  ql 0.2 statistic; selected on train bearings only to avoid held-out leakage.",train_only,train_bearings_only,single_snapshot,"Bearing1_1,Bearing1_2,Bearing1_4,Bearing1_5",Bearing1_3,True
"horizontal__fft_coefficient__attr_""real""__coeff_69",EfficientFCParameters,XJTU-SY,condition_1_35Hz12kN,rul,0.09252317503549712,0.04881432232405746,-0.09252317503549712,False,frequency,"horizontal channel fft coefficient  attr ""real""  coeff 69 statistic; selected on train bearings only to avoid held-out leakage.",train_only,train_bearings_only,single_snapshot,"Bearing1_1,Bearing1_2,Bearing1_4,Bearing1_5",Bearing1_3,False
"vertical__change_quantiles__f_agg_""var""__isabs_False__qh_1.0__ql_0.0",EfficientFCParameters,XJTU-SY,condition_1_35Hz12kN,rul,0.09244353839850908,0.04900975781073684,-0.09244353839850908,False,time_domain,"vertical channel change quantiles  f agg ""var""  isabs False  qh 1.0  ql 0.0 statistic; selected on train bearings only to avoid held-out leakage.",train_only,train_bearings_only,single_snapshot,"Bearing1_1,Bearing1_2,Bearing1_4,Bearing1_5",Bearing1_3,False
"vertical__change_quantiles__f_agg_""var""__isabs_False__qh_0.4__ql_0.0",EfficientFCParameters,XJTU-SY,condition_1_35Hz12kN,rul,0.09217138595237113,0.04968259165230292,0.09217138595237113,False,time_domain,"vertical channel change quantiles  f agg ""var""  isabs False  qh 0.4  ql 0.0 statistic; selected on train bearings only to avoid held-out leakage.",train_only,train_bearings_only,single_snapshot,"Bearing1_1,Bearing1_2,Bearing1_4,Bearing1_5",Bearing1_3,False
"horizontal__fft_coefficient__attr_""angle""__coeff_17",EfficientFCParameters,XJTU-SY,condition_1_35Hz12kN,rul,0.09203789811993786,0.05001542138622515,-0.09203789811993786,False,frequency,"horizontal channel fft coefficient  attr ""angle""  coeff 17 statistic; selected on train bearings only to avoid held-out leakage.",train_only,train_bearings_only,single_snapshot,"Bearing1_1,Bearing1_2,Bearing1_4,Bearing1_5",Bearing1_3,False
"vertical__fft_coefficient__attr_""real""__coeff_48",EfficientFCParameters,XJTU-SY,condition_1_35Hz12kN,rul,0.0919042724177675,0.05035045877189294,-0.0919042724177675,False,frequency,"vertical channel fft coefficient  attr ""real""  coeff 48 statistic; selected on train bearings only to avoid held-out leakage.",train_only,train_bearings_only,single_snapshot,"Bearing1_1,Bearing1_2,Bearing1_4,Bearing1_5",Bearing1_3,False
vertical__fourier_entropy__bins_2,EfficientFCParameters,XJTU-SY,condition_1_35Hz12kN,rul,0.09169443966402419,0.05088035059004147,0.09169443966402419,False,time_domain,vertical channel fourier entropy  bins 2 statistic; selected on train bearings only to avoid held-out leakage.,train_only,train_bearings_only,single_snapshot,"Bearing1_1,Bearing1_2,Bearing1_4,Bearing1_5",Bearing1_3,False
"horizontal__fft_coefficient__attr_""abs""__coeff_96",EfficientFCParameters,XJTU-SY,condition_1_35Hz12kN,rul,0.09168814973211825,0.050896306179469844,-0.09168814973211825,False,frequency,"horizontal channel fft coefficient  attr ""abs""  coeff 96 statistic; selected on train bearings only to avoid held-out leakage.",train_only,train_bearings_only,single_snapshot,"Bearing1_1,Bearing1_2,Bearing1_4,Bearing1_5",Bearing1_3,False
vertical__partial_autocorrelation__lag_1,EfficientFCParameters,XJTU-SY,condition_1_35Hz12kN,rul,0.09140669280009782,0.051614561064665006,0.09140669280009782,False,time_domain,vertical channel partial autocorrelation  lag 1 statistic; selected on train bearings only to avoid held-out leakage.,train_only,train_bearings_only,single_snapshot,"Bearing1_1,Bearing1_2,Bearing1_4,Bearing1_5",Bearing1_3,False
vertical__autocorrelation__lag_1,EfficientFCParameters,XJTU-SY,condition_1_35Hz12kN,rul,0.09140669280009782,0.051614561064665006,0.09140669280009782,False,time_domain,vertical channel autocorrelation  lag 1 statistic; selected on train bearings only to avoid held-out leakage.,train_only,train_bearings_only,single_snapshot,"Bearing1_1,Bearing1_2,Bearing1_4,Bearing1_5",Bearing1_3,False
horizontal__spkt_welch_density__coeff_5,EfficientFCParameters,XJTU-SY,condition_1_35Hz12kN,rul,0.09110802209949603,0.05238596976459684,0.09110802209949603,False,time_domain,horizontal channel spkt welch density  coeff 5 statistic; selected on train bearings only to avoid held-out leakage.,train_only,train_bearings_only,single_snapshot,"Bearing1_1,Bearing1_2,Bearing1_4,Bearing1_5",Bearing1_3,False
"horizontal__fft_coefficient__attr_""abs""__coeff_73",EfficientFCParameters,XJTU-SY,condition_1_35Hz12kN,rul,0.09087339655930773,0.052998679531144975,0.09087339655930773,False,frequency,"horizontal channel fft coefficient  attr ""abs""  coeff 73 statistic; selected on train bearings only to avoid held-out leakage.",train_only,train_bearings_only,single_snapshot,"Bearing1_1,Bearing1_2,Bearing1_4,Bearing1_5",Bearing1_3,False
horizontal__number_peaks__n_3,EfficientFCParameters,XJTU-SY,condition_1_35Hz12kN,rul,0.09048047408855886,0.05403813288519418,0.09048047408855886,False,time_domain,horizontal channel number peaks  n 3 statistic; selected on train bearings only to avoid held-out leakage.,train_only,train_bearings_only,single_snapshot,"Bearing1_1,Bearing1_2,Bearing1_4,Bearing1_5",Bearing1_3,True
"vertical__fft_coefficient__attr_""real""__coeff_61",EfficientFCParameters,XJTU-SY,condition_1_35Hz12kN,rul,0.0901557757366696,0.054909849826182355,0.0901557757366696,False,frequency,"vertical channel fft coefficient  attr ""real""  coeff 61 statistic; selected on train bearings only to avoid held-out leakage.",train_only,train_bearings_only,single_snapshot,"Bearing1_1,Bearing1_2,Bearing1_4,Bearing1_5",Bearing1_3,False
"horizontal__agg_linear_trend__attr_""slope""__chunk_len_50__f_agg_""mean""",EfficientFCParameters,XJTU-SY,condition_1_35Hz12kN,rul,0.09011765213283554,0.055012962536176185,-0.09011765213283554,False,time_domain,"horizontal channel agg linear trend  attr ""slope""  chunk len 50  f agg ""mean"" statistic; selected on train bearings only to avoid held-out leakage.",train_only,train_bearings_only,single_snapshot,"Bearing1_1,Bearing1_2,Bearing1_4,Bearing1_5",Bearing1_3,True
"vertical__fft_coefficient__attr_""angle""__coeff_12",EfficientFCParameters,XJTU-SY,condition_1_35Hz12kN,rul,0.0896912018302818,0.056177385079158974,0.0896912018302818,False,frequency,"vertical channel fft coefficient  attr ""angle""  coeff 12 statistic; selected on train bearings only to avoid held-out leakage.",train_only,train_bearings_only,single_snapshot,"Bearing1_1,Bearing1_2,Bearing1_4,Bearing1_5",Bearing1_3,False
"horizontal__fft_coefficient__attr_""abs""__coeff_25",EfficientFCParameters,XJTU-SY,condition_1_35Hz12kN,rul,0.08959632437955263,0.056439210535493625,0.08959632437955263,False,frequency,"horizontal channel fft coefficient  attr ""abs""  coeff 25 statistic; selected on train bearings only to avoid held-out leakage.",train_only,train_bearings_only,single_snapshot,"Bearing1_1,Bearing1_2,Bearing1_4,Bearing1_5",Bearing1_3,False
vertical__last_location_of_minimum,EfficientFCParameters,XJTU-SY,condition_1_35Hz12kN,rul,0.0892583880023821,0.057380023697958846,-0.0892583880023821,False,time_domain,vertical channel last location of minimum statistic; selected on train bearings only to avoid held-out leakage.,train_only,train_bearings_only,single_snapshot,"Bearing1_1,Bearing1_2,Bearing1_4,Bearing1_5",Bearing1_3,False
"horizontal__fft_coefficient__attr_""abs""__coeff_86",EfficientFCParameters,XJTU-SY,condition_1_35Hz12kN,rul,0.08916711136550076,0.05763635527416414,0.08916711136550076,False,frequency,"horizontal channel fft coefficient  attr ""abs""  coeff 86 statistic; selected on train bearings only to avoid held-out leakage.",train_only,train_bearings_only,single_snapshot,"Bearing1_1,Bearing1_2,Bearing1_4,Bearing1_5",Bearing1_3,False
"vertical__fft_coefficient__attr_""abs""__coeff_29",EfficientFCParameters,XJTU-SY,condition_1_35Hz12kN,rul,0.08880140424734362,0.058672902395980546,0.08880140424734362,False,frequency,"vertical channel fft coefficient  attr ""abs""  coeff 29 statistic; selected on train bearings only to avoid held-out leakage.",train_only,train_bearings_only,single_snapshot,"Bearing1_1,Bearing1_2,Bearing1_4,Bearing1_5",Bearing1_3,False
"vertical__fft_coefficient__attr_""abs""__coeff_60",EfficientFCParameters,XJTU-SY,condition_1_35Hz12kN,rul,0.0887717364670175,0.05875766402170622,-0.0887717364670175,False,frequency,"vertical channel fft coefficient  attr ""abs""  coeff 60 statistic; selected on train bearings only to avoid held-out leakage.",train_only,train_bearings_only,single_snapshot,"Bearing1_1,Bearing1_2,Bearing1_4,Bearing1_5",Bearing1_3,False
"horizontal__fft_coefficient__attr_""abs""__coeff_61",EfficientFCParameters,XJTU-SY,condition_1_35Hz12kN,rul,0.08850216092998503,0.059532501813153164,0.08850216092998503,False,frequency,"horizontal channel fft coefficient  attr ""abs""  coeff 61 statistic; selected on train bearings only to avoid held-out leakage.",train_only,train_bearings_only,single_snapshot,"Bearing1_1,Bearing1_2,Bearing1_4,Bearing1_5",Bearing1_3,False
"horizontal__change_quantiles__f_agg_""mean""__isabs_True__qh_0.6__ql_0.0",EfficientFCParameters,XJTU-SY,condition_1_35Hz12kN,rul,0.08849067191823988,0.05956571137530142,-0.08849067191823988,False,time_domain,"horizontal channel change quantiles  f agg ""mean""  isabs True  qh 0.6  ql 0.0 statistic; selected on train bearings only to avoid held-out leakage.",train_only,train_bearings_only,single_snapshot,"Bearing1_1,Bearing1_2,Bearing1_4,Bearing1_5",Bearing1_3,True
"vertical__fft_coefficient__attr_""abs""__coeff_92",EfficientFCParameters,XJTU-SY,condition_1_35Hz12kN,rul,0.08832158309296292,0.06005624528892541,-0.08832158309296292,False,frequency,"vertical channel fft coefficient  attr ""abs""  coeff 92 statistic; selected on train bearings only to avoid held-out leakage.",train_only,train_bearings_only,single_snapshot,"Bearing1_1,Bearing1_2,Bearing1_4,Bearing1_5",Bearing1_3,False
"vertical__fft_coefficient__attr_""angle""__coeff_66",EfficientFCParameters,XJTU-SY,condition_1_35Hz12kN,rul,0.08828923971068824,0.06015045416040585,-0.08828923971068824,False,frequency,"vertical channel fft coefficient  attr ""angle""  coeff 66 statistic; selected on train bearings only to avoid held-out leakage.",train_only,train_bearings_only,single_snapshot,"Bearing1_1,Bearing1_2,Bearing1_4,Bearing1_5",Bearing1_3,False
vertical__first_location_of_minimum,EfficientFCParameters,XJTU-SY,condition_1_35Hz12kN,rul,0.08810838920242621,0.060679483427059075,-0.08810838920242621,False,time_domain,vertical channel first location of minimum statistic; selected on train bearings only to avoid held-out leakage.,train_only,train_bearings_only,single_snapshot,"Bearing1_1,Bearing1_2,Bearing1_4,Bearing1_5",Bearing1_3,False
"horizontal__fft_coefficient__attr_""real""__coeff_52",EfficientFCParameters,XJTU-SY,condition_1_35Hz12kN,rul,0.08782293832561495,0.06152230803766135,0.08782293832561495,False,frequency,"horizontal channel fft coefficient  attr ""real""  coeff 52 statistic; selected on train bearings only to avoid held-out leakage.",train_only,train_bearings_only,single_snapshot,"Bearing1_1,Bearing1_2,Bearing1_4,Bearing1_5",Bearing1_3,False
"vertical__change_quantiles__f_agg_""mean""__isabs_True__qh_0.6__ql_0.4",EfficientFCParameters,XJTU-SY,condition_1_35Hz12kN,rul,0.08733525127450321,0.06298459535614744,-0.08733525127450321,False,time_domain,"vertical channel change quantiles  f agg ""mean""  isabs True  qh 0.6  ql 0.4 statistic; selected on train bearings only to avoid held-out leakage.",train_only,train_bearings_only,single_snapshot,"Bearing1_1,Bearing1_2,Bearing1_4,Bearing1_5",Bearing1_3,True
vertical__index_mass_quantile__q_0.7,EfficientFCParameters,XJTU-SY,condition_1_35Hz12kN,rul,0.08730784896418047,0.06306760133998818,-0.08730784896418047,False,time_domain,vertical channel index mass quantile  q 0.7 statistic; selected on train bearings only to avoid held-out leakage.,train_only,train_bearings_only,single_snapshot,"Bearing1_1,Bearing1_2,Bearing1_4,Bearing1_5",Bearing1_3,False
"vertical__fft_coefficient__attr_""real""__coeff_36",EfficientFCParameters,XJTU-SY,condition_1_35Hz12kN,rul,0.0871562145959852,0.06352855675496005,0.0871562145959852,False,frequency,"vertical channel fft coefficient  attr ""real""  coeff 36 statistic; selected on train bearings only to avoid held-out leakage.",train_only,train_bearings_only,single_snapshot,"Bearing1_1,Bearing1_2,Bearing1_4,Bearing1_5",Bearing1_3,False
"horizontal__fft_coefficient__attr_""imag""__coeff_7",EfficientFCParameters,XJTU-SY,condition_1_35Hz12kN,rul,0.08710855198754211,0.0636740187385722,-0.08710855198754211,False,frequency,"horizontal channel fft coefficient  attr ""imag""  coeff 7 statistic; selected on train bearings only to avoid held-out leakage.",train_only,train_bearings_only,single_snapshot,"Bearing1_1,Bearing1_2,Bearing1_4,Bearing1_5",Bearing1_3,False
"vertical__fft_coefficient__attr_""imag""__coeff_42",EfficientFCParameters,XJTU-SY,condition_1_35Hz12kN,rul,0.08698766794468359,0.06404417596903046,0.08698766794468359,False,frequency,"vertical channel fft coefficient  attr ""imag""  coeff 42 statistic; selected on train bearings only to avoid held-out leakage.",train_only,train_bearings_only,single_snapshot,"Bearing1_1,Bearing1_2,Bearing1_4,Bearing1_5",Bearing1_3,False
"horizontal__change_quantiles__f_agg_""var""__isabs_True__qh_0.6__ql_0.4",EfficientFCParameters,XJTU-SY,condition_1_35Hz12kN,rul,0.08678189399085875,0.06467834541757281,0.08678189399085875,False,time_domain,"horizontal channel change quantiles  f agg ""var""  isabs True  qh 0.6  ql 0.4 statistic; selected on train bearings only to avoid held-out leakage.",train_only,train_bearings_only,single_snapshot,"Bearing1_1,Bearing1_2,Bearing1_4,Bearing1_5",Bearing1_3,False
"horizontal__agg_linear_trend__attr_""slope""__chunk_len_50__f_agg_""min""",EfficientFCParameters,XJTU-SY,condition_1_35Hz12kN,rul,0.08670461477545466,0.06491784034140553,-0.08670461477545466,False,time_domain,"horizontal channel agg linear trend  attr ""slope""  chunk len 50  f agg ""min"" statistic; selected on train bearings only to avoid held-out leakage.",train_only,train_bearings_only,single_snapshot,"Bearing1_1,Bearing1_2,Bearing1_4,Bearing1_5",Bearing1_3,False
"horizontal__fft_coefficient__attr_""abs""__coeff_8",EfficientFCParameters,XJTU-SY,condition_1_35Hz12kN,rul,0.08661462619870013,0.06519764109683383,0.08661462619870013,False,frequency,"horizontal channel fft coefficient  attr ""abs""  coeff 8 statistic; selected on train bearings only to avoid held-out leakage.",train_only,train_bearings_only,single_snapshot,"Bearing1_1,Bearing1_2,Bearing1_4,Bearing1_5",Bearing1_3,False
"vertical__agg_linear_trend__attr_""stderr""__chunk_len_50__f_agg_""max""",EfficientFCParameters,XJTU-SY,condition_1_35Hz12kN,rul,0.08652489221995727,0.06547763658403914,0.08652489221995727,False,time_domain,"vertical channel agg linear trend  attr ""stderr""  chunk len 50  f agg ""max"" statistic; selected on train bearings only to avoid held-out leakage.",train_only,train_bearings_only,single_snapshot,"Bearing1_1,Bearing1_2,Bearing1_4,Bearing1_5",Bearing1_3,False
"horizontal__fft_coefficient__attr_""angle""__coeff_7",EfficientFCParameters,XJTU-SY,condition_1_35Hz12kN,rul,0.08603510364177712,0.06702338287684646,-0.08603510364177712,False,frequency,"horizontal channel fft coefficient  attr ""angle""  coeff 7 statistic; selected on train bearings only to avoid held-out leakage.",train_only,train_bearings_only,single_snapshot,"Bearing1_1,Bearing1_2,Bearing1_4,Bearing1_5",Bearing1_3,False
vertical__cid_ce__normalize_True,EfficientFCParameters,XJTU-SY,condition_1_35Hz12kN,rul,0.08583557357433495,0.06766161309377429,-0.08583557357433495,False,time_domain,vertical channel cid ce  normalize True statistic; selected on train bearings only to avoid held-out leakage.,train_only,train_bearings_only,single_snapshot,"Bearing1_1,Bearing1_2,Bearing1_4,Bearing1_5",Bearing1_3,False
vertical__cid_ce__normalize_False,EfficientFCParameters,XJTU-SY,condition_1_35Hz12kN,rul,0.08583557357433487,0.06766161309377451,-0.08583557357433487,False,time_domain,vertical channel cid ce  normalize False statistic; selected on train bearings only to avoid held-out leakage.,train_only,train_bearings_only,single_snapshot,"Bearing1_1,Bearing1_2,Bearing1_4,Bearing1_5",Bearing1_3,False
"horizontal__fft_coefficient__attr_""real""__coeff_99",EfficientFCParameters,XJTU-SY,condition_1_35Hz12kN,rul,0.08555301517662318,0.06857394009973686,0.08555301517662318,False,frequency,"horizontal channel fft coefficient  attr ""real""  coeff 99 statistic; selected on train bearings only to avoid held-out leakage.",train_only,train_bearings_only,single_snapshot,"Bearing1_1,Bearing1_2,Bearing1_4,Bearing1_5",Bearing1_3,False
"horizontal__fft_coefficient__attr_""abs""__coeff_14",EfficientFCParameters,XJTU-SY,condition_1_35Hz12kN,rul,0.08554158614757118,0.06861105326183192,0.08554158614757118,False,frequency,"horizontal channel fft coefficient  attr ""abs""  coeff 14 statistic; selected on train bearings only to avoid held-out leakage.",train_only,train_bearings_only,single_snapshot,"Bearing1_1,Bearing1_2,Bearing1_4,Bearing1_5",Bearing1_3,False
"vertical__fft_coefficient__attr_""angle""__coeff_30",EfficientFCParameters,XJTU-SY,condition_1_35Hz12kN,rul,0.08525181982028135,0.06955751314629187,0.08525181982028135,False,frequency,"vertical channel fft coefficient  attr ""angle""  coeff 30 statistic; selected on train bearings only to avoid held-out leakage.",train_only,train_bearings_only,single_snapshot,"Bearing1_1,Bearing1_2,Bearing1_4,Bearing1_5",Bearing1_3,False
"horizontal__fft_coefficient__attr_""abs""__coeff_56",EfficientFCParameters,XJTU-SY,condition_1_35Hz12kN,rul,0.08500018935976858,0.0703880535080325,0.08500018935976858,False,frequency,"horizontal channel fft coefficient  attr ""abs""  coeff 56 statistic; selected on train bearings only to avoid held-out leakage.",train_only,train_bearings_only,single_snapshot,"Bearing1_1,Bearing1_2,Bearing1_4,Bearing1_5",Bearing1_3,False
"vertical__change_quantiles__f_agg_""var""__isabs_False__qh_0.6__ql_0.4",EfficientFCParameters,XJTU-SY,condition_1_35Hz12kN,rul,0.08498870261062447,0.07042615977431736,-0.08498870261062447,False,time_domain,"vertical channel change quantiles  f agg ""var""  isabs False  qh 0.6  ql 0.4 statistic; selected on train bearings only to avoid held-out leakage.",train_only,train_bearings_only,single_snapshot,"Bearing1_1,Bearing1_2,Bearing1_4,Bearing1_5",Bearing1_3,False
"vertical__fft_coefficient__attr_""angle""__coeff_55",EfficientFCParameters,XJTU-SY,condition_1_35Hz12kN,rul,0.08494450977333406,0.07057292288414613,0.08494450977333406,False,frequency,"vertical channel fft coefficient  attr ""angle""  coeff 55 statistic; selected on train bearings only to avoid held-out leakage.",train_only,train_bearings_only,single_snapshot,"Bearing1_1,Bearing1_2,Bearing1_4,Bearing1_5",Bearing1_3,False
"horizontal__change_quantiles__f_agg_""var""__isabs_False__qh_1.0__ql_0.8",EfficientFCParameters,XJTU-SY,condition_1_35Hz12kN,rul,0.08475189406992352,0.0712155164725516,0.08475189406992352,False,time_domain,"horizontal channel change quantiles  f agg ""var""  isabs False  qh 1.0  ql 0.8 statistic; selected on train bearings only to avoid held-out leakage.",train_only,train_bearings_only,single_snapshot,"Bearing1_1,Bearing1_2,Bearing1_4,Bearing1_5",Bearing1_3,False
"horizontal__fft_coefficient__attr_""real""__coeff_92",EfficientFCParameters,XJTU-SY,condition_1_35Hz12kN,rul,0.08475166166959718,0.07121629467093682,0.08475166166959718,False,frequency,"horizontal channel fft coefficient  attr ""real""  coeff 92 statistic; selected on train bearings only to avoid held-out leakage.",train_only,train_bearings_only,single_snapshot,"Bearing1_1,Bearing1_2,Bearing1_4,Bearing1_5",Bearing1_3,False
"horizontal__agg_linear_trend__attr_""intercept""__chunk_len_50__f_agg_""max""",EfficientFCParameters,XJTU-SY,condition_1_35Hz12kN,rul,0.08466243159988061,0.07151559764028075,0.08466243159988061,False,time_domain,"horizontal channel agg linear trend  attr ""intercept""  chunk len 50  f agg ""max"" statistic; selected on train bearings only to avoid held-out leakage.",train_only,train_bearings_only,single_snapshot,"Bearing1_1,Bearing1_2,Bearing1_4,Bearing1_5",Bearing1_3,False
"vertical__change_quantiles__f_agg_""var""__isabs_True__qh_0.4__ql_0.2",EfficientFCParameters,XJTU-SY,condition_1_35Hz12kN,rul,0.08432034427484503,0.0726725888104319,-0.08432034427484503,False,time_domain,"vertical channel change quantiles  f agg ""var""  isabs True  qh 0.4  ql 0.2 statistic; selected on train bearings only to avoid held-out leakage.",train_only,train_bearings_only,single_snapshot,"Bearing1_1,Bearing1_2,Bearing1_4,Bearing1_5",Bearing1_3,False
"vertical__fft_coefficient__attr_""real""__coeff_16",EfficientFCParameters,XJTU-SY,condition_1_35Hz12kN,rul,0.08430994946321713,0.07270798329036939,-0.08430994946321713,False,frequency,"vertical channel fft coefficient  attr ""real""  coeff 16 statistic; selected on train bearings only to avoid held-out leakage.",train_only,train_bearings_only,single_snapshot,"Bearing1_1,Bearing1_2,Bearing1_4,Bearing1_5",Bearing1_3,False
"horizontal__fft_coefficient__attr_""real""__coeff_51",EfficientFCParameters,XJTU-SY,condition_1_35Hz12kN,rul,0.08421042223983813,0.0730475872954077,-0.08421042223983813,False,frequency,"horizontal channel fft coefficient  attr ""real""  coeff 51 statistic; selected on train bearings only to avoid held-out leakage.",train_only,train_bearings_only,single_snapshot,"Bearing1_1,Bearing1_2,Bearing1_4,Bearing1_5",Bearing1_3,False
"vertical__fft_coefficient__attr_""angle""__coeff_80",EfficientFCParameters,XJTU-SY,condition_1_35Hz12kN,rul,0.0841505162384424,0.0732526197415643,0.0841505162384424,False,frequency,"vertical channel fft coefficient  attr ""angle""  coeff 80 statistic; selected on train bearings only to avoid held-out leakage.",train_only,train_bearings_only,single_snapshot,"Bearing1_1,Bearing1_2,Bearing1_4,Bearing1_5",Bearing1_3,False
vertical__spkt_welch_density__coeff_5,EfficientFCParameters,XJTU-SY,condition_1_35Hz12kN,rul,0.08394174097143536,0.07397083746214345,0.08394174097143536,False,time_domain,vertical channel spkt welch density  coeff 5 statistic; selected on train bearings only to avoid held-out leakage.,train_only,train_bearings_only,single_snapshot,"Bearing1_1,Bearing1_2,Bearing1_4,Bearing1_5",Bearing1_3,False
"vertical__fft_coefficient__attr_""real""__coeff_96",EfficientFCParameters,XJTU-SY,condition_1_35Hz12kN,rul,0.08387945232998495,0.07418622738343124,0.08387945232998495,False,frequency,"vertical channel fft coefficient  attr ""real""  coeff 96 statistic; selected on train bearings only to avoid held-out leakage.",train_only,train_bearings_only,single_snapshot,"Bearing1_1,Bearing1_2,Bearing1_4,Bearing1_5",Bearing1_3,False
"vertical__change_quantiles__f_agg_""var""__isabs_False__qh_1.0__ql_0.6",EfficientFCParameters,XJTU-SY,condition_1_35Hz12kN,rul,0.08376797512332011,0.07457298322230535,0.08376797512332011,False,time_domain,"vertical channel change quantiles  f agg ""var""  isabs False  qh 1.0  ql 0.6 statistic; selected on train bearings only to avoid held-out leakage.",train_only,train_bearings_only,single_snapshot,"Bearing1_1,Bearing1_2,Bearing1_4,Bearing1_5",Bearing1_3,False
"vertical__fft_coefficient__attr_""real""__coeff_51",EfficientFCParameters,XJTU-SY,condition_1_35Hz12kN,rul,0.08375457963287593,0.07461956744737522,0.08375457963287593,False,frequency,"vertical channel fft coefficient  attr ""real""  coeff 51 statistic; selected on train bearings only to avoid held-out leakage.",train_only,train_bearings_only,single_snapshot,"Bearing1_1,Bearing1_2,Bearing1_4,Bearing1_5",Bearing1_3,False
"horizontal__change_quantiles__f_agg_""mean""__isabs_True__qh_0.4__ql_0.2",EfficientFCParameters,XJTU-SY,condition_1_35Hz12kN,rul,0.08373580443710466,0.07468490003809458,0.08373580443710466,False,time_domain,"horizontal channel change quantiles  f agg ""mean""  isabs True  qh 0.4  ql 0.2 statistic; selected on train bearings only to avoid held-out leakage.",train_only,train_bearings_only,single_snapshot,"Bearing1_1,Bearing1_2,Bearing1_4,Bearing1_5",Bearing1_3,True
horizontal__partial_autocorrelation__lag_4,EfficientFCParameters,XJTU-SY,condition_1_35Hz12kN,rul,0.08369682904199953,0.07482067253229373,0.08369682904199953,False,time_domain,horizontal channel partial autocorrelation  lag 4 statistic; selected on train bearings only to avoid held-out leakage.,train_only,train_bearings_only,single_snapshot,"Bearing1_1,Bearing1_2,Bearing1_4,Bearing1_5",Bearing1_3,False
"horizontal__fft_coefficient__attr_""angle""__coeff_62",EfficientFCParameters,XJTU-SY,condition_1_35Hz12kN,rul,0.08342374647597824,0.07577761294016662,0.08342374647597824,False,frequency,"horizontal channel fft coefficient  attr ""angle""  coeff 62 statistic; selected on train bearings only to avoid held-out leakage.",train_only,train_bearings_only,single_snapshot,"Bearing1_1,Bearing1_2,Bearing1_4,Bearing1_5",Bearing1_3,False
"vertical__agg_linear_trend__attr_""slope""__chunk_len_5__f_agg_""var""",EfficientFCParameters,XJTU-SY,condition_1_35Hz12kN,rul,0.0833266509593861,0.07612024607339832,-0.0833266509593861,False,time_domain,"vertical channel agg linear trend  attr ""slope""  chunk len 5  f agg ""var"" statistic; selected on train bearings only to avoid held-out leakage.",train_only,train_bearings_only,single_snapshot,"Bearing1_1,Bearing1_2,Bearing1_4,Bearing1_5",Bearing1_3,False
vertical__index_mass_quantile__q_0.8,EfficientFCParameters,XJTU-SY,condition_1_35Hz12kN,rul,0.08299654151257767,0.07729457608802351,-0.08299654151257767,False,time_domain,vertical channel index mass quantile  q 0.8 statistic; selected on train bearings only to avoid held-out leakage.,train_only,train_bearings_only,single_snapshot,"Bearing1_1,Bearing1_2,Bearing1_4,Bearing1_5",Bearing1_3,False
"vertical__fft_coefficient__attr_""abs""__coeff_94",EfficientFCParameters,XJTU-SY,condition_1_35Hz12kN,rul,0.08278881792295523,0.0780410431659474,0.08278881792295523,False,frequency,"vertical channel fft coefficient  attr ""abs""  coeff 94 statistic; selected on train bearings only to avoid held-out leakage.",train_only,train_bearings_only,single_snapshot,"Bearing1_1,Bearing1_2,Bearing1_4,Bearing1_5",Bearing1_3,False
"vertical__agg_autocorrelation__f_agg_""median""__maxlag_40",EfficientFCParameters,XJTU-SY,condition_1_35Hz12kN,rul,0.08246643617738653,0.07921111586131638,0.08246643617738653,False,time_domain,"vertical channel agg autocorrelation  f agg ""median""  maxlag 40 statistic; selected on train bearings only to avoid held-out leakage.",train_only,train_bearings_only,single_snapshot,"Bearing1_1,Bearing1_2,Bearing1_4,Bearing1_5",Bearing1_3,False
"vertical__fft_coefficient__attr_""angle""__coeff_32",EfficientFCParameters,XJTU-SY,condition_1_35Hz12kN,rul,0.08210901840688574,0.08052492983109362,0.08210901840688574,False,frequency,"vertical channel fft coefficient  attr ""angle""  coeff 32 statistic; selected on train bearings only to avoid held-out leakage.",train_only,train_bearings_only,single_snapshot,"Bearing1_1,Bearing1_2,Bearing1_4,Bearing1_5",Bearing1_3,False
"vertical__change_quantiles__f_agg_""mean""__isabs_True__qh_1.0__ql_0.4",EfficientFCParameters,XJTU-SY,condition_1_35Hz12kN,rul,0.08206334067783673,0.08069409829174723,-0.08206334067783673,False,time_domain,"vertical channel change quantiles  f agg ""mean""  isabs True  qh 1.0  ql 0.4 statistic; selected on train bearings only to avoid held-out leakage.",train_only,train_bearings_only,single_snapshot,"Bearing1_1,Bearing1_2,Bearing1_4,Bearing1_5",Bearing1_3,True
"horizontal__fft_coefficient__attr_""imag""__coeff_90",EfficientFCParameters,XJTU-SY,condition_1_35Hz12kN,rul,0.08140764436069164,0.08315433237057142,0.08140764436069164,False,frequency,"horizontal channel fft coefficient  attr ""imag""  coeff 90 statistic; selected on train bearings only to avoid held-out leakage.",train_only,train_bearings_only,single_snapshot,"Bearing1_1,Bearing1_2,Bearing1_4,Bearing1_5",Bearing1_3,False
horizontal__fourier_entropy__bins_2,EfficientFCParameters,XJTU-SY,condition_1_35Hz12kN,rul,0.08139345133817169,0.08320824824038442,0.08139345133817169,False,time_domain,horizontal channel fourier entropy  bins 2 statistic; selected on train bearings only to avoid held-out leakage.,train_only,train_bearings_only,single_snapshot,"Bearing1_1,Bearing1_2,Bearing1_4,Bearing1_5",Bearing1_3,False
"vertical__change_quantiles__f_agg_""mean""__isabs_False__qh_0.8__ql_0.2",EfficientFCParameters,XJTU-SY,condition_1_35Hz12kN,rul,0.08114351542743302,0.08416232780119386,0.08114351542743302,False,time_domain,"vertical channel change quantiles  f agg ""mean""  isabs False  qh 0.8  ql 0.2 statistic; selected on train bearings only to avoid held-out leakage.",train_only,train_bearings_only,single_snapshot,"Bearing1_1,Bearing1_2,Bearing1_4,Bearing1_5",Bearing1_3,True
"vertical__agg_linear_trend__attr_""rvalue""__chunk_len_50__f_agg_""min""",EfficientFCParameters,XJTU-SY,condition_1_35Hz12kN,rul,0.08083464836595909,0.08535353515043055,0.08083464836595909,False,time_domain,"vertical channel agg linear trend  attr ""rvalue""  chunk len 50  f agg ""min"" statistic; selected on train bearings only to avoid held-out leakage.",train_only,train_bearings_only,single_snapshot,"Bearing1_1,Bearing1_2,Bearing1_4,Bearing1_5",Bearing1_3,False
"vertical__fft_coefficient__attr_""angle""__coeff_64",EfficientFCParameters,XJTU-SY,condition_1_35Hz12kN,rul,0.08040851320396956,0.08701927125494688,0.08040851320396956,False,frequency,"vertical channel fft coefficient  attr ""angle""  coeff 64 statistic; selected on train bearings only to avoid held-out leakage.",train_only,train_bearings_only,single_snapshot,"Bearing1_1,Bearing1_2,Bearing1_4,Bearing1_5",Bearing1_3,False
"vertical__fft_coefficient__attr_""abs""__coeff_41",EfficientFCParameters,XJTU-SY,condition_1_35Hz12kN,rul,0.08034406341163752,0.08727346313851732,0.08034406341163752,False,frequency,"vertical channel fft coefficient  attr ""abs""  coeff 41 statistic; selected on train bearings only to avoid held-out leakage.",train_only,train_bearings_only,single_snapshot,"Bearing1_1,Bearing1_2,Bearing1_4,Bearing1_5",Bearing1_3,False
"vertical__change_quantiles__f_agg_""var""__isabs_True__qh_1.0__ql_0.4",EfficientFCParameters,XJTU-SY,condition_1_35Hz12kN,rul,0.08029875300019879,0.08745252599137221,0.08029875300019879,False,time_domain,"vertical channel change quantiles  f agg ""var""  isabs True  qh 1.0  ql 0.4 statistic; selected on train bearings only to avoid held-out leakage.",train_only,train_bearings_only,single_snapshot,"Bearing1_1,Bearing1_2,Bearing1_4,Bearing1_5",Bearing1_3,False
"horizontal__fft_coefficient__attr_""imag""__coeff_16",EfficientFCParameters,XJTU-SY,condition_1_35Hz12kN,rul,0.08017853731789776,0.0879290400653002,-0.08017853731789776,False,frequency,"horizontal channel fft coefficient  attr ""imag""  coeff 16 statistic; selected on train bearings only to avoid held-out leakage.",train_only,train_bearings_only,single_snapshot,"Bearing1_1,Bearing1_2,Bearing1_4,Bearing1_5",Bearing1_3,False
"vertical__fft_coefficient__attr_""abs""__coeff_31",EfficientFCParameters,XJTU-SY,condition_1_35Hz12kN,rul,0.08017442564914963,0.08794537484326301,0.08017442564914963,False,frequency,"vertical channel fft coefficient  attr ""abs""  coeff 31 statistic; selected on train bearings only to avoid held-out leakage.",train_only,train_bearings_only,single_snapshot,"Bearing1_1,Bearing1_2,Bearing1_4,Bearing1_5",Bearing1_3,False
"horizontal__fft_coefficient__attr_""abs""__coeff_12",EfficientFCParameters,XJTU-SY,condition_1_35Hz12kN,rul,0.0801181897413969,0.08816903294747848,0.0801181897413969,False,frequency,"horizontal channel fft coefficient  attr ""abs""  coeff 12 statistic; selected on train bearings only to avoid held-out leakage.",train_only,train_bearings_only,single_snapshot,"Bearing1_1,Bearing1_2,Bearing1_4,Bearing1_5",Bearing1_3,False
"vertical__fft_coefficient__attr_""imag""__coeff_55",EfficientFCParameters,XJTU-SY,condition_1_35Hz12kN,rul,0.08009782105558252,0.08825015474490655,0.08009782105558252,False,frequency,"vertical channel fft coefficient  attr ""imag""  coeff 55 statistic; selected on train bearings only to avoid held-out leakage.",train_only,train_bearings_only,single_snapshot,"Bearing1_1,Bearing1_2,Bearing1_4,Bearing1_5",Bearing1_3,False
"vertical__fft_coefficient__attr_""abs""__coeff_46",EfficientFCParameters,XJTU-SY,condition_1_35Hz12kN,rul,0.08002684538783214,0.08853329626218592,-0.08002684538783214,False,frequency,"vertical channel fft coefficient  attr ""abs""  coeff 46 statistic; selected on train bearings only to avoid held-out leakage.",train_only,train_bearings_only,single_snapshot,"Bearing1_1,Bearing1_2,Bearing1_4,Bearing1_5",Bearing1_3,False
"vertical__fft_coefficient__attr_""imag""__coeff_78",EfficientFCParameters,XJTU-SY,condition_1_35Hz12kN,rul,0.07977683171305035,0.08953648714347223,0.07977683171305035,False,frequency,"vertical channel fft coefficient  attr ""imag""  coeff 78 statistic; selected on train bearings only to avoid held-out leakage.",train_only,train_bearings_only,single_snapshot,"Bearing1_1,Bearing1_2,Bearing1_4,Bearing1_5",Bearing1_3,False
"vertical__fft_coefficient__attr_""real""__coeff_45",EfficientFCParameters,XJTU-SY,condition_1_35Hz12kN,rul,0.07975254260329424,0.08963443253801169,0.07975254260329424,False,frequency,"vertical channel fft coefficient  attr ""real""  coeff 45 statistic; selected on train bearings only to avoid held-out leakage.",train_only,train_bearings_only,single_snapshot,"Bearing1_1,Bearing1_2,Bearing1_4,Bearing1_5",Bearing1_3,False
"vertical__fft_coefficient__attr_""real""__coeff_47",EfficientFCParameters,XJTU-SY,condition_1_35Hz12kN,rul,0.07955309167951895,0.09044197039440488,-0.07955309167951895,False,frequency,"vertical channel fft coefficient  attr ""real""  coeff 47 statistic; selected on train bearings only to avoid held-out leakage.",train_only,train_bearings_only,single_snapshot,"Bearing1_1,Bearing1_2,Bearing1_4,Bearing1_5",Bearing1_3,False
"horizontal__cwt_coefficients__coeff_4__w_2__widths_(2, 5, 10, 20)",EfficientFCParameters,XJTU-SY,condition_1_35Hz12kN,rul,0.07949154297368019,0.09069234365668576,0.07949154297368019,False,time_domain,"horizontal channel cwt coefficients  coeff 4  w 2  widths (2, 5, 10, 20) statistic; selected on train bearings only to avoid held-out leakage.",train_only,train_bearings_only,single_snapshot,"Bearing1_1,Bearing1_2,Bearing1_4,Bearing1_5",Bearing1_3,False
"horizontal__agg_linear_trend__attr_""intercept""__chunk_len_5__f_agg_""min""",EfficientFCParameters,XJTU-SY,condition_1_35Hz12kN,rul,0.07942930874380397,0.09094607022977104,0.07942930874380397,False,time_domain,"horizontal channel agg linear trend  attr ""intercept""  chunk len 5  f agg ""min"" statistic; selected on train bearings only to avoid held-out leakage.",train_only,train_bearings_only,single_snapshot,"Bearing1_1,Bearing1_2,Bearing1_4,Bearing1_5",Bearing1_3,False
horizontal__ar_coefficient__coeff_8__k_10,EfficientFCParameters,XJTU-SY,condition_1_35Hz12kN,rul,0.07940332894463023,0.09105215706120118,0.07940332894463023,False,time_domain,horizontal channel ar coefficient  coeff 8  k 10 statistic; selected on train bearings only to avoid held-out leakage.,train_only,train_bearings_only,single_snapshot,"Bearing1_1,Bearing1_2,Bearing1_4,Bearing1_5",Bearing1_3,False
"horizontal__agg_linear_trend__attr_""stderr""__chunk_len_10__f_agg_""var""",EfficientFCParameters,XJTU-SY,condition_1_35Hz12kN,rul,0.07910267000992223,0.09228710709131246,0.07910267000992223,False,time_domain,"horizontal channel agg linear trend  attr ""stderr""  chunk len 10  f agg ""var"" statistic; selected on train bearings only to avoid held-out leakage.",train_only,train_bearings_only,single_snapshot,"Bearing1_1,Bearing1_2,Bearing1_4,Bearing1_5",Bearing1_3,False
"vertical__fft_coefficient__attr_""abs""__coeff_57",EfficientFCParameters,XJTU-SY,condition_1_35Hz12kN,rul,0.07909559398403655,0.0923163324081148,-0.07909559398403655,False,frequency,"vertical channel fft coefficient  attr ""abs""  coeff 57 statistic; selected on train bearings only to avoid held-out leakage.",train_only,train_bearings_only,single_snapshot,"Bearing1_1,Bearing1_2,Bearing1_4,Bearing1_5",Bearing1_3,False
"horizontal__fft_coefficient__attr_""abs""__coeff_50",EfficientFCParameters,XJTU-SY,condition_1_35Hz12kN,rul,0.0790937716130413,0.09232386034237258,-0.0790937716130413,False,frequency,"horizontal channel fft coefficient  attr ""abs""  coeff 50 statistic; selected on train bearings only to avoid held-out leakage.",train_only,train_bearings_only,single_snapshot,"Bearing1_1,Bearing1_2,Bearing1_4,Bearing1_5",Bearing1_3,False
vertical__energy_ratio_by_chunks__num_segments_10__segment_focus_2,EfficientFCParameters,XJTU-SY,condition_1_35Hz12kN,rul,0.07893851376227264,0.09296701293911051,0.07893851376227264,False,energy,vertical channel energy ratio by chunks  num segments 10  segment focus 2 statistic; selected on train bearings only to avoid held-out leakage.,train_only,train_bearings_only,single_snapshot,"Bearing1_1,Bearing1_2,Bearing1_4,Bearing1_5",Bearing1_3,False
"vertical__change_quantiles__f_agg_""var""__isabs_False__qh_0.4__ql_0.2",EfficientFCParameters,XJTU-SY,condition_1_35Hz12kN,rul,0.0789189336198428,0.09304837718889213,-0.0789189336198428,False,time_domain,"vertical channel change quantiles  f agg ""var""  isabs False  qh 0.4  ql 0.2 statistic; selected on train bearings only to avoid held-out leakage.",train_only,train_bearings_only,single_snapshot,"Bearing1_1,Bearing1_2,Bearing1_4,Bearing1_5",Bearing1_3,False
"horizontal__fft_coefficient__attr_""real""__coeff_98",EfficientFCParameters,XJTU-SY,condition_1_35Hz12kN,rul,0.07872482245643037,0.09385808094797078,0.07872482245643037,False,frequency,"horizontal channel fft coefficient  attr ""real""  coeff 98 statistic; selected on train bearings only to avoid held-out leakage.",train_only,train_bearings_only,single_snapshot,"Bearing1_1,Bearing1_2,Bearing1_4,Bearing1_5",Bearing1_3,False
"horizontal__fft_coefficient__attr_""real""__coeff_11",EfficientFCParameters,XJTU-SY,condition_1_35Hz12kN,rul,0.07869577856867849,0.09397971582911249,0.07869577856867849,False,frequency,"horizontal channel fft coefficient  attr ""real""  coeff 11 statistic; selected on train bearings only to avoid held-out leakage.",train_only,train_bearings_only,single_snapshot,"Bearing1_1,Bearing1_2,Bearing1_4,Bearing1_5",Bearing1_3,False
"vertical__change_quantiles__f_agg_""mean""__isabs_False__qh_0.4__ql_0.0",EfficientFCParameters,XJTU-SY,condition_1_35Hz12kN,rul,0.07814973327161152,0.09629007173065869,0.07814973327161152,False,time_domain,"vertical channel change quantiles  f agg ""mean""  isabs False  qh 0.4  ql 0.0 statistic; selected on train bearings only to avoid held-out leakage.",train_only,train_bearings_only,single_snapshot,"Bearing1_1,Bearing1_2,Bearing1_4,Bearing1_5",Bearing1_3,True
"horizontal__fft_coefficient__attr_""abs""__coeff_93",EfficientFCParameters,XJTU-SY,condition_1_35Hz12kN,rul,0.07804074124053831,0.096756603105049,-0.07804074124053831,False,frequency,"horizontal channel fft coefficient  attr ""abs""  coeff 93 statistic; selected on train bearings only to avoid held-out leakage.",train_only,train_bearings_only,single_snapshot,"Bearing1_1,Bearing1_2,Bearing1_4,Bearing1_5",Bearing1_3,False
horizontal__index_mass_quantile__q_0.4,EfficientFCParameters,XJTU-SY,condition_1_35Hz12kN,rul,0.07788598546218689,0.0974221160082148,-0.07788598546218689,False,time_domain,horizontal channel index mass quantile  q 0.4 statistic; selected on train bearings only to avoid held-out leakage.,train_only,train_bearings_only,single_snapshot,"Bearing1_1,Bearing1_2,Bearing1_4,Bearing1_5",Bearing1_3,False
"horizontal__fft_coefficient__attr_""imag""__coeff_2",EfficientFCParameters,XJTU-SY,condition_1_35Hz12kN,rul,0.07741918753772514,0.09945164738348236,0.07741918753772514,False,frequency,"horizontal channel fft coefficient  attr ""imag""  coeff 2 statistic; selected on train bearings only to avoid held-out leakage.",train_only,train_bearings_only,single_snapshot,"Bearing1_1,Bearing1_2,Bearing1_4,Bearing1_5",Bearing1_3,False
"horizontal__augmented_dickey_fuller__attr_""teststat""__autolag_""AIC""",EfficientFCParameters,XJTU-SY,condition_1_35Hz12kN,rul,0.07734911206122082,0.09975920126401852,-0.07734911206122082,False,time_domain,"horizontal channel augmented dickey fuller  attr ""teststat""  autolag ""AIC"" statistic; selected on train bearings only to avoid held-out leakage.",train_only,train_bearings_only,single_snapshot,"Bearing1_1,Bearing1_2,Bearing1_4,Bearing1_5",Bearing1_3,False
"horizontal__fft_coefficient__attr_""abs""__coeff_71",EfficientFCParameters,XJTU-SY,condition_1_35Hz12kN,rul,0.07696961894586145,0.1014379122071293,-0.07696961894586145,False,frequency,"horizontal channel fft coefficient  attr ""abs""  coeff 71 statistic; selected on train bearings only to avoid held-out leakage.",train_only,train_bearings_only,single_snapshot,"Bearing1_1,Bearing1_2,Bearing1_4,Bearing1_5",Bearing1_3,False
"vertical__fft_coefficient__attr_""abs""__coeff_38",EfficientFCParameters,XJTU-SY,condition_1_35Hz12kN,rul,0.07664250627033589,0.10290283914771453,-0.07664250627033589,False,frequency,"vertical channel fft coefficient  attr ""abs""  coeff 38 statistic; selected on train bearings only to avoid held-out leakage.",train_only,train_bearings_only,single_snapshot,"Bearing1_1,Bearing1_2,Bearing1_4,Bearing1_5",Bearing1_3,False
"horizontal__agg_linear_trend__attr_""rvalue""__chunk_len_50__f_agg_""var""",EfficientFCParameters,XJTU-SY,condition_1_35Hz12kN,rul,0.07641078330702862,0.1039506870088489,-0.07641078330702862,False,time_domain,"horizontal channel agg linear trend  attr ""rvalue""  chunk len 50  f agg ""var"" statistic; selected on train bearings only to avoid held-out leakage.",train_only,train_bearings_only,single_snapshot,"Bearing1_1,Bearing1_2,Bearing1_4,Bearing1_5",Bearing1_3,False
vertical__friedrich_coefficients__coeff_2__m_3__r_30,EfficientFCParameters,XJTU-SY,condition_1_35Hz12kN,rul,0.07634584236033383,0.10424585986039048,0.07634584236033383,False,time_domain,vertical channel friedrich coefficients  coeff 2  m 3  r 30 statistic; selected on train bearings only to avoid held-out leakage.,train_only,train_bearings_only,single_snapshot,"Bearing1_1,Bearing1_2,Bearing1_4,Bearing1_5",Bearing1_3,False
"horizontal__fft_coefficient__attr_""real""__coeff_12",EfficientFCParameters,XJTU-SY,condition_1_35Hz12kN,rul,0.07627442285034598,0.10457124513563958,0.07627442285034598,False,frequency,"horizontal channel fft coefficient  attr ""real""  coeff 12 statistic; selected on train bearings only to avoid held-out leakage.",train_only,train_bearings_only,single_snapshot,"Bearing1_1,Bearing1_2,Bearing1_4,Bearing1_5",Bearing1_3,False
"horizontal__change_quantiles__f_agg_""var""__isabs_True__qh_0.4__ql_0.0",EfficientFCParameters,XJTU-SY,condition_1_35Hz12kN,rul,0.07623542094893479,0.10474927573981578,-0.07623542094893479,False,time_domain,"horizontal channel change quantiles  f agg ""var""  isabs True  qh 0.4  ql 0.0 statistic; selected on train bearings only to avoid held-out leakage.",train_only,train_bearings_only,single_snapshot,"Bearing1_1,Bearing1_2,Bearing1_4,Bearing1_5",Bearing1_3,False
"horizontal__fft_coefficient__attr_""angle""__coeff_69",EfficientFCParameters,XJTU-SY,condition_1_35Hz12kN,rul,0.07611044798640673,0.10532135137070353,0.07611044798640673,False,frequency,"horizontal channel fft coefficient  attr ""angle""  coeff 69 statistic; selected on train bearings only to avoid held-out leakage.",train_only,train_bearings_only,single_snapshot,"Bearing1_1,Bearing1_2,Bearing1_4,Bearing1_5",Bearing1_3,False
"vertical__agg_linear_trend__attr_""slope""__chunk_len_50__f_agg_""mean""",EfficientFCParameters,XJTU-SY,condition_1_35Hz12kN,rul,0.07605906600894594,0.10555727290409858,0.07605906600894594,False,time_domain,"vertical channel agg linear trend  attr ""slope""  chunk len 50  f agg ""mean"" statistic; selected on train bearings only to avoid held-out leakage.",train_only,train_bearings_only,single_snapshot,"Bearing1_1,Bearing1_2,Bearing1_4,Bearing1_5",Bearing1_3,True
horizontal__spkt_welch_density__coeff_8,EfficientFCParameters,XJTU-SY,condition_1_35Hz12kN,rul,0.07506019061849122,0.11022716999932866,0.07506019061849122,False,time_domain,horizontal channel spkt welch density  coeff 8 statistic; selected on train bearings only to avoid held-out leakage.,train_only,train_bearings_only,single_snapshot,"Bearing1_1,Bearing1_2,Bearing1_4,Bearing1_5",Bearing1_3,False
"vertical__fft_coefficient__attr_""abs""__coeff_52",EfficientFCParameters,XJTU-SY,condition_1_35Hz12kN,rul,0.07463866863510946,0.11224601533510048,0.07463866863510946,False,frequency,"vertical channel fft coefficient  attr ""abs""  coeff 52 statistic; selected on train bearings only to avoid held-out leakage.",train_only,train_bearings_only,single_snapshot,"Bearing1_1,Bearing1_2,Bearing1_4,Bearing1_5",Bearing1_3,False
"vertical__fft_coefficient__attr_""imag""__coeff_27",EfficientFCParameters,XJTU-SY,condition_1_35Hz12kN,rul,0.07446808665431102,0.1130712176836651,0.07446808665431102,False,frequency,"vertical channel fft coefficient  attr ""imag""  coeff 27 statistic; selected on train bearings only to avoid held-out leakage.",train_only,train_bearings_only,single_snapshot,"Bearing1_1,Bearing1_2,Bearing1_4,Bearing1_5",Bearing1_3,False
"horizontal__fft_coefficient__attr_""imag""__coeff_35",EfficientFCParameters,XJTU-SY,condition_1_35Hz12kN,rul,0.07399390489897188,0.1153901474426183,0.07399390489897188,False,frequency,"horizontal channel fft coefficient  attr ""imag""  coeff 35 statistic; selected on train bearings only to avoid held-out leakage.",train_only,train_bearings_only,single_snapshot,"Bearing1_1,Bearing1_2,Bearing1_4,Bearing1_5",Bearing1_3,False
"vertical__change_quantiles__f_agg_""var""__isabs_True__qh_0.6__ql_0.0",EfficientFCParameters,XJTU-SY,condition_1_35Hz12kN,rul,0.07393016877432294,0.11570466289516783,0.07393016877432294,False,time_domain,"vertical channel change quantiles  f agg ""var""  isabs True  qh 0.6  ql 0.0 statistic; selected on train bearings only to avoid held-out leakage.",train_only,train_bearings_only,single_snapshot,"Bearing1_1,Bearing1_2,Bearing1_4,Bearing1_5",Bearing1_3,False
"horizontal__fft_coefficient__attr_""real""__coeff_45",EfficientFCParameters,XJTU-SY,condition_1_35Hz12kN,rul,0.0736640197451284,0.11702527904271262,-0.0736640197451284,False,frequency,"horizontal channel fft coefficient  attr ""real""  coeff 45 statistic; selected on train bearings only to avoid held-out leakage.",train_only,train_bearings_only,single_snapshot,"Bearing1_1,Bearing1_2,Bearing1_4,Bearing1_5",Bearing1_3,False
vertical__partial_autocorrelation__lag_2,EfficientFCParameters,XJTU-SY,condition_1_35Hz12kN,rul,0.07359666727259256,0.11736134135891386,0.07359666727259256,False,time_domain,vertical channel partial autocorrelation  lag 2 statistic; selected on train bearings only to avoid held-out leakage.,train_only,train_bearings_only,single_snapshot,"Bearing1_1,Bearing1_2,Bearing1_4,Bearing1_5",Bearing1_3,False
"horizontal__agg_linear_trend__attr_""intercept""__chunk_len_50__f_agg_""mean""",EfficientFCParameters,XJTU-SY,condition_1_35Hz12kN,rul,0.07335607301904042,0.11856798078408032,0.07335607301904042,False,time_domain,"horizontal channel agg linear trend  attr ""intercept""  chunk len 50  f agg ""mean"" statistic; selected on train bearings only to avoid held-out leakage.",train_only,train_bearings_only,single_snapshot,"Bearing1_1,Bearing1_2,Bearing1_4,Bearing1_5",Bearing1_3,True
"horizontal__fft_coefficient__attr_""imag""__coeff_18",EfficientFCParameters,XJTU-SY,condition_1_35Hz12kN,rul,0.07333320534925396,0.11868317048709906,0.07333320534925396,False,frequency,"horizontal channel fft coefficient  attr ""imag""  coeff 18 statistic; selected on train bearings only to avoid held-out leakage.",train_only,train_bearings_only,single_snapshot,"Bearing1_1,Bearing1_2,Bearing1_4,Bearing1_5",Bearing1_3,False
"horizontal__cwt_coefficients__coeff_0__w_2__widths_(2, 5, 10, 20)",EfficientFCParameters,XJTU-SY,condition_1_35Hz12kN,rul,0.0732019755231019,0.1193458969133848,-0.0732019755231019,False,time_domain,"horizontal channel cwt coefficients  coeff 0  w 2  widths (2, 5, 10, 20) statistic; selected on train bearings only to avoid held-out leakage.",train_only,train_bearings_only,single_snapshot,"Bearing1_1,Bearing1_2,Bearing1_4,Bearing1_5",Bearing1_3,False
"horizontal__fft_coefficient__attr_""angle""__coeff_45",EfficientFCParameters,XJTU-SY,condition_1_35Hz12kN,rul,0.07318530653714798,0.11943028376082487,0.07318530653714798,False,frequency,"horizontal channel fft coefficient  attr ""angle""  coeff 45 statistic; selected on train bearings only to avoid held-out leakage.",train_only,train_bearings_only,single_snapshot,"Bearing1_1,Bearing1_2,Bearing1_4,Bearing1_5",Bearing1_3,False
"vertical__change_quantiles__f_agg_""var""__isabs_True__qh_0.6__ql_0.4",EfficientFCParameters,XJTU-SY,condition_1_35Hz12kN,rul,0.07317212231935646,0.1194970619431586,-0.07317212231935646,False,time_domain,"vertical channel change quantiles  f agg ""var""  isabs True  qh 0.6  ql 0.4 statistic; selected on train bearings only to avoid held-out leakage.",train_only,train_bearings_only,single_snapshot,"Bearing1_1,Bearing1_2,Bearing1_4,Bearing1_5",Bearing1_3,False
"horizontal__change_quantiles__f_agg_""mean""__isabs_True__qh_1.0__ql_0.4",EfficientFCParameters,XJTU-SY,condition_1_35Hz12kN,rul,0.07299817510844353,0.12038083855875362,0.07299817510844353,False,time_domain,"horizontal channel change quantiles  f agg ""mean""  isabs True  qh 1.0  ql 0.4 statistic; selected on train bearings only to avoid held-out leakage.",train_only,train_bearings_only,single_snapshot,"Bearing1_1,Bearing1_2,Bearing1_4,Bearing1_5",Bearing1_3,True
"vertical__change_quantiles__f_agg_""var""__isabs_False__qh_0.8__ql_0.0",EfficientFCParameters,XJTU-SY,condition_1_35Hz12kN,rul,0.07294361625155195,0.12065908482976623,-0.07294361625155195,False,time_domain,"vertical channel change quantiles  f agg ""var""  isabs False  qh 0.8  ql 0.0 statistic; selected on train bearings only to avoid held-out leakage.",train_only,train_bearings_only,single_snapshot,"Bearing1_1,Bearing1_2,Bearing1_4,Bearing1_5",Bearing1_3,False
"horizontal__change_quantiles__f_agg_""mean""__isabs_True__qh_1.0__ql_0.6",EfficientFCParameters,XJTU-SY,condition_1_35Hz12kN,rul,0.0727627144935491,0.12158526134840374,0.0727627144935491,False,time_domain,"horizontal channel change quantiles  f agg ""mean""  isabs True  qh 1.0  ql 0.6 statistic; selected on train bearings only to avoid held-out leakage.",train_only,train_bearings_only,single_snapshot,"Bearing1_1,Bearing1_2,Bearing1_4,Bearing1_5",Bearing1_3,True
"vertical__fft_coefficient__attr_""abs""__coeff_78",EfficientFCParameters,XJTU-SY,condition_1_35Hz12kN,rul,0.07270686912276905,0.12187229367447115,-0.07270686912276905,False,frequency,"vertical channel fft coefficient  attr ""abs""  coeff 78 statistic; selected on train bearings only to avoid held-out leakage.",train_only,train_bearings_only,single_snapshot,"Bearing1_1,Bearing1_2,Bearing1_4,Bearing1_5",Bearing1_3,False
"vertical__fft_coefficient__attr_""imag""__coeff_79",EfficientFCParameters,XJTU-SY,condition_1_35Hz12kN,rul,0.07267447817211496,0.12203901746409129,-0.07267447817211496,False,frequency,"vertical channel fft coefficient  attr ""imag""  coeff 79 statistic; selected on train bearings only to avoid held-out leakage.",train_only,train_bearings_only,single_snapshot,"Bearing1_1,Bearing1_2,Bearing1_4,Bearing1_5",Bearing1_3,False
"horizontal__fft_coefficient__attr_""angle""__coeff_38",EfficientFCParameters,XJTU-SY,condition_1_35Hz12kN,rul,0.07252045416795953,0.12283424760274905,0.07252045416795953,False,frequency,"horizontal channel fft coefficient  attr ""angle""  coeff 38 statistic; selected on train bearings only to avoid held-out leakage.",train_only,train_bearings_only,single_snapshot,"Bearing1_1,Bearing1_2,Bearing1_4,Bearing1_5",Bearing1_3,False
"horizontal__fft_coefficient__attr_""real""__coeff_8",EfficientFCParameters,XJTU-SY,condition_1_35Hz12kN,rul,0.0724907468670556,0.12298809027289284,-0.0724907468670556,False,frequency,"horizontal channel fft coefficient  attr ""real""  coeff 8 statistic; selected on train bearings only to avoid held-out leakage.",train_only,train_bearings_only,single_snapshot,"Bearing1_1,Bearing1_2,Bearing1_4,Bearing1_5",Bearing1_3,False
horizontal__mean_n_absolute_max__number_of_maxima_7,EfficientFCParameters,XJTU-SY,condition_1_35Hz12kN,rul,0.07239246679323451,0.12349811397457008,-0.07239246679323451,False,energy,horizontal channel mean n absolute max  number of maxima 7 statistic; selected on train bearings only to avoid held-out leakage.,train_only,train_bearings_only,single_snapshot,"Bearing1_1,Bearing1_2,Bearing1_4,Bearing1_5",Bearing1_3,True
"horizontal__fft_coefficient__attr_""abs""__coeff_22",EfficientFCParameters,XJTU-SY,condition_1_35Hz12kN,rul,0.07232629555890488,0.12384243507447108,-0.07232629555890488,False,frequency,"horizontal channel fft coefficient  attr ""abs""  coeff 22 statistic; selected on train bearings only to avoid held-out leakage.",train_only,train_bearings_only,single_snapshot,"Bearing1_1,Bearing1_2,Bearing1_4,Bearing1_5",Bearing1_3,False
"vertical__agg_linear_trend__attr_""rvalue""__chunk_len_50__f_agg_""mean""",EfficientFCParameters,XJTU-SY,condition_1_35Hz12kN,rul,0.0718165904997858,0.12651976066136053,0.0718165904997858,False,time_domain,"vertical channel agg linear trend  attr ""rvalue""  chunk len 50  f agg ""mean"" statistic; selected on train bearings only to avoid held-out leakage.",train_only,train_bearings_only,single_snapshot,"Bearing1_1,Bearing1_2,Bearing1_4,Bearing1_5",Bearing1_3,True
"horizontal__change_quantiles__f_agg_""var""__isabs_False__qh_0.8__ql_0.4",EfficientFCParameters,XJTU-SY,condition_1_35Hz12kN,rul,0.07169380632969623,0.12717137346385898,0.07169380632969623,False,time_domain,"horizontal channel change quantiles  f agg ""var""  isabs False  qh 0.8  ql 0.4 statistic; selected on train bearings only to avoid held-out leakage.",train_only,train_bearings_only,single_snapshot,"Bearing1_1,Bearing1_2,Bearing1_4,Bearing1_5",Bearing1_3,False
"vertical__agg_linear_trend__attr_""intercept""__chunk_len_50__f_agg_""mean""",EfficientFCParameters,XJTU-SY,condition_1_35Hz12kN,rul,0.07124372365912515,0.12958222741757272,-0.07124372365912515,False,time_domain,"vertical channel agg linear trend  attr ""intercept""  chunk len 50  f agg ""mean"" statistic; selected on train bearings only to avoid held-out leakage.",train_only,train_bearings_only,single_snapshot,"Bearing1_1,Bearing1_2,Bearing1_4,Bearing1_5",Bearing1_3,True
vertical__energy_ratio_by_chunks__num_segments_10__segment_focus_4,EfficientFCParameters,XJTU-SY,condition_1_35Hz12kN,rul,0.07088519038353928,0.13152788825027348,0.07088519038353928,False,energy,vertical channel energy ratio by chunks  num segments 10  segment focus 4 statistic; selected on train bearings only to avoid held-out leakage.,train_only,train_bearings_only,single_snapshot,"Bearing1_1,Bearing1_2,Bearing1_4,Bearing1_5",Bearing1_3,False
"vertical__fft_coefficient__attr_""abs""__coeff_58",EfficientFCParameters,XJTU-SY,condition_1_35Hz12kN,rul,0.07078742294082711,0.1320623421158391,0.07078742294082711,False,frequency,"vertical channel fft coefficient  attr ""abs""  coeff 58 statistic; selected on train bearings only to avoid held-out leakage.",train_only,train_bearings_only,single_snapshot,"Bearing1_1,Bearing1_2,Bearing1_4,Bearing1_5",Bearing1_3,False
"horizontal__fft_coefficient__attr_""imag""__coeff_48",EfficientFCParameters,XJTU-SY,condition_1_35Hz12kN,rul,0.07076036885354649,0.13221053137628008,0.07076036885354649,False,frequency,"horizontal channel fft coefficient  attr ""imag""  coeff 48 statistic; selected on train bearings only to avoid held-out leakage.",train_only,train_bearings_only,single_snapshot,"Bearing1_1,Bearing1_2,Bearing1_4,Bearing1_5",Bearing1_3,False
vertical__percentage_of_reoccurring_values_to_all_values,EfficientFCParameters,XJTU-SY,condition_1_35Hz12kN,rul,0.0704478938179471,0.13393143766204624,0.0704478938179471,False,time_domain,vertical channel percentage of reoccurring values to all values statistic; selected on train bearings only to avoid held-out leakage.,train_only,train_bearings_only,single_snapshot,"Bearing1_1,Bearing1_2,Bearing1_4,Bearing1_5",Bearing1_3,False
vertical__percentage_of_reoccurring_datapoints_to_all_datapoints,EfficientFCParameters,XJTU-SY,condition_1_35Hz12kN,rul,0.07042196409093221,0.13407501385094966,0.07042196409093221,False,time_domain,vertical channel percentage of reoccurring datapoints to all datapoints statistic; selected on train bearings only to avoid held-out leakage.,train_only,train_bearings_only,single_snapshot,"Bearing1_1,Bearing1_2,Bearing1_4,Bearing1_5",Bearing1_3,False
vertical__ratio_value_number_to_time_series_length,EfficientFCParameters,XJTU-SY,condition_1_35Hz12kN,rul,0.07042196409093221,0.13407501385094966,-0.07042196409093221,False,shape,vertical channel ratio value number to time series length statistic; selected on train bearings only to avoid held-out leakage.,train_only,train_bearings_only,single_snapshot,"Bearing1_1,Bearing1_2,Bearing1_4,Bearing1_5",Bearing1_3,False
"horizontal__change_quantiles__f_agg_""var""__isabs_False__qh_0.8__ql_0.6",EfficientFCParameters,XJTU-SY,condition_1_35Hz12kN,rul,0.07033225204594808,0.13457267629090328,0.07033225204594808,False,time_domain,"horizontal channel change quantiles  f agg ""var""  isabs False  qh 0.8  ql 0.6 statistic; selected on train bearings only to avoid held-out leakage.",train_only,train_bearings_only,single_snapshot,"Bearing1_1,Bearing1_2,Bearing1_4,Bearing1_5",Bearing1_3,False
"horizontal__fft_coefficient__attr_""imag""__coeff_62",EfficientFCParameters,XJTU-SY,condition_1_35Hz12kN,rul,0.0702352824365198,0.13511219821960077,0.0702352824365198,False,frequency,"horizontal channel fft coefficient  attr ""imag""  coeff 62 statistic; selected on train bearings only to avoid held-out leakage.",train_only,train_bearings_only,single_snapshot,"Bearing1_1,Bearing1_2,Bearing1_4,Bearing1_5",Bearing1_3,False
horizontal__lempel_ziv_complexity__bins_3,EfficientFCParameters,XJTU-SY,condition_1_35Hz12kN,rul,0.07015167287650391,0.13557872320741632,0.07015167287650391,False,time_domain,horizontal channel lempel ziv complexity  bins 3 statistic; selected on train bearings only to avoid held-out leakage.,train_only,train_bearings_only,single_snapshot,"Bearing1_1,Bearing1_2,Bearing1_4,Bearing1_5",Bearing1_3,False
"horizontal__fft_coefficient__attr_""imag""__coeff_95",EfficientFCParameters,XJTU-SY,condition_1_35Hz12kN,rul,0.07015103815595831,0.1355822695605532,0.07015103815595831,False,frequency,"horizontal channel fft coefficient  attr ""imag""  coeff 95 statistic; selected on train bearings only to avoid held-out leakage.",train_only,train_bearings_only,single_snapshot,"Bearing1_1,Bearing1_2,Bearing1_4,Bearing1_5",Bearing1_3,False
"horizontal__agg_linear_trend__attr_""rvalue""__chunk_len_50__f_agg_""min""",EfficientFCParameters,XJTU-SY,condition_1_35Hz12kN,rul,0.07003779450992836,0.13621613571177002,-0.07003779450992836,False,time_domain,"horizontal channel agg linear trend  attr ""rvalue""  chunk len 50  f agg ""min"" statistic; selected on train bearings only to avoid held-out leakage.",train_only,train_bearings_only,single_snapshot,"Bearing1_1,Bearing1_2,Bearing1_4,Bearing1_5",Bearing1_3,False
"vertical__fft_coefficient__attr_""imag""__coeff_35",EfficientFCParameters,XJTU-SY,condition_1_35Hz12kN,rul,0.06989732924690686,0.1370055363081475,-0.06989732924690686,False,frequency,"vertical channel fft coefficient  attr ""imag""  coeff 35 statistic; selected on train bearings only to avoid held-out leakage.",train_only,train_bearings_only,single_snapshot,"Bearing1_1,Bearing1_2,Bearing1_4,Bearing1_5",Bearing1_3,False
"horizontal__fft_coefficient__attr_""imag""__coeff_9",EfficientFCParameters,XJTU-SY,condition_1_35Hz12kN,rul,0.06987201221454094,0.13714818883378097,-0.06987201221454094,False,frequency,"horizontal channel fft coefficient  attr ""imag""  coeff 9 statistic; selected on train bearings only to avoid held-out leakage.",train_only,train_bearings_only,single_snapshot,"Bearing1_1,Bearing1_2,Bearing1_4,Bearing1_5",Bearing1_3,False
"horizontal__fft_coefficient__attr_""abs""__coeff_85",EfficientFCParameters,XJTU-SY,condition_1_35Hz12kN,rul,0.06979424843081371,0.13758707432255235,0.06979424843081371,False,frequency,"horizontal channel fft coefficient  attr ""abs""  coeff 85 statistic; selected on train bearings only to avoid held-out leakage.",train_only,train_bearings_only,single_snapshot,"Bearing1_1,Bearing1_2,Bearing1_4,Bearing1_5",Bearing1_3,False
"vertical__fft_coefficient__attr_""angle""__coeff_87",EfficientFCParameters,XJTU-SY,condition_1_35Hz12kN,rul,0.0696959450543812,0.1381434253312144,0.0696959450543812,False,frequency,"vertical channel fft coefficient  attr ""angle""  coeff 87 statistic; selected on train bearings only to avoid held-out leakage.",train_only,train_bearings_only,single_snapshot,"Bearing1_1,Bearing1_2,Bearing1_4,Bearing1_5",Bearing1_3,False
"vertical__fft_coefficient__attr_""imag""__coeff_77",EfficientFCParameters,XJTU-SY,condition_1_35Hz12kN,rul,0.06967534165663296,0.1382602496317369,-0.06967534165663296,False,frequency,"vertical channel fft coefficient  attr ""imag""  coeff 77 statistic; selected on train bearings only to avoid held-out leakage.",train_only,train_bearings_only,single_snapshot,"Bearing1_1,Bearing1_2,Bearing1_4,Bearing1_5",Bearing1_3,False
"horizontal__fft_coefficient__attr_""real""__coeff_16",EfficientFCParameters,XJTU-SY,condition_1_35Hz12kN,rul,0.06945235534613979,0.13952947384294592,-0.06945235534613979,False,frequency,"horizontal channel fft coefficient  attr ""real""  coeff 16 statistic; selected on train bearings only to avoid held-out leakage.",train_only,train_bearings_only,single_snapshot,"Bearing1_1,Bearing1_2,Bearing1_4,Bearing1_5",Bearing1_3,False
"vertical__fft_coefficient__attr_""real""__coeff_18",EfficientFCParameters,XJTU-SY,condition_1_35Hz12kN,rul,0.06922656662082846,0.14082373763890024,0.06922656662082846,False,frequency,"vertical channel fft coefficient  attr ""real""  coeff 18 statistic; selected on train bearings only to avoid held-out leakage.",train_only,train_bearings_only,single_snapshot,"Bearing1_1,Bearing1_2,Bearing1_4,Bearing1_5",Bearing1_3,False
"horizontal__agg_linear_trend__attr_""slope""__chunk_len_50__f_agg_""var""",EfficientFCParameters,XJTU-SY,condition_1_35Hz12kN,rul,0.06909277867076627,0.1415949644958418,-0.06909277867076627,False,time_domain,"horizontal channel agg linear trend  attr ""slope""  chunk len 50  f agg ""var"" statistic; selected on train bearings only to avoid held-out leakage.",train_only,train_bearings_only,single_snapshot,"Bearing1_1,Bearing1_2,Bearing1_4,Bearing1_5",Bearing1_3,False
"vertical__fft_coefficient__attr_""imag""__coeff_50",EfficientFCParameters,XJTU-SY,condition_1_35Hz12kN,rul,0.06883639628079433,0.14308192510028064,-0.06883639628079433,False,frequency,"vertical channel fft coefficient  attr ""imag""  coeff 50 statistic; selected on train bearings only to avoid held-out leakage.",train_only,train_bearings_only,single_snapshot,"Bearing1_1,Bearing1_2,Bearing1_4,Bearing1_5",Bearing1_3,False
"vertical__agg_linear_trend__attr_""rvalue""__chunk_len_5__f_agg_""var""",EfficientFCParameters,XJTU-SY,condition_1_35Hz12kN,rul,0.06873956657852553,0.14364661225219982,-0.06873956657852553,False,time_domain,"vertical channel agg linear trend  attr ""rvalue""  chunk len 5  f agg ""var"" statistic; selected on train bearings only to avoid held-out leakage.",train_only,train_bearings_only,single_snapshot,"Bearing1_1,Bearing1_2,Bearing1_4,Bearing1_5",Bearing1_3,False
"horizontal__fft_coefficient__attr_""real""__coeff_61",EfficientFCParameters,XJTU-SY,condition_1_35Hz12kN,rul,0.06829048697064445,0.146287828114023,-0.06829048697064445,False,frequency,"horizontal channel fft coefficient  attr ""real""  coeff 61 statistic; selected on train bearings only to avoid held-out leakage.",train_only,train_bearings_only,single_snapshot,"Bearing1_1,Bearing1_2,Bearing1_4,Bearing1_5",Bearing1_3,False
"vertical__fft_coefficient__attr_""angle""__coeff_88",EfficientFCParameters,XJTU-SY,condition_1_35Hz12kN,rul,0.06827339108681221,0.14638910274805117,0.06827339108681221,False,frequency,"vertical channel fft coefficient  attr ""angle""  coeff 88 statistic; selected on train bearings only to avoid held-out leakage.",train_only,train_bearings_only,single_snapshot,"Bearing1_1,Bearing1_2,Bearing1_4,Bearing1_5",Bearing1_3,False
horizontal__spkt_welch_density__coeff_2,EfficientFCParameters,XJTU-SY,condition_1_35Hz12kN,rul,0.06818077348067621,0.14693869160359074,0.06818077348067621,False,time_domain,horizontal channel spkt welch density  coeff 2 statistic; selected on train bearings only to avoid held-out leakage.,train_only,train_bearings_only,single_snapshot,"Bearing1_1,Bearing1_2,Bearing1_4,Bearing1_5",Bearing1_3,False
"horizontal__cwt_coefficients__coeff_14__w_20__widths_(2, 5, 10, 20)",EfficientFCParameters,XJTU-SY,condition_1_35Hz12kN,rul,0.067848958365874,0.1489205829807553,-0.067848958365874,False,time_domain,"horizontal channel cwt coefficients  coeff 14  w 20  widths (2, 5, 10, 20) statistic; selected on train bearings only to avoid held-out leakage.",train_only,train_bearings_only,single_snapshot,"Bearing1_1,Bearing1_2,Bearing1_4,Bearing1_5",Bearing1_3,False
"horizontal__fft_coefficient__attr_""angle""__coeff_97",EfficientFCParameters,XJTU-SY,condition_1_35Hz12kN,rul,0.06774369379160392,0.14955354654768072,0.06774369379160392,False,frequency,"horizontal channel fft coefficient  attr ""angle""  coeff 97 statistic; selected on train bearings only to avoid held-out leakage.",train_only,train_bearings_only,single_snapshot,"Bearing1_1,Bearing1_2,Bearing1_4,Bearing1_5",Bearing1_3,False
"horizontal__fft_coefficient__attr_""abs""__coeff_28",EfficientFCParameters,XJTU-SY,condition_1_35Hz12kN,rul,0.06757763571802318,0.15055622238208533,0.06757763571802318,False,frequency,"horizontal channel fft coefficient  attr ""abs""  coeff 28 statistic; selected on train bearings only to avoid held-out leakage.",train_only,train_bearings_only,single_snapshot,"Bearing1_1,Bearing1_2,Bearing1_4,Bearing1_5",Bearing1_3,False
"vertical__fft_coefficient__attr_""imag""__coeff_5",EfficientFCParameters,XJTU-SY,condition_1_35Hz12kN,rul,0.06755737887532098,0.1506788840054492,0.06755737887532098,False,frequency,"vertical channel fft coefficient  attr ""imag""  coeff 5 statistic; selected on train bearings only to avoid held-out leakage.",train_only,train_bearings_only,single_snapshot,"Bearing1_1,Bearing1_2,Bearing1_4,Bearing1_5",Bearing1_3,False
"vertical__fft_coefficient__attr_""angle""__coeff_0",EfficientFCParameters,XJTU-SY,condition_1_35Hz12kN,rul,0.06744823659423026,0.1513410821074251,0.06744823659423026,False,frequency,"vertical channel fft coefficient  attr ""angle""  coeff 0 statistic; selected on train bearings only to avoid held-out leakage.",train_only,train_bearings_only,single_snapshot,"Bearing1_1,Bearing1_2,Bearing1_4,Bearing1_5",Bearing1_3,False
"horizontal__change_quantiles__f_agg_""var""__isabs_True__qh_1.0__ql_0.8",EfficientFCParameters,XJTU-SY,condition_1_35Hz12kN,rul,0.06725527429861572,0.15251724414357917,0.06725527429861572,False,time_domain,"horizontal channel change quantiles  f agg ""var""  isabs True  qh 1.0  ql 0.8 statistic; selected on train bearings only to avoid held-out leakage.",train_only,train_bearings_only,single_snapshot,"Bearing1_1,Bearing1_2,Bearing1_4,Bearing1_5",Bearing1_3,False
"horizontal__fft_coefficient__attr_""imag""__coeff_20",EfficientFCParameters,XJTU-SY,condition_1_35Hz12kN,rul,0.0672451659411788,0.1525790481351431,-0.0672451659411788,False,frequency,"horizontal channel fft coefficient  attr ""imag""  coeff 20 statistic; selected on train bearings only to avoid held-out leakage.",train_only,train_bearings_only,single_snapshot,"Bearing1_1,Bearing1_2,Bearing1_4,Bearing1_5",Bearing1_3,False
horizontal__first_location_of_maximum,EfficientFCParameters,XJTU-SY,condition_1_35Hz12kN,rul,0.06721812441239107,0.15274447741660002,-0.06721812441239107,False,time_domain,horizontal channel first location of maximum statistic; selected on train bearings only to avoid held-out leakage.,train_only,train_bearings_only,single_snapshot,"Bearing1_1,Bearing1_2,Bearing1_4,Bearing1_5",Bearing1_3,False
horizontal__last_location_of_maximum,EfficientFCParameters,XJTU-SY,condition_1_35Hz12kN,rul,0.06721812441239107,0.15274447741660002,-0.06721812441239107,False,time_domain,horizontal channel last location of maximum statistic; selected on train bearings only to avoid held-out leakage.,train_only,train_bearings_only,single_snapshot,"Bearing1_1,Bearing1_2,Bearing1_4,Bearing1_5",Bearing1_3,False
"horizontal__fft_coefficient__attr_""abs""__coeff_63",EfficientFCParameters,XJTU-SY,condition_1_35Hz12kN,rul,0.06717532230171841,0.15300660163393173,0.06717532230171841,False,frequency,"horizontal channel fft coefficient  attr ""abs""  coeff 63 statistic; selected on train bearings only to avoid held-out leakage.",train_only,train_bearings_only,single_snapshot,"Bearing1_1,Bearing1_2,Bearing1_4,Bearing1_5",Bearing1_3,False
"horizontal__cwt_coefficients__coeff_5__w_5__widths_(2, 5, 10, 20)",EfficientFCParameters,XJTU-SY,condition_1_35Hz12kN,rul,0.0670477886579724,0.15378965194384603,0.0670477886579724,False,time_domain,"horizontal channel cwt coefficients  coeff 5  w 5  widths (2, 5, 10, 20) statistic; selected on train bearings only to avoid held-out leakage.",train_only,train_bearings_only,single_snapshot,"Bearing1_1,Bearing1_2,Bearing1_4,Bearing1_5",Bearing1_3,False
"vertical__fft_coefficient__attr_""abs""__coeff_26",EfficientFCParameters,XJTU-SY,condition_1_35Hz12kN,rul,0.06702496356774022,0.15393011664707612,-0.06702496356774022,False,frequency,"vertical channel fft coefficient  attr ""abs""  coeff 26 statistic; selected on train bearings only to avoid held-out leakage.",train_only,train_bearings_only,single_snapshot,"Bearing1_1,Bearing1_2,Bearing1_4,Bearing1_5",Bearing1_3,False
"horizontal__fft_coefficient__attr_""real""__coeff_87",EfficientFCParameters,XJTU-SY,condition_1_35Hz12kN,rul,0.0669724717180093,0.15425351816354,-0.0669724717180093,False,frequency,"horizontal channel fft coefficient  attr ""real""  coeff 87 statistic; selected on train bearings only to avoid held-out leakage.",train_only,train_bearings_only,single_snapshot,"Bearing1_1,Bearing1_2,Bearing1_4,Bearing1_5",Bearing1_3,False
"horizontal__change_quantiles__f_agg_""mean""__isabs_True__qh_0.8__ql_0.4",EfficientFCParameters,XJTU-SY,condition_1_35Hz12kN,rul,0.0668493787316315,0.15501391015854124,0.0668493787316315,False,time_domain,"horizontal channel change quantiles  f agg ""mean""  isabs True  qh 0.8  ql 0.4 statistic; selected on train bearings only to avoid held-out leakage.",train_only,train_bearings_only,single_snapshot,"Bearing1_1,Bearing1_2,Bearing1_4,Bearing1_5",Bearing1_3,True
"vertical__fft_coefficient__attr_""abs""__coeff_6",EfficientFCParameters,XJTU-SY,condition_1_35Hz12kN,rul,0.06676418070835127,0.15554186964415992,0.06676418070835127,False,frequency,"vertical channel fft coefficient  attr ""abs""  coeff 6 statistic; selected on train bearings only to avoid held-out leakage.",train_only,train_bearings_only,single_snapshot,"Bearing1_1,Bearing1_2,Bearing1_4,Bearing1_5",Bearing1_3,False
"horizontal__agg_autocorrelation__f_agg_""mean""__maxlag_40",EfficientFCParameters,XJTU-SY,condition_1_35Hz12kN,rul,0.06659670268478937,0.1565836697235101,0.06659670268478937,False,time_domain,"horizontal channel agg autocorrelation  f agg ""mean""  maxlag 40 statistic; selected on train bearings only to avoid held-out leakage.",train_only,train_bearings_only,single_snapshot,"Bearing1_1,Bearing1_2,Bearing1_4,Bearing1_5",Bearing1_3,True
"horizontal__fft_coefficient__attr_""abs""__coeff_47",EfficientFCParameters,XJTU-SY,condition_1_35Hz12kN,rul,0.06657706256087047,0.15670618615880247,0.06657706256087047,False,frequency,"horizontal channel fft coefficient  attr ""abs""  coeff 47 statistic; selected on train bearings only to avoid held-out leakage.",train_only,train_bearings_only,single_snapshot,"Bearing1_1,Bearing1_2,Bearing1_4,Bearing1_5",Bearing1_3,False
"vertical__agg_linear_trend__attr_""slope""__chunk_len_50__f_agg_""min""",EfficientFCParameters,XJTU-SY,condition_1_35Hz12kN,rul,0.06655517979638141,0.1568427776511205,0.06655517979638141,False,time_domain,"vertical channel agg linear trend  attr ""slope""  chunk len 50  f agg ""min"" statistic; selected on train bearings only to avoid held-out leakage.",train_only,train_bearings_only,single_snapshot,"Bearing1_1,Bearing1_2,Bearing1_4,Bearing1_5",Bearing1_3,False
vertical__has_duplicate,EfficientFCParameters,XJTU-SY,condition_1_35Hz12kN,rul,0.06635025177931339,0.1581263009038364,0.06635025177931339,False,time_domain,vertical channel has duplicate statistic; selected on train bearings only to avoid held-out leakage.,train_only,train_bearings_only,single_snapshot,"Bearing1_1,Bearing1_2,Bearing1_4,Bearing1_5",Bearing1_3,False
"vertical__fft_coefficient__attr_""real""__coeff_7",EfficientFCParameters,XJTU-SY,condition_1_35Hz12kN,rul,0.06631830090393889,0.15832713083656452,0.06631830090393889,False,frequency,"vertical channel fft coefficient  attr ""real""  coeff 7 statistic; selected on train bearings only to avoid held-out leakage.",train_only,train_bearings_only,single_snapshot,"Bearing1_1,Bearing1_2,Bearing1_4,Bearing1_5",Bearing1_3,False
"horizontal__cwt_coefficients__coeff_1__w_2__widths_(2, 5, 10, 20)",EfficientFCParameters,XJTU-SY,condition_1_35Hz12kN,rul,0.06620127780162935,0.15906433324984123,-0.06620127780162935,False,time_domain,"horizontal channel cwt coefficients  coeff 1  w 2  widths (2, 5, 10, 20) statistic; selected on train bearings only to avoid held-out leakage.",train_only,train_bearings_only,single_snapshot,"Bearing1_1,Bearing1_2,Bearing1_4,Bearing1_5",Bearing1_3,False
"vertical__fft_coefficient__attr_""real""__coeff_13",EfficientFCParameters,XJTU-SY,condition_1_35Hz12kN,rul,0.06574064621363644,0.16199130655599145,0.06574064621363644,False,frequency,"vertical channel fft coefficient  attr ""real""  coeff 13 statistic; selected on train bearings only to avoid held-out leakage.",train_only,train_bearings_only,single_snapshot,"Bearing1_1,Bearing1_2,Bearing1_4,Bearing1_5",Bearing1_3,False
"vertical__fft_coefficient__attr_""angle""__coeff_26",EfficientFCParameters,XJTU-SY,condition_1_35Hz12kN,rul,0.06543377510931164,0.1639636148632022,-0.06543377510931164,False,frequency,"vertical channel fft coefficient  attr ""angle""  coeff 26 statistic; selected on train bearings only to avoid held-out leakage.",train_only,train_bearings_only,single_snapshot,"Bearing1_1,Bearing1_2,Bearing1_4,Bearing1_5",Bearing1_3,False
"horizontal__change_quantiles__f_agg_""mean""__isabs_True__qh_0.2__ql_0.0",EfficientFCParameters,XJTU-SY,condition_1_35Hz12kN,rul,0.06525107100768125,0.16514641649988343,-0.06525107100768125,False,time_domain,"horizontal channel change quantiles  f agg ""mean""  isabs True  qh 0.2  ql 0.0 statistic; selected on train bearings only to avoid held-out leakage.",train_only,train_bearings_only,single_snapshot,"Bearing1_1,Bearing1_2,Bearing1_4,Bearing1_5",Bearing1_3,True
"horizontal__cwt_coefficients__coeff_13__w_20__widths_(2, 5, 10, 20)",EfficientFCParameters,XJTU-SY,condition_1_35Hz12kN,rul,0.0651132009614427,0.16604319778528764,-0.0651132009614427,False,time_domain,"horizontal channel cwt coefficients  coeff 13  w 20  widths (2, 5, 10, 20) statistic; selected on train bearings only to avoid held-out leakage.",train_only,train_bearings_only,single_snapshot,"Bearing1_1,Bearing1_2,Bearing1_4,Bearing1_5",Bearing1_3,False
"vertical__agg_linear_trend__attr_""stderr""__chunk_len_10__f_agg_""var""",EfficientFCParameters,XJTU-SY,condition_1_35Hz12kN,rul,0.06494007413267626,0.16717447223106094,0.06494007413267626,False,time_domain,"vertical channel agg linear trend  attr ""stderr""  chunk len 10  f agg ""var"" statistic; selected on train bearings only to avoid held-out leakage.",train_only,train_bearings_only,single_snapshot,"Bearing1_1,Bearing1_2,Bearing1_4,Bearing1_5",Bearing1_3,False
"horizontal__cwt_coefficients__coeff_14__w_5__widths_(2, 5, 10, 20)",EfficientFCParameters,XJTU-SY,condition_1_35Hz12kN,rul,0.06493105143605821,0.16723358771352492,-0.06493105143605821,False,time_domain,"horizontal channel cwt coefficients  coeff 14  w 5  widths (2, 5, 10, 20) statistic; selected on train bearings only to avoid held-out leakage.",train_only,train_bearings_only,single_snapshot,"Bearing1_1,Bearing1_2,Bearing1_4,Bearing1_5",Bearing1_3,False
"vertical__fft_coefficient__attr_""real""__coeff_89",EfficientFCParameters,XJTU-SY,condition_1_35Hz12kN,rul,0.06486495095238111,0.16766714661510979,-0.06486495095238111,False,frequency,"vertical channel fft coefficient  attr ""real""  coeff 89 statistic; selected on train bearings only to avoid held-out leakage.",train_only,train_bearings_only,single_snapshot,"Bearing1_1,Bearing1_2,Bearing1_4,Bearing1_5",Bearing1_3,False
"horizontal__cwt_coefficients__coeff_5__w_2__widths_(2, 5, 10, 20)",EfficientFCParameters,XJTU-SY,condition_1_35Hz12kN,rul,0.06474999311109184,0.1684231685167761,0.06474999311109184,False,time_domain,"horizontal channel cwt coefficients  coeff 5  w 2  widths (2, 5, 10, 20) statistic; selected on train bearings only to avoid held-out leakage.",train_only,train_bearings_only,single_snapshot,"Bearing1_1,Bearing1_2,Bearing1_4,Bearing1_5",Bearing1_3,False
horizontal__quantile__q_0.7,EfficientFCParameters,XJTU-SY,condition_1_35Hz12kN,rul,0.06446087137983839,0.17033585021671546,0.06446087137983839,False,time_domain,horizontal channel quantile  q 0.7 statistic; selected on train bearings only to avoid held-out leakage.,train_only,train_bearings_only,single_snapshot,"Bearing1_1,Bearing1_2,Bearing1_4,Bearing1_5",Bearing1_3,False
"vertical__change_quantiles__f_agg_""mean""__isabs_True__qh_1.0__ql_0.6",EfficientFCParameters,XJTU-SY,condition_1_35Hz12kN,rul,0.06439668747540352,0.1707626500177931,0.06439668747540352,False,time_domain,"vertical channel change quantiles  f agg ""mean""  isabs True  qh 1.0  ql 0.6 statistic; selected on train bearings only to avoid held-out leakage.",train_only,train_bearings_only,single_snapshot,"Bearing1_1,Bearing1_2,Bearing1_4,Bearing1_5",Bearing1_3,True
"horizontal__agg_linear_trend__attr_""stderr""__chunk_len_5__f_agg_""max""",EfficientFCParameters,XJTU-SY,condition_1_35Hz12kN,rul,0.06434105711531449,0.17113321727929573,0.06434105711531449,False,time_domain,"horizontal channel agg linear trend  attr ""stderr""  chunk len 5  f agg ""max"" statistic; selected on train bearings only to avoid held-out leakage.",train_only,train_bearings_only,single_snapshot,"Bearing1_1,Bearing1_2,Bearing1_4,Bearing1_5",Bearing1_3,False
horizontal__energy_ratio_by_chunks__num_segments_10__segment_focus_3,EfficientFCParameters,XJTU-SY,condition_1_35Hz12kN,rul,0.06423525182625951,0.17183966756254843,0.06423525182625951,False,energy,horizontal channel energy ratio by chunks  num segments 10  segment focus 3 statistic; selected on train bearings only to avoid held-out leakage.,train_only,train_bearings_only,single_snapshot,"Bearing1_1,Bearing1_2,Bearing1_4,Bearing1_5",Bearing1_3,False
"horizontal__fft_coefficient__attr_""angle""__coeff_73",EfficientFCParameters,XJTU-SY,condition_1_35Hz12kN,rul,0.06415748518688677,0.17236029214651524,-0.06415748518688677,False,frequency,"horizontal channel fft coefficient  attr ""angle""  coeff 73 statistic; selected on train bearings only to avoid held-out leakage.",train_only,train_bearings_only,single_snapshot,"Bearing1_1,Bearing1_2,Bearing1_4,Bearing1_5",Bearing1_3,False
"horizontal__cwt_coefficients__coeff_4__w_5__widths_(2, 5, 10, 20)",EfficientFCParameters,XJTU-SY,condition_1_35Hz12kN,rul,0.06408264426433437,0.17286243948631536,0.06408264426433437,False,time_domain,"horizontal channel cwt coefficients  coeff 4  w 5  widths (2, 5, 10, 20) statistic; selected on train bearings only to avoid held-out leakage.",train_only,train_bearings_only,single_snapshot,"Bearing1_1,Bearing1_2,Bearing1_4,Bearing1_5",Bearing1_3,False
"vertical__fft_coefficient__attr_""real""__coeff_68",EfficientFCParameters,XJTU-SY,condition_1_35Hz12kN,rul,0.06408206006283913,0.17286636348678905,0.06408206006283913,False,frequency,"vertical channel fft coefficient  attr ""real""  coeff 68 statistic; selected on train bearings only to avoid held-out leakage.",train_only,train_bearings_only,single_snapshot,"Bearing1_1,Bearing1_2,Bearing1_4,Bearing1_5",Bearing1_3,False
"horizontal__fft_coefficient__attr_""abs""__coeff_10",EfficientFCParameters,XJTU-SY,condition_1_35Hz12kN,rul,0.06402576310116564,0.17324481385992901,0.06402576310116564,False,frequency,"horizontal channel fft coefficient  attr ""abs""  coeff 10 statistic; selected on train bearings only to avoid held-out leakage.",train_only,train_bearings_only,single_snapshot,"Bearing1_1,Bearing1_2,Bearing1_4,Bearing1_5",Bearing1_3,False
"vertical__fft_coefficient__attr_""imag""__coeff_33",EfficientFCParameters,XJTU-SY,condition_1_35Hz12kN,rul,0.06364074156578224,0.17584964043428722,0.06364074156578224,False,frequency,"vertical channel fft coefficient  attr ""imag""  coeff 33 statistic; selected on train bearings only to avoid held-out leakage.",train_only,train_bearings_only,single_snapshot,"Bearing1_1,Bearing1_2,Bearing1_4,Bearing1_5",Bearing1_3,False
"horizontal__fft_coefficient__attr_""abs""__coeff_81",EfficientFCParameters,XJTU-SY,condition_1_35Hz12kN,rul,0.06362446156265962,0.1759604192362871,-0.06362446156265962,False,frequency,"horizontal channel fft coefficient  attr ""abs""  coeff 81 statistic; selected on train bearings only to avoid held-out leakage.",train_only,train_bearings_only,single_snapshot,"Bearing1_1,Bearing1_2,Bearing1_4,Bearing1_5",Bearing1_3,False
"horizontal__fft_coefficient__attr_""angle""__coeff_50",EfficientFCParameters,XJTU-SY,condition_1_35Hz12kN,rul,0.06351815795153305,0.17668504741197974,0.06351815795153305,False,frequency,"horizontal channel fft coefficient  attr ""angle""  coeff 50 statistic; selected on train bearings only to avoid held-out leakage.",train_only,train_bearings_only,single_snapshot,"Bearing1_1,Bearing1_2,Bearing1_4,Bearing1_5",Bearing1_3,False
"horizontal__agg_linear_trend__attr_""slope""__chunk_len_10__f_agg_""max""",EfficientFCParameters,XJTU-SY,condition_1_35Hz12kN,rul,0.06348577367534393,0.17690623760498764,-0.06348577367534393,False,time_domain,"horizontal channel agg linear trend  attr ""slope""  chunk len 10  f agg ""max"" statistic; selected on train bearings only to avoid held-out leakage.",train_only,train_bearings_only,single_snapshot,"Bearing1_1,Bearing1_2,Bearing1_4,Bearing1_5",Bearing1_3,False
"horizontal__fft_coefficient__attr_""imag""__coeff_45",EfficientFCParameters,XJTU-SY,condition_1_35Hz12kN,rul,0.06336389238122318,0.1777405512628625,0.06336389238122318,False,frequency,"horizontal channel fft coefficient  attr ""imag""  coeff 45 statistic; selected on train bearings only to avoid held-out leakage.",train_only,train_bearings_only,single_snapshot,"Bearing1_1,Bearing1_2,Bearing1_4,Bearing1_5",Bearing1_3,False
"horizontal__change_quantiles__f_agg_""mean""__isabs_False__qh_0.4__ql_0.2",EfficientFCParameters,XJTU-SY,condition_1_35Hz12kN,rul,0.06333300663398933,0.17795243633416177,0.06333300663398933,False,time_domain,"horizontal channel change quantiles  f agg ""mean""  isabs False  qh 0.4  ql 0.2 statistic; selected on train bearings only to avoid held-out leakage.",train_only,train_bearings_only,single_snapshot,"Bearing1_1,Bearing1_2,Bearing1_4,Bearing1_5",Bearing1_3,True
"vertical__fft_coefficient__attr_""angle""__coeff_42",EfficientFCParameters,XJTU-SY,condition_1_35Hz12kN,rul,0.06326327043473498,0.17843153578393686,0.06326327043473498,False,frequency,"vertical channel fft coefficient  attr ""angle""  coeff 42 statistic; selected on train bearings only to avoid held-out leakage.",train_only,train_bearings_only,single_snapshot,"Bearing1_1,Bearing1_2,Bearing1_4,Bearing1_5",Bearing1_3,False
"horizontal__cwt_coefficients__coeff_13__w_5__widths_(2, 5, 10, 20)",EfficientFCParameters,XJTU-SY,condition_1_35Hz12kN,rul,0.06292385602663353,0.18077703411514326,-0.06292385602663353,False,time_domain,"horizontal channel cwt coefficients  coeff 13  w 5  widths (2, 5, 10, 20) statistic; selected on train bearings only to avoid held-out leakage.",train_only,train_bearings_only,single_snapshot,"Bearing1_1,Bearing1_2,Bearing1_4,Bearing1_5",Bearing1_3,False
vertical__energy_ratio_by_chunks__num_segments_10__segment_focus_6,EfficientFCParameters,XJTU-SY,condition_1_35Hz12kN,rul,0.06263515045445713,0.18279000759523895,-0.06263515045445713,False,energy,vertical channel energy ratio by chunks  num segments 10  segment focus 6 statistic; selected on train bearings only to avoid held-out leakage.,train_only,train_bearings_only,single_snapshot,"Bearing1_1,Bearing1_2,Bearing1_4,Bearing1_5",Bearing1_3,False
"horizontal__cwt_coefficients__coeff_6__w_5__widths_(2, 5, 10, 20)",EfficientFCParameters,XJTU-SY,condition_1_35Hz12kN,rul,0.06247289582055693,0.18392855732149285,0.06247289582055693,False,time_domain,"horizontal channel cwt coefficients  coeff 6  w 5  widths (2, 5, 10, 20) statistic; selected on train bearings only to avoid held-out leakage.",train_only,train_bearings_only,single_snapshot,"Bearing1_1,Bearing1_2,Bearing1_4,Bearing1_5",Bearing1_3,False
"vertical__fft_coefficient__attr_""abs""__coeff_37",EfficientFCParameters,XJTU-SY,condition_1_35Hz12kN,rul,0.06236940833737209,0.18465746347731665,-0.06236940833737209,False,frequency,"vertical channel fft coefficient  attr ""abs""  coeff 37 statistic; selected on train bearings only to avoid held-out leakage.",train_only,train_bearings_only,single_snapshot,"Bearing1_1,Bearing1_2,Bearing1_4,Bearing1_5",Bearing1_3,False
"horizontal__change_quantiles__f_agg_""mean""__isabs_False__qh_1.0__ql_0.4",EfficientFCParameters,XJTU-SY,condition_1_35Hz12kN,rul,0.062204552341500574,0.1858230111459933,0.062204552341500574,False,time_domain,"horizontal channel change quantiles  f agg ""mean""  isabs False  qh 1.0  ql 0.4 statistic; selected on train bearings only to avoid held-out leakage.",train_only,train_bearings_only,single_snapshot,"Bearing1_1,Bearing1_2,Bearing1_4,Bearing1_5",Bearing1_3,True
"vertical__change_quantiles__f_agg_""var""__isabs_True__qh_0.8__ql_0.6",EfficientFCParameters,XJTU-SY,condition_1_35Hz12kN,rul,0.06218701713201437,0.18594730501426548,-0.06218701713201437,False,time_domain,"vertical channel change quantiles  f agg ""var""  isabs True  qh 0.8  ql 0.6 statistic; selected on train bearings only to avoid held-out leakage.",train_only,train_bearings_only,single_snapshot,"Bearing1_1,Bearing1_2,Bearing1_4,Bearing1_5",Bearing1_3,False
"horizontal__agg_linear_trend__attr_""rvalue""__chunk_len_50__f_agg_""mean""",EfficientFCParameters,XJTU-SY,condition_1_35Hz12kN,rul,0.06200378875516298,0.1872497385509557,-0.06200378875516298,False,time_domain,"horizontal channel agg linear trend  attr ""rvalue""  chunk len 50  f agg ""mean"" statistic; selected on train bearings only to avoid held-out leakage.",train_only,train_bearings_only,single_snapshot,"Bearing1_1,Bearing1_2,Bearing1_4,Bearing1_5",Bearing1_3,True
"vertical__fft_coefficient__attr_""angle""__coeff_98",EfficientFCParameters,XJTU-SY,condition_1_35Hz12kN,rul,0.061871587947881335,0.1881936162697173,-0.061871587947881335,False,frequency,"vertical channel fft coefficient  attr ""angle""  coeff 98 statistic; selected on train bearings only to avoid held-out leakage.",train_only,train_bearings_only,single_snapshot,"Bearing1_1,Bearing1_2,Bearing1_4,Bearing1_5",Bearing1_3,False
vertical__index_mass_quantile__q_0.4,EfficientFCParameters,XJTU-SY,condition_1_35Hz12kN,rul,0.06152000537564523,0.19072083647752677,-0.06152000537564523,False,time_domain,vertical channel index mass quantile  q 0.4 statistic; selected on train bearings only to avoid held-out leakage.,train_only,train_bearings_only,single_snapshot,"Bearing1_1,Bearing1_2,Bearing1_4,Bearing1_5",Bearing1_3,False
"horizontal__cwt_coefficients__coeff_12__w_20__widths_(2, 5, 10, 20)",EfficientFCParameters,XJTU-SY,condition_1_35Hz12kN,rul,0.06148026940396489,0.1910080224606992,-0.06148026940396489,False,time_domain,"horizontal channel cwt coefficients  coeff 12  w 20  widths (2, 5, 10, 20) statistic; selected on train bearings only to avoid held-out leakage.",train_only,train_bearings_only,single_snapshot,"Bearing1_1,Bearing1_2,Bearing1_4,Bearing1_5",Bearing1_3,False
"horizontal__change_quantiles__f_agg_""var""__isabs_False__qh_0.4__ql_0.0",EfficientFCParameters,XJTU-SY,condition_1_35Hz12kN,rul,0.06141232265471752,0.19149983251092342,-0.06141232265471752,False,time_domain,"horizontal channel change quantiles  f agg ""var""  isabs False  qh 0.4  ql 0.0 statistic; selected on train bearings only to avoid held-out leakage.",train_only,train_bearings_only,single_snapshot,"Bearing1_1,Bearing1_2,Bearing1_4,Bearing1_5",Bearing1_3,False
vertical__lempel_ziv_complexity__bins_2,EfficientFCParameters,XJTU-SY,condition_1_35Hz12kN,rul,0.06135461235396231,0.19191827810366655,0.06135461235396231,False,time_domain,vertical channel lempel ziv complexity  bins 2 statistic; selected on train bearings only to avoid held-out leakage.,train_only,train_bearings_only,single_snapshot,"Bearing1_1,Bearing1_2,Bearing1_4,Bearing1_5",Bearing1_3,False
"vertical__fft_coefficient__attr_""imag""__coeff_56",EfficientFCParameters,XJTU-SY,condition_1_35Hz12kN,rul,0.06124016291937538,0.19275010925886815,-0.06124016291937538,False,frequency,"vertical channel fft coefficient  attr ""imag""  coeff 56 statistic; selected on train bearings only to avoid held-out leakage.",train_only,train_bearings_only,single_snapshot,"Bearing1_1,Bearing1_2,Bearing1_4,Bearing1_5",Bearing1_3,False
"horizontal__fft_coefficient__attr_""imag""__coeff_59",EfficientFCParameters,XJTU-SY,condition_1_35Hz12kN,rul,0.06122342323568931,0.19287199615967532,-0.06122342323568931,False,frequency,"horizontal channel fft coefficient  attr ""imag""  coeff 59 statistic; selected on train bearings only to avoid held-out leakage.",train_only,train_bearings_only,single_snapshot,"Bearing1_1,Bearing1_2,Bearing1_4,Bearing1_5",Bearing1_3,False
"horizontal__cwt_coefficients__coeff_11__w_20__widths_(2, 5, 10, 20)",EfficientFCParameters,XJTU-SY,condition_1_35Hz12kN,rul,0.06102862002854396,0.1942945722023454,-0.06102862002854396,False,time_domain,"horizontal channel cwt coefficients  coeff 11  w 20  widths (2, 5, 10, 20) statistic; selected on train bearings only to avoid held-out leakage.",train_only,train_bearings_only,single_snapshot,"Bearing1_1,Bearing1_2,Bearing1_4,Bearing1_5",Bearing1_3,False
"vertical__fft_coefficient__attr_""imag""__coeff_32",EfficientFCParameters,XJTU-SY,condition_1_35Hz12kN,rul,0.060736477974109276,0.19644233986194454,0.060736477974109276,False,frequency,"vertical channel fft coefficient  attr ""imag""  coeff 32 statistic; selected on train bearings only to avoid held-out leakage.",train_only,train_bearings_only,single_snapshot,"Bearing1_1,Bearing1_2,Bearing1_4,Bearing1_5",Bearing1_3,False
"vertical__fft_coefficient__attr_""imag""__coeff_36",EfficientFCParameters,XJTU-SY,condition_1_35Hz12kN,rul,0.060684838652528016,0.19682377721142547,-0.060684838652528016,False,frequency,"vertical channel fft coefficient  attr ""imag""  coeff 36 statistic; selected on train bearings only to avoid held-out leakage.",train_only,train_bearings_only,single_snapshot,"Bearing1_1,Bearing1_2,Bearing1_4,Bearing1_5",Bearing1_3,False
horizontal__number_crossing_m__m_1,EfficientFCParameters,XJTU-SY,condition_1_35Hz12kN,rul,0.060671634768241785,0.19692139531816222,-0.060671634768241785,False,time_domain,horizontal channel number crossing m  m 1 statistic; selected on train bearings only to avoid held-out leakage.,train_only,train_bearings_only,single_snapshot,"Bearing1_1,Bearing1_2,Bearing1_4,Bearing1_5",Bearing1_3,False
"vertical__agg_linear_trend__attr_""rvalue""__chunk_len_10__f_agg_""mean""",EfficientFCParameters,XJTU-SY,condition_1_35Hz12kN,rul,0.06066776382217637,0.19695002044357113,0.06066776382217637,False,time_domain,"vertical channel agg linear trend  attr ""rvalue""  chunk len 10  f agg ""mean"" statistic; selected on train bearings only to avoid held-out leakage.",train_only,train_bearings_only,single_snapshot,"Bearing1_1,Bearing1_2,Bearing1_4,Bearing1_5",Bearing1_3,True
"vertical__fft_coefficient__attr_""angle""__coeff_56",EfficientFCParameters,XJTU-SY,condition_1_35Hz12kN,rul,0.06065531321238411,0.19704211161825913,-0.06065531321238411,False,frequency,"vertical channel fft coefficient  attr ""angle""  coeff 56 statistic; selected on train bearings only to avoid held-out leakage.",train_only,train_bearings_only,single_snapshot,"Bearing1_1,Bearing1_2,Bearing1_4,Bearing1_5",Bearing1_3,False
"horizontal__fft_coefficient__attr_""imag""__coeff_66",EfficientFCParameters,XJTU-SY,condition_1_35Hz12kN,rul,0.06054176041242555,0.19788345749795008,0.06054176041242555,False,frequency,"horizontal channel fft coefficient  attr ""imag""  coeff 66 statistic; selected on train bearings only to avoid held-out leakage.",train_only,train_bearings_only,single_snapshot,"Bearing1_1,Bearing1_2,Bearing1_4,Bearing1_5",Bearing1_3,False
"horizontal__fft_coefficient__attr_""real""__coeff_88",EfficientFCParameters,XJTU-SY,condition_1_35Hz12kN,rul,0.06052289174489724,0.1980235143871039,0.06052289174489724,False,frequency,"horizontal channel fft coefficient  attr ""real""  coeff 88 statistic; selected on train bearings only to avoid held-out leakage.",train_only,train_bearings_only,single_snapshot,"Bearing1_1,Bearing1_2,Bearing1_4,Bearing1_5",Bearing1_3,False
"horizontal__fft_coefficient__attr_""imag""__coeff_49",EfficientFCParameters,XJTU-SY,condition_1_35Hz12kN,rul,0.06033261071575937,0.19943995872126877,0.06033261071575937,False,frequency,"horizontal channel fft coefficient  attr ""imag""  coeff 49 statistic; selected on train bearings only to avoid held-out leakage.",train_only,train_bearings_only,single_snapshot,"Bearing1_1,Bearing1_2,Bearing1_4,Bearing1_5",Bearing1_3,False
"horizontal__fft_coefficient__attr_""angle""__coeff_57",EfficientFCParameters,XJTU-SY,condition_1_35Hz12kN,rul,0.06022998494232144,0.20020695648161915,-0.06022998494232144,False,frequency,"horizontal channel fft coefficient  attr ""angle""  coeff 57 statistic; selected on train bearings only to avoid held-out leakage.",train_only,train_bearings_only,single_snapshot,"Bearing1_1,Bearing1_2,Bearing1_4,Bearing1_5",Bearing1_3,False
"vertical__fft_coefficient__attr_""real""__coeff_64",EfficientFCParameters,XJTU-SY,condition_1_35Hz12kN,rul,0.06014748946475472,0.2008250601975543,-0.06014748946475472,False,frequency,"vertical channel fft coefficient  attr ""real""  coeff 64 statistic; selected on train bearings only to avoid held-out leakage.",train_only,train_bearings_only,single_snapshot,"Bearing1_1,Bearing1_2,Bearing1_4,Bearing1_5",Bearing1_3,False
"horizontal__fft_coefficient__attr_""abs""__coeff_82",EfficientFCParameters,XJTU-SY,condition_1_35Hz12kN,rul,0.059998202572431804,0.20194712982824867,0.059998202572431804,False,frequency,"horizontal channel fft coefficient  attr ""abs""  coeff 82 statistic; selected on train bearings only to avoid held-out leakage.",train_only,train_bearings_only,single_snapshot,"Bearing1_1,Bearing1_2,Bearing1_4,Bearing1_5",Bearing1_3,False
"horizontal__fft_coefficient__attr_""real""__coeff_2",EfficientFCParameters,XJTU-SY,condition_1_35Hz12kN,rul,0.05987456395451129,0.20287986487899826,-0.05987456395451129,False,frequency,"horizontal channel fft coefficient  attr ""real""  coeff 2 statistic; selected on train bearings only to avoid held-out leakage.",train_only,train_bearings_only,single_snapshot,"Bearing1_1,Bearing1_2,Bearing1_4,Bearing1_5",Bearing1_3,False
"vertical__fft_coefficient__attr_""angle""__coeff_92",EfficientFCParameters,XJTU-SY,condition_1_35Hz12kN,rul,0.05980847722177698,0.20337970679734896,0.05980847722177698,False,frequency,"vertical channel fft coefficient  attr ""angle""  coeff 92 statistic; selected on train bearings only to avoid held-out leakage.",train_only,train_bearings_only,single_snapshot,"Bearing1_1,Bearing1_2,Bearing1_4,Bearing1_5",Bearing1_3,False
"vertical__agg_linear_trend__attr_""rvalue""__chunk_len_10__f_agg_""min""",EfficientFCParameters,XJTU-SY,condition_1_35Hz12kN,rul,0.059797021304175406,0.20346644355117896,0.059797021304175406,False,time_domain,"vertical channel agg linear trend  attr ""rvalue""  chunk len 10  f agg ""min"" statistic; selected on train bearings only to avoid held-out leakage.",train_only,train_bearings_only,single_snapshot,"Bearing1_1,Bearing1_2,Bearing1_4,Bearing1_5",Bearing1_3,False
"vertical__fft_coefficient__attr_""real""__coeff_22",EfficientFCParameters,XJTU-SY,condition_1_35Hz12kN,rul,0.05964356229026454,0.2046309242721836,0.05964356229026454,False,frequency,"vertical channel fft coefficient  attr ""real""  coeff 22 statistic; selected on train bearings only to avoid held-out leakage.",train_only,train_bearings_only,single_snapshot,"Bearing1_1,Bearing1_2,Bearing1_4,Bearing1_5",Bearing1_3,False
"horizontal__fft_coefficient__attr_""abs""__coeff_60",EfficientFCParameters,XJTU-SY,condition_1_35Hz12kN,rul,0.059578289928164094,0.20512768694985362,0.059578289928164094,False,frequency,"horizontal channel fft coefficient  attr ""abs""  coeff 60 statistic; selected on train bearings only to avoid held-out leakage.",train_only,train_bearings_only,single_snapshot,"Bearing1_1,Bearing1_2,Bearing1_4,Bearing1_5",Bearing1_3,False
vertical__quantile__q_0.4,EfficientFCParameters,XJTU-SY,condition_1_35Hz12kN,rul,0.059290155912657655,0.20733100592244835,0.059290155912657655,False,time_domain,vertical channel quantile  q 0.4 statistic; selected on train bearings only to avoid held-out leakage.,train_only,train_bearings_only,single_snapshot,"Bearing1_1,Bearing1_2,Bearing1_4,Bearing1_5",Bearing1_3,False
"vertical__fft_coefficient__attr_""real""__coeff_86",EfficientFCParameters,XJTU-SY,condition_1_35Hz12kN,rul,0.05872125408324396,0.21173146693829925,0.05872125408324396,False,frequency,"vertical channel fft coefficient  attr ""real""  coeff 86 statistic; selected on train bearings only to avoid held-out leakage.",train_only,train_bearings_only,single_snapshot,"Bearing1_1,Bearing1_2,Bearing1_4,Bearing1_5",Bearing1_3,False
horizontal__index_mass_quantile__q_0.7,EfficientFCParameters,XJTU-SY,condition_1_35Hz12kN,rul,0.05865893799041941,0.21221754044762714,-0.05865893799041941,False,time_domain,horizontal channel index mass quantile  q 0.7 statistic; selected on train bearings only to avoid held-out leakage.,train_only,train_bearings_only,single_snapshot,"Bearing1_1,Bearing1_2,Bearing1_4,Bearing1_5",Bearing1_3,False
horizontal__index_mass_quantile__q_0.3,EfficientFCParameters,XJTU-SY,condition_1_35Hz12kN,rul,0.05852218732892721,0.21328702828476007,-0.05852218732892721,False,time_domain,horizontal channel index mass quantile  q 0.3 statistic; selected on train bearings only to avoid held-out leakage.,train_only,train_bearings_only,single_snapshot,"Bearing1_1,Bearing1_2,Bearing1_4,Bearing1_5",Bearing1_3,False
"horizontal__fft_coefficient__attr_""imag""__coeff_75",EfficientFCParameters,XJTU-SY,condition_1_35Hz12kN,rul,0.058375228975284105,0.2144406637994785,-0.058375228975284105,False,frequency,"horizontal channel fft coefficient  attr ""imag""  coeff 75 statistic; selected on train bearings only to avoid held-out leakage.",train_only,train_bearings_only,single_snapshot,"Bearing1_1,Bearing1_2,Bearing1_4,Bearing1_5",Bearing1_3,False
"horizontal__fft_coefficient__attr_""real""__coeff_40",EfficientFCParameters,XJTU-SY,condition_1_35Hz12kN,rul,0.05830811180063962,0.21496902833480838,0.05830811180063962,False,frequency,"horizontal channel fft coefficient  attr ""real""  coeff 40 statistic; selected on train bearings only to avoid held-out leakage.",train_only,train_bearings_only,single_snapshot,"Bearing1_1,Bearing1_2,Bearing1_4,Bearing1_5",Bearing1_3,False
"vertical__fft_coefficient__attr_""angle""__coeff_44",EfficientFCParameters,XJTU-SY,condition_1_35Hz12kN,rul,0.05816559022156844,0.21609409645625924,0.05816559022156844,False,frequency,"vertical channel fft coefficient  attr ""angle""  coeff 44 statistic; selected on train bearings only to avoid held-out leakage.",train_only,train_bearings_only,single_snapshot,"Bearing1_1,Bearing1_2,Bearing1_4,Bearing1_5",Bearing1_3,False
"vertical__fft_coefficient__attr_""real""__coeff_55",EfficientFCParameters,XJTU-SY,condition_1_35Hz12kN,rul,0.057985339035292925,0.21752304586742421,-0.057985339035292925,False,frequency,"vertical channel fft coefficient  attr ""real""  coeff 55 statistic; selected on train bearings only to avoid held-out leakage.",train_only,train_bearings_only,single_snapshot,"Bearing1_1,Bearing1_2,Bearing1_4,Bearing1_5",Bearing1_3,False
"vertical__change_quantiles__f_agg_""var""__isabs_False__qh_0.6__ql_0.0",EfficientFCParameters,XJTU-SY,condition_1_35Hz12kN,rul,0.057769140062252915,0.21924588989643326,0.057769140062252915,False,time_domain,"vertical channel change quantiles  f agg ""var""  isabs False  qh 0.6  ql 0.0 statistic; selected on train bearings only to avoid held-out leakage.",train_only,train_bearings_only,single_snapshot,"Bearing1_1,Bearing1_2,Bearing1_4,Bearing1_5",Bearing1_3,False
"vertical__fft_coefficient__attr_""real""__coeff_90",EfficientFCParameters,XJTU-SY,condition_1_35Hz12kN,rul,0.05751528383147834,0.22128125409854835,-0.05751528383147834,False,frequency,"vertical channel fft coefficient  attr ""real""  coeff 90 statistic; selected on train bearings only to avoid held-out leakage.",train_only,train_bearings_only,single_snapshot,"Bearing1_1,Bearing1_2,Bearing1_4,Bearing1_5",Bearing1_3,False
vertical__number_peaks__n_1,EfficientFCParameters,XJTU-SY,condition_1_35Hz12kN,rul,0.05728055938691817,0.22317520116124479,-0.05728055938691817,False,time_domain,vertical channel number peaks  n 1 statistic; selected on train bearings only to avoid held-out leakage.,train_only,train_bearings_only,single_snapshot,"Bearing1_1,Bearing1_2,Bearing1_4,Bearing1_5",Bearing1_3,True
"horizontal__fft_coefficient__attr_""imag""__coeff_6",EfficientFCParameters,XJTU-SY,condition_1_35Hz12kN,rul,0.057186326609796265,0.22393879036369674,0.057186326609796265,False,frequency,"horizontal channel fft coefficient  attr ""imag""  coeff 6 statistic; selected on train bearings only to avoid held-out leakage.",train_only,train_bearings_only,single_snapshot,"Bearing1_1,Bearing1_2,Bearing1_4,Bearing1_5",Bearing1_3,False
"vertical__fft_coefficient__attr_""real""__coeff_5",EfficientFCParameters,XJTU-SY,condition_1_35Hz12kN,rul,0.05707213331419132,0.22486661696806562,0.05707213331419132,False,frequency,"vertical channel fft coefficient  attr ""real""  coeff 5 statistic; selected on train bearings only to avoid held-out leakage.",train_only,train_bearings_only,single_snapshot,"Bearing1_1,Bearing1_2,Bearing1_4,Bearing1_5",Bearing1_3,False
"horizontal__fft_coefficient__attr_""abs""__coeff_78",EfficientFCParameters,XJTU-SY,condition_1_35Hz12kN,rul,0.057036721563394385,0.2251548945792794,0.057036721563394385,False,frequency,"horizontal channel fft coefficient  attr ""abs""  coeff 78 statistic; selected on train bearings only to avoid held-out leakage.",train_only,train_bearings_only,single_snapshot,"Bearing1_1,Bearing1_2,Bearing1_4,Bearing1_5",Bearing1_3,False
"horizontal__fft_coefficient__attr_""angle""__coeff_40",EfficientFCParameters,XJTU-SY,condition_1_35Hz12kN,rul,0.05691614369615333,0.22613845958306975,0.05691614369615333,False,frequency,"horizontal channel fft coefficient  attr ""angle""  coeff 40 statistic; selected on train bearings only to avoid held-out leakage.",train_only,train_bearings_only,single_snapshot,"Bearing1_1,Bearing1_2,Bearing1_4,Bearing1_5",Bearing1_3,False
"horizontal__agg_linear_trend__attr_""rvalue""__chunk_len_10__f_agg_""max""",EfficientFCParameters,XJTU-SY,condition_1_35Hz12kN,rul,0.05687187059672022,0.2265003653302251,-0.05687187059672022,False,time_domain,"horizontal channel agg linear trend  attr ""rvalue""  chunk len 10  f agg ""max"" statistic; selected on train bearings only to avoid held-out leakage.",train_only,train_bearings_only,single_snapshot,"Bearing1_1,Bearing1_2,Bearing1_4,Bearing1_5",Bearing1_3,False
horizontal__ar_coefficient__coeff_4__k_10,EfficientFCParameters,XJTU-SY,condition_1_35Hz12kN,rul,0.05676151847892688,0.22740421894436627,0.05676151847892688,False,time_domain,horizontal channel ar coefficient  coeff 4  k 10 statistic; selected on train bearings only to avoid held-out leakage.,train_only,train_bearings_only,single_snapshot,"Bearing1_1,Bearing1_2,Bearing1_4,Bearing1_5",Bearing1_3,False
"vertical__fft_coefficient__attr_""real""__coeff_12",EfficientFCParameters,XJTU-SY,condition_1_35Hz12kN,rul,0.0567611119918043,0.2274075530609745,-0.0567611119918043,False,frequency,"vertical channel fft coefficient  attr ""real""  coeff 12 statistic; selected on train bearings only to avoid held-out leakage.",train_only,train_bearings_only,single_snapshot,"Bearing1_1,Bearing1_2,Bearing1_4,Bearing1_5",Bearing1_3,False
"vertical__fft_coefficient__attr_""real""__coeff_98",EfficientFCParameters,XJTU-SY,condition_1_35Hz12kN,rul,0.05661080000951917,0.22864283411207742,0.05661080000951917,False,frequency,"vertical channel fft coefficient  attr ""real""  coeff 98 statistic; selected on train bearings only to avoid held-out leakage.",train_only,train_bearings_only,single_snapshot,"Bearing1_1,Bearing1_2,Bearing1_4,Bearing1_5",Bearing1_3,False
"horizontal__change_quantiles__f_agg_""var""__isabs_True__qh_0.8__ql_0.4",EfficientFCParameters,XJTU-SY,condition_1_35Hz12kN,rul,0.05641821841975554,0.23023244032963408,0.05641821841975554,False,time_domain,"horizontal channel change quantiles  f agg ""var""  isabs True  qh 0.8  ql 0.4 statistic; selected on train bearings only to avoid held-out leakage.",train_only,train_bearings_only,single_snapshot,"Bearing1_1,Bearing1_2,Bearing1_4,Bearing1_5",Bearing1_3,False
"horizontal__fft_coefficient__attr_""angle""__coeff_64",EfficientFCParameters,XJTU-SY,condition_1_35Hz12kN,rul,0.05636675888367288,0.2306585202500422,0.05636675888367288,False,frequency,"horizontal channel fft coefficient  attr ""angle""  coeff 64 statistic; selected on train bearings only to avoid held-out leakage.",train_only,train_bearings_only,single_snapshot,"Bearing1_1,Bearing1_2,Bearing1_4,Bearing1_5",Bearing1_3,False
vertical__time_reversal_asymmetry_statistic__lag_3,EfficientFCParameters,XJTU-SY,condition_1_35Hz12kN,rul,0.05627590088128151,0.23141217882151807,-0.05627590088128151,False,time_domain,vertical channel time reversal asymmetry statistic  lag 3 statistic; selected on train bearings only to avoid held-out leakage.,train_only,train_bearings_only,single_snapshot,"Bearing1_1,Bearing1_2,Bearing1_4,Bearing1_5",Bearing1_3,False
"horizontal__change_quantiles__f_agg_""mean""__isabs_False__qh_0.2__ql_0.0",EfficientFCParameters,XJTU-SY,condition_1_35Hz12kN,rul,0.0561634659342095,0.23234722736684238,0.0561634659342095,False,time_domain,"horizontal channel change quantiles  f agg ""mean""  isabs False  qh 0.2  ql 0.0 statistic; selected on train bearings only to avoid held-out leakage.",train_only,train_bearings_only,single_snapshot,"Bearing1_1,Bearing1_2,Bearing1_4,Bearing1_5",Bearing1_3,True
"vertical__fft_coefficient__attr_""angle""__coeff_14",EfficientFCParameters,XJTU-SY,condition_1_35Hz12kN,rul,0.05609709194112627,0.23290046967323852,-0.05609709194112627,False,frequency,"vertical channel fft coefficient  attr ""angle""  coeff 14 statistic; selected on train bearings only to avoid held-out leakage.",train_only,train_bearings_only,single_snapshot,"Bearing1_1,Bearing1_2,Bearing1_4,Bearing1_5",Bearing1_3,False
"vertical__fft_coefficient__attr_""abs""__coeff_42",EfficientFCParameters,XJTU-SY,condition_1_35Hz12kN,rul,0.056046898876385504,0.23331945824985872,0.056046898876385504,False,frequency,"vertical channel fft coefficient  attr ""abs""  coeff 42 statistic; selected on train bearings only to avoid held-out leakage.",train_only,train_bearings_only,single_snapshot,"Bearing1_1,Bearing1_2,Bearing1_4,Bearing1_5",Bearing1_3,False
"vertical__fft_coefficient__attr_""angle""__coeff_31",EfficientFCParameters,XJTU-SY,condition_1_35Hz12kN,rul,0.05601614851354407,0.2335764111038021,0.05601614851354407,False,frequency,"vertical channel fft coefficient  attr ""angle""  coeff 31 statistic; selected on train bearings only to avoid held-out leakage.",train_only,train_bearings_only,single_snapshot,"Bearing1_1,Bearing1_2,Bearing1_4,Bearing1_5",Bearing1_3,False
"vertical__fft_coefficient__attr_""real""__coeff_67",EfficientFCParameters,XJTU-SY,condition_1_35Hz12kN,rul,0.05601033591331786,0.23362500418516088,0.05601033591331786,False,frequency,"vertical channel fft coefficient  attr ""real""  coeff 67 statistic; selected on train bearings only to avoid held-out leakage.",train_only,train_bearings_only,single_snapshot,"Bearing1_1,Bearing1_2,Bearing1_4,Bearing1_5",Bearing1_3,False
"horizontal__fft_coefficient__attr_""imag""__coeff_63",EfficientFCParameters,XJTU-SY,condition_1_35Hz12kN,rul,0.05582710644671622,0.23516045706066643,-0.05582710644671622,False,frequency,"horizontal channel fft coefficient  attr ""imag""  coeff 63 statistic; selected on train bearings only to avoid held-out leakage.",train_only,train_bearings_only,single_snapshot,"Bearing1_1,Bearing1_2,Bearing1_4,Bearing1_5",Bearing1_3,False
"vertical__fft_coefficient__attr_""angle""__coeff_90",EfficientFCParameters,XJTU-SY,condition_1_35Hz12kN,rul,0.055582229691725334,0.23722360742518012,-0.055582229691725334,False,frequency,"vertical channel fft coefficient  attr ""angle""  coeff 90 statistic; selected on train bearings only to avoid held-out leakage.",train_only,train_bearings_only,single_snapshot,"Bearing1_1,Bearing1_2,Bearing1_4,Bearing1_5",Bearing1_3,False
"horizontal__fft_coefficient__attr_""angle""__coeff_49",EfficientFCParameters,XJTU-SY,condition_1_35Hz12kN,rul,0.055417975990080394,0.23861461079218815,0.055417975990080394,False,frequency,"horizontal channel fft coefficient  attr ""angle""  coeff 49 statistic; selected on train bearings only to avoid held-out leakage.",train_only,train_bearings_only,single_snapshot,"Bearing1_1,Bearing1_2,Bearing1_4,Bearing1_5",Bearing1_3,False
"vertical__fft_coefficient__attr_""abs""__coeff_66",EfficientFCParameters,XJTU-SY,condition_1_35Hz12kN,rul,0.05516453583590422,0.24077213914713677,0.05516453583590422,False,frequency,"vertical channel fft coefficient  attr ""abs""  coeff 66 statistic; selected on train bearings only to avoid held-out leakage.",train_only,train_bearings_only,single_snapshot,"Bearing1_1,Bearing1_2,Bearing1_4,Bearing1_5",Bearing1_3,False
"vertical__fft_coefficient__attr_""real""__coeff_28",EfficientFCParameters,XJTU-SY,condition_1_35Hz12kN,rul,0.05507049561820975,0.24157617369545015,0.05507049561820975,False,frequency,"vertical channel fft coefficient  attr ""real""  coeff 28 statistic; selected on train bearings only to avoid held-out leakage.",train_only,train_bearings_only,single_snapshot,"Bearing1_1,Bearing1_2,Bearing1_4,Bearing1_5",Bearing1_3,False
"horizontal__fft_coefficient__attr_""real""__coeff_53",EfficientFCParameters,XJTU-SY,condition_1_35Hz12kN,rul,0.055004685695987154,0.2421399611077105,0.055004685695987154,False,frequency,"horizontal channel fft coefficient  attr ""real""  coeff 53 statistic; selected on train bearings only to avoid held-out leakage.",train_only,train_bearings_only,single_snapshot,"Bearing1_1,Bearing1_2,Bearing1_4,Bearing1_5",Bearing1_3,False
"horizontal__fft_coefficient__attr_""imag""__coeff_64",EfficientFCParameters,XJTU-SY,condition_1_35Hz12kN,rul,0.05488719299654318,0.2431488024883662,0.05488719299654318,False,frequency,"horizontal channel fft coefficient  attr ""imag""  coeff 64 statistic; selected on train bearings only to avoid held-out leakage.",train_only,train_bearings_only,single_snapshot,"Bearing1_1,Bearing1_2,Bearing1_4,Bearing1_5",Bearing1_3,False
horizontal__large_standard_deviation__r_0.1,EfficientFCParameters,XJTU-SY,condition_1_35Hz12kN,rul,0.054834275086562495,0.24360413814986287,0.054834275086562495,False,distribution,horizontal channel large standard deviation  r 0.1 statistic; selected on train bearings only to avoid held-out leakage.,train_only,train_bearings_only,single_snapshot,"Bearing1_1,Bearing1_2,Bearing1_4,Bearing1_5",Bearing1_3,True
"horizontal__fft_coefficient__attr_""angle""__coeff_70",EfficientFCParameters,XJTU-SY,condition_1_35Hz12kN,rul,0.05476911232605671,0.24416565530953127,0.05476911232605671,False,frequency,"horizontal channel fft coefficient  attr ""angle""  coeff 70 statistic; selected on train bearings only to avoid held-out leakage.",train_only,train_bearings_only,single_snapshot,"Bearing1_1,Bearing1_2,Bearing1_4,Bearing1_5",Bearing1_3,False
"horizontal__fft_coefficient__attr_""abs""__coeff_42",EfficientFCParameters,XJTU-SY,condition_1_35Hz12kN,rul,0.0547628444374908,0.2442197143523781,0.0547628444374908,False,frequency,"horizontal channel fft coefficient  attr ""abs""  coeff 42 statistic; selected on train bearings only to avoid held-out leakage.",train_only,train_bearings_only,single_snapshot,"Bearing1_1,Bearing1_2,Bearing1_4,Bearing1_5",Bearing1_3,False
"vertical__fft_coefficient__attr_""imag""__coeff_13",EfficientFCParameters,XJTU-SY,condition_1_35Hz12kN,rul,0.0546910109059264,0.24483985955266435,-0.0546910109059264,False,frequency,"vertical channel fft coefficient  attr ""imag""  coeff 13 statistic; selected on train bearings only to avoid held-out leakage.",train_only,train_bearings_only,single_snapshot,"Bearing1_1,Bearing1_2,Bearing1_4,Bearing1_5",Bearing1_3,False
"horizontal__fft_coefficient__attr_""angle""__coeff_9",EfficientFCParameters,XJTU-SY,condition_1_35Hz12kN,rul,0.0545128044666142,0.2463830845589213,-0.0545128044666142,False,frequency,"horizontal channel fft coefficient  attr ""angle""  coeff 9 statistic; selected on train bearings only to avoid held-out leakage.",train_only,train_bearings_only,single_snapshot,"Bearing1_1,Bearing1_2,Bearing1_4,Bearing1_5",Bearing1_3,False
"vertical__fft_coefficient__attr_""real""__coeff_42",EfficientFCParameters,XJTU-SY,condition_1_35Hz12kN,rul,0.0543183492889926,0.2480747568699938,-0.0543183492889926,False,frequency,"vertical channel fft coefficient  attr ""real""  coeff 42 statistic; selected on train bearings only to avoid held-out leakage.",train_only,train_bearings_only,single_snapshot,"Bearing1_1,Bearing1_2,Bearing1_4,Bearing1_5",Bearing1_3,False
"horizontal__change_quantiles__f_agg_""mean""__isabs_False__qh_0.8__ql_0.4",EfficientFCParameters,XJTU-SY,condition_1_35Hz12kN,rul,0.0542858488227907,0.24835828445829158,0.0542858488227907,False,time_domain,"horizontal channel change quantiles  f agg ""mean""  isabs False  qh 0.8  ql 0.4 statistic; selected on train bearings only to avoid held-out leakage.",train_only,train_bearings_only,single_snapshot,"Bearing1_1,Bearing1_2,Bearing1_4,Bearing1_5",Bearing1_3,True
"horizontal__cwt_coefficients__coeff_12__w_5__widths_(2, 5, 10, 20)",EfficientFCParameters,XJTU-SY,condition_1_35Hz12kN,rul,0.05421565771345864,0.24897138839240063,-0.05421565771345864,False,time_domain,"horizontal channel cwt coefficients  coeff 12  w 5  widths (2, 5, 10, 20) statistic; selected on train bearings only to avoid held-out leakage.",train_only,train_bearings_only,single_snapshot,"Bearing1_1,Bearing1_2,Bearing1_4,Bearing1_5",Bearing1_3,False
"vertical__fft_coefficient__attr_""angle""__coeff_36",EfficientFCParameters,XJTU-SY,condition_1_35Hz12kN,rul,0.05403911311497287,0.2505181267290793,-0.05403911311497287,False,frequency,"vertical channel fft coefficient  attr ""angle""  coeff 36 statistic; selected on train bearings only to avoid held-out leakage.",train_only,train_bearings_only,single_snapshot,"Bearing1_1,Bearing1_2,Bearing1_4,Bearing1_5",Bearing1_3,False
horizontal__last_location_of_minimum,EfficientFCParameters,XJTU-SY,condition_1_35Hz12kN,rul,0.05388124852036652,0.2519068583030647,0.05388124852036652,False,time_domain,horizontal channel last location of minimum statistic; selected on train bearings only to avoid held-out leakage.,train_only,train_bearings_only,single_snapshot,"Bearing1_1,Bearing1_2,Bearing1_4,Bearing1_5",Bearing1_3,False
horizontal__first_location_of_minimum,EfficientFCParameters,XJTU-SY,condition_1_35Hz12kN,rul,0.05388124852036652,0.2519068583030647,0.05388124852036652,False,time_domain,horizontal channel first location of minimum statistic; selected on train bearings only to avoid held-out leakage.,train_only,train_bearings_only,single_snapshot,"Bearing1_1,Bearing1_2,Bearing1_4,Bearing1_5",Bearing1_3,False
"horizontal__cwt_coefficients__coeff_3__w_5__widths_(2, 5, 10, 20)",EfficientFCParameters,XJTU-SY,condition_1_35Hz12kN,rul,0.053834329144975435,0.2523206365332168,0.053834329144975435,False,time_domain,"horizontal channel cwt coefficients  coeff 3  w 5  widths (2, 5, 10, 20) statistic; selected on train bearings only to avoid held-out leakage.",train_only,train_bearings_only,single_snapshot,"Bearing1_1,Bearing1_2,Bearing1_4,Bearing1_5",Bearing1_3,False
"horizontal__fft_coefficient__attr_""real""__coeff_48",EfficientFCParameters,XJTU-SY,condition_1_35Hz12kN,rul,0.053757740402032066,0.2529970805774096,-0.053757740402032066,False,frequency,"horizontal channel fft coefficient  attr ""real""  coeff 48 statistic; selected on train bearings only to avoid held-out leakage.",train_only,train_bearings_only,single_snapshot,"Bearing1_1,Bearing1_2,Bearing1_4,Bearing1_5",Bearing1_3,False
"horizontal__fft_coefficient__attr_""angle""__coeff_14",EfficientFCParameters,XJTU-SY,condition_1_35Hz12kN,rul,0.05350603641455623,0.2552290347506099,-0.05350603641455623,False,frequency,"horizontal channel fft coefficient  attr ""angle""  coeff 14 statistic; selected on train bearings only to avoid held-out leakage.",train_only,train_bearings_only,single_snapshot,"Bearing1_1,Bearing1_2,Bearing1_4,Bearing1_5",Bearing1_3,False
"vertical__fft_coefficient__attr_""angle""__coeff_3",EfficientFCParameters,XJTU-SY,condition_1_35Hz12kN,rul,0.0534185852210686,0.25600768152910397,0.0534185852210686,False,frequency,"vertical channel fft coefficient  attr ""angle""  coeff 3 statistic; selected on train bearings only to avoid held-out leakage.",train_only,train_bearings_only,single_snapshot,"Bearing1_1,Bearing1_2,Bearing1_4,Bearing1_5",Bearing1_3,False
"vertical__agg_linear_trend__attr_""slope""__chunk_len_10__f_agg_""var""",EfficientFCParameters,XJTU-SY,condition_1_35Hz12kN,rul,0.05338742163296029,0.25628555256476615,-0.05338742163296029,False,time_domain,"vertical channel agg linear trend  attr ""slope""  chunk len 10  f agg ""var"" statistic; selected on train bearings only to avoid held-out leakage.",train_only,train_bearings_only,single_snapshot,"Bearing1_1,Bearing1_2,Bearing1_4,Bearing1_5",Bearing1_3,False
"horizontal__fft_coefficient__attr_""imag""__coeff_97",EfficientFCParameters,XJTU-SY,condition_1_35Hz12kN,rul,0.053337594429140704,0.2567302719172059,0.053337594429140704,False,frequency,"horizontal channel fft coefficient  attr ""imag""  coeff 97 statistic; selected on train bearings only to avoid held-out leakage.",train_only,train_bearings_only,single_snapshot,"Bearing1_1,Bearing1_2,Bearing1_4,Bearing1_5",Bearing1_3,False
"vertical__agg_linear_trend__attr_""slope""__chunk_len_10__f_agg_""min""",EfficientFCParameters,XJTU-SY,condition_1_35Hz12kN,rul,0.05327417249653462,0.25729709937845663,0.05327417249653462,False,time_domain,"vertical channel agg linear trend  attr ""slope""  chunk len 10  f agg ""min"" statistic; selected on train bearings only to avoid held-out leakage.",train_only,train_bearings_only,single_snapshot,"Bearing1_1,Bearing1_2,Bearing1_4,Bearing1_5",Bearing1_3,False
"horizontal__fft_coefficient__attr_""abs""__coeff_49",EfficientFCParameters,XJTU-SY,condition_1_35Hz12kN,rul,0.05313020636691161,0.258586993457011,-0.05313020636691161,False,frequency,"horizontal channel fft coefficient  attr ""abs""  coeff 49 statistic; selected on train bearings only to avoid held-out leakage.",train_only,train_bearings_only,single_snapshot,"Bearing1_1,Bearing1_2,Bearing1_4,Bearing1_5",Bearing1_3,False
"vertical__fft_coefficient__attr_""real""__coeff_17",EfficientFCParameters,XJTU-SY,condition_1_35Hz12kN,rul,0.05309639677510435,0.2588905640189061,0.05309639677510435,False,frequency,"vertical channel fft coefficient  attr ""real""  coeff 17 statistic; selected on train bearings only to avoid held-out leakage.",train_only,train_bearings_only,single_snapshot,"Bearing1_1,Bearing1_2,Bearing1_4,Bearing1_5",Bearing1_3,False
"vertical__fft_coefficient__attr_""abs""__coeff_81",EfficientFCParameters,XJTU-SY,condition_1_35Hz12kN,rul,0.052943701175520996,0.260264657077723,-0.052943701175520996,False,frequency,"vertical channel fft coefficient  attr ""abs""  coeff 81 statistic; selected on train bearings only to avoid held-out leakage.",train_only,train_bearings_only,single_snapshot,"Bearing1_1,Bearing1_2,Bearing1_4,Bearing1_5",Bearing1_3,False
"horizontal__fft_coefficient__attr_""imag""__coeff_71",EfficientFCParameters,XJTU-SY,condition_1_35Hz12kN,rul,0.0527351403213796,0.26214959114381,0.0527351403213796,False,frequency,"horizontal channel fft coefficient  attr ""imag""  coeff 71 statistic; selected on train bearings only to avoid held-out leakage.",train_only,train_bearings_only,single_snapshot,"Bearing1_1,Bearing1_2,Bearing1_4,Bearing1_5",Bearing1_3,False
"vertical__fft_coefficient__attr_""real""__coeff_26",EfficientFCParameters,XJTU-SY,condition_1_35Hz12kN,rul,0.052580818335691136,0.2635503610122052,-0.052580818335691136,False,frequency,"vertical channel fft coefficient  attr ""real""  coeff 26 statistic; selected on train bearings only to avoid held-out leakage.",train_only,train_bearings_only,single_snapshot,"Bearing1_1,Bearing1_2,Bearing1_4,Bearing1_5",Bearing1_3,False
"vertical__fft_coefficient__attr_""angle""__coeff_60",EfficientFCParameters,XJTU-SY,condition_1_35Hz12kN,rul,0.052427738537123736,0.2649449321962126,0.052427738537123736,False,frequency,"vertical channel fft coefficient  attr ""angle""  coeff 60 statistic; selected on train bearings only to avoid held-out leakage.",train_only,train_bearings_only,single_snapshot,"Bearing1_1,Bearing1_2,Bearing1_4,Bearing1_5",Bearing1_3,False
"horizontal__fft_coefficient__attr_""angle""__coeff_61",EfficientFCParameters,XJTU-SY,condition_1_35Hz12kN,rul,0.05233072079119447,0.26583139209637513,-0.05233072079119447,False,frequency,"horizontal channel fft coefficient  attr ""angle""  coeff 61 statistic; selected on train bearings only to avoid held-out leakage.",train_only,train_bearings_only,single_snapshot,"Bearing1_1,Bearing1_2,Bearing1_4,Bearing1_5",Bearing1_3,False
horizontal__quantile__q_0.9,EfficientFCParameters,XJTU-SY,condition_1_35Hz12kN,rul,0.05230990366661272,0.26602186494214847,0.05230990366661272,False,time_domain,horizontal channel quantile  q 0.9 statistic; selected on train bearings only to avoid held-out leakage.,train_only,train_bearings_only,single_snapshot,"Bearing1_1,Bearing1_2,Bearing1_4,Bearing1_5",Bearing1_3,False
"vertical__fft_coefficient__attr_""imag""__coeff_73",EfficientFCParameters,XJTU-SY,condition_1_35Hz12kN,rul,0.05213661349511122,0.2676110720302725,-0.05213661349511122,False,frequency,"vertical channel fft coefficient  attr ""imag""  coeff 73 statistic; selected on train bearings only to avoid held-out leakage.",train_only,train_bearings_only,single_snapshot,"Bearing1_1,Bearing1_2,Bearing1_4,Bearing1_5",Bearing1_3,False
"horizontal__fft_coefficient__attr_""real""__coeff_70",EfficientFCParameters,XJTU-SY,condition_1_35Hz12kN,rul,0.05203120002867076,0.2685809717629392,-0.05203120002867076,False,frequency,"horizontal channel fft coefficient  attr ""real""  coeff 70 statistic; selected on train bearings only to avoid held-out leakage.",train_only,train_bearings_only,single_snapshot,"Bearing1_1,Bearing1_2,Bearing1_4,Bearing1_5",Bearing1_3,False
"horizontal__fft_coefficient__attr_""imag""__coeff_94",EfficientFCParameters,XJTU-SY,condition_1_35Hz12kN,rul,0.05179329851881716,0.27077871601512976,-0.05179329851881716,False,frequency,"horizontal channel fft coefficient  attr ""imag""  coeff 94 statistic; selected on train bearings only to avoid held-out leakage.",train_only,train_bearings_only,single_snapshot,"Bearing1_1,Bearing1_2,Bearing1_4,Bearing1_5",Bearing1_3,False
"horizontal__cwt_coefficients__coeff_10__w_20__widths_(2, 5, 10, 20)",EfficientFCParameters,XJTU-SY,condition_1_35Hz12kN,rul,0.051763587396725076,0.27105404905393987,-0.051763587396725076,False,time_domain,"horizontal channel cwt coefficients  coeff 10  w 20  widths (2, 5, 10, 20) statistic; selected on train bearings only to avoid held-out leakage.",train_only,train_bearings_only,single_snapshot,"Bearing1_1,Bearing1_2,Bearing1_4,Bearing1_5",Bearing1_3,False
"vertical__change_quantiles__f_agg_""mean""__isabs_False__qh_0.8__ql_0.6",EfficientFCParameters,XJTU-SY,condition_1_35Hz12kN,rul,0.051653500505140455,0.2720758908045338,-0.051653500505140455,False,time_domain,"vertical channel change quantiles  f agg ""mean""  isabs False  qh 0.8  ql 0.6 statistic; selected on train bearings only to avoid held-out leakage.",train_only,train_bearings_only,single_snapshot,"Bearing1_1,Bearing1_2,Bearing1_4,Bearing1_5",Bearing1_3,True
"horizontal__fft_coefficient__attr_""angle""__coeff_86",EfficientFCParameters,XJTU-SY,condition_1_35Hz12kN,rul,0.05162839873266282,0.272309256417405,-0.05162839873266282,False,frequency,"horizontal channel fft coefficient  attr ""angle""  coeff 86 statistic; selected on train bearings only to avoid held-out leakage.",train_only,train_bearings_only,single_snapshot,"Bearing1_1,Bearing1_2,Bearing1_4,Bearing1_5",Bearing1_3,False
horizontal__energy_ratio_by_chunks__num_segments_10__segment_focus_4,EfficientFCParameters,XJTU-SY,condition_1_35Hz12kN,rul,0.05157629712831325,0.27279406918499366,-0.05157629712831325,False,energy,horizontal channel energy ratio by chunks  num segments 10  segment focus 4 statistic; selected on train bearings only to avoid held-out leakage.,train_only,train_bearings_only,single_snapshot,"Bearing1_1,Bearing1_2,Bearing1_4,Bearing1_5",Bearing1_3,False
"vertical__change_quantiles__f_agg_""var""__isabs_True__qh_1.0__ql_0.0",EfficientFCParameters,XJTU-SY,condition_1_35Hz12kN,rul,0.05153661460704328,0.2731637152157841,0.05153661460704328,False,time_domain,"vertical channel change quantiles  f agg ""var""  isabs True  qh 1.0  ql 0.0 statistic; selected on train bearings only to avoid held-out leakage.",train_only,train_bearings_only,single_snapshot,"Bearing1_1,Bearing1_2,Bearing1_4,Bearing1_5",Bearing1_3,False
"vertical__fft_coefficient__attr_""real""__coeff_30",EfficientFCParameters,XJTU-SY,condition_1_35Hz12kN,rul,0.05149716136802517,0.2735315637583247,-0.05149716136802517,False,frequency,"vertical channel fft coefficient  attr ""real""  coeff 30 statistic; selected on train bearings only to avoid held-out leakage.",train_only,train_bearings_only,single_snapshot,"Bearing1_1,Bearing1_2,Bearing1_4,Bearing1_5",Bearing1_3,False
"horizontal__fft_coefficient__attr_""real""__coeff_30",EfficientFCParameters,XJTU-SY,condition_1_35Hz12kN,rul,0.05129201118809636,0.2754497531555911,-0.05129201118809636,False,frequency,"horizontal channel fft coefficient  attr ""real""  coeff 30 statistic; selected on train bearings only to avoid held-out leakage.",train_only,train_bearings_only,single_snapshot,"Bearing1_1,Bearing1_2,Bearing1_4,Bearing1_5",Bearing1_3,False
"horizontal__fft_coefficient__attr_""real""__coeff_36",EfficientFCParameters,XJTU-SY,condition_1_35Hz12kN,rul,0.05117305292467436,0.27656621421753413,-0.05117305292467436,False,frequency,"horizontal channel fft coefficient  attr ""real""  coeff 36 statistic; selected on train bearings only to avoid held-out leakage.",train_only,train_bearings_only,single_snapshot,"Bearing1_1,Bearing1_2,Bearing1_4,Bearing1_5",Bearing1_3,False
"vertical__fft_coefficient__attr_""abs""__coeff_76",EfficientFCParameters,XJTU-SY,condition_1_35Hz12kN,rul,0.051131798092014534,0.2769541209550149,0.051131798092014534,False,frequency,"vertical channel fft coefficient  attr ""abs""  coeff 76 statistic; selected on train bearings only to avoid held-out leakage.",train_only,train_bearings_only,single_snapshot,"Bearing1_1,Bearing1_2,Bearing1_4,Bearing1_5",Bearing1_3,False
"vertical__fft_coefficient__attr_""angle""__coeff_25",EfficientFCParameters,XJTU-SY,condition_1_35Hz12kN,rul,0.05111218810721686,0.2771386372319824,-0.05111218810721686,False,frequency,"vertical channel fft coefficient  attr ""angle""  coeff 25 statistic; selected on train bearings only to avoid held-out leakage.",train_only,train_bearings_only,single_snapshot,"Bearing1_1,Bearing1_2,Bearing1_4,Bearing1_5",Bearing1_3,False
"vertical__change_quantiles__f_agg_""mean""__isabs_False__qh_0.4__ql_0.2",EfficientFCParameters,XJTU-SY,condition_1_35Hz12kN,rul,0.05104622148473478,0.2777599497644403,0.05104622148473478,False,time_domain,"vertical channel change quantiles  f agg ""mean""  isabs False  qh 0.4  ql 0.2 statistic; selected on train bearings only to avoid held-out leakage.",train_only,train_bearings_only,single_snapshot,"Bearing1_1,Bearing1_2,Bearing1_4,Bearing1_5",Bearing1_3,True
"vertical__fft_coefficient__attr_""imag""__coeff_10",EfficientFCParameters,XJTU-SY,condition_1_35Hz12kN,rul,0.0507077009867639,0.2809632020108286,-0.0507077009867639,False,frequency,"vertical channel fft coefficient  attr ""imag""  coeff 10 statistic; selected on train bearings only to avoid held-out leakage.",train_only,train_bearings_only,single_snapshot,"Bearing1_1,Bearing1_2,Bearing1_4,Bearing1_5",Bearing1_3,False
horizontal__time_reversal_asymmetry_statistic__lag_2,EfficientFCParameters,XJTU-SY,condition_1_35Hz12kN,rul,0.050665695290033966,0.28136241746400653,0.050665695290033966,False,time_domain,horizontal channel time reversal asymmetry statistic  lag 2 statistic; selected on train bearings only to avoid held-out leakage.,train_only,train_bearings_only,single_snapshot,"Bearing1_1,Bearing1_2,Bearing1_4,Bearing1_5",Bearing1_3,False
horizontal__autocorrelation__lag_4,EfficientFCParameters,XJTU-SY,condition_1_35Hz12kN,rul,0.050469171336358254,0.2832352448359483,0.050469171336358254,False,time_domain,horizontal channel autocorrelation  lag 4 statistic; selected on train bearings only to avoid held-out leakage.,train_only,train_bearings_only,single_snapshot,"Bearing1_1,Bearing1_2,Bearing1_4,Bearing1_5",Bearing1_3,False
"horizontal__fft_coefficient__attr_""imag""__coeff_4",EfficientFCParameters,XJTU-SY,condition_1_35Hz12kN,rul,0.050400259404227744,0.28389394816234365,0.050400259404227744,False,frequency,"horizontal channel fft coefficient  attr ""imag""  coeff 4 statistic; selected on train bearings only to avoid held-out leakage.",train_only,train_bearings_only,single_snapshot,"Bearing1_1,Bearing1_2,Bearing1_4,Bearing1_5",Bearing1_3,False
"horizontal__fft_coefficient__attr_""imag""__coeff_98",EfficientFCParameters,XJTU-SY,condition_1_35Hz12kN,rul,0.05032637416124875,0.2846013369556695,-0.05032637416124875,False,frequency,"horizontal channel fft coefficient  attr ""imag""  coeff 98 statistic; selected on train bearings only to avoid held-out leakage.",train_only,train_bearings_only,single_snapshot,"Bearing1_1,Bearing1_2,Bearing1_4,Bearing1_5",Bearing1_3,False
"horizontal__fft_coefficient__attr_""imag""__coeff_51",EfficientFCParameters,XJTU-SY,condition_1_35Hz12kN,rul,0.05028996829950943,0.284950329089466,0.05028996829950943,False,frequency,"horizontal channel fft coefficient  attr ""imag""  coeff 51 statistic; selected on train bearings only to avoid held-out leakage.",train_only,train_bearings_only,single_snapshot,"Bearing1_1,Bearing1_2,Bearing1_4,Bearing1_5",Bearing1_3,False
"horizontal__fft_coefficient__attr_""abs""__coeff_80",EfficientFCParameters,XJTU-SY,condition_1_35Hz12kN,rul,0.0500592712163072,0.28716853120713787,0.0500592712163072,False,frequency,"horizontal channel fft coefficient  attr ""abs""  coeff 80 statistic; selected on train bearings only to avoid held-out leakage.",train_only,train_bearings_only,single_snapshot,"Bearing1_1,Bearing1_2,Bearing1_4,Bearing1_5",Bearing1_3,False
"horizontal__fft_coefficient__attr_""real""__coeff_32",EfficientFCParameters,XJTU-SY,condition_1_35Hz12kN,rul,0.04998175042407652,0.28791651087608494,-0.04998175042407652,False,frequency,"horizontal channel fft coefficient  attr ""real""  coeff 32 statistic; selected on train bearings only to avoid held-out leakage.",train_only,train_bearings_only,single_snapshot,"Bearing1_1,Bearing1_2,Bearing1_4,Bearing1_5",Bearing1_3,False
"horizontal__fft_coefficient__attr_""angle""__coeff_19",EfficientFCParameters,XJTU-SY,condition_1_35Hz12kN,rul,0.04990074111119317,0.288699548682542,-0.04990074111119317,False,frequency,"horizontal channel fft coefficient  attr ""angle""  coeff 19 statistic; selected on train bearings only to avoid held-out leakage.",train_only,train_bearings_only,single_snapshot,"Bearing1_1,Bearing1_2,Bearing1_4,Bearing1_5",Bearing1_3,False
"horizontal__fft_coefficient__attr_""angle""__coeff_89",EfficientFCParameters,XJTU-SY,condition_1_35Hz12kN,rul,0.049752889589054175,0.29013236974597245,-0.049752889589054175,False,frequency,"horizontal channel fft coefficient  attr ""angle""  coeff 89 statistic; selected on train bearings only to avoid held-out leakage.",train_only,train_bearings_only,single_snapshot,"Bearing1_1,Bearing1_2,Bearing1_4,Bearing1_5",Bearing1_3,False
"horizontal__fft_coefficient__attr_""abs""__coeff_17",EfficientFCParameters,XJTU-SY,condition_1_35Hz12kN,rul,0.04974646178238063,0.29019476928708615,0.04974646178238063,False,frequency,"horizontal channel fft coefficient  attr ""abs""  coeff 17 statistic; selected on train bearings only to avoid held-out leakage.",train_only,train_bearings_only,single_snapshot,"Bearing1_1,Bearing1_2,Bearing1_4,Bearing1_5",Bearing1_3,False
"horizontal__fft_coefficient__attr_""angle""__coeff_26",EfficientFCParameters,XJTU-SY,condition_1_35Hz12kN,rul,0.04947204510826672,0.29286713493903793,0.04947204510826672,False,frequency,"horizontal channel fft coefficient  attr ""angle""  coeff 26 statistic; selected on train bearings only to avoid held-out leakage.",train_only,train_bearings_only,single_snapshot,"Bearing1_1,Bearing1_2,Bearing1_4,Bearing1_5",Bearing1_3,False
"vertical__fft_coefficient__attr_""imag""__coeff_92",EfficientFCParameters,XJTU-SY,condition_1_35Hz12kN,rul,0.04946134860309845,0.292971633607862,0.04946134860309845,False,frequency,"vertical channel fft coefficient  attr ""imag""  coeff 92 statistic; selected on train bearings only to avoid held-out leakage.",train_only,train_bearings_only,single_snapshot,"Bearing1_1,Bearing1_2,Bearing1_4,Bearing1_5",Bearing1_3,False
horizontal__count_below_mean,EfficientFCParameters,XJTU-SY,condition_1_35Hz12kN,rul,0.04943814990106097,0.2931983572204311,0.04943814990106097,False,shape,horizontal channel count below mean statistic; selected on train bearings only to avoid held-out leakage.,train_only,train_bearings_only,single_snapshot,"Bearing1_1,Bearing1_2,Bearing1_4,Bearing1_5",Bearing1_3,True
horizontal__count_below__t_0,EfficientFCParameters,XJTU-SY,condition_1_35Hz12kN,rul,0.04943814990106097,0.2931983572204311,0.04943814990106097,False,shape,horizontal channel count below  t 0 statistic; selected on train bearings only to avoid held-out leakage.,train_only,train_bearings_only,single_snapshot,"Bearing1_1,Bearing1_2,Bearing1_4,Bearing1_5",Bearing1_3,False
horizontal__count_above__t_0,EfficientFCParameters,XJTU-SY,condition_1_35Hz12kN,rul,0.04943814990106097,0.2931983572204311,-0.04943814990106097,False,shape,horizontal channel count above  t 0 statistic; selected on train bearings only to avoid held-out leakage.,train_only,train_bearings_only,single_snapshot,"Bearing1_1,Bearing1_2,Bearing1_4,Bearing1_5",Bearing1_3,False
horizontal__count_above_mean,EfficientFCParameters,XJTU-SY,condition_1_35Hz12kN,rul,0.04943814990106097,0.2931983572204311,-0.04943814990106097,False,shape,horizontal channel count above mean statistic; selected on train bearings only to avoid held-out leakage.,train_only,train_bearings_only,single_snapshot,"Bearing1_1,Bearing1_2,Bearing1_4,Bearing1_5",Bearing1_3,True
horizontal__range_count__max_1000000000000.0__min_0,EfficientFCParameters,XJTU-SY,condition_1_35Hz12kN,rul,0.04943814990106097,0.2931983572204311,-0.04943814990106097,False,shape,horizontal channel range count  max 1000000000000.0  min 0 statistic; selected on train bearings only to avoid held-out leakage.,train_only,train_bearings_only,single_snapshot,"Bearing1_1,Bearing1_2,Bearing1_4,Bearing1_5",Bearing1_3,False
horizontal__range_count__max_0__min_-1000000000000.0,EfficientFCParameters,XJTU-SY,condition_1_35Hz12kN,rul,0.04943814990106097,0.2931983572204311,0.04943814990106097,False,shape,horizontal channel range count  max 0  min -1000000000000.0 statistic; selected on train bearings only to avoid held-out leakage.,train_only,train_bearings_only,single_snapshot,"Bearing1_1,Bearing1_2,Bearing1_4,Bearing1_5",Bearing1_3,False
"horizontal__fft_coefficient__attr_""angle""__coeff_42",EfficientFCParameters,XJTU-SY,condition_1_35Hz12kN,rul,0.049428912488085765,0.29328866819246596,-0.049428912488085765,False,frequency,"horizontal channel fft coefficient  attr ""angle""  coeff 42 statistic; selected on train bearings only to avoid held-out leakage.",train_only,train_bearings_only,single_snapshot,"Bearing1_1,Bearing1_2,Bearing1_4,Bearing1_5",Bearing1_3,False
"horizontal__agg_linear_trend__attr_""slope""__chunk_len_5__f_agg_""max""",EfficientFCParameters,XJTU-SY,condition_1_35Hz12kN,rul,0.049427668242630625,0.29330083416893926,-0.049427668242630625,False,time_domain,"horizontal channel agg linear trend  attr ""slope""  chunk len 5  f agg ""max"" statistic; selected on train bearings only to avoid held-out leakage.",train_only,train_bearings_only,single_snapshot,"Bearing1_1,Bearing1_2,Bearing1_4,Bearing1_5",Bearing1_3,False
"vertical__fft_coefficient__attr_""imag""__coeff_66",EfficientFCParameters,XJTU-SY,condition_1_35Hz12kN,rul,0.04938835990698883,0.29368535677072616,-0.04938835990698883,False,frequency,"vertical channel fft coefficient  attr ""imag""  coeff 66 statistic; selected on train bearings only to avoid held-out leakage.",train_only,train_bearings_only,single_snapshot,"Bearing1_1,Bearing1_2,Bearing1_4,Bearing1_5",Bearing1_3,False
"vertical__fft_coefficient__attr_""imag""__coeff_93",EfficientFCParameters,XJTU-SY,condition_1_35Hz12kN,rul,0.049249017385782176,0.2950511493216756,0.049249017385782176,False,frequency,"vertical channel fft coefficient  attr ""imag""  coeff 93 statistic; selected on train bearings only to avoid held-out leakage.",train_only,train_bearings_only,single_snapshot,"Bearing1_1,Bearing1_2,Bearing1_4,Bearing1_5",Bearing1_3,False
"horizontal__agg_linear_trend__attr_""intercept""__chunk_len_50__f_agg_""var""",EfficientFCParameters,XJTU-SY,condition_1_35Hz12kN,rul,0.04921507947686451,0.2953844395020383,0.04921507947686451,False,time_domain,"horizontal channel agg linear trend  attr ""intercept""  chunk len 50  f agg ""var"" statistic; selected on train bearings only to avoid held-out leakage.",train_only,train_bearings_only,single_snapshot,"Bearing1_1,Bearing1_2,Bearing1_4,Bearing1_5",Bearing1_3,False
"horizontal__cwt_coefficients__coeff_9__w_20__widths_(2, 5, 10, 20)",EfficientFCParameters,XJTU-SY,condition_1_35Hz12kN,rul,0.04920009564316356,0.29553166947980836,-0.04920009564316356,False,time_domain,"horizontal channel cwt coefficients  coeff 9  w 20  widths (2, 5, 10, 20) statistic; selected on train bearings only to avoid held-out leakage.",train_only,train_bearings_only,single_snapshot,"Bearing1_1,Bearing1_2,Bearing1_4,Bearing1_5",Bearing1_3,False
"horizontal__change_quantiles__f_agg_""mean""__isabs_True__qh_0.8__ql_0.6",EfficientFCParameters,XJTU-SY,condition_1_35Hz12kN,rul,0.04918932008505722,0.29563757954138253,0.04918932008505722,False,time_domain,"horizontal channel change quantiles  f agg ""mean""  isabs True  qh 0.8  ql 0.6 statistic; selected on train bearings only to avoid held-out leakage.",train_only,train_bearings_only,single_snapshot,"Bearing1_1,Bearing1_2,Bearing1_4,Bearing1_5",Bearing1_3,True
"vertical__fft_coefficient__attr_""angle""__coeff_46",EfficientFCParameters,XJTU-SY,condition_1_35Hz12kN,rul,0.04912799470607411,0.296240812416342,-0.04912799470607411,False,frequency,"vertical channel fft coefficient  attr ""angle""  coeff 46 statistic; selected on train bearings only to avoid held-out leakage.",train_only,train_bearings_only,single_snapshot,"Bearing1_1,Bearing1_2,Bearing1_4,Bearing1_5",Bearing1_3,False
"horizontal__fft_coefficient__attr_""angle""__coeff_27",EfficientFCParameters,XJTU-SY,condition_1_35Hz12kN,rul,0.049050766280050014,0.2970016441929759,0.049050766280050014,False,frequency,"horizontal channel fft coefficient  attr ""angle""  coeff 27 statistic; selected on train bearings only to avoid held-out leakage.",train_only,train_bearings_only,single_snapshot,"Bearing1_1,Bearing1_2,Bearing1_4,Bearing1_5",Bearing1_3,False
"vertical__fft_coefficient__attr_""angle""__coeff_86",EfficientFCParameters,XJTU-SY,condition_1_35Hz12kN,rul,0.048754167474724025,0.299935744687739,0.048754167474724025,False,frequency,"vertical channel fft coefficient  attr ""angle""  coeff 86 statistic; selected on train bearings only to avoid held-out leakage.",train_only,train_bearings_only,single_snapshot,"Bearing1_1,Bearing1_2,Bearing1_4,Bearing1_5",Bearing1_3,False
"vertical__fft_coefficient__attr_""angle""__coeff_38",EfficientFCParameters,XJTU-SY,condition_1_35Hz12kN,rul,0.0485986782473464,0.30148159107323974,-0.0485986782473464,False,frequency,"vertical channel fft coefficient  attr ""angle""  coeff 38 statistic; selected on train bearings only to avoid held-out leakage.",train_only,train_bearings_only,single_snapshot,"Bearing1_1,Bearing1_2,Bearing1_4,Bearing1_5",Bearing1_3,False
horizontal__kurtosis,EfficientFCParameters,XJTU-SY,condition_1_35Hz12kN,rul,0.04851585918095743,0.30230711782868064,-0.04851585918095743,False,distribution,horizontal channel kurtosis statistic; selected on train bearings only to avoid held-out leakage.,train_only,train_bearings_only,single_snapshot,"Bearing1_1,Bearing1_2,Bearing1_4,Bearing1_5",Bearing1_3,True
"vertical__fft_coefficient__attr_""angle""__coeff_19",EfficientFCParameters,XJTU-SY,condition_1_35Hz12kN,rul,0.048291816209200915,0.30454784664684664,0.048291816209200915,False,frequency,"vertical channel fft coefficient  attr ""angle""  coeff 19 statistic; selected on train bearings only to avoid held-out leakage.",train_only,train_bearings_only,single_snapshot,"Bearing1_1,Bearing1_2,Bearing1_4,Bearing1_5",Bearing1_3,False
"horizontal__cwt_coefficients__coeff_7__w_5__widths_(2, 5, 10, 20)",EfficientFCParameters,XJTU-SY,condition_1_35Hz12kN,rul,0.04827311545568472,0.3047353747868499,0.04827311545568472,False,time_domain,"horizontal channel cwt coefficients  coeff 7  w 5  widths (2, 5, 10, 20) statistic; selected on train bearings only to avoid held-out leakage.",train_only,train_bearings_only,single_snapshot,"Bearing1_1,Bearing1_2,Bearing1_4,Bearing1_5",Bearing1_3,False
"vertical__fft_coefficient__attr_""real""__coeff_8",EfficientFCParameters,XJTU-SY,condition_1_35Hz12kN,rul,0.04827148535687278,0.3047517247736111,-0.04827148535687278,False,frequency,"vertical channel fft coefficient  attr ""real""  coeff 8 statistic; selected on train bearings only to avoid held-out leakage.",train_only,train_bearings_only,single_snapshot,"Bearing1_1,Bearing1_2,Bearing1_4,Bearing1_5",Bearing1_3,False
vertical__c3__lag_2,EfficientFCParameters,XJTU-SY,condition_1_35Hz12kN,rul,0.0482405607964749,0.30506200986000537,0.0482405607964749,False,time_domain,vertical channel c3  lag 2 statistic; selected on train bearings only to avoid held-out leakage.,train_only,train_bearings_only,single_snapshot,"Bearing1_1,Bearing1_2,Bearing1_4,Bearing1_5",Bearing1_3,False
"vertical__fft_coefficient__attr_""abs""__coeff_17",EfficientFCParameters,XJTU-SY,condition_1_35Hz12kN,rul,0.048206495402828266,0.3054040506053523,0.048206495402828266,False,frequency,"vertical channel fft coefficient  attr ""abs""  coeff 17 statistic; selected on train bearings only to avoid held-out leakage.",train_only,train_bearings_only,single_snapshot,"Bearing1_1,Bearing1_2,Bearing1_4,Bearing1_5",Bearing1_3,False
"horizontal__agg_linear_trend__attr_""slope""__chunk_len_10__f_agg_""var""",EfficientFCParameters,XJTU-SY,condition_1_35Hz12kN,rul,0.0481216175893007,0.3062573865962934,-0.0481216175893007,False,time_domain,"horizontal channel agg linear trend  attr ""slope""  chunk len 10  f agg ""var"" statistic; selected on train bearings only to avoid held-out leakage.",train_only,train_bearings_only,single_snapshot,"Bearing1_1,Bearing1_2,Bearing1_4,Bearing1_5",Bearing1_3,False
"horizontal__fft_coefficient__attr_""abs""__coeff_1",EfficientFCParameters,XJTU-SY,condition_1_35Hz12kN,rul,0.04810866167882494,0.3063877798422367,0.04810866167882494,False,frequency,"horizontal channel fft coefficient  attr ""abs""  coeff 1 statistic; selected on train bearings only to avoid held-out leakage.",train_only,train_bearings_only,single_snapshot,"Bearing1_1,Bearing1_2,Bearing1_4,Bearing1_5",Bearing1_3,False
"vertical__fft_coefficient__attr_""real""__coeff_83",EfficientFCParameters,XJTU-SY,condition_1_35Hz12kN,rul,0.048106914596950254,0.3064053659487554,0.048106914596950254,False,frequency,"vertical channel fft coefficient  attr ""real""  coeff 83 statistic; selected on train bearings only to avoid held-out leakage.",train_only,train_bearings_only,single_snapshot,"Bearing1_1,Bearing1_2,Bearing1_4,Bearing1_5",Bearing1_3,False
"horizontal__fft_coefficient__attr_""real""__coeff_17",EfficientFCParameters,XJTU-SY,condition_1_35Hz12kN,rul,0.04794023078200585,0.3080862695162092,0.04794023078200585,False,frequency,"horizontal channel fft coefficient  attr ""real""  coeff 17 statistic; selected on train bearings only to avoid held-out leakage.",train_only,train_bearings_only,single_snapshot,"Bearing1_1,Bearing1_2,Bearing1_4,Bearing1_5",Bearing1_3,False
"horizontal__fft_coefficient__attr_""real""__coeff_68",EfficientFCParameters,XJTU-SY,condition_1_35Hz12kN,rul,0.04788978863701876,0.3085961436787048,0.04788978863701876,False,frequency,"horizontal channel fft coefficient  attr ""real""  coeff 68 statistic; selected on train bearings only to avoid held-out leakage.",train_only,train_bearings_only,single_snapshot,"Bearing1_1,Bearing1_2,Bearing1_4,Bearing1_5",Bearing1_3,False
"vertical__agg_linear_trend__attr_""slope""__chunk_len_10__f_agg_""mean""",EfficientFCParameters,XJTU-SY,condition_1_35Hz12kN,rul,0.04783347781440242,0.3091659956120209,0.04783347781440242,False,time_domain,"vertical channel agg linear trend  attr ""slope""  chunk len 10  f agg ""mean"" statistic; selected on train bearings only to avoid held-out leakage.",train_only,train_bearings_only,single_snapshot,"Bearing1_1,Bearing1_2,Bearing1_4,Bearing1_5",Bearing1_3,True
"horizontal__agg_linear_trend__attr_""slope""__chunk_len_10__f_agg_""min""",EfficientFCParameters,XJTU-SY,condition_1_35Hz12kN,rul,0.04775862229061637,0.30992458792954675,-0.04775862229061637,False,time_domain,"horizontal channel agg linear trend  attr ""slope""  chunk len 10  f agg ""min"" statistic; selected on train bearings only to avoid held-out leakage.",train_only,train_bearings_only,single_snapshot,"Bearing1_1,Bearing1_2,Bearing1_4,Bearing1_5",Bearing1_3,False
"vertical__fft_coefficient__attr_""real""__coeff_23",EfficientFCParameters,XJTU-SY,condition_1_35Hz12kN,rul,0.047684842904088684,0.31067347246825794,-0.047684842904088684,False,frequency,"vertical channel fft coefficient  attr ""real""  coeff 23 statistic; selected on train bearings only to avoid held-out leakage.",train_only,train_bearings_only,single_snapshot,"Bearing1_1,Bearing1_2,Bearing1_4,Bearing1_5",Bearing1_3,False
"vertical__change_quantiles__f_agg_""mean""__isabs_True__qh_0.8__ql_0.6",EfficientFCParameters,XJTU-SY,condition_1_35Hz12kN,rul,0.04768300660786614,0.31069212663433105,-0.04768300660786614,False,time_domain,"vertical channel change quantiles  f agg ""mean""  isabs True  qh 0.8  ql 0.6 statistic; selected on train bearings only to avoid held-out leakage.",train_only,train_bearings_only,single_snapshot,"Bearing1_1,Bearing1_2,Bearing1_4,Bearing1_5",Bearing1_3,True
"horizontal__agg_linear_trend__attr_""rvalue""__chunk_len_10__f_agg_""min""",EfficientFCParameters,XJTU-SY,condition_1_35Hz12kN,rul,0.04763147076364551,0.3112159582144011,-0.04763147076364551,False,time_domain,"horizontal channel agg linear trend  attr ""rvalue""  chunk len 10  f agg ""min"" statistic; selected on train bearings only to avoid held-out leakage.",train_only,train_bearings_only,single_snapshot,"Bearing1_1,Bearing1_2,Bearing1_4,Bearing1_5",Bearing1_3,False
"vertical__change_quantiles__f_agg_""mean""__isabs_False__qh_1.0__ql_0.2",EfficientFCParameters,XJTU-SY,condition_1_35Hz12kN,rul,0.047592310699443884,0.31161438524710205,-0.047592310699443884,False,time_domain,"vertical channel change quantiles  f agg ""mean""  isabs False  qh 1.0  ql 0.2 statistic; selected on train bearings only to avoid held-out leakage.",train_only,train_bearings_only,single_snapshot,"Bearing1_1,Bearing1_2,Bearing1_4,Bearing1_5",Bearing1_3,True
"horizontal__fft_coefficient__attr_""abs""__coeff_57",EfficientFCParameters,XJTU-SY,condition_1_35Hz12kN,rul,0.0475680060233715,0.3118618373094266,0.0475680060233715,False,frequency,"horizontal channel fft coefficient  attr ""abs""  coeff 57 statistic; selected on train bearings only to avoid held-out leakage.",train_only,train_bearings_only,single_snapshot,"Bearing1_1,Bearing1_2,Bearing1_4,Bearing1_5",Bearing1_3,False
"horizontal__fft_coefficient__attr_""imag""__coeff_86",EfficientFCParameters,XJTU-SY,condition_1_35Hz12kN,rul,0.04756740079371479,0.3118680009528122,-0.04756740079371479,False,frequency,"horizontal channel fft coefficient  attr ""imag""  coeff 86 statistic; selected on train bearings only to avoid held-out leakage.",train_only,train_bearings_only,single_snapshot,"Bearing1_1,Bearing1_2,Bearing1_4,Bearing1_5",Bearing1_3,False
"vertical__fft_coefficient__attr_""angle""__coeff_35",EfficientFCParameters,XJTU-SY,condition_1_35Hz12kN,rul,0.047522638662467184,0.3123240792019366,-0.047522638662467184,False,frequency,"vertical channel fft coefficient  attr ""angle""  coeff 35 statistic; selected on train bearings only to avoid held-out leakage.",train_only,train_bearings_only,single_snapshot,"Bearing1_1,Bearing1_2,Bearing1_4,Bearing1_5",Bearing1_3,False
"horizontal__change_quantiles__f_agg_""mean""__isabs_True__qh_1.0__ql_0.8",EfficientFCParameters,XJTU-SY,condition_1_35Hz12kN,rul,0.04745992905561487,0.3129637592942098,0.04745992905561487,False,time_domain,"horizontal channel change quantiles  f agg ""mean""  isabs True  qh 1.0  ql 0.8 statistic; selected on train bearings only to avoid held-out leakage.",train_only,train_bearings_only,single_snapshot,"Bearing1_1,Bearing1_2,Bearing1_4,Bearing1_5",Bearing1_3,True
"vertical__fft_coefficient__attr_""real""__coeff_76",EfficientFCParameters,XJTU-SY,condition_1_35Hz12kN,rul,0.04744906615475306,0.31307465548715807,-0.04744906615475306,False,frequency,"vertical channel fft coefficient  attr ""real""  coeff 76 statistic; selected on train bearings only to avoid held-out leakage.",train_only,train_bearings_only,single_snapshot,"Bearing1_1,Bearing1_2,Bearing1_4,Bearing1_5",Bearing1_3,False
"horizontal__change_quantiles__f_agg_""var""__isabs_False__qh_1.0__ql_0.4",EfficientFCParameters,XJTU-SY,condition_1_35Hz12kN,rul,0.04744406092397724,0.3131257611080463,0.04744406092397724,False,time_domain,"horizontal channel change quantiles  f agg ""var""  isabs False  qh 1.0  ql 0.4 statistic; selected on train bearings only to avoid held-out leakage.",train_only,train_bearings_only,single_snapshot,"Bearing1_1,Bearing1_2,Bearing1_4,Bearing1_5",Bearing1_3,False
"horizontal__fft_coefficient__attr_""real""__coeff_3",EfficientFCParameters,XJTU-SY,condition_1_35Hz12kN,rul,0.04735815085047639,0.3140037942566665,-0.04735815085047639,False,frequency,"horizontal channel fft coefficient  attr ""real""  coeff 3 statistic; selected on train bearings only to avoid held-out leakage.",train_only,train_bearings_only,single_snapshot,"Bearing1_1,Bearing1_2,Bearing1_4,Bearing1_5",Bearing1_3,False
"horizontal__fft_coefficient__attr_""imag""__coeff_19",EfficientFCParameters,XJTU-SY,condition_1_35Hz12kN,rul,0.04725974116979644,0.31501155972793177,-0.04725974116979644,False,frequency,"horizontal channel fft coefficient  attr ""imag""  coeff 19 statistic; selected on train bearings only to avoid held-out leakage.",train_only,train_bearings_only,single_snapshot,"Bearing1_1,Bearing1_2,Bearing1_4,Bearing1_5",Bearing1_3,False
"horizontal__fft_coefficient__attr_""real""__coeff_5",EfficientFCParameters,XJTU-SY,condition_1_35Hz12kN,rul,0.047166119761499994,0.3159722549635185,-0.047166119761499994,False,frequency,"horizontal channel fft coefficient  attr ""real""  coeff 5 statistic; selected on train bearings only to avoid held-out leakage.",train_only,train_bearings_only,single_snapshot,"Bearing1_1,Bearing1_2,Bearing1_4,Bearing1_5",Bearing1_3,False
"vertical__change_quantiles__f_agg_""var""__isabs_False__qh_0.8__ql_0.6",EfficientFCParameters,XJTU-SY,condition_1_35Hz12kN,rul,0.0469445584345371,0.31825343369691406,-0.0469445584345371,False,time_domain,"vertical channel change quantiles  f agg ""var""  isabs False  qh 0.8  ql 0.6 statistic; selected on train bearings only to avoid held-out leakage.",train_only,train_bearings_only,single_snapshot,"Bearing1_1,Bearing1_2,Bearing1_4,Bearing1_5",Bearing1_3,False
"vertical__change_quantiles__f_agg_""mean""__isabs_True__qh_0.4__ql_0.0",EfficientFCParameters,XJTU-SY,condition_1_35Hz12kN,rul,0.04690958117802456,0.3186145371844567,0.04690958117802456,False,time_domain,"vertical channel change quantiles  f agg ""mean""  isabs True  qh 0.4  ql 0.0 statistic; selected on train bearings only to avoid held-out leakage.",train_only,train_bearings_only,single_snapshot,"Bearing1_1,Bearing1_2,Bearing1_4,Bearing1_5",Bearing1_3,True
"vertical__fft_coefficient__attr_""angle""__coeff_7",EfficientFCParameters,XJTU-SY,condition_1_35Hz12kN,rul,0.046905669131071186,0.31865494158654417,0.046905669131071186,False,frequency,"vertical channel fft coefficient  attr ""angle""  coeff 7 statistic; selected on train bearings only to avoid held-out leakage.",train_only,train_bearings_only,single_snapshot,"Bearing1_1,Bearing1_2,Bearing1_4,Bearing1_5",Bearing1_3,False
"vertical__fft_coefficient__attr_""imag""__coeff_19",EfficientFCParameters,XJTU-SY,condition_1_35Hz12kN,rul,0.04679161978192175,0.31983433575975334,0.04679161978192175,False,frequency,"vertical channel fft coefficient  attr ""imag""  coeff 19 statistic; selected on train bearings only to avoid held-out leakage.",train_only,train_bearings_only,single_snapshot,"Bearing1_1,Bearing1_2,Bearing1_4,Bearing1_5",Bearing1_3,False
"horizontal__fft_coefficient__attr_""abs""__coeff_91",EfficientFCParameters,XJTU-SY,condition_1_35Hz12kN,rul,0.04678508732955859,0.3199019744648243,-0.04678508732955859,False,frequency,"horizontal channel fft coefficient  attr ""abs""  coeff 91 statistic; selected on train bearings only to avoid held-out leakage.",train_only,train_bearings_only,single_snapshot,"Bearing1_1,Bearing1_2,Bearing1_4,Bearing1_5",Bearing1_3,False
"horizontal__fft_coefficient__attr_""real""__coeff_90",EfficientFCParameters,XJTU-SY,condition_1_35Hz12kN,rul,0.04657164678364634,0.32211712210564153,0.04657164678364634,False,frequency,"horizontal channel fft coefficient  attr ""real""  coeff 90 statistic; selected on train bearings only to avoid held-out leakage.",train_only,train_bearings_only,single_snapshot,"Bearing1_1,Bearing1_2,Bearing1_4,Bearing1_5",Bearing1_3,False
"horizontal__cwt_coefficients__coeff_8__w_20__widths_(2, 5, 10, 20)",EfficientFCParameters,XJTU-SY,condition_1_35Hz12kN,rul,0.046547660002193195,0.3223666859581745,-0.046547660002193195,False,time_domain,"horizontal channel cwt coefficients  coeff 8  w 20  widths (2, 5, 10, 20) statistic; selected on train bearings only to avoid held-out leakage.",train_only,train_bearings_only,single_snapshot,"Bearing1_1,Bearing1_2,Bearing1_4,Bearing1_5",Bearing1_3,False
"vertical__fft_aggregated__aggtype_""skew""",EfficientFCParameters,XJTU-SY,condition_1_35Hz12kN,rul,0.04649869193497929,0.322876550926216,-0.04649869193497929,False,frequency,"vertical channel fft aggregated  aggtype ""skew"" statistic; selected on train bearings only to avoid held-out leakage.",train_only,train_bearings_only,single_snapshot,"Bearing1_1,Bearing1_2,Bearing1_4,Bearing1_5",Bearing1_3,False
"horizontal__fft_coefficient__attr_""real""__coeff_49",EfficientFCParameters,XJTU-SY,condition_1_35Hz12kN,rul,0.046321564551676776,0.3247252095803956,-0.046321564551676776,False,frequency,"horizontal channel fft coefficient  attr ""real""  coeff 49 statistic; selected on train bearings only to avoid held-out leakage.",train_only,train_bearings_only,single_snapshot,"Bearing1_1,Bearing1_2,Bearing1_4,Bearing1_5",Bearing1_3,False
"vertical__fft_coefficient__attr_""angle""__coeff_72",EfficientFCParameters,XJTU-SY,condition_1_35Hz12kN,rul,0.04567321027575314,0.3315504529748997,-0.04567321027575314,False,frequency,"vertical channel fft coefficient  attr ""angle""  coeff 72 statistic; selected on train bearings only to avoid held-out leakage.",train_only,train_bearings_only,single_snapshot,"Bearing1_1,Bearing1_2,Bearing1_4,Bearing1_5",Bearing1_3,False
"vertical__fft_coefficient__attr_""angle""__coeff_10",EfficientFCParameters,XJTU-SY,condition_1_35Hz12kN,rul,0.045573431588710835,0.3326089745470099,0.045573431588710835,False,frequency,"vertical channel fft coefficient  attr ""angle""  coeff 10 statistic; selected on train bearings only to avoid held-out leakage.",train_only,train_bearings_only,single_snapshot,"Bearing1_1,Bearing1_2,Bearing1_4,Bearing1_5",Bearing1_3,False
"vertical__fft_coefficient__attr_""angle""__coeff_33",EfficientFCParameters,XJTU-SY,condition_1_35Hz12kN,rul,0.04551325426537444,0.3332484277438829,0.04551325426537444,False,frequency,"vertical channel fft coefficient  attr ""angle""  coeff 33 statistic; selected on train bearings only to avoid held-out leakage.",train_only,train_bearings_only,single_snapshot,"Bearing1_1,Bearing1_2,Bearing1_4,Bearing1_5",Bearing1_3,False
"horizontal__cwt_coefficients__coeff_3__w_2__widths_(2, 5, 10, 20)",EfficientFCParameters,XJTU-SY,condition_1_35Hz12kN,rul,0.04548987856163769,0.3334970345601096,0.04548987856163769,False,time_domain,"horizontal channel cwt coefficients  coeff 3  w 2  widths (2, 5, 10, 20) statistic; selected on train bearings only to avoid held-out leakage.",train_only,train_bearings_only,single_snapshot,"Bearing1_1,Bearing1_2,Bearing1_4,Bearing1_5",Bearing1_3,False
"vertical__fft_coefficient__attr_""imag""__coeff_86",EfficientFCParameters,XJTU-SY,condition_1_35Hz12kN,rul,0.0454083634056915,0.33436490273902875,0.0454083634056915,False,frequency,"vertical channel fft coefficient  attr ""imag""  coeff 86 statistic; selected on train bearings only to avoid held-out leakage.",train_only,train_bearings_only,single_snapshot,"Bearing1_1,Bearing1_2,Bearing1_4,Bearing1_5",Bearing1_3,False
"vertical__fft_coefficient__attr_""real""__coeff_11",EfficientFCParameters,XJTU-SY,condition_1_35Hz12kN,rul,0.045303992533782256,0.33547822555933615,-0.045303992533782256,False,frequency,"vertical channel fft coefficient  attr ""real""  coeff 11 statistic; selected on train bearings only to avoid held-out leakage.",train_only,train_bearings_only,single_snapshot,"Bearing1_1,Bearing1_2,Bearing1_4,Bearing1_5",Bearing1_3,False
"vertical__change_quantiles__f_agg_""mean""__isabs_False__qh_0.6__ql_0.0",EfficientFCParameters,XJTU-SY,condition_1_35Hz12kN,rul,0.04526651679174918,0.3358785586753356,-0.04526651679174918,False,time_domain,"vertical channel change quantiles  f agg ""mean""  isabs False  qh 0.6  ql 0.0 statistic; selected on train bearings only to avoid held-out leakage.",train_only,train_bearings_only,single_snapshot,"Bearing1_1,Bearing1_2,Bearing1_4,Bearing1_5",Bearing1_3,True
"vertical__cwt_coefficients__coeff_4__w_10__widths_(2, 5, 10, 20)",EfficientFCParameters,XJTU-SY,condition_1_35Hz12kN,rul,0.04508422244399974,0.33783027985272357,0.04508422244399974,False,time_domain,"vertical channel cwt coefficients  coeff 4  w 10  widths (2, 5, 10, 20) statistic; selected on train bearings only to avoid held-out leakage.",train_only,train_bearings_only,single_snapshot,"Bearing1_1,Bearing1_2,Bearing1_4,Bearing1_5",Bearing1_3,False
"horizontal__fft_coefficient__attr_""angle""__coeff_67",EfficientFCParameters,XJTU-SY,condition_1_35Hz12kN,rul,0.04505268793819458,0.3381686369951896,0.04505268793819458,False,frequency,"horizontal channel fft coefficient  attr ""angle""  coeff 67 statistic; selected on train bearings only to avoid held-out leakage.",train_only,train_bearings_only,single_snapshot,"Bearing1_1,Bearing1_2,Bearing1_4,Bearing1_5",Bearing1_3,False
horizontal__energy_ratio_by_chunks__num_segments_10__segment_focus_0,EfficientFCParameters,XJTU-SY,condition_1_35Hz12kN,rul,0.04504738414372792,0.33822556664804837,-0.04504738414372792,False,energy,horizontal channel energy ratio by chunks  num segments 10  segment focus 0 statistic; selected on train bearings only to avoid held-out leakage.,train_only,train_bearings_only,single_snapshot,"Bearing1_1,Bearing1_2,Bearing1_4,Bearing1_5",Bearing1_3,False
"vertical__fft_coefficient__attr_""angle""__coeff_18",EfficientFCParameters,XJTU-SY,condition_1_35Hz12kN,rul,0.04493935070030892,0.33938650640228424,-0.04493935070030892,False,frequency,"vertical channel fft coefficient  attr ""angle""  coeff 18 statistic; selected on train bearings only to avoid held-out leakage.",train_only,train_bearings_only,single_snapshot,"Bearing1_1,Bearing1_2,Bearing1_4,Bearing1_5",Bearing1_3,False
vertical__autocorrelation__lag_2,EfficientFCParameters,XJTU-SY,condition_1_35Hz12kN,rul,0.044860491404820964,0.34023554387562105,0.044860491404820964,False,time_domain,vertical channel autocorrelation  lag 2 statistic; selected on train bearings only to avoid held-out leakage.,train_only,train_bearings_only,single_snapshot,"Bearing1_1,Bearing1_2,Bearing1_4,Bearing1_5",Bearing1_3,False
"vertical__fft_coefficient__attr_""abs""__coeff_27",EfficientFCParameters,XJTU-SY,condition_1_35Hz12kN,rul,0.044696548123295224,0.3420049745850231,0.044696548123295224,False,frequency,"vertical channel fft coefficient  attr ""abs""  coeff 27 statistic; selected on train bearings only to avoid held-out leakage.",train_only,train_bearings_only,single_snapshot,"Bearing1_1,Bearing1_2,Bearing1_4,Bearing1_5",Bearing1_3,False
"horizontal__fft_coefficient__attr_""real""__coeff_14",EfficientFCParameters,XJTU-SY,condition_1_35Hz12kN,rul,0.044587393933821974,0.3431863172463285,-0.044587393933821974,False,frequency,"horizontal channel fft coefficient  attr ""real""  coeff 14 statistic; selected on train bearings only to avoid held-out leakage.",train_only,train_bearings_only,single_snapshot,"Bearing1_1,Bearing1_2,Bearing1_4,Bearing1_5",Bearing1_3,False
"vertical__fft_coefficient__attr_""imag""__coeff_46",EfficientFCParameters,XJTU-SY,condition_1_35Hz12kN,rul,0.04458154003204499,0.3432497455782683,-0.04458154003204499,False,frequency,"vertical channel fft coefficient  attr ""imag""  coeff 46 statistic; selected on train bearings only to avoid held-out leakage.",train_only,train_bearings_only,single_snapshot,"Bearing1_1,Bearing1_2,Bearing1_4,Bearing1_5",Bearing1_3,False
"vertical__agg_linear_trend__attr_""intercept""__chunk_len_10__f_agg_""mean""",EfficientFCParameters,XJTU-SY,condition_1_35Hz12kN,rul,0.044461858936438205,0.34454815307341174,-0.044461858936438205,False,time_domain,"vertical channel agg linear trend  attr ""intercept""  chunk len 10  f agg ""mean"" statistic; selected on train bearings only to avoid held-out leakage.",train_only,train_bearings_only,single_snapshot,"Bearing1_1,Bearing1_2,Bearing1_4,Bearing1_5",Bearing1_3,True
"horizontal__fft_coefficient__attr_""angle""__coeff_55",EfficientFCParameters,XJTU-SY,condition_1_35Hz12kN,rul,0.04442244685827792,0.34497641324923006,-0.04442244685827792,False,frequency,"horizontal channel fft coefficient  attr ""angle""  coeff 55 statistic; selected on train bearings only to avoid held-out leakage.",train_only,train_bearings_only,single_snapshot,"Bearing1_1,Bearing1_2,Bearing1_4,Bearing1_5",Bearing1_3,False
"vertical__fft_coefficient__attr_""abs""__coeff_97",EfficientFCParameters,XJTU-SY,condition_1_35Hz12kN,rul,0.044165198281554276,0.3477800385757556,0.044165198281554276,False,frequency,"vertical channel fft coefficient  attr ""abs""  coeff 97 statistic; selected on train bearings only to avoid held-out leakage.",train_only,train_bearings_only,single_snapshot,"Bearing1_1,Bearing1_2,Bearing1_4,Bearing1_5",Bearing1_3,False
"horizontal__fft_coefficient__attr_""real""__coeff_22",EfficientFCParameters,XJTU-SY,condition_1_35Hz12kN,rul,0.04410977241897755,0.34838598342704963,0.04410977241897755,False,frequency,"horizontal channel fft coefficient  attr ""real""  coeff 22 statistic; selected on train bearings only to avoid held-out leakage.",train_only,train_bearings_only,single_snapshot,"Bearing1_1,Bearing1_2,Bearing1_4,Bearing1_5",Bearing1_3,False
"vertical__fft_coefficient__attr_""imag""__coeff_8",EfficientFCParameters,XJTU-SY,condition_1_35Hz12kN,rul,0.04409093160213398,0.3485921134101375,0.04409093160213398,False,frequency,"vertical channel fft coefficient  attr ""imag""  coeff 8 statistic; selected on train bearings only to avoid held-out leakage.",train_only,train_bearings_only,single_snapshot,"Bearing1_1,Bearing1_2,Bearing1_4,Bearing1_5",Bearing1_3,False
"vertical__fft_coefficient__attr_""abs""__coeff_24",EfficientFCParameters,XJTU-SY,condition_1_35Hz12kN,rul,0.044017791606509246,0.3493930410919239,0.044017791606509246,False,frequency,"vertical channel fft coefficient  attr ""abs""  coeff 24 statistic; selected on train bearings only to avoid held-out leakage.",train_only,train_bearings_only,single_snapshot,"Bearing1_1,Bearing1_2,Bearing1_4,Bearing1_5",Bearing1_3,False
"vertical__cwt_coefficients__coeff_1__w_10__widths_(2, 5, 10, 20)",EfficientFCParameters,XJTU-SY,condition_1_35Hz12kN,rul,0.04378522040878701,0.3519475683795627,0.04378522040878701,False,time_domain,"vertical channel cwt coefficients  coeff 1  w 10  widths (2, 5, 10, 20) statistic; selected on train bearings only to avoid held-out leakage.",train_only,train_bearings_only,single_snapshot,"Bearing1_1,Bearing1_2,Bearing1_4,Bearing1_5",Bearing1_3,False
"horizontal__fft_coefficient__attr_""imag""__coeff_3",EfficientFCParameters,XJTU-SY,condition_1_35Hz12kN,rul,0.04368154516272315,0.35309011046630573,0.04368154516272315,False,frequency,"horizontal channel fft coefficient  attr ""imag""  coeff 3 statistic; selected on train bearings only to avoid held-out leakage.",train_only,train_bearings_only,single_snapshot,"Bearing1_1,Bearing1_2,Bearing1_4,Bearing1_5",Bearing1_3,False
"horizontal__agg_linear_trend__attr_""stderr""__chunk_len_50__f_agg_""min""",EfficientFCParameters,XJTU-SY,condition_1_35Hz12kN,rul,0.04367409685459122,0.35317228367925113,-0.04367409685459122,False,time_domain,"horizontal channel agg linear trend  attr ""stderr""  chunk len 50  f agg ""min"" statistic; selected on train bearings only to avoid held-out leakage.",train_only,train_bearings_only,single_snapshot,"Bearing1_1,Bearing1_2,Bearing1_4,Bearing1_5",Bearing1_3,False
"horizontal__change_quantiles__f_agg_""var""__isabs_False__qh_0.2__ql_0.0",EfficientFCParameters,XJTU-SY,condition_1_35Hz12kN,rul,0.04351414152222899,0.35493989382884733,-0.04351414152222899,False,time_domain,"horizontal channel change quantiles  f agg ""var""  isabs False  qh 0.2  ql 0.0 statistic; selected on train bearings only to avoid held-out leakage.",train_only,train_bearings_only,single_snapshot,"Bearing1_1,Bearing1_2,Bearing1_4,Bearing1_5",Bearing1_3,False
"vertical__fft_coefficient__attr_""real""__coeff_71",EfficientFCParameters,XJTU-SY,condition_1_35Hz12kN,rul,0.04346580490717963,0.3554751379954383,0.04346580490717963,False,frequency,"vertical channel fft coefficient  attr ""real""  coeff 71 statistic; selected on train bearings only to avoid held-out leakage.",train_only,train_bearings_only,single_snapshot,"Bearing1_1,Bearing1_2,Bearing1_4,Bearing1_5",Bearing1_3,False
"vertical__agg_linear_trend__attr_""rvalue""__chunk_len_10__f_agg_""var""",EfficientFCParameters,XJTU-SY,condition_1_35Hz12kN,rul,0.04332474927503236,0.35703998404548537,-0.04332474927503236,False,time_domain,"vertical channel agg linear trend  attr ""rvalue""  chunk len 10  f agg ""var"" statistic; selected on train bearings only to avoid held-out leakage.",train_only,train_bearings_only,single_snapshot,"Bearing1_1,Bearing1_2,Bearing1_4,Bearing1_5",Bearing1_3,False
"vertical__fft_coefficient__attr_""real""__coeff_87",EfficientFCParameters,XJTU-SY,condition_1_35Hz12kN,rul,0.04329665101776997,0.35735221684973206,0.04329665101776997,False,frequency,"vertical channel fft coefficient  attr ""real""  coeff 87 statistic; selected on train bearings only to avoid held-out leakage.",train_only,train_bearings_only,single_snapshot,"Bearing1_1,Bearing1_2,Bearing1_4,Bearing1_5",Bearing1_3,False
"vertical__fft_coefficient__attr_""real""__coeff_1",EfficientFCParameters,XJTU-SY,condition_1_35Hz12kN,rul,0.04327704229518013,0.3575702139291071,0.04327704229518013,False,frequency,"vertical channel fft coefficient  attr ""real""  coeff 1 statistic; selected on train bearings only to avoid held-out leakage.",train_only,train_bearings_only,single_snapshot,"Bearing1_1,Bearing1_2,Bearing1_4,Bearing1_5",Bearing1_3,False
"horizontal__fft_coefficient__attr_""abs""__coeff_23",EfficientFCParameters,XJTU-SY,condition_1_35Hz12kN,rul,0.04321102366408524,0.3583047795036448,0.04321102366408524,False,frequency,"horizontal channel fft coefficient  attr ""abs""  coeff 23 statistic; selected on train bearings only to avoid held-out leakage.",train_only,train_bearings_only,single_snapshot,"Bearing1_1,Bearing1_2,Bearing1_4,Bearing1_5",Bearing1_3,False
"horizontal__fft_coefficient__attr_""abs""__coeff_13",EfficientFCParameters,XJTU-SY,condition_1_35Hz12kN,rul,0.04315320224826989,0.3589489141908921,0.04315320224826989,False,frequency,"horizontal channel fft coefficient  attr ""abs""  coeff 13 statistic; selected on train bearings only to avoid held-out leakage.",train_only,train_bearings_only,single_snapshot,"Bearing1_1,Bearing1_2,Bearing1_4,Bearing1_5",Bearing1_3,False
"vertical__fft_coefficient__attr_""imag""__coeff_69",EfficientFCParameters,XJTU-SY,condition_1_35Hz12kN,rul,0.04314329932160907,0.35905930622170934,-0.04314329932160907,False,frequency,"vertical channel fft coefficient  attr ""imag""  coeff 69 statistic; selected on train bearings only to avoid held-out leakage.",train_only,train_bearings_only,single_snapshot,"Bearing1_1,Bearing1_2,Bearing1_4,Bearing1_5",Bearing1_3,False
"horizontal__fft_coefficient__attr_""abs""__coeff_79",EfficientFCParameters,XJTU-SY,condition_1_35Hz12kN,rul,0.04312352420584631,0.3592798112701822,-0.04312352420584631,False,frequency,"horizontal channel fft coefficient  attr ""abs""  coeff 79 statistic; selected on train bearings only to avoid held-out leakage.",train_only,train_bearings_only,single_snapshot,"Bearing1_1,Bearing1_2,Bearing1_4,Bearing1_5",Bearing1_3,False
horizontal__lempel_ziv_complexity__bins_10,EfficientFCParameters,XJTU-SY,condition_1_35Hz12kN,rul,0.043015201264951494,0.36048918476148184,0.043015201264951494,False,time_domain,horizontal channel lempel ziv complexity  bins 10 statistic; selected on train bearings only to avoid held-out leakage.,train_only,train_bearings_only,single_snapshot,"Bearing1_1,Bearing1_2,Bearing1_4,Bearing1_5",Bearing1_3,False
"vertical__cwt_coefficients__coeff_2__w_10__widths_(2, 5, 10, 20)",EfficientFCParameters,XJTU-SY,condition_1_35Hz12kN,rul,0.043002462047779376,0.3606315791405012,0.043002462047779376,False,time_domain,"vertical channel cwt coefficients  coeff 2  w 10  widths (2, 5, 10, 20) statistic; selected on train bearings only to avoid held-out leakage.",train_only,train_bearings_only,single_snapshot,"Bearing1_1,Bearing1_2,Bearing1_4,Bearing1_5",Bearing1_3,False
"horizontal__fft_coefficient__attr_""real""__coeff_73",EfficientFCParameters,XJTU-SY,condition_1_35Hz12kN,rul,0.042977468719455084,0.36091104775018323,0.042977468719455084,False,frequency,"horizontal channel fft coefficient  attr ""real""  coeff 73 statistic; selected on train bearings only to avoid held-out leakage.",train_only,train_bearings_only,single_snapshot,"Bearing1_1,Bearing1_2,Bearing1_4,Bearing1_5",Bearing1_3,False
"horizontal__cwt_coefficients__coeff_0__w_10__widths_(2, 5, 10, 20)",EfficientFCParameters,XJTU-SY,condition_1_35Hz12kN,rul,0.04291152283647765,0.3616490864680235,0.04291152283647765,False,time_domain,"horizontal channel cwt coefficients  coeff 0  w 10  widths (2, 5, 10, 20) statistic; selected on train bearings only to avoid held-out leakage.",train_only,train_bearings_only,single_snapshot,"Bearing1_1,Bearing1_2,Bearing1_4,Bearing1_5",Bearing1_3,False
"vertical__fft_coefficient__attr_""imag""__coeff_83",EfficientFCParameters,XJTU-SY,condition_1_35Hz12kN,rul,0.04284859049910826,0.362354277423229,-0.04284859049910826,False,frequency,"vertical channel fft coefficient  attr ""imag""  coeff 83 statistic; selected on train bearings only to avoid held-out leakage.",train_only,train_bearings_only,single_snapshot,"Bearing1_1,Bearing1_2,Bearing1_4,Bearing1_5",Bearing1_3,False
"vertical__cwt_coefficients__coeff_3__w_10__widths_(2, 5, 10, 20)",EfficientFCParameters,XJTU-SY,condition_1_35Hz12kN,rul,0.0428465719465018,0.36237691059899696,0.0428465719465018,False,time_domain,"vertical channel cwt coefficients  coeff 3  w 10  widths (2, 5, 10, 20) statistic; selected on train bearings only to avoid held-out leakage.",train_only,train_bearings_only,single_snapshot,"Bearing1_1,Bearing1_2,Bearing1_4,Bearing1_5",Bearing1_3,False
"horizontal__fft_coefficient__attr_""angle""__coeff_12",EfficientFCParameters,XJTU-SY,condition_1_35Hz12kN,rul,0.042839047104222185,0.3624612912465529,-0.042839047104222185,False,frequency,"horizontal channel fft coefficient  attr ""angle""  coeff 12 statistic; selected on train bearings only to avoid held-out leakage.",train_only,train_bearings_only,single_snapshot,"Bearing1_1,Bearing1_2,Bearing1_4,Bearing1_5",Bearing1_3,False
"horizontal__fft_coefficient__attr_""abs""__coeff_70",EfficientFCParameters,XJTU-SY,condition_1_35Hz12kN,rul,0.04258863625673769,0.36527629307517745,0.04258863625673769,False,frequency,"horizontal channel fft coefficient  attr ""abs""  coeff 70 statistic; selected on train bearings only to avoid held-out leakage.",train_only,train_bearings_only,single_snapshot,"Bearing1_1,Bearing1_2,Bearing1_4,Bearing1_5",Bearing1_3,False
"horizontal__cwt_coefficients__coeff_7__w_20__widths_(2, 5, 10, 20)",EfficientFCParameters,XJTU-SY,condition_1_35Hz12kN,rul,0.0424429728373611,0.36692001527823104,-0.0424429728373611,False,time_domain,"horizontal channel cwt coefficients  coeff 7  w 20  widths (2, 5, 10, 20) statistic; selected on train bearings only to avoid held-out leakage.",train_only,train_bearings_only,single_snapshot,"Bearing1_1,Bearing1_2,Bearing1_4,Bearing1_5",Bearing1_3,False
"vertical__agg_linear_trend__attr_""intercept""__chunk_len_5__f_agg_""max""",EfficientFCParameters,XJTU-SY,condition_1_35Hz12kN,rul,0.04239509431874686,0.36746129687031226,-0.04239509431874686,False,time_domain,"vertical channel agg linear trend  attr ""intercept""  chunk len 5  f agg ""max"" statistic; selected on train bearings only to avoid held-out leakage.",train_only,train_bearings_only,single_snapshot,"Bearing1_1,Bearing1_2,Bearing1_4,Bearing1_5",Bearing1_3,False
"vertical__agg_linear_trend__attr_""rvalue""__chunk_len_5__f_agg_""mean""",EfficientFCParameters,XJTU-SY,condition_1_35Hz12kN,rul,0.04221870227068114,0.36945973891482464,0.04221870227068114,False,time_domain,"vertical channel agg linear trend  attr ""rvalue""  chunk len 5  f agg ""mean"" statistic; selected on train bearings only to avoid held-out leakage.",train_only,train_bearings_only,single_snapshot,"Bearing1_1,Bearing1_2,Bearing1_4,Bearing1_5",Bearing1_3,True
"vertical__fft_coefficient__attr_""imag""__coeff_80",EfficientFCParameters,XJTU-SY,condition_1_35Hz12kN,rul,0.04204305290007788,0.37145644472756617,0.04204305290007788,False,frequency,"vertical channel fft coefficient  attr ""imag""  coeff 80 statistic; selected on train bearings only to avoid held-out leakage.",train_only,train_bearings_only,single_snapshot,"Bearing1_1,Bearing1_2,Bearing1_4,Bearing1_5",Bearing1_3,False
"vertical__fft_coefficient__attr_""imag""__coeff_74",EfficientFCParameters,XJTU-SY,condition_1_35Hz12kN,rul,0.042036758440939674,0.37152812101663807,-0.042036758440939674,False,frequency,"vertical channel fft coefficient  attr ""imag""  coeff 74 statistic; selected on train bearings only to avoid held-out leakage.",train_only,train_bearings_only,single_snapshot,"Bearing1_1,Bearing1_2,Bearing1_4,Bearing1_5",Bearing1_3,False
horizontal__maximum,EfficientFCParameters,XJTU-SY,condition_1_35Hz12kN,rul,0.04193677519249295,0.3726677970150667,0.04193677519249295,False,time_domain,horizontal channel maximum statistic; selected on train bearings only to avoid held-out leakage.,train_only,train_bearings_only,single_snapshot,"Bearing1_1,Bearing1_2,Bearing1_4,Bearing1_5",Bearing1_3,False
"horizontal__fft_coefficient__attr_""real""__coeff_65",EfficientFCParameters,XJTU-SY,condition_1_35Hz12kN,rul,0.0418088197731283,0.37412946384803114,0.0418088197731283,False,frequency,"horizontal channel fft coefficient  attr ""real""  coeff 65 statistic; selected on train bearings only to avoid held-out leakage.",train_only,train_bearings_only,single_snapshot,"Bearing1_1,Bearing1_2,Bearing1_4,Bearing1_5",Bearing1_3,False
"horizontal__fft_coefficient__attr_""real""__coeff_94",EfficientFCParameters,XJTU-SY,condition_1_35Hz12kN,rul,0.04172253051946654,0.3751171602306323,-0.04172253051946654,False,frequency,"horizontal channel fft coefficient  attr ""real""  coeff 94 statistic; selected on train bearings only to avoid held-out leakage.",train_only,train_bearings_only,single_snapshot,"Bearing1_1,Bearing1_2,Bearing1_4,Bearing1_5",Bearing1_3,False
"horizontal__fft_coefficient__attr_""angle""__coeff_95",EfficientFCParameters,XJTU-SY,condition_1_35Hz12kN,rul,0.041683300131478244,0.37556673521872386,0.041683300131478244,False,frequency,"horizontal channel fft coefficient  attr ""angle""  coeff 95 statistic; selected on train bearings only to avoid held-out leakage.",train_only,train_bearings_only,single_snapshot,"Bearing1_1,Bearing1_2,Bearing1_4,Bearing1_5",Bearing1_3,False
"vertical__fft_coefficient__attr_""imag""__coeff_28",EfficientFCParameters,XJTU-SY,condition_1_35Hz12kN,rul,0.04164867133196413,0.37596385209641625,-0.04164867133196413,False,frequency,"vertical channel fft coefficient  attr ""imag""  coeff 28 statistic; selected on train bearings only to avoid held-out leakage.",train_only,train_bearings_only,single_snapshot,"Bearing1_1,Bearing1_2,Bearing1_4,Bearing1_5",Bearing1_3,False
"horizontal__cwt_coefficients__coeff_11__w_2__widths_(2, 5, 10, 20)",EfficientFCParameters,XJTU-SY,condition_1_35Hz12kN,rul,0.04160773405244307,0.37643364661424883,-0.04160773405244307,False,time_domain,"horizontal channel cwt coefficients  coeff 11  w 2  widths (2, 5, 10, 20) statistic; selected on train bearings only to avoid held-out leakage.",train_only,train_bearings_only,single_snapshot,"Bearing1_1,Bearing1_2,Bearing1_4,Bearing1_5",Bearing1_3,False
"vertical__fft_coefficient__attr_""angle""__coeff_69",EfficientFCParameters,XJTU-SY,condition_1_35Hz12kN,rul,0.04158456788087596,0.3766996605234333,-0.04158456788087596,False,frequency,"vertical channel fft coefficient  attr ""angle""  coeff 69 statistic; selected on train bearings only to avoid held-out leakage.",train_only,train_bearings_only,single_snapshot,"Bearing1_1,Bearing1_2,Bearing1_4,Bearing1_5",Bearing1_3,False
"vertical__fft_coefficient__attr_""imag""__coeff_11",EfficientFCParameters,XJTU-SY,condition_1_35Hz12kN,rul,0.0415467449747575,0.37713422398316593,-0.0415467449747575,False,frequency,"vertical channel fft coefficient  attr ""imag""  coeff 11 statistic; selected on train bearings only to avoid held-out leakage.",train_only,train_bearings_only,single_snapshot,"Bearing1_1,Bearing1_2,Bearing1_4,Bearing1_5",Bearing1_3,False
"vertical__fft_coefficient__attr_""angle""__coeff_89",EfficientFCParameters,XJTU-SY,condition_1_35Hz12kN,rul,0.04151073548814341,0.37754823844042057,-0.04151073548814341,False,frequency,"vertical channel fft coefficient  attr ""angle""  coeff 89 statistic; selected on train bearings only to avoid held-out leakage.",train_only,train_bearings_only,single_snapshot,"Bearing1_1,Bearing1_2,Bearing1_4,Bearing1_5",Bearing1_3,False
"horizontal__fft_coefficient__attr_""abs""__coeff_15",EfficientFCParameters,XJTU-SY,condition_1_35Hz12kN,rul,0.04145875976674524,0.37814631471428883,0.04145875976674524,False,frequency,"horizontal channel fft coefficient  attr ""abs""  coeff 15 statistic; selected on train bearings only to avoid held-out leakage.",train_only,train_bearings_only,single_snapshot,"Bearing1_1,Bearing1_2,Bearing1_4,Bearing1_5",Bearing1_3,False
"horizontal__cwt_coefficients__coeff_6__w_20__widths_(2, 5, 10, 20)",EfficientFCParameters,XJTU-SY,condition_1_35Hz12kN,rul,0.04129659822746763,0.38001601626249754,-0.04129659822746763,False,time_domain,"horizontal channel cwt coefficients  coeff 6  w 20  widths (2, 5, 10, 20) statistic; selected on train bearings only to avoid held-out leakage.",train_only,train_bearings_only,single_snapshot,"Bearing1_1,Bearing1_2,Bearing1_4,Bearing1_5",Bearing1_3,False
"horizontal__agg_linear_trend__attr_""rvalue""__chunk_len_5__f_agg_""max""",EfficientFCParameters,XJTU-SY,condition_1_35Hz12kN,rul,0.041255588906026715,0.3804897441260223,-0.041255588906026715,False,time_domain,"horizontal channel agg linear trend  attr ""rvalue""  chunk len 5  f agg ""max"" statistic; selected on train bearings only to avoid held-out leakage.",train_only,train_bearings_only,single_snapshot,"Bearing1_1,Bearing1_2,Bearing1_4,Bearing1_5",Bearing1_3,False
"horizontal__fft_coefficient__attr_""angle""__coeff_15",EfficientFCParameters,XJTU-SY,condition_1_35Hz12kN,rul,0.04125143810685424,0.3805377131053926,-0.04125143810685424,False,frequency,"horizontal channel fft coefficient  attr ""angle""  coeff 15 statistic; selected on train bearings only to avoid held-out leakage.",train_only,train_bearings_only,single_snapshot,"Bearing1_1,Bearing1_2,Bearing1_4,Bearing1_5",Bearing1_3,False
"vertical__fft_coefficient__attr_""abs""__coeff_73",EfficientFCParameters,XJTU-SY,condition_1_35Hz12kN,rul,0.04123600088015884,0.3807161469057173,-0.04123600088015884,False,frequency,"vertical channel fft coefficient  attr ""abs""  coeff 73 statistic; selected on train bearings only to avoid held-out leakage.",train_only,train_bearings_only,single_snapshot,"Bearing1_1,Bearing1_2,Bearing1_4,Bearing1_5",Bearing1_3,False
"vertical__fft_coefficient__attr_""imag""__coeff_7",EfficientFCParameters,XJTU-SY,condition_1_35Hz12kN,rul,0.0412334536853947,0.38074559400993124,0.0412334536853947,False,frequency,"vertical channel fft coefficient  attr ""imag""  coeff 7 statistic; selected on train bearings only to avoid held-out leakage.",train_only,train_bearings_only,single_snapshot,"Bearing1_1,Bearing1_2,Bearing1_4,Bearing1_5",Bearing1_3,False
"vertical__agg_linear_trend__attr_""intercept""__chunk_len_5__f_agg_""min""",EfficientFCParameters,XJTU-SY,condition_1_35Hz12kN,rul,0.04120203750859521,0.3811088985489862,-0.04120203750859521,False,time_domain,"vertical channel agg linear trend  attr ""intercept""  chunk len 5  f agg ""min"" statistic; selected on train bearings only to avoid held-out leakage.",train_only,train_bearings_only,single_snapshot,"Bearing1_1,Bearing1_2,Bearing1_4,Bearing1_5",Bearing1_3,False
"horizontal__fft_coefficient__attr_""angle""__coeff_71",EfficientFCParameters,XJTU-SY,condition_1_35Hz12kN,rul,0.041157473107200276,0.3816246161676625,-0.041157473107200276,False,frequency,"horizontal channel fft coefficient  attr ""angle""  coeff 71 statistic; selected on train bearings only to avoid held-out leakage.",train_only,train_bearings_only,single_snapshot,"Bearing1_1,Bearing1_2,Bearing1_4,Bearing1_5",Bearing1_3,False
"horizontal__fft_coefficient__attr_""real""__coeff_15",EfficientFCParameters,XJTU-SY,condition_1_35Hz12kN,rul,0.04089312558518543,0.3846925204690637,0.04089312558518543,False,frequency,"horizontal channel fft coefficient  attr ""real""  coeff 15 statistic; selected on train bearings only to avoid held-out leakage.",train_only,train_bearings_only,single_snapshot,"Bearing1_1,Bearing1_2,Bearing1_4,Bearing1_5",Bearing1_3,False
"horizontal__cwt_coefficients__coeff_1__w_10__widths_(2, 5, 10, 20)",EfficientFCParameters,XJTU-SY,condition_1_35Hz12kN,rul,0.04085345804540015,0.38515417861141726,0.04085345804540015,False,time_domain,"horizontal channel cwt coefficients  coeff 1  w 10  widths (2, 5, 10, 20) statistic; selected on train bearings only to avoid held-out leakage.",train_only,train_bearings_only,single_snapshot,"Bearing1_1,Bearing1_2,Bearing1_4,Bearing1_5",Bearing1_3,False
"vertical__cwt_coefficients__coeff_6__w_10__widths_(2, 5, 10, 20)",EfficientFCParameters,XJTU-SY,condition_1_35Hz12kN,rul,0.040741525438794605,0.38645868967339353,0.040741525438794605,False,time_domain,"vertical channel cwt coefficients  coeff 6  w 10  widths (2, 5, 10, 20) statistic; selected on train bearings only to avoid held-out leakage.",train_only,train_bearings_only,single_snapshot,"Bearing1_1,Bearing1_2,Bearing1_4,Bearing1_5",Bearing1_3,False
"horizontal__agg_linear_trend__attr_""rvalue""__chunk_len_10__f_agg_""var""",EfficientFCParameters,XJTU-SY,condition_1_35Hz12kN,rul,0.04062111942106833,0.3878649502185854,-0.04062111942106833,False,time_domain,"horizontal channel agg linear trend  attr ""rvalue""  chunk len 10  f agg ""var"" statistic; selected on train bearings only to avoid held-out leakage.",train_only,train_bearings_only,single_snapshot,"Bearing1_1,Bearing1_2,Bearing1_4,Bearing1_5",Bearing1_3,False
"horizontal__agg_linear_trend__attr_""intercept""__chunk_len_5__f_agg_""var""",EfficientFCParameters,XJTU-SY,condition_1_35Hz12kN,rul,0.04048062931215215,0.38950970253253697,-0.04048062931215215,False,time_domain,"horizontal channel agg linear trend  attr ""intercept""  chunk len 5  f agg ""var"" statistic; selected on train bearings only to avoid held-out leakage.",train_only,train_bearings_only,single_snapshot,"Bearing1_1,Bearing1_2,Bearing1_4,Bearing1_5",Bearing1_3,False
"horizontal__fft_coefficient__attr_""imag""__coeff_39",EfficientFCParameters,XJTU-SY,condition_1_35Hz12kN,rul,0.04046889809512032,0.3896472338067765,-0.04046889809512032,False,frequency,"horizontal channel fft coefficient  attr ""imag""  coeff 39 statistic; selected on train bearings only to avoid held-out leakage.",train_only,train_bearings_only,single_snapshot,"Bearing1_1,Bearing1_2,Bearing1_4,Bearing1_5",Bearing1_3,False
"horizontal__fft_coefficient__attr_""real""__coeff_96",EfficientFCParameters,XJTU-SY,condition_1_35Hz12kN,rul,0.04042048999277364,0.390215058932489,-0.04042048999277364,False,frequency,"horizontal channel fft coefficient  attr ""real""  coeff 96 statistic; selected on train bearings only to avoid held-out leakage.",train_only,train_bearings_only,single_snapshot,"Bearing1_1,Bearing1_2,Bearing1_4,Bearing1_5",Bearing1_3,False
"horizontal__agg_linear_trend__attr_""stderr""__chunk_len_10__f_agg_""max""",EfficientFCParameters,XJTU-SY,condition_1_35Hz12kN,rul,0.04041925409402515,0.39022956253551666,0.04041925409402515,False,time_domain,"horizontal channel agg linear trend  attr ""stderr""  chunk len 10  f agg ""max"" statistic; selected on train bearings only to avoid held-out leakage.",train_only,train_bearings_only,single_snapshot,"Bearing1_1,Bearing1_2,Bearing1_4,Bearing1_5",Bearing1_3,False
horizontal__minimum,EfficientFCParameters,XJTU-SY,condition_1_35Hz12kN,rul,0.040403679987257184,0.3904123568379125,0.040403679987257184,False,time_domain,horizontal channel minimum statistic; selected on train bearings only to avoid held-out leakage.,train_only,train_bearings_only,single_snapshot,"Bearing1_1,Bearing1_2,Bearing1_4,Bearing1_5",Bearing1_3,False
"vertical__fft_coefficient__attr_""imag""__coeff_18",EfficientFCParameters,XJTU-SY,condition_1_35Hz12kN,rul,0.040389677031808846,0.39057675470533354,-0.040389677031808846,False,frequency,"vertical channel fft coefficient  attr ""imag""  coeff 18 statistic; selected on train bearings only to avoid held-out leakage.",train_only,train_bearings_only,single_snapshot,"Bearing1_1,Bearing1_2,Bearing1_4,Bearing1_5",Bearing1_3,False
horizontal__sum_of_reoccurring_values,EfficientFCParameters,XJTU-SY,condition_1_35Hz12kN,rul,0.04034250911944832,0.39113082503243674,0.04034250911944832,False,time_domain,horizontal channel sum of reoccurring values statistic; selected on train bearings only to avoid held-out leakage.,train_only,train_bearings_only,single_snapshot,"Bearing1_1,Bearing1_2,Bearing1_4,Bearing1_5",Bearing1_3,False
horizontal__sum_of_reoccurring_data_points,EfficientFCParameters,XJTU-SY,condition_1_35Hz12kN,rul,0.04034250911944832,0.39113082503243674,0.04034250911944832,False,time_domain,horizontal channel sum of reoccurring data points statistic; selected on train bearings only to avoid held-out leakage.,train_only,train_bearings_only,single_snapshot,"Bearing1_1,Bearing1_2,Bearing1_4,Bearing1_5",Bearing1_3,False
"vertical__fft_coefficient__attr_""abs""__coeff_50",EfficientFCParameters,XJTU-SY,condition_1_35Hz12kN,rul,0.0402556158490063,0.3921527842964428,-0.0402556158490063,False,frequency,"vertical channel fft coefficient  attr ""abs""  coeff 50 statistic; selected on train bearings only to avoid held-out leakage.",train_only,train_bearings_only,single_snapshot,"Bearing1_1,Bearing1_2,Bearing1_4,Bearing1_5",Bearing1_3,False
"horizontal__fft_coefficient__attr_""angle""__coeff_23",EfficientFCParameters,XJTU-SY,condition_1_35Hz12kN,rul,0.04019867517627791,0.39282334308403444,-0.04019867517627791,False,frequency,"horizontal channel fft coefficient  attr ""angle""  coeff 23 statistic; selected on train bearings only to avoid held-out leakage.",train_only,train_bearings_only,single_snapshot,"Bearing1_1,Bearing1_2,Bearing1_4,Bearing1_5",Bearing1_3,False
"vertical__fft_coefficient__attr_""angle""__coeff_41",EfficientFCParameters,XJTU-SY,condition_1_35Hz12kN,rul,0.040070124345633736,0.3943397599192133,-0.040070124345633736,False,frequency,"vertical channel fft coefficient  attr ""angle""  coeff 41 statistic; selected on train bearings only to avoid held-out leakage.",train_only,train_bearings_only,single_snapshot,"Bearing1_1,Bearing1_2,Bearing1_4,Bearing1_5",Bearing1_3,False
"horizontal__fft_coefficient__attr_""real""__coeff_29",EfficientFCParameters,XJTU-SY,condition_1_35Hz12kN,rul,0.04006248874532689,0.3944299422455484,0.04006248874532689,False,frequency,"horizontal channel fft coefficient  attr ""real""  coeff 29 statistic; selected on train bearings only to avoid held-out leakage.",train_only,train_bearings_only,single_snapshot,"Bearing1_1,Bearing1_2,Bearing1_4,Bearing1_5",Bearing1_3,False
horizontal__large_standard_deviation__r_0.2,EfficientFCParameters,XJTU-SY,condition_1_35Hz12kN,rul,0.0400541474937766,0.3945284730688569,0.0400541474937766,False,distribution,horizontal channel large standard deviation  r 0.2 statistic; selected on train bearings only to avoid held-out leakage.,train_only,train_bearings_only,single_snapshot,"Bearing1_1,Bearing1_2,Bearing1_4,Bearing1_5",Bearing1_3,True
"horizontal__fft_coefficient__attr_""real""__coeff_18",EfficientFCParameters,XJTU-SY,condition_1_35Hz12kN,rul,0.039910019183974445,0.3962333276728059,-0.039910019183974445,False,frequency,"horizontal channel fft coefficient  attr ""real""  coeff 18 statistic; selected on train bearings only to avoid held-out leakage.",train_only,train_bearings_only,single_snapshot,"Bearing1_1,Bearing1_2,Bearing1_4,Bearing1_5",Bearing1_3,False
"vertical__cwt_coefficients__coeff_5__w_10__widths_(2, 5, 10, 20)",EfficientFCParameters,XJTU-SY,condition_1_35Hz12kN,rul,0.03984213193084134,0.3970378810702496,0.03984213193084134,False,time_domain,"vertical channel cwt coefficients  coeff 5  w 10  widths (2, 5, 10, 20) statistic; selected on train bearings only to avoid held-out leakage.",train_only,train_bearings_only,single_snapshot,"Bearing1_1,Bearing1_2,Bearing1_4,Bearing1_5",Bearing1_3,False
"vertical__cwt_coefficients__coeff_0__w_10__widths_(2, 5, 10, 20)",EfficientFCParameters,XJTU-SY,condition_1_35Hz12kN,rul,0.03981896034326186,0.39731271959722647,0.03981896034326186,False,time_domain,"vertical channel cwt coefficients  coeff 0  w 10  widths (2, 5, 10, 20) statistic; selected on train bearings only to avoid held-out leakage.",train_only,train_bearings_only,single_snapshot,"Bearing1_1,Bearing1_2,Bearing1_4,Bearing1_5",Bearing1_3,False
"vertical__fft_coefficient__attr_""imag""__coeff_12",EfficientFCParameters,XJTU-SY,condition_1_35Hz12kN,rul,0.03974367478527431,0.3982064716634023,0.03974367478527431,False,frequency,"vertical channel fft coefficient  attr ""imag""  coeff 12 statistic; selected on train bearings only to avoid held-out leakage.",train_only,train_bearings_only,single_snapshot,"Bearing1_1,Bearing1_2,Bearing1_4,Bearing1_5",Bearing1_3,False
"horizontal__cwt_coefficients__coeff_2__w_5__widths_(2, 5, 10, 20)",EfficientFCParameters,XJTU-SY,condition_1_35Hz12kN,rul,0.03963315401298547,0.39952070312429316,0.03963315401298547,False,time_domain,"horizontal channel cwt coefficients  coeff 2  w 5  widths (2, 5, 10, 20) statistic; selected on train bearings only to avoid held-out leakage.",train_only,train_bearings_only,single_snapshot,"Bearing1_1,Bearing1_2,Bearing1_4,Bearing1_5",Bearing1_3,False
"vertical__fft_coefficient__attr_""imag""__coeff_52",EfficientFCParameters,XJTU-SY,condition_1_35Hz12kN,rul,0.03955311990302873,0.400474031164207,-0.03955311990302873,False,frequency,"vertical channel fft coefficient  attr ""imag""  coeff 52 statistic; selected on train bearings only to avoid held-out leakage.",train_only,train_bearings_only,single_snapshot,"Bearing1_1,Bearing1_2,Bearing1_4,Bearing1_5",Bearing1_3,False
"horizontal__fft_coefficient__attr_""imag""__coeff_76",EfficientFCParameters,XJTU-SY,condition_1_35Hz12kN,rul,0.03951742829299642,0.40089961145178427,0.03951742829299642,False,frequency,"horizontal channel fft coefficient  attr ""imag""  coeff 76 statistic; selected on train bearings only to avoid held-out leakage.",train_only,train_bearings_only,single_snapshot,"Bearing1_1,Bearing1_2,Bearing1_4,Bearing1_5",Bearing1_3,False
"horizontal__fft_coefficient__attr_""real""__coeff_58",EfficientFCParameters,XJTU-SY,condition_1_35Hz12kN,rul,0.03927121963064718,0.4038427272414264,0.03927121963064718,False,frequency,"horizontal channel fft coefficient  attr ""real""  coeff 58 statistic; selected on train bearings only to avoid held-out leakage.",train_only,train_bearings_only,single_snapshot,"Bearing1_1,Bearing1_2,Bearing1_4,Bearing1_5",Bearing1_3,False
"horizontal__fft_coefficient__attr_""imag""__coeff_23",EfficientFCParameters,XJTU-SY,condition_1_35Hz12kN,rul,0.03919585435751134,0.40474619510091664,-0.03919585435751134,False,frequency,"horizontal channel fft coefficient  attr ""imag""  coeff 23 statistic; selected on train bearings only to avoid held-out leakage.",train_only,train_bearings_only,single_snapshot,"Bearing1_1,Bearing1_2,Bearing1_4,Bearing1_5",Bearing1_3,False
"vertical__fft_coefficient__attr_""abs""__coeff_19",EfficientFCParameters,XJTU-SY,condition_1_35Hz12kN,rul,0.038753502453919564,0.4100732861418068,-0.038753502453919564,False,frequency,"vertical channel fft coefficient  attr ""abs""  coeff 19 statistic; selected on train bearings only to avoid held-out leakage.",train_only,train_bearings_only,single_snapshot,"Bearing1_1,Bearing1_2,Bearing1_4,Bearing1_5",Bearing1_3,False
horizontal__partial_autocorrelation__lag_6,EfficientFCParameters,XJTU-SY,condition_1_35Hz12kN,rul,0.03849043626789348,0.4132609021594091,-0.03849043626789348,False,time_domain,horizontal channel partial autocorrelation  lag 6 statistic; selected on train bearings only to avoid held-out leakage.,train_only,train_bearings_only,single_snapshot,"Bearing1_1,Bearing1_2,Bearing1_4,Bearing1_5",Bearing1_3,False
"horizontal__fft_coefficient__attr_""real""__coeff_47",EfficientFCParameters,XJTU-SY,condition_1_35Hz12kN,rul,0.03844270048231745,0.41384088824338006,-0.03844270048231745,False,frequency,"horizontal channel fft coefficient  attr ""real""  coeff 47 statistic; selected on train bearings only to avoid held-out leakage.",train_only,train_bearings_only,single_snapshot,"Bearing1_1,Bearing1_2,Bearing1_4,Bearing1_5",Bearing1_3,False
"horizontal__fft_coefficient__attr_""real""__coeff_56",EfficientFCParameters,XJTU-SY,condition_1_35Hz12kN,rul,0.03840945679808055,0.4142450798842402,0.03840945679808055,False,frequency,"horizontal channel fft coefficient  attr ""real""  coeff 56 statistic; selected on train bearings only to avoid held-out leakage.",train_only,train_bearings_only,single_snapshot,"Bearing1_1,Bearing1_2,Bearing1_4,Bearing1_5",Bearing1_3,False
"horizontal__cwt_coefficients__coeff_11__w_5__widths_(2, 5, 10, 20)",EfficientFCParameters,XJTU-SY,condition_1_35Hz12kN,rul,0.038277250301126935,0.41585480759223276,-0.038277250301126935,False,time_domain,"horizontal channel cwt coefficients  coeff 11  w 5  widths (2, 5, 10, 20) statistic; selected on train bearings only to avoid held-out leakage.",train_only,train_bearings_only,single_snapshot,"Bearing1_1,Bearing1_2,Bearing1_4,Bearing1_5",Bearing1_3,False
"horizontal__fft_coefficient__attr_""angle""__coeff_8",EfficientFCParameters,XJTU-SY,condition_1_35Hz12kN,rul,0.03821713891728302,0.41658793104045133,0.03821713891728302,False,frequency,"horizontal channel fft coefficient  attr ""angle""  coeff 8 statistic; selected on train bearings only to avoid held-out leakage.",train_only,train_bearings_only,single_snapshot,"Bearing1_1,Bearing1_2,Bearing1_4,Bearing1_5",Bearing1_3,False
"horizontal__fft_coefficient__attr_""angle""__coeff_2",EfficientFCParameters,XJTU-SY,condition_1_35Hz12kN,rul,0.03801166855927144,0.41909959626984433,0.03801166855927144,False,frequency,"horizontal channel fft coefficient  attr ""angle""  coeff 2 statistic; selected on train bearings only to avoid held-out leakage.",train_only,train_bearings_only,single_snapshot,"Bearing1_1,Bearing1_2,Bearing1_4,Bearing1_5",Bearing1_3,False
"vertical__fft_coefficient__attr_""real""__coeff_54",EfficientFCParameters,XJTU-SY,condition_1_35Hz12kN,rul,0.03800317875202308,0.41920356612389126,-0.03800317875202308,False,frequency,"vertical channel fft coefficient  attr ""real""  coeff 54 statistic; selected on train bearings only to avoid held-out leakage.",train_only,train_bearings_only,single_snapshot,"Bearing1_1,Bearing1_2,Bearing1_4,Bearing1_5",Bearing1_3,False
"vertical__fft_coefficient__attr_""abs""__coeff_70",EfficientFCParameters,XJTU-SY,condition_1_35Hz12kN,rul,0.03797964303827447,0.4194918737060281,-0.03797964303827447,False,frequency,"vertical channel fft coefficient  attr ""abs""  coeff 70 statistic; selected on train bearings only to avoid held-out leakage.",train_only,train_bearings_only,single_snapshot,"Bearing1_1,Bearing1_2,Bearing1_4,Bearing1_5",Bearing1_3,False
"vertical__change_quantiles__f_agg_""mean""__isabs_False__qh_0.2__ql_0.0",EfficientFCParameters,XJTU-SY,condition_1_35Hz12kN,rul,0.037918455297013216,0.42024195426102057,0.037918455297013216,False,time_domain,"vertical channel change quantiles  f agg ""mean""  isabs False  qh 0.2  ql 0.0 statistic; selected on train bearings only to avoid held-out leakage.",train_only,train_bearings_only,single_snapshot,"Bearing1_1,Bearing1_2,Bearing1_4,Bearing1_5",Bearing1_3,True
"vertical__fft_coefficient__attr_""imag""__coeff_30",EfficientFCParameters,XJTU-SY,condition_1_35Hz12kN,rul,0.03788639665196968,0.42063526401913987,0.03788639665196968,False,frequency,"vertical channel fft coefficient  attr ""imag""  coeff 30 statistic; selected on train bearings only to avoid held-out leakage.",train_only,train_bearings_only,single_snapshot,"Bearing1_1,Bearing1_2,Bearing1_4,Bearing1_5",Bearing1_3,False
horizontal__index_mass_quantile__q_0.6,EfficientFCParameters,XJTU-SY,condition_1_35Hz12kN,rul,0.03787472982570481,0.42077845129382835,-0.03787472982570481,False,time_domain,horizontal channel index mass quantile  q 0.6 statistic; selected on train bearings only to avoid held-out leakage.,train_only,train_bearings_only,single_snapshot,"Bearing1_1,Bearing1_2,Bearing1_4,Bearing1_5",Bearing1_3,False
"vertical__fft_coefficient__attr_""abs""__coeff_54",EfficientFCParameters,XJTU-SY,condition_1_35Hz12kN,rul,0.03784178169973739,0.4211829785048109,0.03784178169973739,False,frequency,"vertical channel fft coefficient  attr ""abs""  coeff 54 statistic; selected on train bearings only to avoid held-out leakage.",train_only,train_bearings_only,single_snapshot,"Bearing1_1,Bearing1_2,Bearing1_4,Bearing1_5",Bearing1_3,False
"vertical__fft_coefficient__attr_""imag""__coeff_26",EfficientFCParameters,XJTU-SY,condition_1_35Hz12kN,rul,0.03781548977475393,0.4215059459791695,-0.03781548977475393,False,frequency,"vertical channel fft coefficient  attr ""imag""  coeff 26 statistic; selected on train bearings only to avoid held-out leakage.",train_only,train_bearings_only,single_snapshot,"Bearing1_1,Bearing1_2,Bearing1_4,Bearing1_5",Bearing1_3,False
"horizontal__cwt_coefficients__coeff_14__w_2__widths_(2, 5, 10, 20)",EfficientFCParameters,XJTU-SY,condition_1_35Hz12kN,rul,0.03781031882499353,0.4215694824615679,0.03781031882499353,False,time_domain,"horizontal channel cwt coefficients  coeff 14  w 2  widths (2, 5, 10, 20) statistic; selected on train bearings only to avoid held-out leakage.",train_only,train_bearings_only,single_snapshot,"Bearing1_1,Bearing1_2,Bearing1_4,Bearing1_5",Bearing1_3,False
"horizontal__fft_coefficient__attr_""angle""__coeff_54",EfficientFCParameters,XJTU-SY,condition_1_35Hz12kN,rul,0.037766875464722856,0.42210350068684394,0.037766875464722856,False,frequency,"horizontal channel fft coefficient  attr ""angle""  coeff 54 statistic; selected on train bearings only to avoid held-out leakage.",train_only,train_bearings_only,single_snapshot,"Bearing1_1,Bearing1_2,Bearing1_4,Bearing1_5",Bearing1_3,False
"horizontal__agg_linear_trend__attr_""intercept""__chunk_len_10__f_agg_""max""",EfficientFCParameters,XJTU-SY,condition_1_35Hz12kN,rul,0.0377298798021263,0.42255857337633396,0.0377298798021263,False,time_domain,"horizontal channel agg linear trend  attr ""intercept""  chunk len 10  f agg ""max"" statistic; selected on train bearings only to avoid held-out leakage.",train_only,train_bearings_only,single_snapshot,"Bearing1_1,Bearing1_2,Bearing1_4,Bearing1_5",Bearing1_3,False
"horizontal__fft_coefficient__attr_""imag""__coeff_72",EfficientFCParameters,XJTU-SY,condition_1_35Hz12kN,rul,0.03750054043767369,0.4253859944319158,-0.03750054043767369,False,frequency,"horizontal channel fft coefficient  attr ""imag""  coeff 72 statistic; selected on train bearings only to avoid held-out leakage.",train_only,train_bearings_only,single_snapshot,"Bearing1_1,Bearing1_2,Bearing1_4,Bearing1_5",Bearing1_3,False
"vertical__cwt_coefficients__coeff_7__w_5__widths_(2, 5, 10, 20)",EfficientFCParameters,XJTU-SY,condition_1_35Hz12kN,rul,0.0374377456706792,0.42616207834676556,0.0374377456706792,False,time_domain,"vertical channel cwt coefficients  coeff 7  w 5  widths (2, 5, 10, 20) statistic; selected on train bearings only to avoid held-out leakage.",train_only,train_bearings_only,single_snapshot,"Bearing1_1,Bearing1_2,Bearing1_4,Bearing1_5",Bearing1_3,False
vertical__friedrich_coefficients__coeff_0__m_3__r_30,EfficientFCParameters,XJTU-SY,condition_1_35Hz12kN,rul,0.037244931941173086,0.42855021220624356,-0.037244931941173086,False,time_domain,vertical channel friedrich coefficients  coeff 0  m 3  r 30 statistic; selected on train bearings only to avoid held-out leakage.,train_only,train_bearings_only,single_snapshot,"Bearing1_1,Bearing1_2,Bearing1_4,Bearing1_5",Bearing1_3,False
"horizontal__cwt_coefficients__coeff_14__w_10__widths_(2, 5, 10, 20)",EfficientFCParameters,XJTU-SY,condition_1_35Hz12kN,rul,0.037236233257180326,0.42865813413509163,-0.037236233257180326,False,time_domain,"horizontal channel cwt coefficients  coeff 14  w 10  widths (2, 5, 10, 20) statistic; selected on train bearings only to avoid held-out leakage.",train_only,train_bearings_only,single_snapshot,"Bearing1_1,Bearing1_2,Bearing1_4,Bearing1_5",Bearing1_3,False
"vertical__fft_coefficient__attr_""abs""__coeff_11",EfficientFCParameters,XJTU-SY,condition_1_35Hz12kN,rul,0.03719365415984343,0.42918662731191315,0.03719365415984343,False,frequency,"vertical channel fft coefficient  attr ""abs""  coeff 11 statistic; selected on train bearings only to avoid held-out leakage.",train_only,train_bearings_only,single_snapshot,"Bearing1_1,Bearing1_2,Bearing1_4,Bearing1_5",Bearing1_3,False
horizontal__number_crossing_m__m_-1,EfficientFCParameters,XJTU-SY,condition_1_35Hz12kN,rul,0.037147617507463176,0.42975846025999176,-0.037147617507463176,False,time_domain,horizontal channel number crossing m  m -1 statistic; selected on train bearings only to avoid held-out leakage.,train_only,train_bearings_only,single_snapshot,"Bearing1_1,Bearing1_2,Bearing1_4,Bearing1_5",Bearing1_3,False
horizontal__lempel_ziv_complexity__bins_100,EfficientFCParameters,XJTU-SY,condition_1_35Hz12kN,rul,0.036677990041970004,0.4356169717498572,0.036677990041970004,False,time_domain,horizontal channel lempel ziv complexity  bins 100 statistic; selected on train bearings only to avoid held-out leakage.,train_only,train_bearings_only,single_snapshot,"Bearing1_1,Bearing1_2,Bearing1_4,Bearing1_5",Bearing1_3,False
vertical__energy_ratio_by_chunks__num_segments_10__segment_focus_1,EfficientFCParameters,XJTU-SY,condition_1_35Hz12kN,rul,0.03661439427276967,0.4364138311215453,0.03661439427276967,False,energy,vertical channel energy ratio by chunks  num segments 10  segment focus 1 statistic; selected on train bearings only to avoid held-out leakage.,train_only,train_bearings_only,single_snapshot,"Bearing1_1,Bearing1_2,Bearing1_4,Bearing1_5",Bearing1_3,False
"vertical__fft_coefficient__attr_""real""__coeff_43",EfficientFCParameters,XJTU-SY,condition_1_35Hz12kN,rul,0.036601318919728364,0.43657776989269315,0.036601318919728364,False,frequency,"vertical channel fft coefficient  attr ""real""  coeff 43 statistic; selected on train bearings only to avoid held-out leakage.",train_only,train_bearings_only,single_snapshot,"Bearing1_1,Bearing1_2,Bearing1_4,Bearing1_5",Bearing1_3,False
"horizontal__fft_coefficient__attr_""imag""__coeff_46",EfficientFCParameters,XJTU-SY,condition_1_35Hz12kN,rul,0.03657936142822686,0.4368531524513569,0.03657936142822686,False,frequency,"horizontal channel fft coefficient  attr ""imag""  coeff 46 statistic; selected on train bearings only to avoid held-out leakage.",train_only,train_bearings_only,single_snapshot,"Bearing1_1,Bearing1_2,Bearing1_4,Bearing1_5",Bearing1_3,False
horizontal__autocorrelation__lag_8,EfficientFCParameters,XJTU-SY,condition_1_35Hz12kN,rul,0.03650754717420105,0.4377545157231428,0.03650754717420105,False,time_domain,horizontal channel autocorrelation  lag 8 statistic; selected on train bearings only to avoid held-out leakage.,train_only,train_bearings_only,single_snapshot,"Bearing1_1,Bearing1_2,Bearing1_4,Bearing1_5",Bearing1_3,False
"vertical__fft_coefficient__attr_""imag""__coeff_14",EfficientFCParameters,XJTU-SY,condition_1_35Hz12kN,rul,0.03641326065317999,0.438939553096426,-0.03641326065317999,False,frequency,"vertical channel fft coefficient  attr ""imag""  coeff 14 statistic; selected on train bearings only to avoid held-out leakage.",train_only,train_bearings_only,single_snapshot,"Bearing1_1,Bearing1_2,Bearing1_4,Bearing1_5",Bearing1_3,False
"horizontal__fft_coefficient__attr_""imag""__coeff_5",EfficientFCParameters,XJTU-SY,condition_1_35Hz12kN,rul,0.03628839240102036,0.44051177957552534,-0.03628839240102036,False,frequency,"horizontal channel fft coefficient  attr ""imag""  coeff 5 statistic; selected on train bearings only to avoid held-out leakage.",train_only,train_bearings_only,single_snapshot,"Bearing1_1,Bearing1_2,Bearing1_4,Bearing1_5",Bearing1_3,False
"horizontal__fft_coefficient__attr_""abs""__coeff_84",EfficientFCParameters,XJTU-SY,condition_1_35Hz12kN,rul,0.0362836967671784,0.4405709654087479,-0.0362836967671784,False,frequency,"horizontal channel fft coefficient  attr ""abs""  coeff 84 statistic; selected on train bearings only to avoid held-out leakage.",train_only,train_bearings_only,single_snapshot,"Bearing1_1,Bearing1_2,Bearing1_4,Bearing1_5",Bearing1_3,False
"horizontal__cwt_coefficients__coeff_2__w_10__widths_(2, 5, 10, 20)",EfficientFCParameters,XJTU-SY,condition_1_35Hz12kN,rul,0.036170446542086544,0.4419997968166683,0.036170446542086544,False,time_domain,"horizontal channel cwt coefficients  coeff 2  w 10  widths (2, 5, 10, 20) statistic; selected on train bearings only to avoid held-out leakage.",train_only,train_bearings_only,single_snapshot,"Bearing1_1,Bearing1_2,Bearing1_4,Bearing1_5",Bearing1_3,False
"vertical__fft_coefficient__attr_""angle""__coeff_4",EfficientFCParameters,XJTU-SY,condition_1_35Hz12kN,rul,0.036166445356674466,0.4420503264223504,0.036166445356674466,False,frequency,"vertical channel fft coefficient  attr ""angle""  coeff 4 statistic; selected on train bearings only to avoid held-out leakage.",train_only,train_bearings_only,single_snapshot,"Bearing1_1,Bearing1_2,Bearing1_4,Bearing1_5",Bearing1_3,False
"horizontal__fft_coefficient__attr_""abs""__coeff_90",EfficientFCParameters,XJTU-SY,condition_1_35Hz12kN,rul,0.03611966486684688,0.4426413456862982,-0.03611966486684688,False,frequency,"horizontal channel fft coefficient  attr ""abs""  coeff 90 statistic; selected on train bearings only to avoid held-out leakage.",train_only,train_bearings_only,single_snapshot,"Bearing1_1,Bearing1_2,Bearing1_4,Bearing1_5",Bearing1_3,False
vertical__autocorrelation__lag_4,EfficientFCParameters,XJTU-SY,condition_1_35Hz12kN,rul,0.03605324160949716,0.4434813026812109,0.03605324160949716,False,time_domain,vertical channel autocorrelation  lag 4 statistic; selected on train bearings only to avoid held-out leakage.,train_only,train_bearings_only,single_snapshot,"Bearing1_1,Bearing1_2,Bearing1_4,Bearing1_5",Bearing1_3,False
"horizontal__fft_coefficient__attr_""real""__coeff_43",EfficientFCParameters,XJTU-SY,condition_1_35Hz12kN,rul,0.03605189040092225,0.4434983988374053,-0.03605189040092225,False,frequency,"horizontal channel fft coefficient  attr ""real""  coeff 43 statistic; selected on train bearings only to avoid held-out leakage.",train_only,train_bearings_only,single_snapshot,"Bearing1_1,Bearing1_2,Bearing1_4,Bearing1_5",Bearing1_3,False
"vertical__change_quantiles__f_agg_""mean""__isabs_False__qh_1.0__ql_0.6",EfficientFCParameters,XJTU-SY,condition_1_35Hz12kN,rul,0.036042257439645654,0.4436202906800319,-0.036042257439645654,False,time_domain,"vertical channel change quantiles  f agg ""mean""  isabs False  qh 1.0  ql 0.6 statistic; selected on train bearings only to avoid held-out leakage.",train_only,train_bearings_only,single_snapshot,"Bearing1_1,Bearing1_2,Bearing1_4,Bearing1_5",Bearing1_3,True
"vertical__cwt_coefficients__coeff_8__w_5__widths_(2, 5, 10, 20)",EfficientFCParameters,XJTU-SY,condition_1_35Hz12kN,rul,0.0360332171097462,0.4437347009363099,0.0360332171097462,False,time_domain,"vertical channel cwt coefficients  coeff 8  w 5  widths (2, 5, 10, 20) statistic; selected on train bearings only to avoid held-out leakage.",train_only,train_bearings_only,single_snapshot,"Bearing1_1,Bearing1_2,Bearing1_4,Bearing1_5",Bearing1_3,False
vertical__index_mass_quantile__q_0.1,EfficientFCParameters,XJTU-SY,condition_1_35Hz12kN,rul,0.03601844729182009,0.4439216570890813,0.03601844729182009,False,time_domain,vertical channel index mass quantile  q 0.1 statistic; selected on train bearings only to avoid held-out leakage.,train_only,train_bearings_only,single_snapshot,"Bearing1_1,Bearing1_2,Bearing1_4,Bearing1_5",Bearing1_3,False
vertical__minimum,EfficientFCParameters,XJTU-SY,condition_1_35Hz12kN,rul,0.035981716425469185,0.4443867902016859,-0.035981716425469185,False,time_domain,vertical channel minimum statistic; selected on train bearings only to avoid held-out leakage.,train_only,train_bearings_only,single_snapshot,"Bearing1_1,Bearing1_2,Bearing1_4,Bearing1_5",Bearing1_3,False
"horizontal__fft_coefficient__attr_""imag""__coeff_1",EfficientFCParameters,XJTU-SY,condition_1_35Hz12kN,rul,0.035881552734572324,0.44565659834385113,-0.035881552734572324,False,frequency,"horizontal channel fft coefficient  attr ""imag""  coeff 1 statistic; selected on train bearings only to avoid held-out leakage.",train_only,train_bearings_only,single_snapshot,"Bearing1_1,Bearing1_2,Bearing1_4,Bearing1_5",Bearing1_3,False
"vertical__fft_coefficient__attr_""imag""__coeff_38",EfficientFCParameters,XJTU-SY,condition_1_35Hz12kN,rul,0.03585875802483206,0.4459458619488721,-0.03585875802483206,False,frequency,"vertical channel fft coefficient  attr ""imag""  coeff 38 statistic; selected on train bearings only to avoid held-out leakage.",train_only,train_bearings_only,single_snapshot,"Bearing1_1,Bearing1_2,Bearing1_4,Bearing1_5",Bearing1_3,False
"vertical__cwt_coefficients__coeff_6__w_5__widths_(2, 5, 10, 20)",EfficientFCParameters,XJTU-SY,condition_1_35Hz12kN,rul,0.03581916696800304,0.44644852350758785,0.03581916696800304,False,time_domain,"vertical channel cwt coefficients  coeff 6  w 5  widths (2, 5, 10, 20) statistic; selected on train bearings only to avoid held-out leakage.",train_only,train_bearings_only,single_snapshot,"Bearing1_1,Bearing1_2,Bearing1_4,Bearing1_5",Bearing1_3,False
"vertical__fft_coefficient__attr_""real""__coeff_37",EfficientFCParameters,XJTU-SY,condition_1_35Hz12kN,rul,0.035814395237550645,0.4465091287230329,0.035814395237550645,False,frequency,"vertical channel fft coefficient  attr ""real""  coeff 37 statistic; selected on train bearings only to avoid held-out leakage.",train_only,train_bearings_only,single_snapshot,"Bearing1_1,Bearing1_2,Bearing1_4,Bearing1_5",Bearing1_3,False
"vertical__fft_coefficient__attr_""real""__coeff_82",EfficientFCParameters,XJTU-SY,condition_1_35Hz12kN,rul,0.035760354435023844,0.4471958205724596,0.035760354435023844,False,frequency,"vertical channel fft coefficient  attr ""real""  coeff 82 statistic; selected on train bearings only to avoid held-out leakage.",train_only,train_bearings_only,single_snapshot,"Bearing1_1,Bearing1_2,Bearing1_4,Bearing1_5",Bearing1_3,False
horizontal__c3__lag_3,EfficientFCParameters,XJTU-SY,condition_1_35Hz12kN,rul,0.03573314138399016,0.4475418409648991,-0.03573314138399016,False,time_domain,horizontal channel c3  lag 3 statistic; selected on train bearings only to avoid held-out leakage.,train_only,train_bearings_only,single_snapshot,"Bearing1_1,Bearing1_2,Bearing1_4,Bearing1_5",Bearing1_3,False
"vertical__fft_coefficient__attr_""imag""__coeff_31",EfficientFCParameters,XJTU-SY,condition_1_35Hz12kN,rul,0.035729461565983646,0.447588642362855,0.035729461565983646,False,frequency,"vertical channel fft coefficient  attr ""imag""  coeff 31 statistic; selected on train bearings only to avoid held-out leakage.",train_only,train_bearings_only,single_snapshot,"Bearing1_1,Bearing1_2,Bearing1_4,Bearing1_5",Bearing1_3,False
"horizontal__fft_coefficient__attr_""real""__coeff_23",EfficientFCParameters,XJTU-SY,condition_1_35Hz12kN,rul,0.03559421329782282,0.4493107066186515,0.03559421329782282,False,frequency,"horizontal channel fft coefficient  attr ""real""  coeff 23 statistic; selected on train bearings only to avoid held-out leakage.",train_only,train_bearings_only,single_snapshot,"Bearing1_1,Bearing1_2,Bearing1_4,Bearing1_5",Bearing1_3,False
"vertical__fft_coefficient__attr_""abs""__coeff_9",EfficientFCParameters,XJTU-SY,condition_1_35Hz12kN,rul,0.03545023252383214,0.45114806765460563,0.03545023252383214,False,frequency,"vertical channel fft coefficient  attr ""abs""  coeff 9 statistic; selected on train bearings only to avoid held-out leakage.",train_only,train_bearings_only,single_snapshot,"Bearing1_1,Bearing1_2,Bearing1_4,Bearing1_5",Bearing1_3,False
"horizontal__fft_coefficient__attr_""imag""__coeff_91",EfficientFCParameters,XJTU-SY,condition_1_35Hz12kN,rul,0.03539320537691322,0.4518769699426992,0.03539320537691322,False,frequency,"horizontal channel fft coefficient  attr ""imag""  coeff 91 statistic; selected on train bearings only to avoid held-out leakage.",train_only,train_bearings_only,single_snapshot,"Bearing1_1,Bearing1_2,Bearing1_4,Bearing1_5",Bearing1_3,False
horizontal__absolute_maximum,EfficientFCParameters,XJTU-SY,condition_1_35Hz12kN,rul,0.03539192754389322,0.4518933103834701,0.03539192754389322,False,energy,horizontal channel absolute maximum statistic; selected on train bearings only to avoid held-out leakage.,train_only,train_bearings_only,single_snapshot,"Bearing1_1,Bearing1_2,Bearing1_4,Bearing1_5",Bearing1_3,False
"vertical__fft_coefficient__attr_""imag""__coeff_49",EfficientFCParameters,XJTU-SY,condition_1_35Hz12kN,rul,0.03521510122217461,0.4541577065794077,0.03521510122217461,False,frequency,"vertical channel fft coefficient  attr ""imag""  coeff 49 statistic; selected on train bearings only to avoid held-out leakage.",train_only,train_bearings_only,single_snapshot,"Bearing1_1,Bearing1_2,Bearing1_4,Bearing1_5",Bearing1_3,False
"vertical__agg_linear_trend__attr_""intercept""__chunk_len_5__f_agg_""mean""",EfficientFCParameters,XJTU-SY,condition_1_35Hz12kN,rul,0.035096691773029244,0.4556775874271492,-0.035096691773029244,False,time_domain,"vertical channel agg linear trend  attr ""intercept""  chunk len 5  f agg ""mean"" statistic; selected on train bearings only to avoid held-out leakage.",train_only,train_bearings_only,single_snapshot,"Bearing1_1,Bearing1_2,Bearing1_4,Bearing1_5",Bearing1_3,True
"horizontal__fft_coefficient__attr_""real""__coeff_82",EfficientFCParameters,XJTU-SY,condition_1_35Hz12kN,rul,0.03507902445604509,0.4559046060171458,0.03507902445604509,False,frequency,"horizontal channel fft coefficient  attr ""real""  coeff 82 statistic; selected on train bearings only to avoid held-out leakage.",train_only,train_bearings_only,single_snapshot,"Bearing1_1,Bearing1_2,Bearing1_4,Bearing1_5",Bearing1_3,False
"vertical__fft_coefficient__attr_""abs""__coeff_13",EfficientFCParameters,XJTU-SY,condition_1_35Hz12kN,rul,0.035033191118792995,0.4564938432565179,0.035033191118792995,False,frequency,"vertical channel fft coefficient  attr ""abs""  coeff 13 statistic; selected on train bearings only to avoid held-out leakage.",train_only,train_bearings_only,single_snapshot,"Bearing1_1,Bearing1_2,Bearing1_4,Bearing1_5",Bearing1_3,False
"horizontal__fft_coefficient__attr_""real""__coeff_10",EfficientFCParameters,XJTU-SY,condition_1_35Hz12kN,rul,0.03493363354392131,0.45777523264881653,-0.03493363354392131,False,frequency,"horizontal channel fft coefficient  attr ""real""  coeff 10 statistic; selected on train bearings only to avoid held-out leakage.",train_only,train_bearings_only,single_snapshot,"Bearing1_1,Bearing1_2,Bearing1_4,Bearing1_5",Bearing1_3,False
"vertical__fft_coefficient__attr_""imag""__coeff_58",EfficientFCParameters,XJTU-SY,condition_1_35Hz12kN,rul,0.03488200971120903,0.45844046592520377,0.03488200971120903,False,frequency,"vertical channel fft coefficient  attr ""imag""  coeff 58 statistic; selected on train bearings only to avoid held-out leakage.",train_only,train_bearings_only,single_snapshot,"Bearing1_1,Bearing1_2,Bearing1_4,Bearing1_5",Bearing1_3,False
"horizontal__fft_coefficient__attr_""angle""__coeff_34",EfficientFCParameters,XJTU-SY,condition_1_35Hz12kN,rul,0.03479550612298839,0.45955637573022373,-0.03479550612298839,False,frequency,"horizontal channel fft coefficient  attr ""angle""  coeff 34 statistic; selected on train bearings only to avoid held-out leakage.",train_only,train_bearings_only,single_snapshot,"Bearing1_1,Bearing1_2,Bearing1_4,Bearing1_5",Bearing1_3,False
"horizontal__fft_coefficient__attr_""angle""__coeff_43",EfficientFCParameters,XJTU-SY,condition_1_35Hz12kN,rul,0.03466930951545817,0.4611870472571615,0.03466930951545817,False,frequency,"horizontal channel fft coefficient  attr ""angle""  coeff 43 statistic; selected on train bearings only to avoid held-out leakage.",train_only,train_bearings_only,single_snapshot,"Bearing1_1,Bearing1_2,Bearing1_4,Bearing1_5",Bearing1_3,False
"vertical__fft_coefficient__attr_""abs""__coeff_74",EfficientFCParameters,XJTU-SY,condition_1_35Hz12kN,rul,0.034598998985886316,0.4620969731140593,-0.034598998985886316,False,frequency,"vertical channel fft coefficient  attr ""abs""  coeff 74 statistic; selected on train bearings only to avoid held-out leakage.",train_only,train_bearings_only,single_snapshot,"Bearing1_1,Bearing1_2,Bearing1_4,Bearing1_5",Bearing1_3,False
"horizontal__fft_coefficient__attr_""abs""__coeff_4",EfficientFCParameters,XJTU-SY,condition_1_35Hz12kN,rul,0.034533702879896745,0.46294289830631874,0.034533702879896745,False,frequency,"horizontal channel fft coefficient  attr ""abs""  coeff 4 statistic; selected on train bearings only to avoid held-out leakage.",train_only,train_bearings_only,single_snapshot,"Bearing1_1,Bearing1_2,Bearing1_4,Bearing1_5",Bearing1_3,False
"horizontal__fft_coefficient__attr_""angle""__coeff_47",EfficientFCParameters,XJTU-SY,condition_1_35Hz12kN,rul,0.03441389582402984,0.4644972602822758,-0.03441389582402984,False,frequency,"horizontal channel fft coefficient  attr ""angle""  coeff 47 statistic; selected on train bearings only to avoid held-out leakage.",train_only,train_bearings_only,single_snapshot,"Bearing1_1,Bearing1_2,Bearing1_4,Bearing1_5",Bearing1_3,False
"horizontal__change_quantiles__f_agg_""var""__isabs_False__qh_1.0__ql_0.6",EfficientFCParameters,XJTU-SY,condition_1_35Hz12kN,rul,0.03433717770114252,0.46549410986965967,0.03433717770114252,False,time_domain,"horizontal channel change quantiles  f agg ""var""  isabs False  qh 1.0  ql 0.6 statistic; selected on train bearings only to avoid held-out leakage.",train_only,train_bearings_only,single_snapshot,"Bearing1_1,Bearing1_2,Bearing1_4,Bearing1_5",Bearing1_3,False
"vertical__fft_coefficient__attr_""angle""__coeff_99",EfficientFCParameters,XJTU-SY,condition_1_35Hz12kN,rul,0.03430086396608668,0.46596637123564044,-0.03430086396608668,False,frequency,"vertical channel fft coefficient  attr ""angle""  coeff 99 statistic; selected on train bearings only to avoid held-out leakage.",train_only,train_bearings_only,single_snapshot,"Bearing1_1,Bearing1_2,Bearing1_4,Bearing1_5",Bearing1_3,False
"vertical__fft_coefficient__attr_""abs""__coeff_51",EfficientFCParameters,XJTU-SY,condition_1_35Hz12kN,rul,0.03420484268319821,0.46721640819768673,-0.03420484268319821,False,frequency,"vertical channel fft coefficient  attr ""abs""  coeff 51 statistic; selected on train bearings only to avoid held-out leakage.",train_only,train_bearings_only,single_snapshot,"Bearing1_1,Bearing1_2,Bearing1_4,Bearing1_5",Bearing1_3,False
"horizontal__fft_coefficient__attr_""real""__coeff_91",EfficientFCParameters,XJTU-SY,condition_1_35Hz12kN,rul,0.03416686758404549,0.4677112915879543,0.03416686758404549,False,frequency,"horizontal channel fft coefficient  attr ""real""  coeff 91 statistic; selected on train bearings only to avoid held-out leakage.",train_only,train_bearings_only,single_snapshot,"Bearing1_1,Bearing1_2,Bearing1_4,Bearing1_5",Bearing1_3,False
"horizontal__fft_coefficient__attr_""imag""__coeff_42",EfficientFCParameters,XJTU-SY,condition_1_35Hz12kN,rul,0.03415982868889209,0.46780305276150913,-0.03415982868889209,False,frequency,"horizontal channel fft coefficient  attr ""imag""  coeff 42 statistic; selected on train bearings only to avoid held-out leakage.",train_only,train_bearings_only,single_snapshot,"Bearing1_1,Bearing1_2,Bearing1_4,Bearing1_5",Bearing1_3,False
"vertical__fft_coefficient__attr_""angle""__coeff_50",EfficientFCParameters,XJTU-SY,condition_1_35Hz12kN,rul,0.03410554010648159,0.4685111091254616,-0.03410554010648159,False,frequency,"vertical channel fft coefficient  attr ""angle""  coeff 50 statistic; selected on train bearings only to avoid held-out leakage.",train_only,train_bearings_only,single_snapshot,"Bearing1_1,Bearing1_2,Bearing1_4,Bearing1_5",Bearing1_3,False
"vertical__linear_trend__attr_""intercept""",EfficientFCParameters,XJTU-SY,condition_1_35Hz12kN,rul,0.03409782426395051,0.4686117906185736,-0.03409782426395051,False,time_domain,"vertical channel linear trend  attr ""intercept"" statistic; selected on train bearings only to avoid held-out leakage.",train_only,train_bearings_only,single_snapshot,"Bearing1_1,Bearing1_2,Bearing1_4,Bearing1_5",Bearing1_3,False
"vertical__linear_trend__attr_""rvalue""",EfficientFCParameters,XJTU-SY,condition_1_35Hz12kN,rul,0.034097824263950485,0.46861179061857383,0.034097824263950485,False,time_domain,"vertical channel linear trend  attr ""rvalue"" statistic; selected on train bearings only to avoid held-out leakage.",train_only,train_bearings_only,single_snapshot,"Bearing1_1,Bearing1_2,Bearing1_4,Bearing1_5",Bearing1_3,False
"vertical__linear_trend__attr_""slope""",EfficientFCParameters,XJTU-SY,condition_1_35Hz12kN,rul,0.03409782426395047,0.46861179061857416,0.03409782426395047,False,time_domain,"vertical channel linear trend  attr ""slope"" statistic; selected on train bearings only to avoid held-out leakage.",train_only,train_bearings_only,single_snapshot,"Bearing1_1,Bearing1_2,Bearing1_4,Bearing1_5",Bearing1_3,False
"horizontal__cwt_coefficients__coeff_3__w_10__widths_(2, 5, 10, 20)",EfficientFCParameters,XJTU-SY,condition_1_35Hz12kN,rul,0.03408889730709735,0.46872829043574105,0.03408889730709735,False,time_domain,"horizontal channel cwt coefficients  coeff 3  w 10  widths (2, 5, 10, 20) statistic; selected on train bearings only to avoid held-out leakage.",train_only,train_bearings_only,single_snapshot,"Bearing1_1,Bearing1_2,Bearing1_4,Bearing1_5",Bearing1_3,False
"horizontal__change_quantiles__f_agg_""mean""__isabs_True__qh_0.4__ql_0.0",EfficientFCParameters,XJTU-SY,condition_1_35Hz12kN,rul,0.03405007202011026,0.4692351593903588,-0.03405007202011026,False,time_domain,"horizontal channel change quantiles  f agg ""mean""  isabs True  qh 0.4  ql 0.0 statistic; selected on train bearings only to avoid held-out leakage.",train_only,train_bearings_only,single_snapshot,"Bearing1_1,Bearing1_2,Bearing1_4,Bearing1_5",Bearing1_3,True
"horizontal__fft_coefficient__attr_""abs""__coeff_38",EfficientFCParameters,XJTU-SY,condition_1_35Hz12kN,rul,0.03401614388540376,0.46967834266338104,0.03401614388540376,False,frequency,"horizontal channel fft coefficient  attr ""abs""  coeff 38 statistic; selected on train bearings only to avoid held-out leakage.",train_only,train_bearings_only,single_snapshot,"Bearing1_1,Bearing1_2,Bearing1_4,Bearing1_5",Bearing1_3,False
"vertical__agg_linear_trend__attr_""slope""__chunk_len_5__f_agg_""mean""",EfficientFCParameters,XJTU-SY,condition_1_35Hz12kN,rul,0.033978483179631085,0.4701705522359906,0.033978483179631085,False,time_domain,"vertical channel agg linear trend  attr ""slope""  chunk len 5  f agg ""mean"" statistic; selected on train bearings only to avoid held-out leakage.",train_only,train_bearings_only,single_snapshot,"Bearing1_1,Bearing1_2,Bearing1_4,Bearing1_5",Bearing1_3,True
"vertical__fft_coefficient__attr_""angle""__coeff_15",EfficientFCParameters,XJTU-SY,condition_1_35Hz12kN,rul,0.03386923443007733,0.4715999928475188,-0.03386923443007733,False,frequency,"vertical channel fft coefficient  attr ""angle""  coeff 15 statistic; selected on train bearings only to avoid held-out leakage.",train_only,train_bearings_only,single_snapshot,"Bearing1_1,Bearing1_2,Bearing1_4,Bearing1_5",Bearing1_3,False
"vertical__fft_coefficient__attr_""angle""__coeff_82",EfficientFCParameters,XJTU-SY,condition_1_35Hz12kN,rul,0.03383271923700014,0.47207829960383446,0.03383271923700014,False,frequency,"vertical channel fft coefficient  attr ""angle""  coeff 82 statistic; selected on train bearings only to avoid held-out leakage.",train_only,train_bearings_only,single_snapshot,"Bearing1_1,Bearing1_2,Bearing1_4,Bearing1_5",Bearing1_3,False
"horizontal__fft_coefficient__attr_""abs""__coeff_19",EfficientFCParameters,XJTU-SY,condition_1_35Hz12kN,rul,0.033814367721927634,0.4723187837577176,-0.033814367721927634,False,frequency,"horizontal channel fft coefficient  attr ""abs""  coeff 19 statistic; selected on train bearings only to avoid held-out leakage.",train_only,train_bearings_only,single_snapshot,"Bearing1_1,Bearing1_2,Bearing1_4,Bearing1_5",Bearing1_3,False
"horizontal__fft_coefficient__attr_""imag""__coeff_10",EfficientFCParameters,XJTU-SY,condition_1_35Hz12kN,rul,0.03380953497314509,0.4723821248375057,-0.03380953497314509,False,frequency,"horizontal channel fft coefficient  attr ""imag""  coeff 10 statistic; selected on train bearings only to avoid held-out leakage.",train_only,train_bearings_only,single_snapshot,"Bearing1_1,Bearing1_2,Bearing1_4,Bearing1_5",Bearing1_3,False
"vertical__fft_coefficient__attr_""real""__coeff_49",EfficientFCParameters,XJTU-SY,condition_1_35Hz12kN,rul,0.033775092824778474,0.47283368055458347,0.033775092824778474,False,frequency,"vertical channel fft coefficient  attr ""real""  coeff 49 statistic; selected on train bearings only to avoid held-out leakage.",train_only,train_bearings_only,single_snapshot,"Bearing1_1,Bearing1_2,Bearing1_4,Bearing1_5",Bearing1_3,False
"vertical__fft_coefficient__attr_""abs""__coeff_34",EfficientFCParameters,XJTU-SY,condition_1_35Hz12kN,rul,0.033677782237691065,0.4741107552471244,0.033677782237691065,False,frequency,"vertical channel fft coefficient  attr ""abs""  coeff 34 statistic; selected on train bearings only to avoid held-out leakage.",train_only,train_bearings_only,single_snapshot,"Bearing1_1,Bearing1_2,Bearing1_4,Bearing1_5",Bearing1_3,False
"horizontal__fft_coefficient__attr_""real""__coeff_77",EfficientFCParameters,XJTU-SY,condition_1_35Hz12kN,rul,0.03360162703010584,0.4751115094386033,0.03360162703010584,False,frequency,"horizontal channel fft coefficient  attr ""real""  coeff 77 statistic; selected on train bearings only to avoid held-out leakage.",train_only,train_bearings_only,single_snapshot,"Bearing1_1,Bearing1_2,Bearing1_4,Bearing1_5",Bearing1_3,False
"horizontal__fft_coefficient__attr_""imag""__coeff_25",EfficientFCParameters,XJTU-SY,condition_1_35Hz12kN,rul,0.033574795806883974,0.4754643731187565,-0.033574795806883974,False,frequency,"horizontal channel fft coefficient  attr ""imag""  coeff 25 statistic; selected on train bearings only to avoid held-out leakage.",train_only,train_bearings_only,single_snapshot,"Bearing1_1,Bearing1_2,Bearing1_4,Bearing1_5",Bearing1_3,False
"horizontal__fft_coefficient__attr_""abs""__coeff_41",EfficientFCParameters,XJTU-SY,condition_1_35Hz12kN,rul,0.03356895907077641,0.4755411523682822,0.03356895907077641,False,frequency,"horizontal channel fft coefficient  attr ""abs""  coeff 41 statistic; selected on train bearings only to avoid held-out leakage.",train_only,train_bearings_only,single_snapshot,"Bearing1_1,Bearing1_2,Bearing1_4,Bearing1_5",Bearing1_3,False
horizontal__ar_coefficient__coeff_5__k_10,EfficientFCParameters,XJTU-SY,condition_1_35Hz12kN,rul,0.03356472414329066,0.47559686489533903,0.03356472414329066,False,time_domain,horizontal channel ar coefficient  coeff 5  k 10 statistic; selected on train bearings only to avoid held-out leakage.,train_only,train_bearings_only,single_snapshot,"Bearing1_1,Bearing1_2,Bearing1_4,Bearing1_5",Bearing1_3,False
vertical__quantile__q_0.1,EfficientFCParameters,XJTU-SY,condition_1_35Hz12kN,rul,0.03346070336182332,0.47696642829992836,0.03346070336182332,False,time_domain,vertical channel quantile  q 0.1 statistic; selected on train bearings only to avoid held-out leakage.,train_only,train_bearings_only,single_snapshot,"Bearing1_1,Bearing1_2,Bearing1_4,Bearing1_5",Bearing1_3,False
"vertical__cwt_coefficients__coeff_7__w_10__widths_(2, 5, 10, 20)",EfficientFCParameters,XJTU-SY,condition_1_35Hz12kN,rul,0.03341370911491376,0.47758587121707546,0.03341370911491376,False,time_domain,"vertical channel cwt coefficients  coeff 7  w 10  widths (2, 5, 10, 20) statistic; selected on train bearings only to avoid held-out leakage.",train_only,train_bearings_only,single_snapshot,"Bearing1_1,Bearing1_2,Bearing1_4,Bearing1_5",Bearing1_3,False
"horizontal__cwt_coefficients__coeff_5__w_20__widths_(2, 5, 10, 20)",EfficientFCParameters,XJTU-SY,condition_1_35Hz12kN,rul,0.033372822626256446,0.4781251628522521,-0.033372822626256446,False,time_domain,"horizontal channel cwt coefficients  coeff 5  w 20  widths (2, 5, 10, 20) statistic; selected on train bearings only to avoid held-out leakage.",train_only,train_bearings_only,single_snapshot,"Bearing1_1,Bearing1_2,Bearing1_4,Bearing1_5",Bearing1_3,False
"vertical__cwt_coefficients__coeff_9__w_5__widths_(2, 5, 10, 20)",EfficientFCParameters,XJTU-SY,condition_1_35Hz12kN,rul,0.03332400788105745,0.47876946224731587,0.03332400788105745,False,time_domain,"vertical channel cwt coefficients  coeff 9  w 5  widths (2, 5, 10, 20) statistic; selected on train bearings only to avoid held-out leakage.",train_only,train_bearings_only,single_snapshot,"Bearing1_1,Bearing1_2,Bearing1_4,Bearing1_5",Bearing1_3,False
"vertical__fft_coefficient__attr_""real""__coeff_75",EfficientFCParameters,XJTU-SY,condition_1_35Hz12kN,rul,0.03330369913478104,0.4790376538674951,-0.03330369913478104,False,frequency,"vertical channel fft coefficient  attr ""real""  coeff 75 statistic; selected on train bearings only to avoid held-out leakage.",train_only,train_bearings_only,single_snapshot,"Bearing1_1,Bearing1_2,Bearing1_4,Bearing1_5",Bearing1_3,False
horizontal__ar_coefficient__coeff_6__k_10,EfficientFCParameters,XJTU-SY,condition_1_35Hz12kN,rul,0.033298048299243925,0.4791122917557029,-0.033298048299243925,False,time_domain,horizontal channel ar coefficient  coeff 6  k 10 statistic; selected on train bearings only to avoid held-out leakage.,train_only,train_bearings_only,single_snapshot,"Bearing1_1,Bearing1_2,Bearing1_4,Bearing1_5",Bearing1_3,False
"horizontal__cwt_coefficients__coeff_12__w_2__widths_(2, 5, 10, 20)",EfficientFCParameters,XJTU-SY,condition_1_35Hz12kN,rul,0.0332306219482942,0.48000336672124594,-0.0332306219482942,False,time_domain,"horizontal channel cwt coefficients  coeff 12  w 2  widths (2, 5, 10, 20) statistic; selected on train bearings only to avoid held-out leakage.",train_only,train_bearings_only,single_snapshot,"Bearing1_1,Bearing1_2,Bearing1_4,Bearing1_5",Bearing1_3,False
horizontal__time_reversal_asymmetry_statistic__lag_3,EfficientFCParameters,XJTU-SY,condition_1_35Hz12kN,rul,0.03278933071871099,0.4858574399002686,-0.03278933071871099,False,time_domain,horizontal channel time reversal asymmetry statistic  lag 3 statistic; selected on train bearings only to avoid held-out leakage.,train_only,train_bearings_only,single_snapshot,"Bearing1_1,Bearing1_2,Bearing1_4,Bearing1_5",Bearing1_3,False
"horizontal__fft_coefficient__attr_""angle""__coeff_5",EfficientFCParameters,XJTU-SY,condition_1_35Hz12kN,rul,0.032690806340638576,0.4871696800350985,-0.032690806340638576,False,frequency,"horizontal channel fft coefficient  attr ""angle""  coeff 5 statistic; selected on train bearings only to avoid held-out leakage.",train_only,train_bearings_only,single_snapshot,"Bearing1_1,Bearing1_2,Bearing1_4,Bearing1_5",Bearing1_3,False
"vertical__fft_coefficient__attr_""imag""__coeff_98",EfficientFCParameters,XJTU-SY,condition_1_35Hz12kN,rul,0.03268294579812013,0.4872744562281846,-0.03268294579812013,False,frequency,"vertical channel fft coefficient  attr ""imag""  coeff 98 statistic; selected on train bearings only to avoid held-out leakage.",train_only,train_bearings_only,single_snapshot,"Bearing1_1,Bearing1_2,Bearing1_4,Bearing1_5",Bearing1_3,False
vertical__partial_autocorrelation__lag_7,EfficientFCParameters,XJTU-SY,condition_1_35Hz12kN,rul,0.03267246155962633,0.48741422354680347,-0.03267246155962633,False,time_domain,vertical channel partial autocorrelation  lag 7 statistic; selected on train bearings only to avoid held-out leakage.,train_only,train_bearings_only,single_snapshot,"Bearing1_1,Bearing1_2,Bearing1_4,Bearing1_5",Bearing1_3,False
"vertical__fft_coefficient__attr_""imag""__coeff_63",EfficientFCParameters,XJTU-SY,condition_1_35Hz12kN,rul,0.03261960658197032,0.4881191714011803,-0.03261960658197032,False,frequency,"vertical channel fft coefficient  attr ""imag""  coeff 63 statistic; selected on train bearings only to avoid held-out leakage.",train_only,train_bearings_only,single_snapshot,"Bearing1_1,Bearing1_2,Bearing1_4,Bearing1_5",Bearing1_3,False
"horizontal__fft_coefficient__attr_""real""__coeff_72",EfficientFCParameters,XJTU-SY,condition_1_35Hz12kN,rul,0.0325842170072654,0.4885914824045636,0.0325842170072654,False,frequency,"horizontal channel fft coefficient  attr ""real""  coeff 72 statistic; selected on train bearings only to avoid held-out leakage.",train_only,train_bearings_only,single_snapshot,"Bearing1_1,Bearing1_2,Bearing1_4,Bearing1_5",Bearing1_3,False
vertical__number_peaks__n_3,EfficientFCParameters,XJTU-SY,condition_1_35Hz12kN,rul,0.032550089818047086,0.4890471779885562,-0.032550089818047086,False,time_domain,vertical channel number peaks  n 3 statistic; selected on train bearings only to avoid held-out leakage.,train_only,train_bearings_only,single_snapshot,"Bearing1_1,Bearing1_2,Bearing1_4,Bearing1_5",Bearing1_3,True
"horizontal__fft_coefficient__attr_""angle""__coeff_76",EfficientFCParameters,XJTU-SY,condition_1_35Hz12kN,rul,0.03253829538608695,0.4892047204312923,-0.03253829538608695,False,frequency,"horizontal channel fft coefficient  attr ""angle""  coeff 76 statistic; selected on train bearings only to avoid held-out leakage.",train_only,train_bearings_only,single_snapshot,"Bearing1_1,Bearing1_2,Bearing1_4,Bearing1_5",Bearing1_3,False
"vertical__fft_coefficient__attr_""real""__coeff_27",EfficientFCParameters,XJTU-SY,condition_1_35Hz12kN,rul,0.03249733471116955,0.48975205832813157,-0.03249733471116955,False,frequency,"vertical channel fft coefficient  attr ""real""  coeff 27 statistic; selected on train bearings only to avoid held-out leakage.",train_only,train_bearings_only,single_snapshot,"Bearing1_1,Bearing1_2,Bearing1_4,Bearing1_5",Bearing1_3,False
"horizontal__linear_trend__attr_""stderr""",EfficientFCParameters,XJTU-SY,condition_1_35Hz12kN,rul,0.032490565913666315,0.4898425381443844,-0.032490565913666315,False,time_domain,"horizontal channel linear trend  attr ""stderr"" statistic; selected on train bearings only to avoid held-out leakage.",train_only,train_bearings_only,single_snapshot,"Bearing1_1,Bearing1_2,Bearing1_4,Bearing1_5",Bearing1_3,False
"vertical__fft_coefficient__attr_""real""__coeff_56",EfficientFCParameters,XJTU-SY,condition_1_35Hz12kN,rul,0.03243930661149784,0.4905280219968424,0.03243930661149784,False,frequency,"vertical channel fft coefficient  attr ""real""  coeff 56 statistic; selected on train bearings only to avoid held-out leakage.",train_only,train_bearings_only,single_snapshot,"Bearing1_1,Bearing1_2,Bearing1_4,Bearing1_5",Bearing1_3,False
"horizontal__cwt_coefficients__coeff_13__w_10__widths_(2, 5, 10, 20)",EfficientFCParameters,XJTU-SY,condition_1_35Hz12kN,rul,0.032324040448603576,0.49207133666747227,-0.032324040448603576,False,time_domain,"horizontal channel cwt coefficients  coeff 13  w 10  widths (2, 5, 10, 20) statistic; selected on train bearings only to avoid held-out leakage.",train_only,train_bearings_only,single_snapshot,"Bearing1_1,Bearing1_2,Bearing1_4,Bearing1_5",Bearing1_3,False
"horizontal__fft_coefficient__attr_""imag""__coeff_31",EfficientFCParameters,XJTU-SY,condition_1_35Hz12kN,rul,0.03222502690470366,0.4933991128745565,0.03222502690470366,False,frequency,"horizontal channel fft coefficient  attr ""imag""  coeff 31 statistic; selected on train bearings only to avoid held-out leakage.",train_only,train_bearings_only,single_snapshot,"Bearing1_1,Bearing1_2,Bearing1_4,Bearing1_5",Bearing1_3,False
"horizontal__fft_coefficient__attr_""angle""__coeff_46",EfficientFCParameters,XJTU-SY,condition_1_35Hz12kN,rul,0.032104149526459284,0.49502267273670403,-0.032104149526459284,False,frequency,"horizontal channel fft coefficient  attr ""angle""  coeff 46 statistic; selected on train bearings only to avoid held-out leakage.",train_only,train_bearings_only,single_snapshot,"Bearing1_1,Bearing1_2,Bearing1_4,Bearing1_5",Bearing1_3,False
"horizontal__fft_coefficient__attr_""angle""__coeff_83",EfficientFCParameters,XJTU-SY,condition_1_35Hz12kN,rul,0.03186690818873674,0.4982174239609872,0.03186690818873674,False,frequency,"horizontal channel fft coefficient  attr ""angle""  coeff 83 statistic; selected on train bearings only to avoid held-out leakage.",train_only,train_bearings_only,single_snapshot,"Bearing1_1,Bearing1_2,Bearing1_4,Bearing1_5",Bearing1_3,False
"horizontal__fft_coefficient__attr_""imag""__coeff_15",EfficientFCParameters,XJTU-SY,condition_1_35Hz12kN,rul,0.03170442417497785,0.5004117651676123,-0.03170442417497785,False,frequency,"horizontal channel fft coefficient  attr ""imag""  coeff 15 statistic; selected on train bearings only to avoid held-out leakage.",train_only,train_bearings_only,single_snapshot,"Bearing1_1,Bearing1_2,Bearing1_4,Bearing1_5",Bearing1_3,False
"horizontal__fft_coefficient__attr_""real""__coeff_66",EfficientFCParameters,XJTU-SY,condition_1_35Hz12kN,rul,0.03166449991316982,0.5009517217410162,-0.03166449991316982,False,frequency,"horizontal channel fft coefficient  attr ""real""  coeff 66 statistic; selected on train bearings only to avoid held-out leakage.",train_only,train_bearings_only,single_snapshot,"Bearing1_1,Bearing1_2,Bearing1_4,Bearing1_5",Bearing1_3,False
"vertical__fft_coefficient__attr_""angle""__coeff_75",EfficientFCParameters,XJTU-SY,condition_1_35Hz12kN,rul,0.03156786689398323,0.5022599098971441,0.03156786689398323,False,frequency,"vertical channel fft coefficient  attr ""angle""  coeff 75 statistic; selected on train bearings only to avoid held-out leakage.",train_only,train_bearings_only,single_snapshot,"Bearing1_1,Bearing1_2,Bearing1_4,Bearing1_5",Bearing1_3,False
vertical__first_location_of_maximum,EfficientFCParameters,XJTU-SY,condition_1_35Hz12kN,rul,0.03149393260479483,0.5032620244081004,-0.03149393260479483,False,time_domain,vertical channel first location of maximum statistic; selected on train bearings only to avoid held-out leakage.,train_only,train_bearings_only,single_snapshot,"Bearing1_1,Bearing1_2,Bearing1_4,Bearing1_5",Bearing1_3,False
vertical__last_location_of_maximum,EfficientFCParameters,XJTU-SY,condition_1_35Hz12kN,rul,0.03149393260479483,0.5032620244081004,-0.03149393260479483,False,time_domain,vertical channel last location of maximum statistic; selected on train bearings only to avoid held-out leakage.,train_only,train_bearings_only,single_snapshot,"Bearing1_1,Bearing1_2,Bearing1_4,Bearing1_5",Bearing1_3,False
"vertical__fft_coefficient__attr_""real""__coeff_66",EfficientFCParameters,XJTU-SY,condition_1_35Hz12kN,rul,0.031455364401080516,0.5037852000834174,0.031455364401080516,False,frequency,"vertical channel fft coefficient  attr ""real""  coeff 66 statistic; selected on train bearings only to avoid held-out leakage.",train_only,train_bearings_only,single_snapshot,"Bearing1_1,Bearing1_2,Bearing1_4,Bearing1_5",Bearing1_3,False
"vertical__fft_coefficient__attr_""angle""__coeff_52",EfficientFCParameters,XJTU-SY,condition_1_35Hz12kN,rul,0.03134337865260042,0.5053059009141685,-0.03134337865260042,False,frequency,"vertical channel fft coefficient  attr ""angle""  coeff 52 statistic; selected on train bearings only to avoid held-out leakage.",train_only,train_bearings_only,single_snapshot,"Bearing1_1,Bearing1_2,Bearing1_4,Bearing1_5",Bearing1_3,False
"horizontal__agg_linear_trend__attr_""intercept""__chunk_len_5__f_agg_""max""",EfficientFCParameters,XJTU-SY,condition_1_35Hz12kN,rul,0.03133153656800262,0.5054668502442072,0.03133153656800262,False,time_domain,"horizontal channel agg linear trend  attr ""intercept""  chunk len 5  f agg ""max"" statistic; selected on train bearings only to avoid held-out leakage.",train_only,train_bearings_only,single_snapshot,"Bearing1_1,Bearing1_2,Bearing1_4,Bearing1_5",Bearing1_3,False
"horizontal__fft_coefficient__attr_""angle""__coeff_29",EfficientFCParameters,XJTU-SY,condition_1_35Hz12kN,rul,0.031314821641793215,0.5056940736105425,0.031314821641793215,False,frequency,"horizontal channel fft coefficient  attr ""angle""  coeff 29 statistic; selected on train bearings only to avoid held-out leakage.",train_only,train_bearings_only,single_snapshot,"Bearing1_1,Bearing1_2,Bearing1_4,Bearing1_5",Bearing1_3,False
"horizontal__fft_coefficient__attr_""real""__coeff_31",EfficientFCParameters,XJTU-SY,condition_1_35Hz12kN,rul,0.03126650995212379,0.5063511258014923,0.03126650995212379,False,frequency,"horizontal channel fft coefficient  attr ""real""  coeff 31 statistic; selected on train bearings only to avoid held-out leakage.",train_only,train_bearings_only,single_snapshot,"Bearing1_1,Bearing1_2,Bearing1_4,Bearing1_5",Bearing1_3,False
"horizontal__fft_coefficient__attr_""real""__coeff_24",EfficientFCParameters,XJTU-SY,condition_1_35Hz12kN,rul,0.031226717359492142,0.5068926518380242,0.031226717359492142,False,frequency,"horizontal channel fft coefficient  attr ""real""  coeff 24 statistic; selected on train bearings only to avoid held-out leakage.",train_only,train_bearings_only,single_snapshot,"Bearing1_1,Bearing1_2,Bearing1_4,Bearing1_5",Bearing1_3,False
vertical__median,EfficientFCParameters,XJTU-SY,condition_1_35Hz12kN,rul,0.031177327916756724,0.5075652003240807,-0.031177327916756724,False,time_domain,vertical channel median statistic; selected on train bearings only to avoid held-out leakage.,train_only,train_bearings_only,single_snapshot,"Bearing1_1,Bearing1_2,Bearing1_4,Bearing1_5",Bearing1_3,False
"horizontal__fft_coefficient__attr_""angle""__coeff_20",EfficientFCParameters,XJTU-SY,condition_1_35Hz12kN,rul,0.031161925143118,0.5077750392497421,-0.031161925143118,False,frequency,"horizontal channel fft coefficient  attr ""angle""  coeff 20 statistic; selected on train bearings only to avoid held-out leakage.",train_only,train_bearings_only,single_snapshot,"Bearing1_1,Bearing1_2,Bearing1_4,Bearing1_5",Bearing1_3,False
horizontal__autocorrelation__lag_5,EfficientFCParameters,XJTU-SY,condition_1_35Hz12kN,rul,0.031150630841615276,0.5079289354416976,-0.031150630841615276,False,time_domain,horizontal channel autocorrelation  lag 5 statistic; selected on train bearings only to avoid held-out leakage.,train_only,train_bearings_only,single_snapshot,"Bearing1_1,Bearing1_2,Bearing1_4,Bearing1_5",Bearing1_3,False
horizontal__ratio_beyond_r_sigma__r_1.5,EfficientFCParameters,XJTU-SY,condition_1_35Hz12kN,rul,0.031046771194960344,0.5093452701147612,-0.031046771194960344,False,time_domain,horizontal channel ratio beyond r sigma  r 1.5 statistic; selected on train bearings only to avoid held-out leakage.,train_only,train_bearings_only,single_snapshot,"Bearing1_1,Bearing1_2,Bearing1_4,Bearing1_5",Bearing1_3,False
"horizontal__fft_coefficient__attr_""real""__coeff_57",EfficientFCParameters,XJTU-SY,condition_1_35Hz12kN,rul,0.030981338369463998,0.5102386352523867,-0.030981338369463998,False,frequency,"horizontal channel fft coefficient  attr ""real""  coeff 57 statistic; selected on train bearings only to avoid held-out leakage.",train_only,train_bearings_only,single_snapshot,"Bearing1_1,Bearing1_2,Bearing1_4,Bearing1_5",Bearing1_3,False
"vertical__change_quantiles__f_agg_""var""__isabs_True__qh_1.0__ql_0.2",EfficientFCParameters,XJTU-SY,condition_1_35Hz12kN,rul,0.030969074544224685,0.5104061661221766,0.030969074544224685,False,time_domain,"vertical channel change quantiles  f agg ""var""  isabs True  qh 1.0  ql 0.2 statistic; selected on train bearings only to avoid held-out leakage.",train_only,train_bearings_only,single_snapshot,"Bearing1_1,Bearing1_2,Bearing1_4,Bearing1_5",Bearing1_3,False
"horizontal__fft_coefficient__attr_""real""__coeff_27",EfficientFCParameters,XJTU-SY,condition_1_35Hz12kN,rul,0.03093574677593813,0.5108615872727923,-0.03093574677593813,False,frequency,"horizontal channel fft coefficient  attr ""real""  coeff 27 statistic; selected on train bearings only to avoid held-out leakage.",train_only,train_bearings_only,single_snapshot,"Bearing1_1,Bearing1_2,Bearing1_4,Bearing1_5",Bearing1_3,False
horizontal__ratio_beyond_r_sigma__r_3,EfficientFCParameters,XJTU-SY,condition_1_35Hz12kN,rul,0.03093081252794309,0.5109290313383789,-0.03093081252794309,False,time_domain,horizontal channel ratio beyond r sigma  r 3 statistic; selected on train bearings only to avoid held-out leakage.,train_only,train_bearings_only,single_snapshot,"Bearing1_1,Bearing1_2,Bearing1_4,Bearing1_5",Bearing1_3,False
vertical__max_langevin_fixed_point__m_3__r_30,EfficientFCParameters,XJTU-SY,condition_1_35Hz12kN,rul,0.030773208934121114,0.5130856824480152,-0.030773208934121114,False,time_domain,vertical channel max langevin fixed point  m 3  r 30 statistic; selected on train bearings only to avoid held-out leakage.,train_only,train_bearings_only,single_snapshot,"Bearing1_1,Bearing1_2,Bearing1_4,Bearing1_5",Bearing1_3,False
"horizontal__fft_coefficient__attr_""real""__coeff_44",EfficientFCParameters,XJTU-SY,condition_1_35Hz12kN,rul,0.030723415588569985,0.5137680368199573,-0.030723415588569985,False,frequency,"horizontal channel fft coefficient  attr ""real""  coeff 44 statistic; selected on train bearings only to avoid held-out leakage.",train_only,train_bearings_only,single_snapshot,"Bearing1_1,Bearing1_2,Bearing1_4,Bearing1_5",Bearing1_3,False
"horizontal__fft_coefficient__attr_""imag""__coeff_88",EfficientFCParameters,XJTU-SY,condition_1_35Hz12kN,rul,0.03047044346747623,0.5172419531175055,-0.03047044346747623,False,frequency,"horizontal channel fft coefficient  attr ""imag""  coeff 88 statistic; selected on train bearings only to avoid held-out leakage.",train_only,train_bearings_only,single_snapshot,"Bearing1_1,Bearing1_2,Bearing1_4,Bearing1_5",Bearing1_3,False
"vertical__cwt_coefficients__coeff_5__w_5__widths_(2, 5, 10, 20)",EfficientFCParameters,XJTU-SY,condition_1_35Hz12kN,rul,0.03043047373972725,0.5177919405099869,0.03043047373972725,False,time_domain,"vertical channel cwt coefficients  coeff 5  w 5  widths (2, 5, 10, 20) statistic; selected on train bearings only to avoid held-out leakage.",train_only,train_bearings_only,single_snapshot,"Bearing1_1,Bearing1_2,Bearing1_4,Bearing1_5",Bearing1_3,False
"vertical__fft_coefficient__attr_""real""__coeff_63",EfficientFCParameters,XJTU-SY,condition_1_35Hz12kN,rul,0.030293843410107785,0.5196742618959078,0.030293843410107785,False,frequency,"vertical channel fft coefficient  attr ""real""  coeff 63 statistic; selected on train bearings only to avoid held-out leakage.",train_only,train_bearings_only,single_snapshot,"Bearing1_1,Bearing1_2,Bearing1_4,Bearing1_5",Bearing1_3,False
"horizontal__fft_coefficient__attr_""angle""__coeff_22",EfficientFCParameters,XJTU-SY,condition_1_35Hz12kN,rul,0.030275976735147724,0.5199206664308229,0.030275976735147724,False,frequency,"horizontal channel fft coefficient  attr ""angle""  coeff 22 statistic; selected on train bearings only to avoid held-out leakage.",train_only,train_bearings_only,single_snapshot,"Bearing1_1,Bearing1_2,Bearing1_4,Bearing1_5",Bearing1_3,False
vertical__mean_second_derivative_central,EfficientFCParameters,XJTU-SY,condition_1_35Hz12kN,rul,0.03009977717936039,0.5223538984978057,-0.03009977717936039,False,time_domain,vertical channel mean second derivative central statistic; selected on train bearings only to avoid held-out leakage.,train_only,train_bearings_only,single_snapshot,"Bearing1_1,Bearing1_2,Bearing1_4,Bearing1_5",Bearing1_3,True
"vertical__fft_coefficient__attr_""imag""__coeff_71",EfficientFCParameters,XJTU-SY,condition_1_35Hz12kN,rul,0.03003206039730076,0.5232905841677924,0.03003206039730076,False,frequency,"vertical channel fft coefficient  attr ""imag""  coeff 71 statistic; selected on train bearings only to avoid held-out leakage.",train_only,train_bearings_only,single_snapshot,"Bearing1_1,Bearing1_2,Bearing1_4,Bearing1_5",Bearing1_3,False
horizontal__number_peaks__n_50,EfficientFCParameters,XJTU-SY,condition_1_35Hz12kN,rul,0.02997386813576916,0.5240962086650554,-0.02997386813576916,False,time_domain,horizontal channel number peaks  n 50 statistic; selected on train bearings only to avoid held-out leakage.,train_only,train_bearings_only,single_snapshot,"Bearing1_1,Bearing1_2,Bearing1_4,Bearing1_5",Bearing1_3,True
"horizontal__fft_coefficient__attr_""abs""__coeff_40",EfficientFCParameters,XJTU-SY,condition_1_35Hz12kN,rul,0.02985980148014061,0.5256772049249714,0.02985980148014061,False,frequency,"horizontal channel fft coefficient  attr ""abs""  coeff 40 statistic; selected on train bearings only to avoid held-out leakage.",train_only,train_bearings_only,single_snapshot,"Bearing1_1,Bearing1_2,Bearing1_4,Bearing1_5",Bearing1_3,False
"horizontal__agg_linear_trend__attr_""rvalue""__chunk_len_10__f_agg_""mean""",EfficientFCParameters,XJTU-SY,condition_1_35Hz12kN,rul,0.029783175356050386,0.5267406280493783,-0.029783175356050386,False,time_domain,"horizontal channel agg linear trend  attr ""rvalue""  chunk len 10  f agg ""mean"" statistic; selected on train bearings only to avoid held-out leakage.",train_only,train_bearings_only,single_snapshot,"Bearing1_1,Bearing1_2,Bearing1_4,Bearing1_5",Bearing1_3,True
"vertical__fft_coefficient__attr_""real""__coeff_50",EfficientFCParameters,XJTU-SY,condition_1_35Hz12kN,rul,0.029717332785919984,0.527655269872706,0.029717332785919984,False,frequency,"vertical channel fft coefficient  attr ""real""  coeff 50 statistic; selected on train bearings only to avoid held-out leakage.",train_only,train_bearings_only,single_snapshot,"Bearing1_1,Bearing1_2,Bearing1_4,Bearing1_5",Bearing1_3,False
"horizontal__fft_coefficient__attr_""real""__coeff_89",EfficientFCParameters,XJTU-SY,condition_1_35Hz12kN,rul,0.029642344300511693,0.5286979429055371,-0.029642344300511693,False,frequency,"horizontal channel fft coefficient  attr ""real""  coeff 89 statistic; selected on train bearings only to avoid held-out leakage.",train_only,train_bearings_only,single_snapshot,"Bearing1_1,Bearing1_2,Bearing1_4,Bearing1_5",Bearing1_3,False
"vertical__cwt_coefficients__coeff_8__w_10__widths_(2, 5, 10, 20)",EfficientFCParameters,XJTU-SY,condition_1_35Hz12kN,rul,0.029636440679985675,0.5287800738223948,0.029636440679985675,False,time_domain,"vertical channel cwt coefficients  coeff 8  w 10  widths (2, 5, 10, 20) statistic; selected on train bearings only to avoid held-out leakage.",train_only,train_bearings_only,single_snapshot,"Bearing1_1,Bearing1_2,Bearing1_4,Bearing1_5",Bearing1_3,False
"vertical__fft_coefficient__attr_""imag""__coeff_51",EfficientFCParameters,XJTU-SY,condition_1_35Hz12kN,rul,0.02943523253906056,0.531583137146184,-0.02943523253906056,False,frequency,"vertical channel fft coefficient  attr ""imag""  coeff 51 statistic; selected on train bearings only to avoid held-out leakage.",train_only,train_bearings_only,single_snapshot,"Bearing1_1,Bearing1_2,Bearing1_4,Bearing1_5",Bearing1_3,False
"horizontal__fft_coefficient__attr_""angle""__coeff_44",EfficientFCParameters,XJTU-SY,condition_1_35Hz12kN,rul,0.02942240921444695,0.5317620350851558,-0.02942240921444695,False,frequency,"horizontal channel fft coefficient  attr ""angle""  coeff 44 statistic; selected on train bearings only to avoid held-out leakage.",train_only,train_bearings_only,single_snapshot,"Bearing1_1,Bearing1_2,Bearing1_4,Bearing1_5",Bearing1_3,False
"horizontal__fft_coefficient__attr_""angle""__coeff_18",EfficientFCParameters,XJTU-SY,condition_1_35Hz12kN,rul,0.029396360319596193,0.5321255362817058,0.029396360319596193,False,frequency,"horizontal channel fft coefficient  attr ""angle""  coeff 18 statistic; selected on train bearings only to avoid held-out leakage.",train_only,train_bearings_only,single_snapshot,"Bearing1_1,Bearing1_2,Bearing1_4,Bearing1_5",Bearing1_3,False
vertical__variance_larger_than_standard_deviation,EfficientFCParameters,XJTU-SY,condition_1_35Hz12kN,rul,0.02931723076289302,0.5332305241167583,-0.02931723076289302,False,distribution,vertical channel variance larger than standard deviation statistic; selected on train bearings only to avoid held-out leakage.,train_only,train_bearings_only,single_snapshot,"Bearing1_1,Bearing1_2,Bearing1_4,Bearing1_5",Bearing1_3,True
"vertical__fft_coefficient__attr_""imag""__coeff_84",EfficientFCParameters,XJTU-SY,condition_1_35Hz12kN,rul,0.029282404082468984,0.5337172200675332,-0.029282404082468984,False,frequency,"vertical channel fft coefficient  attr ""imag""  coeff 84 statistic; selected on train bearings only to avoid held-out leakage.",train_only,train_bearings_only,single_snapshot,"Bearing1_1,Bearing1_2,Bearing1_4,Bearing1_5",Bearing1_3,False
"vertical__fft_coefficient__attr_""imag""__coeff_97",EfficientFCParameters,XJTU-SY,condition_1_35Hz12kN,rul,0.029153687288479297,0.5355179507827829,-0.029153687288479297,False,frequency,"vertical channel fft coefficient  attr ""imag""  coeff 97 statistic; selected on train bearings only to avoid held-out leakage.",train_only,train_bearings_only,single_snapshot,"Bearing1_1,Bearing1_2,Bearing1_4,Bearing1_5",Bearing1_3,False
"horizontal__fft_coefficient__attr_""angle""__coeff_98",EfficientFCParameters,XJTU-SY,condition_1_35Hz12kN,rul,0.029142496957454956,0.5356746460511277,-0.029142496957454956,False,frequency,"horizontal channel fft coefficient  attr ""angle""  coeff 98 statistic; selected on train bearings only to avoid held-out leakage.",train_only,train_bearings_only,single_snapshot,"Bearing1_1,Bearing1_2,Bearing1_4,Bearing1_5",Bearing1_3,False
"vertical__fft_coefficient__attr_""real""__coeff_14",EfficientFCParameters,XJTU-SY,condition_1_35Hz12kN,rul,0.02913405358903607,0.5357928915583148,0.02913405358903607,False,frequency,"vertical channel fft coefficient  attr ""real""  coeff 14 statistic; selected on train bearings only to avoid held-out leakage.",train_only,train_bearings_only,single_snapshot,"Bearing1_1,Bearing1_2,Bearing1_4,Bearing1_5",Bearing1_3,False
"horizontal__fft_coefficient__attr_""angle""__coeff_3",EfficientFCParameters,XJTU-SY,condition_1_35Hz12kN,rul,0.029082678716934048,0.5365126554008208,-0.029082678716934048,False,frequency,"horizontal channel fft coefficient  attr ""angle""  coeff 3 statistic; selected on train bearings only to avoid held-out leakage.",train_only,train_bearings_only,single_snapshot,"Bearing1_1,Bearing1_2,Bearing1_4,Bearing1_5",Bearing1_3,False
"vertical__fft_coefficient__attr_""real""__coeff_77",EfficientFCParameters,XJTU-SY,condition_1_35Hz12kN,rul,0.02903302984189934,0.5372086983321399,-0.02903302984189934,False,frequency,"vertical channel fft coefficient  attr ""real""  coeff 77 statistic; selected on train bearings only to avoid held-out leakage.",train_only,train_bearings_only,single_snapshot,"Bearing1_1,Bearing1_2,Bearing1_4,Bearing1_5",Bearing1_3,False
"vertical__fft_coefficient__attr_""imag""__coeff_25",EfficientFCParameters,XJTU-SY,condition_1_35Hz12kN,rul,0.02896928846405783,0.5381029710341794,-0.02896928846405783,False,frequency,"vertical channel fft coefficient  attr ""imag""  coeff 25 statistic; selected on train bearings only to avoid held-out leakage.",train_only,train_bearings_only,single_snapshot,"Bearing1_1,Bearing1_2,Bearing1_4,Bearing1_5",Bearing1_3,False
"vertical__change_quantiles__f_agg_""mean""__isabs_True__qh_0.6__ql_0.0",EfficientFCParameters,XJTU-SY,condition_1_35Hz12kN,rul,0.02895799066264999,0.5382615535038078,0.02895799066264999,False,time_domain,"vertical channel change quantiles  f agg ""mean""  isabs True  qh 0.6  ql 0.0 statistic; selected on train bearings only to avoid held-out leakage.",train_only,train_bearings_only,single_snapshot,"Bearing1_1,Bearing1_2,Bearing1_4,Bearing1_5",Bearing1_3,True
"horizontal__fft_coefficient__attr_""real""__coeff_76",EfficientFCParameters,XJTU-SY,condition_1_35Hz12kN,rul,0.028952336082911492,0.538340933228036,0.028952336082911492,False,frequency,"horizontal channel fft coefficient  attr ""real""  coeff 76 statistic; selected on train bearings only to avoid held-out leakage.",train_only,train_bearings_only,single_snapshot,"Bearing1_1,Bearing1_2,Bearing1_4,Bearing1_5",Bearing1_3,False
"vertical__fft_coefficient__attr_""angle""__coeff_34",EfficientFCParameters,XJTU-SY,condition_1_35Hz12kN,rul,0.02894441520248274,0.5384521374173227,0.02894441520248274,False,frequency,"vertical channel fft coefficient  attr ""angle""  coeff 34 statistic; selected on train bearings only to avoid held-out leakage.",train_only,train_bearings_only,single_snapshot,"Bearing1_1,Bearing1_2,Bearing1_4,Bearing1_5",Bearing1_3,False
"vertical__fft_coefficient__attr_""imag""__coeff_75",EfficientFCParameters,XJTU-SY,condition_1_35Hz12kN,rul,0.02885818351588303,0.5396635187364328,0.02885818351588303,False,frequency,"vertical channel fft coefficient  attr ""imag""  coeff 75 statistic; selected on train bearings only to avoid held-out leakage.",train_only,train_bearings_only,single_snapshot,"Bearing1_1,Bearing1_2,Bearing1_4,Bearing1_5",Bearing1_3,False
horizontal__energy_ratio_by_chunks__num_segments_10__segment_focus_9,EfficientFCParameters,XJTU-SY,condition_1_35Hz12kN,rul,0.028719800394280987,0.5416103606601246,-0.028719800394280987,False,energy,horizontal channel energy ratio by chunks  num segments 10  segment focus 9 statistic; selected on train bearings only to avoid held-out leakage.,train_only,train_bearings_only,single_snapshot,"Bearing1_1,Bearing1_2,Bearing1_4,Bearing1_5",Bearing1_3,False
"vertical__change_quantiles__f_agg_""mean""__isabs_False__qh_0.6__ql_0.4",EfficientFCParameters,XJTU-SY,condition_1_35Hz12kN,rul,0.028637767286000097,0.5427660901282669,0.028637767286000097,False,time_domain,"vertical channel change quantiles  f agg ""mean""  isabs False  qh 0.6  ql 0.4 statistic; selected on train bearings only to avoid held-out leakage.",train_only,train_bearings_only,single_snapshot,"Bearing1_1,Bearing1_2,Bearing1_4,Bearing1_5",Bearing1_3,True
"horizontal__fft_coefficient__attr_""real""__coeff_83",EfficientFCParameters,XJTU-SY,condition_1_35Hz12kN,rul,0.02860932689508875,0.543167060382818,0.02860932689508875,False,frequency,"horizontal channel fft coefficient  attr ""real""  coeff 83 statistic; selected on train bearings only to avoid held-out leakage.",train_only,train_bearings_only,single_snapshot,"Bearing1_1,Bearing1_2,Bearing1_4,Bearing1_5",Bearing1_3,False
"horizontal__fft_coefficient__attr_""imag""__coeff_38",EfficientFCParameters,XJTU-SY,condition_1_35Hz12kN,rul,0.028590601839903022,0.5434311380520691,0.028590601839903022,False,frequency,"horizontal channel fft coefficient  attr ""imag""  coeff 38 statistic; selected on train bearings only to avoid held-out leakage.",train_only,train_bearings_only,single_snapshot,"Bearing1_1,Bearing1_2,Bearing1_4,Bearing1_5",Bearing1_3,False
"vertical__fft_coefficient__attr_""angle""__coeff_24",EfficientFCParameters,XJTU-SY,condition_1_35Hz12kN,rul,0.02845265801434339,0.5453785074375811,-0.02845265801434339,False,frequency,"vertical channel fft coefficient  attr ""angle""  coeff 24 statistic; selected on train bearings only to avoid held-out leakage.",train_only,train_bearings_only,single_snapshot,"Bearing1_1,Bearing1_2,Bearing1_4,Bearing1_5",Bearing1_3,False
horizontal__ratio_beyond_r_sigma__r_6,EfficientFCParameters,XJTU-SY,condition_1_35Hz12kN,rul,0.028438513715292168,0.5455783791125862,0.028438513715292168,False,time_domain,horizontal channel ratio beyond r sigma  r 6 statistic; selected on train bearings only to avoid held-out leakage.,train_only,train_bearings_only,single_snapshot,"Bearing1_1,Bearing1_2,Bearing1_4,Bearing1_5",Bearing1_3,False
"horizontal__cwt_coefficients__coeff_4__w_20__widths_(2, 5, 10, 20)",EfficientFCParameters,XJTU-SY,condition_1_35Hz12kN,rul,0.028431005972205232,0.5456844849914024,-0.028431005972205232,False,time_domain,"horizontal channel cwt coefficients  coeff 4  w 20  widths (2, 5, 10, 20) statistic; selected on train bearings only to avoid held-out leakage.",train_only,train_bearings_only,single_snapshot,"Bearing1_1,Bearing1_2,Bearing1_4,Bearing1_5",Bearing1_3,False
"horizontal__cwt_coefficients__coeff_4__w_10__widths_(2, 5, 10, 20)",EfficientFCParameters,XJTU-SY,condition_1_35Hz12kN,rul,0.028380350311460217,0.5464006608422673,0.028380350311460217,False,time_domain,"horizontal channel cwt coefficients  coeff 4  w 10  widths (2, 5, 10, 20) statistic; selected on train bearings only to avoid held-out leakage.",train_only,train_bearings_only,single_snapshot,"Bearing1_1,Bearing1_2,Bearing1_4,Bearing1_5",Bearing1_3,False
"vertical__fft_coefficient__attr_""angle""__coeff_23",EfficientFCParameters,XJTU-SY,condition_1_35Hz12kN,rul,0.028309573956382537,0.5474020821732277,0.028309573956382537,False,frequency,"vertical channel fft coefficient  attr ""angle""  coeff 23 statistic; selected on train bearings only to avoid held-out leakage.",train_only,train_bearings_only,single_snapshot,"Bearing1_1,Bearing1_2,Bearing1_4,Bearing1_5",Bearing1_3,False
"vertical__cwt_coefficients__coeff_10__w_5__widths_(2, 5, 10, 20)",EfficientFCParameters,XJTU-SY,condition_1_35Hz12kN,rul,0.028223177121703115,0.5486257443637728,0.028223177121703115,False,time_domain,"vertical channel cwt coefficients  coeff 10  w 5  widths (2, 5, 10, 20) statistic; selected on train bearings only to avoid held-out leakage.",train_only,train_bearings_only,single_snapshot,"Bearing1_1,Bearing1_2,Bearing1_4,Bearing1_5",Bearing1_3,False
"vertical__fft_coefficient__attr_""abs""__coeff_22",EfficientFCParameters,XJTU-SY,condition_1_35Hz12kN,rul,0.02813718515735618,0.5498450073365633,-0.02813718515735618,False,frequency,"vertical channel fft coefficient  attr ""abs""  coeff 22 statistic; selected on train bearings only to avoid held-out leakage.",train_only,train_bearings_only,single_snapshot,"Bearing1_1,Bearing1_2,Bearing1_4,Bearing1_5",Bearing1_3,False
"horizontal__cwt_coefficients__coeff_8__w_5__widths_(2, 5, 10, 20)",EfficientFCParameters,XJTU-SY,condition_1_35Hz12kN,rul,0.028114748493751104,0.5501633511051691,0.028114748493751104,False,time_domain,"horizontal channel cwt coefficients  coeff 8  w 5  widths (2, 5, 10, 20) statistic; selected on train bearings only to avoid held-out leakage.",train_only,train_bearings_only,single_snapshot,"Bearing1_1,Bearing1_2,Bearing1_4,Bearing1_5",Bearing1_3,False
"vertical__fft_coefficient__attr_""real""__coeff_52",EfficientFCParameters,XJTU-SY,condition_1_35Hz12kN,rul,0.028043220876150316,0.5511788280055697,0.028043220876150316,False,frequency,"vertical channel fft coefficient  attr ""real""  coeff 52 statistic; selected on train bearings only to avoid held-out leakage.",train_only,train_bearings_only,single_snapshot,"Bearing1_1,Bearing1_2,Bearing1_4,Bearing1_5",Bearing1_3,False
"horizontal__fft_coefficient__attr_""real""__coeff_25",EfficientFCParameters,XJTU-SY,condition_1_35Hz12kN,rul,0.027904587141290942,0.5531496216180588,0.027904587141290942,False,frequency,"horizontal channel fft coefficient  attr ""real""  coeff 25 statistic; selected on train bearings only to avoid held-out leakage.",train_only,train_bearings_only,single_snapshot,"Bearing1_1,Bearing1_2,Bearing1_4,Bearing1_5",Bearing1_3,False
"horizontal__change_quantiles__f_agg_""mean""__isabs_False__qh_1.0__ql_0.8",EfficientFCParameters,XJTU-SY,condition_1_35Hz12kN,rul,0.027861482790387387,0.5537630866127206,-0.027861482790387387,False,time_domain,"horizontal channel change quantiles  f agg ""mean""  isabs False  qh 1.0  ql 0.8 statistic; selected on train bearings only to avoid held-out leakage.",train_only,train_bearings_only,single_snapshot,"Bearing1_1,Bearing1_2,Bearing1_4,Bearing1_5",Bearing1_3,True
vertical__ar_coefficient__coeff_1__k_10,EfficientFCParameters,XJTU-SY,condition_1_35Hz12kN,rul,0.027839589603076517,0.5540747995338515,0.027839589603076517,False,time_domain,vertical channel ar coefficient  coeff 1  k 10 statistic; selected on train bearings only to avoid held-out leakage.,train_only,train_bearings_only,single_snapshot,"Bearing1_1,Bearing1_2,Bearing1_4,Bearing1_5",Bearing1_3,False
"vertical__fft_coefficient__attr_""imag""__coeff_29",EfficientFCParameters,XJTU-SY,condition_1_35Hz12kN,rul,0.02775745208695932,0.5552450273404202,0.02775745208695932,False,frequency,"vertical channel fft coefficient  attr ""imag""  coeff 29 statistic; selected on train bearings only to avoid held-out leakage.",train_only,train_bearings_only,single_snapshot,"Bearing1_1,Bearing1_2,Bearing1_4,Bearing1_5",Bearing1_3,False
"horizontal__fft_coefficient__attr_""abs""__coeff_74",EfficientFCParameters,XJTU-SY,condition_1_35Hz12kN,rul,0.02763857335496122,0.5569408422114863,0.02763857335496122,False,frequency,"horizontal channel fft coefficient  attr ""abs""  coeff 74 statistic; selected on train bearings only to avoid held-out leakage.",train_only,train_bearings_only,single_snapshot,"Bearing1_1,Bearing1_2,Bearing1_4,Bearing1_5",Bearing1_3,False
"horizontal__fft_coefficient__attr_""abs""__coeff_37",EfficientFCParameters,XJTU-SY,condition_1_35Hz12kN,rul,0.02755686195844115,0.5581079186089273,-0.02755686195844115,False,frequency,"horizontal channel fft coefficient  attr ""abs""  coeff 37 statistic; selected on train bearings only to avoid held-out leakage.",train_only,train_bearings_only,single_snapshot,"Bearing1_1,Bearing1_2,Bearing1_4,Bearing1_5",Bearing1_3,False
"vertical__fft_coefficient__attr_""real""__coeff_65",EfficientFCParameters,XJTU-SY,condition_1_35Hz12kN,rul,0.02753797571661704,0.5583778376227085,0.02753797571661704,False,frequency,"vertical channel fft coefficient  attr ""real""  coeff 65 statistic; selected on train bearings only to avoid held-out leakage.",train_only,train_bearings_only,single_snapshot,"Bearing1_1,Bearing1_2,Bearing1_4,Bearing1_5",Bearing1_3,False
"horizontal__fft_coefficient__attr_""angle""__coeff_96",EfficientFCParameters,XJTU-SY,condition_1_35Hz12kN,rul,0.027532160385253558,0.558460962100179,0.027532160385253558,False,frequency,"horizontal channel fft coefficient  attr ""angle""  coeff 96 statistic; selected on train bearings only to avoid held-out leakage.",train_only,train_bearings_only,single_snapshot,"Bearing1_1,Bearing1_2,Bearing1_4,Bearing1_5",Bearing1_3,False
"vertical__fft_coefficient__attr_""imag""__coeff_43",EfficientFCParameters,XJTU-SY,condition_1_35Hz12kN,rul,0.027495915159327394,0.5589791872406767,-0.027495915159327394,False,frequency,"vertical channel fft coefficient  attr ""imag""  coeff 43 statistic; selected on train bearings only to avoid held-out leakage.",train_only,train_bearings_only,single_snapshot,"Bearing1_1,Bearing1_2,Bearing1_4,Bearing1_5",Bearing1_3,False
"horizontal__fft_coefficient__attr_""imag""__coeff_60",EfficientFCParameters,XJTU-SY,condition_1_35Hz12kN,rul,0.027493426104616393,0.5590147836587264,0.027493426104616393,False,frequency,"horizontal channel fft coefficient  attr ""imag""  coeff 60 statistic; selected on train bearings only to avoid held-out leakage.",train_only,train_bearings_only,single_snapshot,"Bearing1_1,Bearing1_2,Bearing1_4,Bearing1_5",Bearing1_3,False
"horizontal__agg_linear_trend__attr_""slope""__chunk_len_5__f_agg_""min""",EfficientFCParameters,XJTU-SY,condition_1_35Hz12kN,rul,0.0274485203981507,0.5596571765905888,-0.0274485203981507,False,time_domain,"horizontal channel agg linear trend  attr ""slope""  chunk len 5  f agg ""min"" statistic; selected on train bearings only to avoid held-out leakage.",train_only,train_bearings_only,single_snapshot,"Bearing1_1,Bearing1_2,Bearing1_4,Bearing1_5",Bearing1_3,False
vertical__count_above_mean,EfficientFCParameters,XJTU-SY,condition_1_35Hz12kN,rul,0.02742866760598492,0.5599412919347714,-0.02742866760598492,False,shape,vertical channel count above mean statistic; selected on train bearings only to avoid held-out leakage.,train_only,train_bearings_only,single_snapshot,"Bearing1_1,Bearing1_2,Bearing1_4,Bearing1_5",Bearing1_3,True
vertical__count_below__t_0,EfficientFCParameters,XJTU-SY,condition_1_35Hz12kN,rul,0.02742866760598492,0.5599412919347714,0.02742866760598492,False,shape,vertical channel count below  t 0 statistic; selected on train bearings only to avoid held-out leakage.,train_only,train_bearings_only,single_snapshot,"Bearing1_1,Bearing1_2,Bearing1_4,Bearing1_5",Bearing1_3,False
vertical__range_count__max_0__min_-1000000000000.0,EfficientFCParameters,XJTU-SY,condition_1_35Hz12kN,rul,0.02742866760598492,0.5599412919347714,0.02742866760598492,False,shape,vertical channel range count  max 0  min -1000000000000.0 statistic; selected on train bearings only to avoid held-out leakage.,train_only,train_bearings_only,single_snapshot,"Bearing1_1,Bearing1_2,Bearing1_4,Bearing1_5",Bearing1_3,False
vertical__count_below_mean,EfficientFCParameters,XJTU-SY,condition_1_35Hz12kN,rul,0.02742866760598492,0.5599412919347714,0.02742866760598492,False,shape,vertical channel count below mean statistic; selected on train bearings only to avoid held-out leakage.,train_only,train_bearings_only,single_snapshot,"Bearing1_1,Bearing1_2,Bearing1_4,Bearing1_5",Bearing1_3,True
vertical__count_above__t_0,EfficientFCParameters,XJTU-SY,condition_1_35Hz12kN,rul,0.02742866760598492,0.5599412919347714,-0.02742866760598492,False,shape,vertical channel count above  t 0 statistic; selected on train bearings only to avoid held-out leakage.,train_only,train_bearings_only,single_snapshot,"Bearing1_1,Bearing1_2,Bearing1_4,Bearing1_5",Bearing1_3,False
vertical__range_count__max_1000000000000.0__min_0,EfficientFCParameters,XJTU-SY,condition_1_35Hz12kN,rul,0.02742866760598492,0.5599412919347714,-0.02742866760598492,False,shape,vertical channel range count  max 1000000000000.0  min 0 statistic; selected on train bearings only to avoid held-out leakage.,train_only,train_bearings_only,single_snapshot,"Bearing1_1,Bearing1_2,Bearing1_4,Bearing1_5",Bearing1_3,False
horizontal__mean_second_derivative_central,EfficientFCParameters,XJTU-SY,condition_1_35Hz12kN,rul,0.02735284030320924,0.5610271052889187,-0.02735284030320924,False,time_domain,horizontal channel mean second derivative central statistic; selected on train bearings only to avoid held-out leakage.,train_only,train_bearings_only,single_snapshot,"Bearing1_1,Bearing1_2,Bearing1_4,Bearing1_5",Bearing1_3,True
horizontal__median,EfficientFCParameters,XJTU-SY,condition_1_35Hz12kN,rul,0.0272192903267348,0.5629419478454442,-0.0272192903267348,False,time_domain,horizontal channel median statistic; selected on train bearings only to avoid held-out leakage.,train_only,train_bearings_only,single_snapshot,"Bearing1_1,Bearing1_2,Bearing1_4,Bearing1_5",Bearing1_3,False
"vertical__fft_coefficient__attr_""real""__coeff_40",EfficientFCParameters,XJTU-SY,condition_1_35Hz12kN,rul,0.027203953755168774,0.5631620449676982,-0.027203953755168774,False,frequency,"vertical channel fft coefficient  attr ""real""  coeff 40 statistic; selected on train bearings only to avoid held-out leakage.",train_only,train_bearings_only,single_snapshot,"Bearing1_1,Bearing1_2,Bearing1_4,Bearing1_5",Bearing1_3,False
"horizontal__fft_coefficient__attr_""imag""__coeff_44",EfficientFCParameters,XJTU-SY,condition_1_35Hz12kN,rul,0.02716794381553147,0.5636789907950964,-0.02716794381553147,False,frequency,"horizontal channel fft coefficient  attr ""imag""  coeff 44 statistic; selected on train bearings only to avoid held-out leakage.",train_only,train_bearings_only,single_snapshot,"Bearing1_1,Bearing1_2,Bearing1_4,Bearing1_5",Bearing1_3,False
"vertical__fft_coefficient__attr_""real""__coeff_33",EfficientFCParameters,XJTU-SY,condition_1_35Hz12kN,rul,0.027118497694960025,0.5643891927477033,-0.027118497694960025,False,frequency,"vertical channel fft coefficient  attr ""real""  coeff 33 statistic; selected on train bearings only to avoid held-out leakage.",train_only,train_bearings_only,single_snapshot,"Bearing1_1,Bearing1_2,Bearing1_4,Bearing1_5",Bearing1_3,False
"vertical__fft_coefficient__attr_""abs""__coeff_15",EfficientFCParameters,XJTU-SY,condition_1_35Hz12kN,rul,0.02708012949263231,0.5649405765338598,-0.02708012949263231,False,frequency,"vertical channel fft coefficient  attr ""abs""  coeff 15 statistic; selected on train bearings only to avoid held-out leakage.",train_only,train_bearings_only,single_snapshot,"Bearing1_1,Bearing1_2,Bearing1_4,Bearing1_5",Bearing1_3,False
"horizontal__fft_coefficient__attr_""imag""__coeff_22",EfficientFCParameters,XJTU-SY,condition_1_35Hz12kN,rul,0.027052330962907493,0.5653402263374919,-0.027052330962907493,False,frequency,"horizontal channel fft coefficient  attr ""imag""  coeff 22 statistic; selected on train bearings only to avoid held-out leakage.",train_only,train_bearings_only,single_snapshot,"Bearing1_1,Bearing1_2,Bearing1_4,Bearing1_5",Bearing1_3,False
"horizontal__cwt_coefficients__coeff_12__w_10__widths_(2, 5, 10, 20)",EfficientFCParameters,XJTU-SY,condition_1_35Hz12kN,rul,0.0269060669190951,0.5674452413565101,-0.0269060669190951,False,time_domain,"horizontal channel cwt coefficients  coeff 12  w 10  widths (2, 5, 10, 20) statistic; selected on train bearings only to avoid held-out leakage.",train_only,train_bearings_only,single_snapshot,"Bearing1_1,Bearing1_2,Bearing1_4,Bearing1_5",Bearing1_3,False
"horizontal__agg_linear_trend__attr_""rvalue""__chunk_len_5__f_agg_""mean""",EfficientFCParameters,XJTU-SY,condition_1_35Hz12kN,rul,0.026791321676477797,0.5690992557694955,-0.026791321676477797,False,time_domain,"horizontal channel agg linear trend  attr ""rvalue""  chunk len 5  f agg ""mean"" statistic; selected on train bearings only to avoid held-out leakage.",train_only,train_bearings_only,single_snapshot,"Bearing1_1,Bearing1_2,Bearing1_4,Bearing1_5",Bearing1_3,True
"vertical__fft_coefficient__attr_""abs""__coeff_36",EfficientFCParameters,XJTU-SY,condition_1_35Hz12kN,rul,0.026692501099704766,0.5705255581038715,0.026692501099704766,False,frequency,"vertical channel fft coefficient  attr ""abs""  coeff 36 statistic; selected on train bearings only to avoid held-out leakage.",train_only,train_bearings_only,single_snapshot,"Bearing1_1,Bearing1_2,Bearing1_4,Bearing1_5",Bearing1_3,False
"horizontal__fft_coefficient__attr_""abs""__coeff_77",EfficientFCParameters,XJTU-SY,condition_1_35Hz12kN,rul,0.026631923193170995,0.5714007327074084,0.026631923193170995,False,frequency,"horizontal channel fft coefficient  attr ""abs""  coeff 77 statistic; selected on train bearings only to avoid held-out leakage.",train_only,train_bearings_only,single_snapshot,"Bearing1_1,Bearing1_2,Bearing1_4,Bearing1_5",Bearing1_3,False
"horizontal__fft_coefficient__attr_""abs""__coeff_26",EfficientFCParameters,XJTU-SY,condition_1_35Hz12kN,rul,0.026560295926867067,0.5724363590036506,0.026560295926867067,False,frequency,"horizontal channel fft coefficient  attr ""abs""  coeff 26 statistic; selected on train bearings only to avoid held-out leakage.",train_only,train_bearings_only,single_snapshot,"Bearing1_1,Bearing1_2,Bearing1_4,Bearing1_5",Bearing1_3,False
"vertical__cwt_coefficients__coeff_9__w_10__widths_(2, 5, 10, 20)",EfficientFCParameters,XJTU-SY,condition_1_35Hz12kN,rul,0.026460583144127987,0.5738795386324745,0.026460583144127987,False,time_domain,"vertical channel cwt coefficients  coeff 9  w 10  widths (2, 5, 10, 20) statistic; selected on train bearings only to avoid held-out leakage.",train_only,train_bearings_only,single_snapshot,"Bearing1_1,Bearing1_2,Bearing1_4,Bearing1_5",Bearing1_3,False
horizontal__variation_coefficient,EfficientFCParameters,XJTU-SY,condition_1_35Hz12kN,rul,0.026428344612820794,0.5743465059497994,-0.026428344612820794,False,time_domain,horizontal channel variation coefficient statistic; selected on train bearings only to avoid held-out leakage.,train_only,train_bearings_only,single_snapshot,"Bearing1_1,Bearing1_2,Bearing1_4,Bearing1_5",Bearing1_3,False
horizontal__lempel_ziv_complexity__bins_5,EfficientFCParameters,XJTU-SY,condition_1_35Hz12kN,rul,0.026409328548518525,0.5746220330689735,0.026409328548518525,False,time_domain,horizontal channel lempel ziv complexity  bins 5 statistic; selected on train bearings only to avoid held-out leakage.,train_only,train_bearings_only,single_snapshot,"Bearing1_1,Bearing1_2,Bearing1_4,Bearing1_5",Bearing1_3,False
"horizontal__fft_coefficient__attr_""imag""__coeff_33",EfficientFCParameters,XJTU-SY,condition_1_35Hz12kN,rul,0.026311720417867068,0.5760372747365906,-0.026311720417867068,False,frequency,"horizontal channel fft coefficient  attr ""imag""  coeff 33 statistic; selected on train bearings only to avoid held-out leakage.",train_only,train_bearings_only,single_snapshot,"Bearing1_1,Bearing1_2,Bearing1_4,Bearing1_5",Bearing1_3,False
"vertical__fft_coefficient__attr_""imag""__coeff_72",EfficientFCParameters,XJTU-SY,condition_1_35Hz12kN,rul,0.0262377464704874,0.5771109303140014,-0.0262377464704874,False,frequency,"vertical channel fft coefficient  attr ""imag""  coeff 72 statistic; selected on train bearings only to avoid held-out leakage.",train_only,train_bearings_only,single_snapshot,"Bearing1_1,Bearing1_2,Bearing1_4,Bearing1_5",Bearing1_3,False
"horizontal__fft_coefficient__attr_""angle""__coeff_82",EfficientFCParameters,XJTU-SY,condition_1_35Hz12kN,rul,0.026218833838347885,0.5773855784346298,0.026218833838347885,False,frequency,"horizontal channel fft coefficient  attr ""angle""  coeff 82 statistic; selected on train bearings only to avoid held-out leakage.",train_only,train_bearings_only,single_snapshot,"Bearing1_1,Bearing1_2,Bearing1_4,Bearing1_5",Bearing1_3,False
"vertical__cwt_coefficients__coeff_4__w_5__widths_(2, 5, 10, 20)",EfficientFCParameters,XJTU-SY,condition_1_35Hz12kN,rul,0.026210090624413707,0.5775125676012013,0.026210090624413707,False,time_domain,"vertical channel cwt coefficients  coeff 4  w 5  widths (2, 5, 10, 20) statistic; selected on train bearings only to avoid held-out leakage.",train_only,train_bearings_only,single_snapshot,"Bearing1_1,Bearing1_2,Bearing1_4,Bearing1_5",Bearing1_3,False
"vertical__fft_coefficient__attr_""abs""__coeff_43",EfficientFCParameters,XJTU-SY,condition_1_35Hz12kN,rul,0.026202329375363584,0.5776253053835266,0.026202329375363584,False,frequency,"vertical channel fft coefficient  attr ""abs""  coeff 43 statistic; selected on train bearings only to avoid held-out leakage.",train_only,train_bearings_only,single_snapshot,"Bearing1_1,Bearing1_2,Bearing1_4,Bearing1_5",Bearing1_3,False
horizontal__energy_ratio_by_chunks__num_segments_10__segment_focus_1,EfficientFCParameters,XJTU-SY,condition_1_35Hz12kN,rul,0.026185885907319427,0.577864192812473,-0.026185885907319427,False,energy,horizontal channel energy ratio by chunks  num segments 10  segment focus 1 statistic; selected on train bearings only to avoid held-out leakage.,train_only,train_bearings_only,single_snapshot,"Bearing1_1,Bearing1_2,Bearing1_4,Bearing1_5",Bearing1_3,False
"vertical__fft_coefficient__attr_""real""__coeff_97",EfficientFCParameters,XJTU-SY,condition_1_35Hz12kN,rul,0.02596848243628745,0.5810269344042568,0.02596848243628745,False,frequency,"vertical channel fft coefficient  attr ""real""  coeff 97 statistic; selected on train bearings only to avoid held-out leakage.",train_only,train_bearings_only,single_snapshot,"Bearing1_1,Bearing1_2,Bearing1_4,Bearing1_5",Bearing1_3,False
"vertical__fft_coefficient__attr_""angle""__coeff_40",EfficientFCParameters,XJTU-SY,condition_1_35Hz12kN,rul,0.025954203810257433,0.58123493921232,-0.025954203810257433,False,frequency,"vertical channel fft coefficient  attr ""angle""  coeff 40 statistic; selected on train bearings only to avoid held-out leakage.",train_only,train_bearings_only,single_snapshot,"Bearing1_1,Bearing1_2,Bearing1_4,Bearing1_5",Bearing1_3,False
"horizontal__fft_coefficient__attr_""real""__coeff_79",EfficientFCParameters,XJTU-SY,condition_1_35Hz12kN,rul,0.025848560493337034,0.5827749827449109,-0.025848560493337034,False,frequency,"horizontal channel fft coefficient  attr ""real""  coeff 79 statistic; selected on train bearings only to avoid held-out leakage.",train_only,train_bearings_only,single_snapshot,"Bearing1_1,Bearing1_2,Bearing1_4,Bearing1_5",Bearing1_3,False
"horizontal__fft_coefficient__attr_""real""__coeff_71",EfficientFCParameters,XJTU-SY,condition_1_35Hz12kN,rul,0.025783352217844634,0.5837265198360299,-0.025783352217844634,False,frequency,"horizontal channel fft coefficient  attr ""real""  coeff 71 statistic; selected on train bearings only to avoid held-out leakage.",train_only,train_bearings_only,single_snapshot,"Bearing1_1,Bearing1_2,Bearing1_4,Bearing1_5",Bearing1_3,False
"vertical__fft_coefficient__attr_""real""__coeff_41",EfficientFCParameters,XJTU-SY,condition_1_35Hz12kN,rul,0.02577162638166998,0.5838977029467848,0.02577162638166998,False,frequency,"vertical channel fft coefficient  attr ""real""  coeff 41 statistic; selected on train bearings only to avoid held-out leakage.",train_only,train_bearings_only,single_snapshot,"Bearing1_1,Bearing1_2,Bearing1_4,Bearing1_5",Bearing1_3,False
"horizontal__fft_coefficient__attr_""imag""__coeff_32",EfficientFCParameters,XJTU-SY,condition_1_35Hz12kN,rul,0.025736243457725093,0.5844143922734562,0.025736243457725093,False,frequency,"horizontal channel fft coefficient  attr ""imag""  coeff 32 statistic; selected on train bearings only to avoid held-out leakage.",train_only,train_bearings_only,single_snapshot,"Bearing1_1,Bearing1_2,Bearing1_4,Bearing1_5",Bearing1_3,False
"horizontal__fft_coefficient__attr_""angle""__coeff_65",EfficientFCParameters,XJTU-SY,condition_1_35Hz12kN,rul,0.02564410977520256,0.5857607946834674,-0.02564410977520256,False,frequency,"horizontal channel fft coefficient  attr ""angle""  coeff 65 statistic; selected on train bearings only to avoid held-out leakage.",train_only,train_bearings_only,single_snapshot,"Bearing1_1,Bearing1_2,Bearing1_4,Bearing1_5",Bearing1_3,False
"vertical__change_quantiles__f_agg_""mean""__isabs_False__qh_0.8__ql_0.4",EfficientFCParameters,XJTU-SY,condition_1_35Hz12kN,rul,0.0255452092346135,0.5872076799491168,0.0255452092346135,False,time_domain,"vertical channel change quantiles  f agg ""mean""  isabs False  qh 0.8  ql 0.4 statistic; selected on train bearings only to avoid held-out leakage.",train_only,train_bearings_only,single_snapshot,"Bearing1_1,Bearing1_2,Bearing1_4,Bearing1_5",Bearing1_3,True
"horizontal__fft_coefficient__attr_""real""__coeff_62",EfficientFCParameters,XJTU-SY,condition_1_35Hz12kN,rul,0.02545842505243064,0.5884786633458181,-0.02545842505243064,False,frequency,"horizontal channel fft coefficient  attr ""real""  coeff 62 statistic; selected on train bearings only to avoid held-out leakage.",train_only,train_bearings_only,single_snapshot,"Bearing1_1,Bearing1_2,Bearing1_4,Bearing1_5",Bearing1_3,False
"horizontal__fft_coefficient__attr_""angle""__coeff_91",EfficientFCParameters,XJTU-SY,condition_1_35Hz12kN,rul,0.025412251984872253,0.5891553991684365,0.025412251984872253,False,frequency,"horizontal channel fft coefficient  attr ""angle""  coeff 91 statistic; selected on train bearings only to avoid held-out leakage.",train_only,train_bearings_only,single_snapshot,"Bearing1_1,Bearing1_2,Bearing1_4,Bearing1_5",Bearing1_3,False
"horizontal__fft_coefficient__attr_""imag""__coeff_14",EfficientFCParameters,XJTU-SY,condition_1_35Hz12kN,rul,0.025273705460771182,0.5911881518657601,-0.025273705460771182,False,frequency,"horizontal channel fft coefficient  attr ""imag""  coeff 14 statistic; selected on train bearings only to avoid held-out leakage.",train_only,train_bearings_only,single_snapshot,"Bearing1_1,Bearing1_2,Bearing1_4,Bearing1_5",Bearing1_3,False
"vertical__fft_coefficient__attr_""imag""__coeff_17",EfficientFCParameters,XJTU-SY,condition_1_35Hz12kN,rul,0.025246882185162203,0.5915820736059156,-0.025246882185162203,False,frequency,"vertical channel fft coefficient  attr ""imag""  coeff 17 statistic; selected on train bearings only to avoid held-out leakage.",train_only,train_bearings_only,single_snapshot,"Bearing1_1,Bearing1_2,Bearing1_4,Bearing1_5",Bearing1_3,False
"horizontal__fft_coefficient__attr_""imag""__coeff_80",EfficientFCParameters,XJTU-SY,condition_1_35Hz12kN,rul,0.02522693455116436,0.5918750988237662,-0.02522693455116436,False,frequency,"horizontal channel fft coefficient  attr ""imag""  coeff 80 statistic; selected on train bearings only to avoid held-out leakage.",train_only,train_bearings_only,single_snapshot,"Bearing1_1,Bearing1_2,Bearing1_4,Bearing1_5",Bearing1_3,False
"horizontal__agg_linear_trend__attr_""rvalue""__chunk_len_5__f_agg_""var""",EfficientFCParameters,XJTU-SY,condition_1_35Hz12kN,rul,0.02518010291151778,0.5925633035273542,-0.02518010291151778,False,time_domain,"horizontal channel agg linear trend  attr ""rvalue""  chunk len 5  f agg ""var"" statistic; selected on train bearings only to avoid held-out leakage.",train_only,train_bearings_only,single_snapshot,"Bearing1_1,Bearing1_2,Bearing1_4,Bearing1_5",Bearing1_3,False
"vertical__fft_coefficient__attr_""real""__coeff_93",EfficientFCParameters,XJTU-SY,condition_1_35Hz12kN,rul,0.025179240033146498,0.5925759872094953,0.025179240033146498,False,frequency,"vertical channel fft coefficient  attr ""real""  coeff 93 statistic; selected on train bearings only to avoid held-out leakage.",train_only,train_bearings_only,single_snapshot,"Bearing1_1,Bearing1_2,Bearing1_4,Bearing1_5",Bearing1_3,False
"horizontal__fft_coefficient__attr_""angle""__coeff_94",EfficientFCParameters,XJTU-SY,condition_1_35Hz12kN,rul,0.025140795099821152,0.593141225545313,-0.025140795099821152,False,frequency,"horizontal channel fft coefficient  attr ""angle""  coeff 94 statistic; selected on train bearings only to avoid held-out leakage.",train_only,train_bearings_only,single_snapshot,"Bearing1_1,Bearing1_2,Bearing1_4,Bearing1_5",Bearing1_3,False
"vertical__fft_coefficient__attr_""angle""__coeff_81",EfficientFCParameters,XJTU-SY,condition_1_35Hz12kN,rul,0.025082073023744298,0.5940050643244207,-0.025082073023744298,False,frequency,"vertical channel fft coefficient  attr ""angle""  coeff 81 statistic; selected on train bearings only to avoid held-out leakage.",train_only,train_bearings_only,single_snapshot,"Bearing1_1,Bearing1_2,Bearing1_4,Bearing1_5",Bearing1_3,False
"vertical__fft_coefficient__attr_""real""__coeff_10",EfficientFCParameters,XJTU-SY,condition_1_35Hz12kN,rul,0.025076150477940068,0.5940922205402338,-0.025076150477940068,False,frequency,"vertical channel fft coefficient  attr ""real""  coeff 10 statistic; selected on train bearings only to avoid held-out leakage.",train_only,train_bearings_only,single_snapshot,"Bearing1_1,Bearing1_2,Bearing1_4,Bearing1_5",Bearing1_3,False
"horizontal__cwt_coefficients__coeff_3__w_20__widths_(2, 5, 10, 20)",EfficientFCParameters,XJTU-SY,condition_1_35Hz12kN,rul,0.02506629138872736,0.5942373198768282,-0.02506629138872736,False,time_domain,"horizontal channel cwt coefficients  coeff 3  w 20  widths (2, 5, 10, 20) statistic; selected on train bearings only to avoid held-out leakage.",train_only,train_bearings_only,single_snapshot,"Bearing1_1,Bearing1_2,Bearing1_4,Bearing1_5",Bearing1_3,False
"vertical__fft_coefficient__attr_""angle""__coeff_61",EfficientFCParameters,XJTU-SY,condition_1_35Hz12kN,rul,0.02503733243516951,0.5946636113171502,0.02503733243516951,False,frequency,"vertical channel fft coefficient  attr ""angle""  coeff 61 statistic; selected on train bearings only to avoid held-out leakage.",train_only,train_bearings_only,single_snapshot,"Bearing1_1,Bearing1_2,Bearing1_4,Bearing1_5",Bearing1_3,False
"vertical__agg_linear_trend__attr_""intercept""__chunk_len_50__f_agg_""var""",EfficientFCParameters,XJTU-SY,condition_1_35Hz12kN,rul,0.02500721769810137,0.5951070641557474,-0.02500721769810137,False,time_domain,"vertical channel agg linear trend  attr ""intercept""  chunk len 50  f agg ""var"" statistic; selected on train bearings only to avoid held-out leakage.",train_only,train_bearings_only,single_snapshot,"Bearing1_1,Bearing1_2,Bearing1_4,Bearing1_5",Bearing1_3,False
"horizontal__fft_coefficient__attr_""imag""__coeff_55",EfficientFCParameters,XJTU-SY,condition_1_35Hz12kN,rul,0.024993559628602276,0.5953082348591008,-0.024993559628602276,False,frequency,"horizontal channel fft coefficient  attr ""imag""  coeff 55 statistic; selected on train bearings only to avoid held-out leakage.",train_only,train_bearings_only,single_snapshot,"Bearing1_1,Bearing1_2,Bearing1_4,Bearing1_5",Bearing1_3,False
"horizontal__agg_linear_trend__attr_""slope""__chunk_len_5__f_agg_""mean""",EfficientFCParameters,XJTU-SY,condition_1_35Hz12kN,rul,0.02495854481164016,0.595824111890371,-0.02495854481164016,False,time_domain,"horizontal channel agg linear trend  attr ""slope""  chunk len 5  f agg ""mean"" statistic; selected on train bearings only to avoid held-out leakage.",train_only,train_bearings_only,single_snapshot,"Bearing1_1,Bearing1_2,Bearing1_4,Bearing1_5",Bearing1_3,True
"horizontal__agg_linear_trend__attr_""slope""__chunk_len_10__f_agg_""mean""",EfficientFCParameters,XJTU-SY,condition_1_35Hz12kN,rul,0.02494749783420653,0.5959869103307208,-0.02494749783420653,False,time_domain,"horizontal channel agg linear trend  attr ""slope""  chunk len 10  f agg ""mean"" statistic; selected on train bearings only to avoid held-out leakage.",train_only,train_bearings_only,single_snapshot,"Bearing1_1,Bearing1_2,Bearing1_4,Bearing1_5",Bearing1_3,True
"horizontal__fft_coefficient__attr_""imag""__coeff_89",EfficientFCParameters,XJTU-SY,condition_1_35Hz12kN,rul,0.02494644548310842,0.5960024198004378,-0.02494644548310842,False,frequency,"horizontal channel fft coefficient  attr ""imag""  coeff 89 statistic; selected on train bearings only to avoid held-out leakage.",train_only,train_bearings_only,single_snapshot,"Bearing1_1,Bearing1_2,Bearing1_4,Bearing1_5",Bearing1_3,False
"horizontal__fft_coefficient__attr_""abs""__coeff_83",EfficientFCParameters,XJTU-SY,condition_1_35Hz12kN,rul,0.024829073013166628,0.5977333955235383,0.024829073013166628,False,frequency,"horizontal channel fft coefficient  attr ""abs""  coeff 83 statistic; selected on train bearings only to avoid held-out leakage.",train_only,train_bearings_only,single_snapshot,"Bearing1_1,Bearing1_2,Bearing1_4,Bearing1_5",Bearing1_3,False
"horizontal__fft_coefficient__attr_""real""__coeff_9",EfficientFCParameters,XJTU-SY,condition_1_35Hz12kN,rul,0.024507757105888244,0.6024836758965697,-0.024507757105888244,False,frequency,"horizontal channel fft coefficient  attr ""real""  coeff 9 statistic; selected on train bearings only to avoid held-out leakage.",train_only,train_bearings_only,single_snapshot,"Bearing1_1,Bearing1_2,Bearing1_4,Bearing1_5",Bearing1_3,False
"horizontal__fft_coefficient__attr_""imag""__coeff_67",EfficientFCParameters,XJTU-SY,condition_1_35Hz12kN,rul,0.02450403071274443,0.6025388655552645,0.02450403071274443,False,frequency,"horizontal channel fft coefficient  attr ""imag""  coeff 67 statistic; selected on train bearings only to avoid held-out leakage.",train_only,train_bearings_only,single_snapshot,"Bearing1_1,Bearing1_2,Bearing1_4,Bearing1_5",Bearing1_3,False
"vertical__fft_coefficient__attr_""angle""__coeff_95",EfficientFCParameters,XJTU-SY,condition_1_35Hz12kN,rul,0.02431996943385236,0.6052677199120771,-0.02431996943385236,False,frequency,"vertical channel fft coefficient  attr ""angle""  coeff 95 statistic; selected on train bearings only to avoid held-out leakage.",train_only,train_bearings_only,single_snapshot,"Bearing1_1,Bearing1_2,Bearing1_4,Bearing1_5",Bearing1_3,False
"horizontal__fft_coefficient__attr_""real""__coeff_26",EfficientFCParameters,XJTU-SY,condition_1_35Hz12kN,rul,0.024272370483934807,0.6059743093031211,-0.024272370483934807,False,frequency,"horizontal channel fft coefficient  attr ""real""  coeff 26 statistic; selected on train bearings only to avoid held-out leakage.",train_only,train_bearings_only,single_snapshot,"Bearing1_1,Bearing1_2,Bearing1_4,Bearing1_5",Bearing1_3,False
vertical__energy_ratio_by_chunks__num_segments_10__segment_focus_3,EfficientFCParameters,XJTU-SY,condition_1_35Hz12kN,rul,0.024094430400981675,0.6086190182425133,0.024094430400981675,False,energy,vertical channel energy ratio by chunks  num segments 10  segment focus 3 statistic; selected on train bearings only to avoid held-out leakage.,train_only,train_bearings_only,single_snapshot,"Bearing1_1,Bearing1_2,Bearing1_4,Bearing1_5",Bearing1_3,False
"vertical__agg_linear_trend__attr_""intercept""__chunk_len_10__f_agg_""var""",EfficientFCParameters,XJTU-SY,condition_1_35Hz12kN,rul,0.024080871625752318,0.608820751102466,-0.024080871625752318,False,time_domain,"vertical channel agg linear trend  attr ""intercept""  chunk len 10  f agg ""var"" statistic; selected on train bearings only to avoid held-out leakage.",train_only,train_bearings_only,single_snapshot,"Bearing1_1,Bearing1_2,Bearing1_4,Bearing1_5",Bearing1_3,False
"horizontal__cwt_coefficients__coeff_6__w_2__widths_(2, 5, 10, 20)",EfficientFCParameters,XJTU-SY,condition_1_35Hz12kN,rul,0.02392390546044014,0.6111583122507473,0.02392390546044014,False,time_domain,"horizontal channel cwt coefficients  coeff 6  w 2  widths (2, 5, 10, 20) statistic; selected on train bearings only to avoid held-out leakage.",train_only,train_bearings_only,single_snapshot,"Bearing1_1,Bearing1_2,Bearing1_4,Bearing1_5",Bearing1_3,False
"vertical__fft_coefficient__attr_""imag""__coeff_68",EfficientFCParameters,XJTU-SY,condition_1_35Hz12kN,rul,0.023886474798532394,0.6117163195247094,-0.023886474798532394,False,frequency,"vertical channel fft coefficient  attr ""imag""  coeff 68 statistic; selected on train bearings only to avoid held-out leakage.",train_only,train_bearings_only,single_snapshot,"Bearing1_1,Bearing1_2,Bearing1_4,Bearing1_5",Bearing1_3,False
"horizontal__fft_coefficient__attr_""imag""__coeff_54",EfficientFCParameters,XJTU-SY,condition_1_35Hz12kN,rul,0.023877845760716415,0.6118449910162124,0.023877845760716415,False,frequency,"horizontal channel fft coefficient  attr ""imag""  coeff 54 statistic; selected on train bearings only to avoid held-out leakage.",train_only,train_bearings_only,single_snapshot,"Bearing1_1,Bearing1_2,Bearing1_4,Bearing1_5",Bearing1_3,False
vertical__index_mass_quantile__q_0.3,EfficientFCParameters,XJTU-SY,condition_1_35Hz12kN,rul,0.023860915006119338,0.6120974878535939,-0.023860915006119338,False,time_domain,vertical channel index mass quantile  q 0.3 statistic; selected on train bearings only to avoid held-out leakage.,train_only,train_bearings_only,single_snapshot,"Bearing1_1,Bearing1_2,Bearing1_4,Bearing1_5",Bearing1_3,False
"horizontal__fft_coefficient__attr_""imag""__coeff_78",EfficientFCParameters,XJTU-SY,condition_1_35Hz12kN,rul,0.023779690793576332,0.613309463611729,-0.023779690793576332,False,frequency,"horizontal channel fft coefficient  attr ""imag""  coeff 78 statistic; selected on train bearings only to avoid held-out leakage.",train_only,train_bearings_only,single_snapshot,"Bearing1_1,Bearing1_2,Bearing1_4,Bearing1_5",Bearing1_3,False
"vertical__cwt_coefficients__coeff_5__w_2__widths_(2, 5, 10, 20)",EfficientFCParameters,XJTU-SY,condition_1_35Hz12kN,rul,0.023703840046425378,0.6144422121437432,0.023703840046425378,False,time_domain,"vertical channel cwt coefficients  coeff 5  w 2  widths (2, 5, 10, 20) statistic; selected on train bearings only to avoid held-out leakage.",train_only,train_bearings_only,single_snapshot,"Bearing1_1,Bearing1_2,Bearing1_4,Bearing1_5",Bearing1_3,False
"horizontal__fft_coefficient__attr_""angle""__coeff_63",EfficientFCParameters,XJTU-SY,condition_1_35Hz12kN,rul,0.02369477144706565,0.6145777032656949,-0.02369477144706565,False,frequency,"horizontal channel fft coefficient  attr ""angle""  coeff 63 statistic; selected on train bearings only to avoid held-out leakage.",train_only,train_bearings_only,single_snapshot,"Bearing1_1,Bearing1_2,Bearing1_4,Bearing1_5",Bearing1_3,False
"vertical__fft_coefficient__attr_""imag""__coeff_61",EfficientFCParameters,XJTU-SY,condition_1_35Hz12kN,rul,0.023516568782632037,0.6172428289375114,0.023516568782632037,False,frequency,"vertical channel fft coefficient  attr ""imag""  coeff 61 statistic; selected on train bearings only to avoid held-out leakage.",train_only,train_bearings_only,single_snapshot,"Bearing1_1,Bearing1_2,Bearing1_4,Bearing1_5",Bearing1_3,False
"horizontal__cwt_coefficients__coeff_2__w_20__widths_(2, 5, 10, 20)",EfficientFCParameters,XJTU-SY,condition_1_35Hz12kN,rul,0.023074383945499873,0.6238776426849245,-0.023074383945499873,False,time_domain,"horizontal channel cwt coefficients  coeff 2  w 20  widths (2, 5, 10, 20) statistic; selected on train bearings only to avoid held-out leakage.",train_only,train_bearings_only,single_snapshot,"Bearing1_1,Bearing1_2,Bearing1_4,Bearing1_5",Bearing1_3,False
"horizontal__fft_coefficient__attr_""angle""__coeff_21",EfficientFCParameters,XJTU-SY,condition_1_35Hz12kN,rul,0.023051483737396964,0.6242220873780332,0.023051483737396964,False,frequency,"horizontal channel fft coefficient  attr ""angle""  coeff 21 statistic; selected on train bearings only to avoid held-out leakage.",train_only,train_bearings_only,single_snapshot,"Bearing1_1,Bearing1_2,Bearing1_4,Bearing1_5",Bearing1_3,False
"horizontal__fft_coefficient__attr_""angle""__coeff_80",EfficientFCParameters,XJTU-SY,condition_1_35Hz12kN,rul,0.02296971466806046,0.6254526531416066,-0.02296971466806046,False,frequency,"horizontal channel fft coefficient  attr ""angle""  coeff 80 statistic; selected on train bearings only to avoid held-out leakage.",train_only,train_bearings_only,single_snapshot,"Bearing1_1,Bearing1_2,Bearing1_4,Bearing1_5",Bearing1_3,False
"vertical__fft_coefficient__attr_""real""__coeff_29",EfficientFCParameters,XJTU-SY,condition_1_35Hz12kN,rul,0.022945633451922538,0.6258152567188108,0.022945633451922538,False,frequency,"vertical channel fft coefficient  attr ""real""  coeff 29 statistic; selected on train bearings only to avoid held-out leakage.",train_only,train_bearings_only,single_snapshot,"Bearing1_1,Bearing1_2,Bearing1_4,Bearing1_5",Bearing1_3,False
"vertical__fft_coefficient__attr_""real""__coeff_95",EfficientFCParameters,XJTU-SY,condition_1_35Hz12kN,rul,0.022904752578838346,0.6264310281411724,-0.022904752578838346,False,frequency,"vertical channel fft coefficient  attr ""real""  coeff 95 statistic; selected on train bearings only to avoid held-out leakage.",train_only,train_bearings_only,single_snapshot,"Bearing1_1,Bearing1_2,Bearing1_4,Bearing1_5",Bearing1_3,False
"vertical__cwt_coefficients__coeff_11__w_5__widths_(2, 5, 10, 20)",EfficientFCParameters,XJTU-SY,condition_1_35Hz12kN,rul,0.02272635248935965,0.62912122805169,0.02272635248935965,False,time_domain,"vertical channel cwt coefficients  coeff 11  w 5  widths (2, 5, 10, 20) statistic; selected on train bearings only to avoid held-out leakage.",train_only,train_bearings_only,single_snapshot,"Bearing1_1,Bearing1_2,Bearing1_4,Bearing1_5",Bearing1_3,False
"horizontal__fft_coefficient__attr_""angle""__coeff_36",EfficientFCParameters,XJTU-SY,condition_1_35Hz12kN,rul,0.02269694907394609,0.6295650920607705,0.02269694907394609,False,frequency,"horizontal channel fft coefficient  attr ""angle""  coeff 36 statistic; selected on train bearings only to avoid held-out leakage.",train_only,train_bearings_only,single_snapshot,"Bearing1_1,Bearing1_2,Bearing1_4,Bearing1_5",Bearing1_3,False
"horizontal__fft_coefficient__attr_""angle""__coeff_10",EfficientFCParameters,XJTU-SY,condition_1_35Hz12kN,rul,0.02262326181513734,0.6306780356981512,-0.02262326181513734,False,frequency,"horizontal channel fft coefficient  attr ""angle""  coeff 10 statistic; selected on train bearings only to avoid held-out leakage.",train_only,train_bearings_only,single_snapshot,"Bearing1_1,Bearing1_2,Bearing1_4,Bearing1_5",Bearing1_3,False
"horizontal__cwt_coefficients__coeff_5__w_10__widths_(2, 5, 10, 20)",EfficientFCParameters,XJTU-SY,condition_1_35Hz12kN,rul,0.02260636440525285,0.6309333654491324,0.02260636440525285,False,time_domain,"horizontal channel cwt coefficients  coeff 5  w 10  widths (2, 5, 10, 20) statistic; selected on train bearings only to avoid held-out leakage.",train_only,train_bearings_only,single_snapshot,"Bearing1_1,Bearing1_2,Bearing1_4,Bearing1_5",Bearing1_3,False
"vertical__fft_coefficient__attr_""angle""__coeff_8",EfficientFCParameters,XJTU-SY,condition_1_35Hz12kN,rul,0.02254365612962418,0.6318813078921487,-0.02254365612962418,False,frequency,"vertical channel fft coefficient  attr ""angle""  coeff 8 statistic; selected on train bearings only to avoid held-out leakage.",train_only,train_bearings_only,single_snapshot,"Bearing1_1,Bearing1_2,Bearing1_4,Bearing1_5",Bearing1_3,False
"horizontal__fft_coefficient__attr_""abs""__coeff_16",EfficientFCParameters,XJTU-SY,condition_1_35Hz12kN,rul,0.022475568317227447,0.6329112545772988,-0.022475568317227447,False,frequency,"horizontal channel fft coefficient  attr ""abs""  coeff 16 statistic; selected on train bearings only to avoid held-out leakage.",train_only,train_bearings_only,single_snapshot,"Bearing1_1,Bearing1_2,Bearing1_4,Bearing1_5",Bearing1_3,False
"vertical__fft_coefficient__attr_""angle""__coeff_68",EfficientFCParameters,XJTU-SY,condition_1_35Hz12kN,rul,0.022444319724381198,0.63338418169473,0.022444319724381198,False,frequency,"vertical channel fft coefficient  attr ""angle""  coeff 68 statistic; selected on train bearings only to avoid held-out leakage.",train_only,train_bearings_only,single_snapshot,"Bearing1_1,Bearing1_2,Bearing1_4,Bearing1_5",Bearing1_3,False
"horizontal__cwt_coefficients__coeff_1__w_5__widths_(2, 5, 10, 20)",EfficientFCParameters,XJTU-SY,condition_1_35Hz12kN,rul,0.022429497014094097,0.6336085660061587,0.022429497014094097,False,time_domain,"horizontal channel cwt coefficients  coeff 1  w 5  widths (2, 5, 10, 20) statistic; selected on train bearings only to avoid held-out leakage.",train_only,train_bearings_only,single_snapshot,"Bearing1_1,Bearing1_2,Bearing1_4,Bearing1_5",Bearing1_3,False
"horizontal__fft_coefficient__attr_""imag""__coeff_50",EfficientFCParameters,XJTU-SY,condition_1_35Hz12kN,rul,0.022406752912213983,0.6339529286462521,0.022406752912213983,False,frequency,"horizontal channel fft coefficient  attr ""imag""  coeff 50 statistic; selected on train bearings only to avoid held-out leakage.",train_only,train_bearings_only,single_snapshot,"Bearing1_1,Bearing1_2,Bearing1_4,Bearing1_5",Bearing1_3,False
"vertical__fft_coefficient__attr_""angle""__coeff_63",EfficientFCParameters,XJTU-SY,condition_1_35Hz12kN,rul,0.022404834509772452,0.6339819783024384,-0.022404834509772452,False,frequency,"vertical channel fft coefficient  attr ""angle""  coeff 63 statistic; selected on train bearings only to avoid held-out leakage.",train_only,train_bearings_only,single_snapshot,"Bearing1_1,Bearing1_2,Bearing1_4,Bearing1_5",Bearing1_3,False
horizontal__quantile__q_0.6,EfficientFCParameters,XJTU-SY,condition_1_35Hz12kN,rul,0.022378763423307024,0.6343768188050243,0.022378763423307024,False,time_domain,horizontal channel quantile  q 0.6 statistic; selected on train bearings only to avoid held-out leakage.,train_only,train_bearings_only,single_snapshot,"Bearing1_1,Bearing1_2,Bearing1_4,Bearing1_5",Bearing1_3,False
"horizontal__agg_linear_trend__attr_""stderr""__chunk_len_50__f_agg_""max""",EfficientFCParameters,XJTU-SY,condition_1_35Hz12kN,rul,0.022247294306543132,0.636369466295772,0.022247294306543132,False,time_domain,"horizontal channel agg linear trend  attr ""stderr""  chunk len 50  f agg ""max"" statistic; selected on train bearings only to avoid held-out leakage.",train_only,train_bearings_only,single_snapshot,"Bearing1_1,Bearing1_2,Bearing1_4,Bearing1_5",Bearing1_3,False
"horizontal__fft_coefficient__attr_""real""__coeff_59",EfficientFCParameters,XJTU-SY,condition_1_35Hz12kN,rul,0.022101593399555964,0.6385808887203532,0.022101593399555964,False,frequency,"horizontal channel fft coefficient  attr ""real""  coeff 59 statistic; selected on train bearings only to avoid held-out leakage.",train_only,train_bearings_only,single_snapshot,"Bearing1_1,Bearing1_2,Bearing1_4,Bearing1_5",Bearing1_3,False
"vertical__fft_coefficient__attr_""angle""__coeff_70",EfficientFCParameters,XJTU-SY,condition_1_35Hz12kN,rul,0.02195969887884737,0.6407376224562189,0.02195969887884737,False,frequency,"vertical channel fft coefficient  attr ""angle""  coeff 70 statistic; selected on train bearings only to avoid held-out leakage.",train_only,train_bearings_only,single_snapshot,"Bearing1_1,Bearing1_2,Bearing1_4,Bearing1_5",Bearing1_3,False
"vertical__change_quantiles__f_agg_""var""__isabs_False__qh_1.0__ql_0.4",EfficientFCParameters,XJTU-SY,condition_1_35Hz12kN,rul,0.021882382058696023,0.6419140791414073,-0.021882382058696023,False,time_domain,"vertical channel change quantiles  f agg ""var""  isabs False  qh 1.0  ql 0.4 statistic; selected on train bearings only to avoid held-out leakage.",train_only,train_bearings_only,single_snapshot,"Bearing1_1,Bearing1_2,Bearing1_4,Bearing1_5",Bearing1_3,False
"vertical__agg_linear_trend__attr_""rvalue""__chunk_len_50__f_agg_""max""",EfficientFCParameters,XJTU-SY,condition_1_35Hz12kN,rul,0.021880396736978495,0.6419442997137819,0.021880396736978495,False,time_domain,"vertical channel agg linear trend  attr ""rvalue""  chunk len 50  f agg ""max"" statistic; selected on train bearings only to avoid held-out leakage.",train_only,train_bearings_only,single_snapshot,"Bearing1_1,Bearing1_2,Bearing1_4,Bearing1_5",Bearing1_3,False
"horizontal__fft_coefficient__attr_""imag""__coeff_85",EfficientFCParameters,XJTU-SY,condition_1_35Hz12kN,rul,0.021789799485683225,0.6433239995199459,0.021789799485683225,False,frequency,"horizontal channel fft coefficient  attr ""imag""  coeff 85 statistic; selected on train bearings only to avoid held-out leakage.",train_only,train_bearings_only,single_snapshot,"Bearing1_1,Bearing1_2,Bearing1_4,Bearing1_5",Bearing1_3,False
"horizontal__fft_coefficient__attr_""angle""__coeff_84",EfficientFCParameters,XJTU-SY,condition_1_35Hz12kN,rul,0.02174353597670115,0.6440290169981822,0.02174353597670115,False,frequency,"horizontal channel fft coefficient  attr ""angle""  coeff 84 statistic; selected on train bearings only to avoid held-out leakage.",train_only,train_bearings_only,single_snapshot,"Bearing1_1,Bearing1_2,Bearing1_4,Bearing1_5",Bearing1_3,False
"vertical__fft_coefficient__attr_""angle""__coeff_83",EfficientFCParameters,XJTU-SY,condition_1_35Hz12kN,rul,0.021717442037245353,0.6444268078760713,-0.021717442037245353,False,frequency,"vertical channel fft coefficient  attr ""angle""  coeff 83 statistic; selected on train bearings only to avoid held-out leakage.",train_only,train_bearings_only,single_snapshot,"Bearing1_1,Bearing1_2,Bearing1_4,Bearing1_5",Bearing1_3,False
"horizontal__change_quantiles__f_agg_""mean""__isabs_False__qh_1.0__ql_0.6",EfficientFCParameters,XJTU-SY,condition_1_35Hz12kN,rul,0.021668135764363848,0.6451787378131814,-0.021668135764363848,False,time_domain,"horizontal channel change quantiles  f agg ""mean""  isabs False  qh 1.0  ql 0.6 statistic; selected on train bearings only to avoid held-out leakage.",train_only,train_bearings_only,single_snapshot,"Bearing1_1,Bearing1_2,Bearing1_4,Bearing1_5",Bearing1_3,True
"vertical__cwt_coefficients__coeff_2__w_2__widths_(2, 5, 10, 20)",EfficientFCParameters,XJTU-SY,condition_1_35Hz12kN,rul,0.02163988848551324,0.6456096771632,-0.02163988848551324,False,time_domain,"vertical channel cwt coefficients  coeff 2  w 2  widths (2, 5, 10, 20) statistic; selected on train bearings only to avoid held-out leakage.",train_only,train_bearings_only,single_snapshot,"Bearing1_1,Bearing1_2,Bearing1_4,Bearing1_5",Bearing1_3,False
"vertical__fft_coefficient__attr_""imag""__coeff_65",EfficientFCParameters,XJTU-SY,condition_1_35Hz12kN,rul,0.021602759661551212,0.6461762934028021,0.021602759661551212,False,frequency,"vertical channel fft coefficient  attr ""imag""  coeff 65 statistic; selected on train bearings only to avoid held-out leakage.",train_only,train_bearings_only,single_snapshot,"Bearing1_1,Bearing1_2,Bearing1_4,Bearing1_5",Bearing1_3,False
vertical__ratio_beyond_r_sigma__r_5,EfficientFCParameters,XJTU-SY,condition_1_35Hz12kN,rul,0.02158600254484308,0.6464320877575722,0.02158600254484308,False,time_domain,vertical channel ratio beyond r sigma  r 5 statistic; selected on train bearings only to avoid held-out leakage.,train_only,train_bearings_only,single_snapshot,"Bearing1_1,Bearing1_2,Bearing1_4,Bearing1_5",Bearing1_3,False
"vertical__fft_coefficient__attr_""imag""__coeff_15",EfficientFCParameters,XJTU-SY,condition_1_35Hz12kN,rul,0.02149925902890851,0.6477568772490072,0.02149925902890851,False,frequency,"vertical channel fft coefficient  attr ""imag""  coeff 15 statistic; selected on train bearings only to avoid held-out leakage.",train_only,train_bearings_only,single_snapshot,"Bearing1_1,Bearing1_2,Bearing1_4,Bearing1_5",Bearing1_3,False
"vertical__fft_coefficient__attr_""angle""__coeff_27",EfficientFCParameters,XJTU-SY,condition_1_35Hz12kN,rul,0.021484721352732213,0.6479790127352675,0.021484721352732213,False,frequency,"vertical channel fft coefficient  attr ""angle""  coeff 27 statistic; selected on train bearings only to avoid held-out leakage.",train_only,train_bearings_only,single_snapshot,"Bearing1_1,Bearing1_2,Bearing1_4,Bearing1_5",Bearing1_3,False
"vertical__cwt_coefficients__coeff_0__w_20__widths_(2, 5, 10, 20)",EfficientFCParameters,XJTU-SY,condition_1_35Hz12kN,rul,0.02145589144740076,0.648419625665096,0.02145589144740076,False,time_domain,"vertical channel cwt coefficients  coeff 0  w 20  widths (2, 5, 10, 20) statistic; selected on train bearings only to avoid held-out leakage.",train_only,train_bearings_only,single_snapshot,"Bearing1_1,Bearing1_2,Bearing1_4,Bearing1_5",Bearing1_3,False
vertical__number_cwt_peaks__n_5,EfficientFCParameters,XJTU-SY,condition_1_35Hz12kN,rul,0.021240825268877276,0.6517103864948783,0.021240825268877276,False,time_domain,vertical channel number cwt peaks  n 5 statistic; selected on train bearings only to avoid held-out leakage.,train_only,train_bearings_only,single_snapshot,"Bearing1_1,Bearing1_2,Bearing1_4,Bearing1_5",Bearing1_3,True
"horizontal__cwt_coefficients__coeff_10__w_2__widths_(2, 5, 10, 20)",EfficientFCParameters,XJTU-SY,condition_1_35Hz12kN,rul,0.021058532685425697,0.6545049804962938,-0.021058532685425697,False,time_domain,"horizontal channel cwt coefficients  coeff 10  w 2  widths (2, 5, 10, 20) statistic; selected on train bearings only to avoid held-out leakage.",train_only,train_bearings_only,single_snapshot,"Bearing1_1,Bearing1_2,Bearing1_4,Bearing1_5",Bearing1_3,False
"horizontal__fft_coefficient__attr_""imag""__coeff_30",EfficientFCParameters,XJTU-SY,condition_1_35Hz12kN,rul,0.021055070852489935,0.654558098196675,-0.021055070852489935,False,frequency,"horizontal channel fft coefficient  attr ""imag""  coeff 30 statistic; selected on train bearings only to avoid held-out leakage.",train_only,train_bearings_only,single_snapshot,"Bearing1_1,Bearing1_2,Bearing1_4,Bearing1_5",Bearing1_3,False
"vertical__fft_coefficient__attr_""real""__coeff_19",EfficientFCParameters,XJTU-SY,condition_1_35Hz12kN,rul,0.02102411486849644,0.6550331583307025,0.02102411486849644,False,frequency,"vertical channel fft coefficient  attr ""real""  coeff 19 statistic; selected on train bearings only to avoid held-out leakage.",train_only,train_bearings_only,single_snapshot,"Bearing1_1,Bearing1_2,Bearing1_4,Bearing1_5",Bearing1_3,False
"horizontal__fft_coefficient__attr_""imag""__coeff_65",EfficientFCParameters,XJTU-SY,condition_1_35Hz12kN,rul,0.020825559864783735,0.6580835480749135,-0.020825559864783735,False,frequency,"horizontal channel fft coefficient  attr ""imag""  coeff 65 statistic; selected on train bearings only to avoid held-out leakage.",train_only,train_bearings_only,single_snapshot,"Bearing1_1,Bearing1_2,Bearing1_4,Bearing1_5",Bearing1_3,False
"horizontal__fft_coefficient__attr_""abs""__coeff_2",EfficientFCParameters,XJTU-SY,condition_1_35Hz12kN,rul,0.020801812939230176,0.6584487521976637,0.020801812939230176,False,frequency,"horizontal channel fft coefficient  attr ""abs""  coeff 2 statistic; selected on train bearings only to avoid held-out leakage.",train_only,train_bearings_only,single_snapshot,"Bearing1_1,Bearing1_2,Bearing1_4,Bearing1_5",Bearing1_3,False
"horizontal__fft_coefficient__attr_""abs""__coeff_46",EfficientFCParameters,XJTU-SY,condition_1_35Hz12kN,rul,0.020784929159528835,0.6587084573651893,0.020784929159528835,False,frequency,"horizontal channel fft coefficient  attr ""abs""  coeff 46 statistic; selected on train bearings only to avoid held-out leakage.",train_only,train_bearings_only,single_snapshot,"Bearing1_1,Bearing1_2,Bearing1_4,Bearing1_5",Bearing1_3,False
"horizontal__agg_linear_trend__attr_""slope""__chunk_len_5__f_agg_""var""",EfficientFCParameters,XJTU-SY,condition_1_35Hz12kN,rul,0.02075956792116377,0.659098639334978,-0.02075956792116377,False,time_domain,"horizontal channel agg linear trend  attr ""slope""  chunk len 5  f agg ""var"" statistic; selected on train bearings only to avoid held-out leakage.",train_only,train_bearings_only,single_snapshot,"Bearing1_1,Bearing1_2,Bearing1_4,Bearing1_5",Bearing1_3,False
"horizontal__fft_coefficient__attr_""angle""__coeff_74",EfficientFCParameters,XJTU-SY,condition_1_35Hz12kN,rul,0.020705372691873655,0.6599327413712998,-0.020705372691873655,False,frequency,"horizontal channel fft coefficient  attr ""angle""  coeff 74 statistic; selected on train bearings only to avoid held-out leakage.",train_only,train_bearings_only,single_snapshot,"Bearing1_1,Bearing1_2,Bearing1_4,Bearing1_5",Bearing1_3,False
"horizontal__fft_coefficient__attr_""real""__coeff_67",EfficientFCParameters,XJTU-SY,condition_1_35Hz12kN,rul,0.02070175948255643,0.6599883661564834,-0.02070175948255643,False,frequency,"horizontal channel fft coefficient  attr ""real""  coeff 67 statistic; selected on train bearings only to avoid held-out leakage.",train_only,train_bearings_only,single_snapshot,"Bearing1_1,Bearing1_2,Bearing1_4,Bearing1_5",Bearing1_3,False
"horizontal__fft_coefficient__attr_""imag""__coeff_92",EfficientFCParameters,XJTU-SY,condition_1_35Hz12kN,rul,0.020609641340048765,0.6614071422836459,0.020609641340048765,False,frequency,"horizontal channel fft coefficient  attr ""imag""  coeff 92 statistic; selected on train bearings only to avoid held-out leakage.",train_only,train_bearings_only,single_snapshot,"Bearing1_1,Bearing1_2,Bearing1_4,Bearing1_5",Bearing1_3,False
"horizontal__fft_coefficient__attr_""real""__coeff_75",EfficientFCParameters,XJTU-SY,condition_1_35Hz12kN,rul,0.020539580629348537,0.662487008861685,-0.020539580629348537,False,frequency,"horizontal channel fft coefficient  attr ""real""  coeff 75 statistic; selected on train bearings only to avoid held-out leakage.",train_only,train_bearings_only,single_snapshot,"Bearing1_1,Bearing1_2,Bearing1_4,Bearing1_5",Bearing1_3,False
"horizontal__fft_coefficient__attr_""angle""__coeff_30",EfficientFCParameters,XJTU-SY,condition_1_35Hz12kN,rul,0.020523887379612988,0.6627289895888175,0.020523887379612988,False,frequency,"horizontal channel fft coefficient  attr ""angle""  coeff 30 statistic; selected on train bearings only to avoid held-out leakage.",train_only,train_bearings_only,single_snapshot,"Bearing1_1,Bearing1_2,Bearing1_4,Bearing1_5",Bearing1_3,False
"horizontal__fft_coefficient__attr_""real""__coeff_19",EfficientFCParameters,XJTU-SY,condition_1_35Hz12kN,rul,0.02044739707398602,0.6639089272608407,-0.02044739707398602,False,frequency,"horizontal channel fft coefficient  attr ""real""  coeff 19 statistic; selected on train bearings only to avoid held-out leakage.",train_only,train_bearings_only,single_snapshot,"Bearing1_1,Bearing1_2,Bearing1_4,Bearing1_5",Bearing1_3,False
"horizontal__fft_coefficient__attr_""abs""__coeff_36",EfficientFCParameters,XJTU-SY,condition_1_35Hz12kN,rul,0.020369030313002873,0.665118672995187,0.020369030313002873,False,frequency,"horizontal channel fft coefficient  attr ""abs""  coeff 36 statistic; selected on train bearings only to avoid held-out leakage.",train_only,train_bearings_only,single_snapshot,"Bearing1_1,Bearing1_2,Bearing1_4,Bearing1_5",Bearing1_3,False
"horizontal__change_quantiles__f_agg_""mean""__isabs_False__qh_0.8__ql_0.6",EfficientFCParameters,XJTU-SY,condition_1_35Hz12kN,rul,0.0203352629806379,0.6656402067149958,-0.0203352629806379,False,time_domain,"horizontal channel change quantiles  f agg ""mean""  isabs False  qh 0.8  ql 0.6 statistic; selected on train bearings only to avoid held-out leakage.",train_only,train_bearings_only,single_snapshot,"Bearing1_1,Bearing1_2,Bearing1_4,Bearing1_5",Bearing1_3,True
"vertical__augmented_dickey_fuller__attr_""pvalue""__autolag_""AIC""",EfficientFCParameters,XJTU-SY,condition_1_35Hz12kN,rul,0.020317640109336708,0.6659124545876661,0.020317640109336708,False,time_domain,"vertical channel augmented dickey fuller  attr ""pvalue""  autolag ""AIC"" statistic; selected on train bearings only to avoid held-out leakage.",train_only,train_bearings_only,single_snapshot,"Bearing1_1,Bearing1_2,Bearing1_4,Bearing1_5",Bearing1_3,False
"horizontal__agg_linear_trend__attr_""intercept""__chunk_len_5__f_agg_""mean""",EfficientFCParameters,XJTU-SY,condition_1_35Hz12kN,rul,0.02026229503525774,0.6667677411337383,0.02026229503525774,False,time_domain,"horizontal channel agg linear trend  attr ""intercept""  chunk len 5  f agg ""mean"" statistic; selected on train bearings only to avoid held-out leakage.",train_only,train_bearings_only,single_snapshot,"Bearing1_1,Bearing1_2,Bearing1_4,Bearing1_5",Bearing1_3,True
"vertical__fft_coefficient__attr_""abs""__coeff_18",EfficientFCParameters,XJTU-SY,condition_1_35Hz12kN,rul,0.020238803611803847,0.6671309013247717,0.020238803611803847,False,frequency,"vertical channel fft coefficient  attr ""abs""  coeff 18 statistic; selected on train bearings only to avoid held-out leakage.",train_only,train_bearings_only,single_snapshot,"Bearing1_1,Bearing1_2,Bearing1_4,Bearing1_5",Bearing1_3,False
"horizontal__fft_coefficient__attr_""angle""__coeff_25",EfficientFCParameters,XJTU-SY,condition_1_35Hz12kN,rul,0.02013468928468103,0.6687413672605588,-0.02013468928468103,False,frequency,"horizontal channel fft coefficient  attr ""angle""  coeff 25 statistic; selected on train bearings only to avoid held-out leakage.",train_only,train_bearings_only,single_snapshot,"Bearing1_1,Bearing1_2,Bearing1_4,Bearing1_5",Bearing1_3,False
"horizontal__fft_coefficient__attr_""angle""__coeff_53",EfficientFCParameters,XJTU-SY,condition_1_35Hz12kN,rul,0.020028833921742976,0.6703803228304435,-0.020028833921742976,False,frequency,"horizontal channel fft coefficient  attr ""angle""  coeff 53 statistic; selected on train bearings only to avoid held-out leakage.",train_only,train_bearings_only,single_snapshot,"Bearing1_1,Bearing1_2,Bearing1_4,Bearing1_5",Bearing1_3,False
"horizontal__fft_coefficient__attr_""imag""__coeff_56",EfficientFCParameters,XJTU-SY,condition_1_35Hz12kN,rul,0.019767528067379088,0.6744327997631018,0.019767528067379088,False,frequency,"horizontal channel fft coefficient  attr ""imag""  coeff 56 statistic; selected on train bearings only to avoid held-out leakage.",train_only,train_bearings_only,single_snapshot,"Bearing1_1,Bearing1_2,Bearing1_4,Bearing1_5",Bearing1_3,False
"vertical__cwt_coefficients__coeff_3__w_5__widths_(2, 5, 10, 20)",EfficientFCParameters,XJTU-SY,condition_1_35Hz12kN,rul,0.019657960870705746,0.6761348421705892,0.019657960870705746,False,time_domain,"vertical channel cwt coefficients  coeff 3  w 5  widths (2, 5, 10, 20) statistic; selected on train bearings only to avoid held-out leakage.",train_only,train_bearings_only,single_snapshot,"Bearing1_1,Bearing1_2,Bearing1_4,Bearing1_5",Bearing1_3,False
"horizontal__fft_coefficient__attr_""imag""__coeff_8",EfficientFCParameters,XJTU-SY,condition_1_35Hz12kN,rul,0.01965370730492981,0.6762009513971725,-0.01965370730492981,False,frequency,"horizontal channel fft coefficient  attr ""imag""  coeff 8 statistic; selected on train bearings only to avoid held-out leakage.",train_only,train_bearings_only,single_snapshot,"Bearing1_1,Bearing1_2,Bearing1_4,Bearing1_5",Bearing1_3,False
"horizontal__fft_coefficient__attr_""abs""__coeff_51",EfficientFCParameters,XJTU-SY,condition_1_35Hz12kN,rul,0.01960373133393772,0.6769778677705113,0.01960373133393772,False,frequency,"horizontal channel fft coefficient  attr ""abs""  coeff 51 statistic; selected on train bearings only to avoid held-out leakage.",train_only,train_bearings_only,single_snapshot,"Bearing1_1,Bearing1_2,Bearing1_4,Bearing1_5",Bearing1_3,False
"horizontal__fft_coefficient__attr_""real""__coeff_13",EfficientFCParameters,XJTU-SY,condition_1_35Hz12kN,rul,0.019595715380932705,0.6771025140740848,-0.019595715380932705,False,frequency,"horizontal channel fft coefficient  attr ""real""  coeff 13 statistic; selected on train bearings only to avoid held-out leakage.",train_only,train_bearings_only,single_snapshot,"Bearing1_1,Bearing1_2,Bearing1_4,Bearing1_5",Bearing1_3,False
horizontal__binned_entropy__max_bins_10,EfficientFCParameters,XJTU-SY,condition_1_35Hz12kN,rul,0.01958352219647333,0.6772921323067699,0.01958352219647333,False,time_domain,horizontal channel binned entropy  max bins 10 statistic; selected on train bearings only to avoid held-out leakage.,train_only,train_bearings_only,single_snapshot,"Bearing1_1,Bearing1_2,Bearing1_4,Bearing1_5",Bearing1_3,False
"horizontal__agg_linear_trend__attr_""intercept""__chunk_len_10__f_agg_""mean""",EfficientFCParameters,XJTU-SY,condition_1_35Hz12kN,rul,0.01952523715179212,0.6781988141186507,0.01952523715179212,False,time_domain,"horizontal channel agg linear trend  attr ""intercept""  chunk len 10  f agg ""mean"" statistic; selected on train bearings only to avoid held-out leakage.",train_only,train_bearings_only,single_snapshot,"Bearing1_1,Bearing1_2,Bearing1_4,Bearing1_5",Bearing1_3,True
horizontal__index_mass_quantile__q_0.8,EfficientFCParameters,XJTU-SY,condition_1_35Hz12kN,rul,0.019475734595821397,0.6789692405130469,-0.019475734595821397,False,time_domain,horizontal channel index mass quantile  q 0.8 statistic; selected on train bearings only to avoid held-out leakage.,train_only,train_bearings_only,single_snapshot,"Bearing1_1,Bearing1_2,Bearing1_4,Bearing1_5",Bearing1_3,False
"horizontal__linear_trend__attr_""pvalue""",EfficientFCParameters,XJTU-SY,condition_1_35Hz12kN,rul,0.01942449864412459,0.6797669965868851,0.01942449864412459,False,time_domain,"horizontal channel linear trend  attr ""pvalue"" statistic; selected on train bearings only to avoid held-out leakage.",train_only,train_bearings_only,single_snapshot,"Bearing1_1,Bearing1_2,Bearing1_4,Bearing1_5",Bearing1_3,False
horizontal__energy_ratio_by_chunks__num_segments_10__segment_focus_8,EfficientFCParameters,XJTU-SY,condition_1_35Hz12kN,rul,0.01936564054079327,0.6806838725681894,-0.01936564054079327,False,energy,horizontal channel energy ratio by chunks  num segments 10  segment focus 8 statistic; selected on train bearings only to avoid held-out leakage.,train_only,train_bearings_only,single_snapshot,"Bearing1_1,Bearing1_2,Bearing1_4,Bearing1_5",Bearing1_3,False
horizontal__ratio_beyond_r_sigma__r_5,EfficientFCParameters,XJTU-SY,condition_1_35Hz12kN,rul,0.019305128130908164,0.6816270094960941,-0.019305128130908164,False,time_domain,horizontal channel ratio beyond r sigma  r 5 statistic; selected on train bearings only to avoid held-out leakage.,train_only,train_bearings_only,single_snapshot,"Bearing1_1,Bearing1_2,Bearing1_4,Bearing1_5",Bearing1_3,False
"horizontal__cwt_coefficients__coeff_2__w_2__widths_(2, 5, 10, 20)",EfficientFCParameters,XJTU-SY,condition_1_35Hz12kN,rul,0.019286984560734976,0.681909889068968,-0.019286984560734976,False,time_domain,"horizontal channel cwt coefficients  coeff 2  w 2  widths (2, 5, 10, 20) statistic; selected on train bearings only to avoid held-out leakage.",train_only,train_bearings_only,single_snapshot,"Bearing1_1,Bearing1_2,Bearing1_4,Bearing1_5",Bearing1_3,False
"horizontal__agg_linear_trend__attr_""rvalue""__chunk_len_5__f_agg_""min""",EfficientFCParameters,XJTU-SY,condition_1_35Hz12kN,rul,0.019173693420542873,0.6836772375725907,-0.019173693420542873,False,time_domain,"horizontal channel agg linear trend  attr ""rvalue""  chunk len 5  f agg ""min"" statistic; selected on train bearings only to avoid held-out leakage.",train_only,train_bearings_only,single_snapshot,"Bearing1_1,Bearing1_2,Bearing1_4,Bearing1_5",Bearing1_3,False
"horizontal__fft_coefficient__attr_""angle""__coeff_31",EfficientFCParameters,XJTU-SY,condition_1_35Hz12kN,rul,0.019145514354490554,0.6841171015263912,0.019145514354490554,False,frequency,"horizontal channel fft coefficient  attr ""angle""  coeff 31 statistic; selected on train bearings only to avoid held-out leakage.",train_only,train_bearings_only,single_snapshot,"Bearing1_1,Bearing1_2,Bearing1_4,Bearing1_5",Bearing1_3,False
"vertical__fft_coefficient__attr_""real""__coeff_39",EfficientFCParameters,XJTU-SY,condition_1_35Hz12kN,rul,0.019127667226435708,0.6843957433295511,-0.019127667226435708,False,frequency,"vertical channel fft coefficient  attr ""real""  coeff 39 statistic; selected on train bearings only to avoid held-out leakage.",train_only,train_bearings_only,single_snapshot,"Bearing1_1,Bearing1_2,Bearing1_4,Bearing1_5",Bearing1_3,False
"horizontal__cwt_coefficients__coeff_1__w_20__widths_(2, 5, 10, 20)",EfficientFCParameters,XJTU-SY,condition_1_35Hz12kN,rul,0.019057065664499575,0.6854984435817961,-0.019057065664499575,False,time_domain,"horizontal channel cwt coefficients  coeff 1  w 20  widths (2, 5, 10, 20) statistic; selected on train bearings only to avoid held-out leakage.",train_only,train_bearings_only,single_snapshot,"Bearing1_1,Bearing1_2,Bearing1_4,Bearing1_5",Bearing1_3,False
"vertical__fft_coefficient__attr_""imag""__coeff_22",EfficientFCParameters,XJTU-SY,condition_1_35Hz12kN,rul,0.018984458398767518,0.6866331669957728,-0.018984458398767518,False,frequency,"vertical channel fft coefficient  attr ""imag""  coeff 22 statistic; selected on train bearings only to avoid held-out leakage.",train_only,train_bearings_only,single_snapshot,"Bearing1_1,Bearing1_2,Bearing1_4,Bearing1_5",Bearing1_3,False
"vertical__fft_coefficient__attr_""imag""__coeff_21",EfficientFCParameters,XJTU-SY,condition_1_35Hz12kN,rul,0.018927513917872958,0.68752360164763,-0.018927513917872958,False,frequency,"vertical channel fft coefficient  attr ""imag""  coeff 21 statistic; selected on train bearings only to avoid held-out leakage.",train_only,train_bearings_only,single_snapshot,"Bearing1_1,Bearing1_2,Bearing1_4,Bearing1_5",Bearing1_3,False
"horizontal__fft_coefficient__attr_""angle""__coeff_41",EfficientFCParameters,XJTU-SY,condition_1_35Hz12kN,rul,0.01888833941220231,0.688136420096017,-0.01888833941220231,False,frequency,"horizontal channel fft coefficient  attr ""angle""  coeff 41 statistic; selected on train bearings only to avoid held-out leakage.",train_only,train_bearings_only,single_snapshot,"Bearing1_1,Bearing1_2,Bearing1_4,Bearing1_5",Bearing1_3,False
vertical__number_peaks__n_50,EfficientFCParameters,XJTU-SY,condition_1_35Hz12kN,rul,0.018690190163471673,0.6912392483604848,0.018690190163471673,False,time_domain,vertical channel number peaks  n 50 statistic; selected on train bearings only to avoid held-out leakage.,train_only,train_bearings_only,single_snapshot,"Bearing1_1,Bearing1_2,Bearing1_4,Bearing1_5",Bearing1_3,True
"horizontal__cwt_coefficients__coeff_10__w_5__widths_(2, 5, 10, 20)",EfficientFCParameters,XJTU-SY,condition_1_35Hz12kN,rul,0.018658614718103907,0.6917341691452501,-0.018658614718103907,False,time_domain,"horizontal channel cwt coefficients  coeff 10  w 5  widths (2, 5, 10, 20) statistic; selected on train bearings only to avoid held-out leakage.",train_only,train_bearings_only,single_snapshot,"Bearing1_1,Bearing1_2,Bearing1_4,Bearing1_5",Bearing1_3,False
"horizontal__fft_coefficient__attr_""real""__coeff_86",EfficientFCParameters,XJTU-SY,condition_1_35Hz12kN,rul,0.01850716014341995,0.6941099246363723,0.01850716014341995,False,frequency,"horizontal channel fft coefficient  attr ""real""  coeff 86 statistic; selected on train bearings only to avoid held-out leakage.",train_only,train_bearings_only,single_snapshot,"Bearing1_1,Bearing1_2,Bearing1_4,Bearing1_5",Bearing1_3,False
"vertical__fft_coefficient__attr_""real""__coeff_44",EfficientFCParameters,XJTU-SY,condition_1_35Hz12kN,rul,0.018468325485623546,0.6947195790843844,-0.018468325485623546,False,frequency,"vertical channel fft coefficient  attr ""real""  coeff 44 statistic; selected on train bearings only to avoid held-out leakage.",train_only,train_bearings_only,single_snapshot,"Bearing1_1,Bearing1_2,Bearing1_4,Bearing1_5",Bearing1_3,False
"horizontal__fft_coefficient__attr_""imag""__coeff_43",EfficientFCParameters,XJTU-SY,condition_1_35Hz12kN,rul,0.01837025449966463,0.6962600436152796,0.01837025449966463,False,frequency,"horizontal channel fft coefficient  attr ""imag""  coeff 43 statistic; selected on train bearings only to avoid held-out leakage.",train_only,train_bearings_only,single_snapshot,"Bearing1_1,Bearing1_2,Bearing1_4,Bearing1_5",Bearing1_3,False
"horizontal__fft_coefficient__attr_""angle""__coeff_66",EfficientFCParameters,XJTU-SY,condition_1_35Hz12kN,rul,0.018289369860315152,0.697531491776884,0.018289369860315152,False,frequency,"horizontal channel fft coefficient  attr ""angle""  coeff 66 statistic; selected on train bearings only to avoid held-out leakage.",train_only,train_bearings_only,single_snapshot,"Bearing1_1,Bearing1_2,Bearing1_4,Bearing1_5",Bearing1_3,False
"vertical__cwt_coefficients__coeff_14__w_20__widths_(2, 5, 10, 20)",EfficientFCParameters,XJTU-SY,condition_1_35Hz12kN,rul,0.01806990741426666,0.7009855405359143,-0.01806990741426666,False,time_domain,"vertical channel cwt coefficients  coeff 14  w 20  widths (2, 5, 10, 20) statistic; selected on train bearings only to avoid held-out leakage.",train_only,train_bearings_only,single_snapshot,"Bearing1_1,Bearing1_2,Bearing1_4,Bearing1_5",Bearing1_3,False
"horizontal__cwt_coefficients__coeff_11__w_10__widths_(2, 5, 10, 20)",EfficientFCParameters,XJTU-SY,condition_1_35Hz12kN,rul,0.01804086209368597,0.7014431393051788,-0.01804086209368597,False,time_domain,"horizontal channel cwt coefficients  coeff 11  w 10  widths (2, 5, 10, 20) statistic; selected on train bearings only to avoid held-out leakage.",train_only,train_bearings_only,single_snapshot,"Bearing1_1,Bearing1_2,Bearing1_4,Bearing1_5",Bearing1_3,False
"horizontal__fft_coefficient__attr_""angle""__coeff_78",EfficientFCParameters,XJTU-SY,condition_1_35Hz12kN,rul,0.01793244256203926,0.7031522030887775,-0.01793244256203926,False,frequency,"horizontal channel fft coefficient  attr ""angle""  coeff 78 statistic; selected on train bearings only to avoid held-out leakage.",train_only,train_bearings_only,single_snapshot,"Bearing1_1,Bearing1_2,Bearing1_4,Bearing1_5",Bearing1_3,False
"vertical__fft_coefficient__attr_""real""__coeff_91",EfficientFCParameters,XJTU-SY,condition_1_35Hz12kN,rul,0.017792856815901543,0.7053547556993175,0.017792856815901543,False,frequency,"vertical channel fft coefficient  attr ""real""  coeff 91 statistic; selected on train bearings only to avoid held-out leakage.",train_only,train_bearings_only,single_snapshot,"Bearing1_1,Bearing1_2,Bearing1_4,Bearing1_5",Bearing1_3,False
"vertical__fft_coefficient__attr_""angle""__coeff_22",EfficientFCParameters,XJTU-SY,condition_1_35Hz12kN,rul,0.017773452897497502,0.7056611296056216,-0.017773452897497502,False,frequency,"vertical channel fft coefficient  attr ""angle""  coeff 22 statistic; selected on train bearings only to avoid held-out leakage.",train_only,train_bearings_only,single_snapshot,"Bearing1_1,Bearing1_2,Bearing1_4,Bearing1_5",Bearing1_3,False
"horizontal__fft_coefficient__attr_""imag""__coeff_70",EfficientFCParameters,XJTU-SY,condition_1_35Hz12kN,rul,0.01772379986823732,0.7064453316872334,0.01772379986823732,False,frequency,"horizontal channel fft coefficient  attr ""imag""  coeff 70 statistic; selected on train bearings only to avoid held-out leakage.",train_only,train_bearings_only,single_snapshot,"Bearing1_1,Bearing1_2,Bearing1_4,Bearing1_5",Bearing1_3,False
"vertical__fft_coefficient__attr_""imag""__coeff_1",EfficientFCParameters,XJTU-SY,condition_1_35Hz12kN,rul,0.017680400545162407,0.7071310194892325,-0.017680400545162407,False,frequency,"vertical channel fft coefficient  attr ""imag""  coeff 1 statistic; selected on train bearings only to avoid held-out leakage.",train_only,train_bearings_only,single_snapshot,"Bearing1_1,Bearing1_2,Bearing1_4,Bearing1_5",Bearing1_3,False
"vertical__fft_coefficient__attr_""real""__coeff_72",EfficientFCParameters,XJTU-SY,condition_1_35Hz12kN,rul,0.017647537286424684,0.7076504003199148,0.017647537286424684,False,frequency,"vertical channel fft coefficient  attr ""real""  coeff 72 statistic; selected on train bearings only to avoid held-out leakage.",train_only,train_bearings_only,single_snapshot,"Bearing1_1,Bearing1_2,Bearing1_4,Bearing1_5",Bearing1_3,False
"horizontal__cwt_coefficients__coeff_6__w_10__widths_(2, 5, 10, 20)",EfficientFCParameters,XJTU-SY,condition_1_35Hz12kN,rul,0.01761716265574109,0.7081305707218399,0.01761716265574109,False,time_domain,"horizontal channel cwt coefficients  coeff 6  w 10  widths (2, 5, 10, 20) statistic; selected on train bearings only to avoid held-out leakage.",train_only,train_bearings_only,single_snapshot,"Bearing1_1,Bearing1_2,Bearing1_4,Bearing1_5",Bearing1_3,False
"vertical__agg_linear_trend__attr_""rvalue""__chunk_len_5__f_agg_""max""",EfficientFCParameters,XJTU-SY,condition_1_35Hz12kN,rul,0.01761392214723732,0.7081818043910764,0.01761392214723732,False,time_domain,"vertical channel agg linear trend  attr ""rvalue""  chunk len 5  f agg ""max"" statistic; selected on train bearings only to avoid held-out leakage.",train_only,train_bearings_only,single_snapshot,"Bearing1_1,Bearing1_2,Bearing1_4,Bearing1_5",Bearing1_3,False
"horizontal__fft_coefficient__attr_""imag""__coeff_81",EfficientFCParameters,XJTU-SY,condition_1_35Hz12kN,rul,0.01753291273221344,0.7094630212294842,0.01753291273221344,False,frequency,"horizontal channel fft coefficient  attr ""imag""  coeff 81 statistic; selected on train bearings only to avoid held-out leakage.",train_only,train_bearings_only,single_snapshot,"Bearing1_1,Bearing1_2,Bearing1_4,Bearing1_5",Bearing1_3,False
"horizontal__fft_coefficient__attr_""angle""__coeff_59",EfficientFCParameters,XJTU-SY,condition_1_35Hz12kN,rul,0.0175070766342798,0.7098718084954055,-0.0175070766342798,False,frequency,"horizontal channel fft coefficient  attr ""angle""  coeff 59 statistic; selected on train bearings only to avoid held-out leakage.",train_only,train_bearings_only,single_snapshot,"Bearing1_1,Bearing1_2,Bearing1_4,Bearing1_5",Bearing1_3,False
"horizontal__fft_coefficient__attr_""real""__coeff_50",EfficientFCParameters,XJTU-SY,condition_1_35Hz12kN,rul,0.01728314253830437,0.7134184437076679,-0.01728314253830437,False,frequency,"horizontal channel fft coefficient  attr ""real""  coeff 50 statistic; selected on train bearings only to avoid held-out leakage.",train_only,train_bearings_only,single_snapshot,"Bearing1_1,Bearing1_2,Bearing1_4,Bearing1_5",Bearing1_3,False
"horizontal__fft_coefficient__attr_""angle""__coeff_6",EfficientFCParameters,XJTU-SY,condition_1_35Hz12kN,rul,0.01727789697693343,0.7135015965335378,-0.01727789697693343,False,frequency,"horizontal channel fft coefficient  attr ""angle""  coeff 6 statistic; selected on train bearings only to avoid held-out leakage.",train_only,train_bearings_only,single_snapshot,"Bearing1_1,Bearing1_2,Bearing1_4,Bearing1_5",Bearing1_3,False
"horizontal__fft_coefficient__attr_""imag""__coeff_61",EfficientFCParameters,XJTU-SY,condition_1_35Hz12kN,rul,0.0170647456567862,0.716883338542357,-0.0170647456567862,False,frequency,"horizontal channel fft coefficient  attr ""imag""  coeff 61 statistic; selected on train bearings only to avoid held-out leakage.",train_only,train_bearings_only,single_snapshot,"Bearing1_1,Bearing1_2,Bearing1_4,Bearing1_5",Bearing1_3,False
"vertical__agg_linear_trend__attr_""slope""__chunk_len_50__f_agg_""var""",EfficientFCParameters,XJTU-SY,condition_1_35Hz12kN,rul,0.01704997312545164,0.7171179174529866,0.01704997312545164,False,time_domain,"vertical channel agg linear trend  attr ""slope""  chunk len 50  f agg ""var"" statistic; selected on train bearings only to avoid held-out leakage.",train_only,train_bearings_only,single_snapshot,"Bearing1_1,Bearing1_2,Bearing1_4,Bearing1_5",Bearing1_3,False
"horizontal__fft_coefficient__attr_""imag""__coeff_87",EfficientFCParameters,XJTU-SY,condition_1_35Hz12kN,rul,0.01690752837479618,0.7193812161373881,0.01690752837479618,False,frequency,"horizontal channel fft coefficient  attr ""imag""  coeff 87 statistic; selected on train bearings only to avoid held-out leakage.",train_only,train_bearings_only,single_snapshot,"Bearing1_1,Bearing1_2,Bearing1_4,Bearing1_5",Bearing1_3,False
"horizontal__fft_coefficient__attr_""imag""__coeff_26",EfficientFCParameters,XJTU-SY,condition_1_35Hz12kN,rul,0.016898336352307582,0.7195273523117949,0.016898336352307582,False,frequency,"horizontal channel fft coefficient  attr ""imag""  coeff 26 statistic; selected on train bearings only to avoid held-out leakage.",train_only,train_bearings_only,single_snapshot,"Bearing1_1,Bearing1_2,Bearing1_4,Bearing1_5",Bearing1_3,False
"vertical__cwt_coefficients__coeff_4__w_2__widths_(2, 5, 10, 20)",EfficientFCParameters,XJTU-SY,condition_1_35Hz12kN,rul,0.016839961029819713,0.720455650377942,0.016839961029819713,False,time_domain,"vertical channel cwt coefficients  coeff 4  w 2  widths (2, 5, 10, 20) statistic; selected on train bearings only to avoid held-out leakage.",train_only,train_bearings_only,single_snapshot,"Bearing1_1,Bearing1_2,Bearing1_4,Bearing1_5",Bearing1_3,False
"vertical__fft_coefficient__attr_""real""__coeff_85",EfficientFCParameters,XJTU-SY,condition_1_35Hz12kN,rul,0.016805511741149887,0.7210036638959901,-0.016805511741149887,False,frequency,"vertical channel fft coefficient  attr ""real""  coeff 85 statistic; selected on train bearings only to avoid held-out leakage.",train_only,train_bearings_only,single_snapshot,"Bearing1_1,Bearing1_2,Bearing1_4,Bearing1_5",Bearing1_3,False
"vertical__fft_coefficient__attr_""imag""__coeff_67",EfficientFCParameters,XJTU-SY,condition_1_35Hz12kN,rul,0.016721853596933258,0.7223350777239177,0.016721853596933258,False,frequency,"vertical channel fft coefficient  attr ""imag""  coeff 67 statistic; selected on train bearings only to avoid held-out leakage.",train_only,train_bearings_only,single_snapshot,"Bearing1_1,Bearing1_2,Bearing1_4,Bearing1_5",Bearing1_3,False
"horizontal__fft_coefficient__attr_""imag""__coeff_28",EfficientFCParameters,XJTU-SY,condition_1_35Hz12kN,rul,0.016494321899358542,0.7259604612325669,0.016494321899358542,False,frequency,"horizontal channel fft coefficient  attr ""imag""  coeff 28 statistic; selected on train bearings only to avoid held-out leakage.",train_only,train_bearings_only,single_snapshot,"Bearing1_1,Bearing1_2,Bearing1_4,Bearing1_5",Bearing1_3,False
"horizontal__fft_coefficient__attr_""real""__coeff_85",EfficientFCParameters,XJTU-SY,condition_1_35Hz12kN,rul,0.01647958283410185,0.7261955187837545,-0.01647958283410185,False,frequency,"horizontal channel fft coefficient  attr ""real""  coeff 85 statistic; selected on train bearings only to avoid held-out leakage.",train_only,train_bearings_only,single_snapshot,"Bearing1_1,Bearing1_2,Bearing1_4,Bearing1_5",Bearing1_3,False
"horizontal__fft_coefficient__attr_""imag""__coeff_11",EfficientFCParameters,XJTU-SY,condition_1_35Hz12kN,rul,0.016478676748206772,0.726209969815098,-0.016478676748206772,False,frequency,"horizontal channel fft coefficient  attr ""imag""  coeff 11 statistic; selected on train bearings only to avoid held-out leakage.",train_only,train_bearings_only,single_snapshot,"Bearing1_1,Bearing1_2,Bearing1_4,Bearing1_5",Bearing1_3,False
"vertical__cwt_coefficients__coeff_10__w_10__widths_(2, 5, 10, 20)",EfficientFCParameters,XJTU-SY,condition_1_35Hz12kN,rul,0.016384909426625738,0.7277059753276216,0.016384909426625738,False,time_domain,"vertical channel cwt coefficients  coeff 10  w 10  widths (2, 5, 10, 20) statistic; selected on train bearings only to avoid held-out leakage.",train_only,train_bearings_only,single_snapshot,"Bearing1_1,Bearing1_2,Bearing1_4,Bearing1_5",Bearing1_3,False
"vertical__fft_coefficient__attr_""real""__coeff_81",EfficientFCParameters,XJTU-SY,condition_1_35Hz12kN,rul,0.016313449214490197,0.7288467784806586,0.016313449214490197,False,frequency,"vertical channel fft coefficient  attr ""real""  coeff 81 statistic; selected on train bearings only to avoid held-out leakage.",train_only,train_bearings_only,single_snapshot,"Bearing1_1,Bearing1_2,Bearing1_4,Bearing1_5",Bearing1_3,False
"vertical__fft_coefficient__attr_""abs""__coeff_61",EfficientFCParameters,XJTU-SY,condition_1_35Hz12kN,rul,0.01631262384080599,0.7288599583908653,0.01631262384080599,False,frequency,"vertical channel fft coefficient  attr ""abs""  coeff 61 statistic; selected on train bearings only to avoid held-out leakage.",train_only,train_bearings_only,single_snapshot,"Bearing1_1,Bearing1_2,Bearing1_4,Bearing1_5",Bearing1_3,False
"vertical__cwt_coefficients__coeff_13__w_20__widths_(2, 5, 10, 20)",EfficientFCParameters,XJTU-SY,condition_1_35Hz12kN,rul,0.016307152903007455,0.7289473226199065,-0.016307152903007455,False,time_domain,"vertical channel cwt coefficients  coeff 13  w 20  widths (2, 5, 10, 20) statistic; selected on train bearings only to avoid held-out leakage.",train_only,train_bearings_only,single_snapshot,"Bearing1_1,Bearing1_2,Bearing1_4,Bearing1_5",Bearing1_3,False
"vertical__fft_coefficient__attr_""real""__coeff_59",EfficientFCParameters,XJTU-SY,condition_1_35Hz12kN,rul,0.01621462396052805,0.7304254280151019,0.01621462396052805,False,frequency,"vertical channel fft coefficient  attr ""real""  coeff 59 statistic; selected on train bearings only to avoid held-out leakage.",train_only,train_bearings_only,single_snapshot,"Bearing1_1,Bearing1_2,Bearing1_4,Bearing1_5",Bearing1_3,False
"vertical__fft_coefficient__attr_""angle""__coeff_49",EfficientFCParameters,XJTU-SY,condition_1_35Hz12kN,rul,0.01620401903915208,0.730594900413413,0.01620401903915208,False,frequency,"vertical channel fft coefficient  attr ""angle""  coeff 49 statistic; selected on train bearings only to avoid held-out leakage.",train_only,train_bearings_only,single_snapshot,"Bearing1_1,Bearing1_2,Bearing1_4,Bearing1_5",Bearing1_3,False
"vertical__change_quantiles__f_agg_""var""__isabs_True__qh_0.8__ql_0.0",EfficientFCParameters,XJTU-SY,condition_1_35Hz12kN,rul,0.016199657027884812,0.7306646115258599,-0.016199657027884812,False,time_domain,"vertical channel change quantiles  f agg ""var""  isabs True  qh 0.8  ql 0.0 statistic; selected on train bearings only to avoid held-out leakage.",train_only,train_bearings_only,single_snapshot,"Bearing1_1,Bearing1_2,Bearing1_4,Bearing1_5",Bearing1_3,False
horizontal__energy_ratio_by_chunks__num_segments_10__segment_focus_7,EfficientFCParameters,XJTU-SY,condition_1_35Hz12kN,rul,0.016129469922568876,0.731786605298185,-0.016129469922568876,False,energy,horizontal channel energy ratio by chunks  num segments 10  segment focus 7 statistic; selected on train bearings only to avoid held-out leakage.,train_only,train_bearings_only,single_snapshot,"Bearing1_1,Bearing1_2,Bearing1_4,Bearing1_5",Bearing1_3,False
"horizontal__fft_coefficient__attr_""angle""__coeff_90",EfficientFCParameters,XJTU-SY,condition_1_35Hz12kN,rul,0.016115278746855734,0.7320135315114304,0.016115278746855734,False,frequency,"horizontal channel fft coefficient  attr ""angle""  coeff 90 statistic; selected on train bearings only to avoid held-out leakage.",train_only,train_bearings_only,single_snapshot,"Bearing1_1,Bearing1_2,Bearing1_4,Bearing1_5",Bearing1_3,False
vertical__has_duplicate_min,EfficientFCParameters,XJTU-SY,condition_1_35Hz12kN,rul,0.016053835691520857,0.7329963155917619,-0.016053835691520857,False,time_domain,vertical channel has duplicate min statistic; selected on train bearings only to avoid held-out leakage.,train_only,train_bearings_only,single_snapshot,"Bearing1_1,Bearing1_2,Bearing1_4,Bearing1_5",Bearing1_3,False
"vertical__cwt_coefficients__coeff_9__w_2__widths_(2, 5, 10, 20)",EfficientFCParameters,XJTU-SY,condition_1_35Hz12kN,rul,0.01605213846974016,0.7330234689219296,0.01605213846974016,False,time_domain,"vertical channel cwt coefficients  coeff 9  w 2  widths (2, 5, 10, 20) statistic; selected on train bearings only to avoid held-out leakage.",train_only,train_bearings_only,single_snapshot,"Bearing1_1,Bearing1_2,Bearing1_4,Bearing1_5",Bearing1_3,False
"horizontal__fft_coefficient__attr_""angle""__coeff_13",EfficientFCParameters,XJTU-SY,condition_1_35Hz12kN,rul,0.01603798880923467,0.7332498579529729,0.01603798880923467,False,frequency,"horizontal channel fft coefficient  attr ""angle""  coeff 13 statistic; selected on train bearings only to avoid held-out leakage.",train_only,train_bearings_only,single_snapshot,"Bearing1_1,Bearing1_2,Bearing1_4,Bearing1_5",Bearing1_3,False
"vertical__fft_coefficient__attr_""real""__coeff_34",EfficientFCParameters,XJTU-SY,condition_1_35Hz12kN,rul,0.01598166196847489,0.7341512944492063,-0.01598166196847489,False,frequency,"vertical channel fft coefficient  attr ""real""  coeff 34 statistic; selected on train bearings only to avoid held-out leakage.",train_only,train_bearings_only,single_snapshot,"Bearing1_1,Bearing1_2,Bearing1_4,Bearing1_5",Bearing1_3,False
"horizontal__fft_coefficient__attr_""angle""__coeff_77",EfficientFCParameters,XJTU-SY,condition_1_35Hz12kN,rul,0.01591556290793486,0.7352095881970474,0.01591556290793486,False,frequency,"horizontal channel fft coefficient  attr ""angle""  coeff 77 statistic; selected on train bearings only to avoid held-out leakage.",train_only,train_bearings_only,single_snapshot,"Bearing1_1,Bearing1_2,Bearing1_4,Bearing1_5",Bearing1_3,False
"horizontal__fft_coefficient__attr_""abs""__coeff_88",EfficientFCParameters,XJTU-SY,condition_1_35Hz12kN,rul,0.015796630800252842,0.7371150383161055,-0.015796630800252842,False,frequency,"horizontal channel fft coefficient  attr ""abs""  coeff 88 statistic; selected on train bearings only to avoid held-out leakage.",train_only,train_bearings_only,single_snapshot,"Bearing1_1,Bearing1_2,Bearing1_4,Bearing1_5",Bearing1_3,False
"vertical__fft_coefficient__attr_""angle""__coeff_59",EfficientFCParameters,XJTU-SY,condition_1_35Hz12kN,rul,0.015755430020440032,0.7377755059501455,0.015755430020440032,False,frequency,"vertical channel fft coefficient  attr ""angle""  coeff 59 statistic; selected on train bearings only to avoid held-out leakage.",train_only,train_bearings_only,single_snapshot,"Bearing1_1,Bearing1_2,Bearing1_4,Bearing1_5",Bearing1_3,False
"horizontal__fft_coefficient__attr_""real""__coeff_20",EfficientFCParameters,XJTU-SY,condition_1_35Hz12kN,rul,0.01574669389600454,0.7379155748981204,-0.01574669389600454,False,frequency,"horizontal channel fft coefficient  attr ""real""  coeff 20 statistic; selected on train bearings only to avoid held-out leakage.",train_only,train_bearings_only,single_snapshot,"Bearing1_1,Bearing1_2,Bearing1_4,Bearing1_5",Bearing1_3,False
"horizontal__change_quantiles__f_agg_""var""__isabs_True__qh_1.0__ql_0.4",EfficientFCParameters,XJTU-SY,condition_1_35Hz12kN,rul,0.015669305978029822,0.7391567372202958,0.015669305978029822,False,time_domain,"horizontal channel change quantiles  f agg ""var""  isabs True  qh 1.0  ql 0.4 statistic; selected on train bearings only to avoid held-out leakage.",train_only,train_bearings_only,single_snapshot,"Bearing1_1,Bearing1_2,Bearing1_4,Bearing1_5",Bearing1_3,False
"horizontal__fft_coefficient__attr_""abs""__coeff_24",EfficientFCParameters,XJTU-SY,condition_1_35Hz12kN,rul,0.01566340025798357,0.7392514821616377,0.01566340025798357,False,frequency,"horizontal channel fft coefficient  attr ""abs""  coeff 24 statistic; selected on train bearings only to avoid held-out leakage.",train_only,train_bearings_only,single_snapshot,"Bearing1_1,Bearing1_2,Bearing1_4,Bearing1_5",Bearing1_3,False
vertical__large_standard_deviation__r_0.15000000000000002,EfficientFCParameters,XJTU-SY,condition_1_35Hz12kN,rul,0.015619680569086065,0.7399529958546182,-0.015619680569086065,False,distribution,vertical channel large standard deviation  r 0.15000000000000002 statistic; selected on train bearings only to avoid held-out leakage.,train_only,train_bearings_only,single_snapshot,"Bearing1_1,Bearing1_2,Bearing1_4,Bearing1_5",Bearing1_3,True
"vertical__fft_coefficient__attr_""angle""__coeff_43",EfficientFCParameters,XJTU-SY,condition_1_35Hz12kN,rul,0.01561511631107558,0.7400262450822348,-0.01561511631107558,False,frequency,"vertical channel fft coefficient  attr ""angle""  coeff 43 statistic; selected on train bearings only to avoid held-out leakage.",train_only,train_bearings_only,single_snapshot,"Bearing1_1,Bearing1_2,Bearing1_4,Bearing1_5",Bearing1_3,False
"vertical__cwt_coefficients__coeff_0__w_2__widths_(2, 5, 10, 20)",EfficientFCParameters,XJTU-SY,condition_1_35Hz12kN,rul,0.01549251574395884,0.7419946704268012,0.01549251574395884,False,time_domain,"vertical channel cwt coefficients  coeff 0  w 2  widths (2, 5, 10, 20) statistic; selected on train bearings only to avoid held-out leakage.",train_only,train_bearings_only,single_snapshot,"Bearing1_1,Bearing1_2,Bearing1_4,Bearing1_5",Bearing1_3,False
"vertical__agg_linear_trend__attr_""intercept""__chunk_len_5__f_agg_""var""",EfficientFCParameters,XJTU-SY,condition_1_35Hz12kN,rul,0.015464062575954148,0.7424517441754317,0.015464062575954148,False,time_domain,"vertical channel agg linear trend  attr ""intercept""  chunk len 5  f agg ""var"" statistic; selected on train bearings only to avoid held-out leakage.",train_only,train_bearings_only,single_snapshot,"Bearing1_1,Bearing1_2,Bearing1_4,Bearing1_5",Bearing1_3,False
"vertical__fft_aggregated__aggtype_""centroid""",EfficientFCParameters,XJTU-SY,condition_1_35Hz12kN,rul,0.015336977397416731,0.7444943527754992,-0.015336977397416731,False,frequency,"vertical channel fft aggregated  aggtype ""centroid"" statistic; selected on train bearings only to avoid held-out leakage.",train_only,train_bearings_only,single_snapshot,"Bearing1_1,Bearing1_2,Bearing1_4,Bearing1_5",Bearing1_3,False
vertical__number_cwt_peaks__n_1,EfficientFCParameters,XJTU-SY,condition_1_35Hz12kN,rul,0.015300317830383577,0.7450839066682391,0.015300317830383577,False,time_domain,vertical channel number cwt peaks  n 1 statistic; selected on train bearings only to avoid held-out leakage.,train_only,train_bearings_only,single_snapshot,"Bearing1_1,Bearing1_2,Bearing1_4,Bearing1_5",Bearing1_3,True
"horizontal__fft_coefficient__attr_""abs""__coeff_72",EfficientFCParameters,XJTU-SY,condition_1_35Hz12kN,rul,0.015284116793888358,0.7453444968593408,0.015284116793888358,False,frequency,"horizontal channel fft coefficient  attr ""abs""  coeff 72 statistic; selected on train bearings only to avoid held-out leakage.",train_only,train_bearings_only,single_snapshot,"Bearing1_1,Bearing1_2,Bearing1_4,Bearing1_5",Bearing1_3,False
"vertical__change_quantiles__f_agg_""mean""__isabs_False__qh_1.0__ql_0.8",EfficientFCParameters,XJTU-SY,condition_1_35Hz12kN,rul,0.015204957453555667,0.7466181749974964,0.015204957453555667,False,time_domain,"vertical channel change quantiles  f agg ""mean""  isabs False  qh 1.0  ql 0.8 statistic; selected on train bearings only to avoid held-out leakage.",train_only,train_bearings_only,single_snapshot,"Bearing1_1,Bearing1_2,Bearing1_4,Bearing1_5",Bearing1_3,True
vertical__sum_of_reoccurring_values,EfficientFCParameters,XJTU-SY,condition_1_35Hz12kN,rul,0.015147298143716601,0.7475463511147196,-0.015147298143716601,False,time_domain,vertical channel sum of reoccurring values statistic; selected on train bearings only to avoid held-out leakage.,train_only,train_bearings_only,single_snapshot,"Bearing1_1,Bearing1_2,Bearing1_4,Bearing1_5",Bearing1_3,False
vertical__sum_of_reoccurring_data_points,EfficientFCParameters,XJTU-SY,condition_1_35Hz12kN,rul,0.015147298143716601,0.7475463511147196,-0.015147298143716601,False,time_domain,vertical channel sum of reoccurring data points statistic; selected on train bearings only to avoid held-out leakage.,train_only,train_bearings_only,single_snapshot,"Bearing1_1,Bearing1_2,Bearing1_4,Bearing1_5",Bearing1_3,False
"vertical__fft_coefficient__attr_""imag""__coeff_76",EfficientFCParameters,XJTU-SY,condition_1_35Hz12kN,rul,0.015017445513563462,0.7496380004529334,-0.015017445513563462,False,frequency,"vertical channel fft coefficient  attr ""imag""  coeff 76 statistic; selected on train bearings only to avoid held-out leakage.",train_only,train_bearings_only,single_snapshot,"Bearing1_1,Bearing1_2,Bearing1_4,Bearing1_5",Bearing1_3,False
"vertical__change_quantiles__f_agg_""mean""__isabs_False__qh_0.6__ql_0.2",EfficientFCParameters,XJTU-SY,condition_1_35Hz12kN,rul,0.014967088646528277,0.7504496373692784,0.014967088646528277,False,time_domain,"vertical channel change quantiles  f agg ""mean""  isabs False  qh 0.6  ql 0.2 statistic; selected on train bearings only to avoid held-out leakage.",train_only,train_bearings_only,single_snapshot,"Bearing1_1,Bearing1_2,Bearing1_4,Bearing1_5",Bearing1_3,True
"horizontal__fft_coefficient__attr_""real""__coeff_84",EfficientFCParameters,XJTU-SY,condition_1_35Hz12kN,rul,0.014836215926383702,0.7525602905072616,0.014836215926383702,False,frequency,"horizontal channel fft coefficient  attr ""real""  coeff 84 statistic; selected on train bearings only to avoid held-out leakage.",train_only,train_bearings_only,single_snapshot,"Bearing1_1,Bearing1_2,Bearing1_4,Bearing1_5",Bearing1_3,False
"horizontal__fft_coefficient__attr_""abs""__coeff_59",EfficientFCParameters,XJTU-SY,condition_1_35Hz12kN,rul,0.014683017044946857,0.7550333527762093,0.014683017044946857,False,frequency,"horizontal channel fft coefficient  attr ""abs""  coeff 59 statistic; selected on train bearings only to avoid held-out leakage.",train_only,train_bearings_only,single_snapshot,"Bearing1_1,Bearing1_2,Bearing1_4,Bearing1_5",Bearing1_3,False
"vertical__cwt_coefficients__coeff_2__w_5__widths_(2, 5, 10, 20)",EfficientFCParameters,XJTU-SY,condition_1_35Hz12kN,rul,0.014682168091433166,0.7550470642830392,0.014682168091433166,False,time_domain,"vertical channel cwt coefficients  coeff 2  w 5  widths (2, 5, 10, 20) statistic; selected on train bearings only to avoid held-out leakage.",train_only,train_bearings_only,single_snapshot,"Bearing1_1,Bearing1_2,Bearing1_4,Bearing1_5",Bearing1_3,False
"vertical__fft_coefficient__attr_""abs""__coeff_75",EfficientFCParameters,XJTU-SY,condition_1_35Hz12kN,rul,0.014637907874436624,0.7557620205580219,0.014637907874436624,False,frequency,"vertical channel fft coefficient  attr ""abs""  coeff 75 statistic; selected on train bearings only to avoid held-out leakage.",train_only,train_bearings_only,single_snapshot,"Bearing1_1,Bearing1_2,Bearing1_4,Bearing1_5",Bearing1_3,False
"vertical__cwt_coefficients__coeff_12__w_20__widths_(2, 5, 10, 20)",EfficientFCParameters,XJTU-SY,condition_1_35Hz12kN,rul,0.014580614177431167,0.7566878223950328,-0.014580614177431167,False,time_domain,"vertical channel cwt coefficients  coeff 12  w 20  widths (2, 5, 10, 20) statistic; selected on train bearings only to avoid held-out leakage.",train_only,train_bearings_only,single_snapshot,"Bearing1_1,Bearing1_2,Bearing1_4,Bearing1_5",Bearing1_3,False
"horizontal__fft_coefficient__attr_""real""__coeff_54",EfficientFCParameters,XJTU-SY,condition_1_35Hz12kN,rul,0.014530454311013375,0.75749863541742,-0.014530454311013375,False,frequency,"horizontal channel fft coefficient  attr ""real""  coeff 54 statistic; selected on train bearings only to avoid held-out leakage.",train_only,train_bearings_only,single_snapshot,"Bearing1_1,Bearing1_2,Bearing1_4,Bearing1_5",Bearing1_3,False
"horizontal__agg_linear_trend__attr_""stderr""__chunk_len_5__f_agg_""var""",EfficientFCParameters,XJTU-SY,condition_1_35Hz12kN,rul,0.014502444890984343,0.7579515116493035,0.014502444890984343,False,time_domain,"horizontal channel agg linear trend  attr ""stderr""  chunk len 5  f agg ""var"" statistic; selected on train bearings only to avoid held-out leakage.",train_only,train_bearings_only,single_snapshot,"Bearing1_1,Bearing1_2,Bearing1_4,Bearing1_5",Bearing1_3,False
"horizontal__fft_coefficient__attr_""angle""__coeff_99",EfficientFCParameters,XJTU-SY,condition_1_35Hz12kN,rul,0.014479332042709998,0.7583252789897071,-0.014479332042709998,False,frequency,"horizontal channel fft coefficient  attr ""angle""  coeff 99 statistic; selected on train bearings only to avoid held-out leakage.",train_only,train_bearings_only,single_snapshot,"Bearing1_1,Bearing1_2,Bearing1_4,Bearing1_5",Bearing1_3,False
"horizontal__fft_coefficient__attr_""angle""__coeff_58",EfficientFCParameters,XJTU-SY,condition_1_35Hz12kN,rul,0.014357222706810658,0.7603008916776147,-0.014357222706810658,False,frequency,"horizontal channel fft coefficient  attr ""angle""  coeff 58 statistic; selected on train bearings only to avoid held-out leakage.",train_only,train_bearings_only,single_snapshot,"Bearing1_1,Bearing1_2,Bearing1_4,Bearing1_5",Bearing1_3,False
"vertical__fft_coefficient__attr_""real""__coeff_74",EfficientFCParameters,XJTU-SY,condition_1_35Hz12kN,rul,0.014319501898666187,0.7609114942543621,-0.014319501898666187,False,frequency,"vertical channel fft coefficient  attr ""real""  coeff 74 statistic; selected on train bearings only to avoid held-out leakage.",train_only,train_bearings_only,single_snapshot,"Bearing1_1,Bearing1_2,Bearing1_4,Bearing1_5",Bearing1_3,False
"vertical__fft_coefficient__attr_""imag""__coeff_91",EfficientFCParameters,XJTU-SY,condition_1_35Hz12kN,rul,0.014314091631137596,0.7609990847114368,0.014314091631137596,False,frequency,"vertical channel fft coefficient  attr ""imag""  coeff 91 statistic; selected on train bearings only to avoid held-out leakage.",train_only,train_bearings_only,single_snapshot,"Bearing1_1,Bearing1_2,Bearing1_4,Bearing1_5",Bearing1_3,False
"vertical__agg_linear_trend__attr_""intercept""__chunk_len_10__f_agg_""min""",EfficientFCParameters,XJTU-SY,condition_1_35Hz12kN,rul,0.014306465382945702,0.761122556353566,-0.014306465382945702,False,time_domain,"vertical channel agg linear trend  attr ""intercept""  chunk len 10  f agg ""min"" statistic; selected on train bearings only to avoid held-out leakage.",train_only,train_bearings_only,single_snapshot,"Bearing1_1,Bearing1_2,Bearing1_4,Bearing1_5",Bearing1_3,False
"horizontal__fft_coefficient__attr_""imag""__coeff_21",EfficientFCParameters,XJTU-SY,condition_1_35Hz12kN,rul,0.014290402136697657,0.7613826457961732,0.014290402136697657,False,frequency,"horizontal channel fft coefficient  attr ""imag""  coeff 21 statistic; selected on train bearings only to avoid held-out leakage.",train_only,train_bearings_only,single_snapshot,"Bearing1_1,Bearing1_2,Bearing1_4,Bearing1_5",Bearing1_3,False
"vertical__fft_coefficient__attr_""real""__coeff_88",EfficientFCParameters,XJTU-SY,condition_1_35Hz12kN,rul,0.014287345426908148,0.7614321418217289,-0.014287345426908148,False,frequency,"vertical channel fft coefficient  attr ""real""  coeff 88 statistic; selected on train bearings only to avoid held-out leakage.",train_only,train_bearings_only,single_snapshot,"Bearing1_1,Bearing1_2,Bearing1_4,Bearing1_5",Bearing1_3,False
"horizontal__fft_coefficient__attr_""angle""__coeff_24",EfficientFCParameters,XJTU-SY,condition_1_35Hz12kN,rul,0.014126055118308408,0.7640452239317242,-0.014126055118308408,False,frequency,"horizontal channel fft coefficient  attr ""angle""  coeff 24 statistic; selected on train bearings only to avoid held-out leakage.",train_only,train_bearings_only,single_snapshot,"Bearing1_1,Bearing1_2,Bearing1_4,Bearing1_5",Bearing1_3,False
"vertical__fft_coefficient__attr_""imag""__coeff_39",EfficientFCParameters,XJTU-SY,condition_1_35Hz12kN,rul,0.01402707052148354,0.7656502136684166,0.01402707052148354,False,frequency,"vertical channel fft coefficient  attr ""imag""  coeff 39 statistic; selected on train bearings only to avoid held-out leakage.",train_only,train_bearings_only,single_snapshot,"Bearing1_1,Bearing1_2,Bearing1_4,Bearing1_5",Bearing1_3,False
"vertical__fft_coefficient__attr_""real""__coeff_3",EfficientFCParameters,XJTU-SY,condition_1_35Hz12kN,rul,0.013980924415750832,0.7663987948549087,0.013980924415750832,False,frequency,"vertical channel fft coefficient  attr ""real""  coeff 3 statistic; selected on train bearings only to avoid held-out leakage.",train_only,train_bearings_only,single_snapshot,"Bearing1_1,Bearing1_2,Bearing1_4,Bearing1_5",Bearing1_3,False
"vertical__cwt_coefficients__coeff_12__w_2__widths_(2, 5, 10, 20)",EfficientFCParameters,XJTU-SY,condition_1_35Hz12kN,rul,0.013892189136555766,0.7678388671468857,-0.013892189136555766,False,time_domain,"vertical channel cwt coefficients  coeff 12  w 2  widths (2, 5, 10, 20) statistic; selected on train bearings only to avoid held-out leakage.",train_only,train_bearings_only,single_snapshot,"Bearing1_1,Bearing1_2,Bearing1_4,Bearing1_5",Bearing1_3,False
"vertical__fft_coefficient__attr_""real""__coeff_57",EfficientFCParameters,XJTU-SY,condition_1_35Hz12kN,rul,0.013826550196006898,0.7689046267457901,0.013826550196006898,False,frequency,"vertical channel fft coefficient  attr ""real""  coeff 57 statistic; selected on train bearings only to avoid held-out leakage.",train_only,train_bearings_only,single_snapshot,"Bearing1_1,Bearing1_2,Bearing1_4,Bearing1_5",Bearing1_3,False
"horizontal__fft_coefficient__attr_""angle""__coeff_11",EfficientFCParameters,XJTU-SY,condition_1_35Hz12kN,rul,0.013779881397890673,0.7696626388491485,0.013779881397890673,False,frequency,"horizontal channel fft coefficient  attr ""angle""  coeff 11 statistic; selected on train bearings only to avoid held-out leakage.",train_only,train_bearings_only,single_snapshot,"Bearing1_1,Bearing1_2,Bearing1_4,Bearing1_5",Bearing1_3,False
"vertical__fft_coefficient__attr_""imag""__coeff_34",EfficientFCParameters,XJTU-SY,condition_1_35Hz12kN,rul,0.013777173745095,0.769706624301794,0.013777173745095,False,frequency,"vertical channel fft coefficient  attr ""imag""  coeff 34 statistic; selected on train bearings only to avoid held-out leakage.",train_only,train_bearings_only,single_snapshot,"Bearing1_1,Bearing1_2,Bearing1_4,Bearing1_5",Bearing1_3,False
"vertical__agg_linear_trend__attr_""intercept""__chunk_len_10__f_agg_""max""",EfficientFCParameters,XJTU-SY,condition_1_35Hz12kN,rul,0.013598308134020949,0.7726139012992437,0.013598308134020949,False,time_domain,"vertical channel agg linear trend  attr ""intercept""  chunk len 10  f agg ""max"" statistic; selected on train bearings only to avoid held-out leakage.",train_only,train_bearings_only,single_snapshot,"Bearing1_1,Bearing1_2,Bearing1_4,Bearing1_5",Bearing1_3,False
"vertical__fft_coefficient__attr_""angle""__coeff_78",EfficientFCParameters,XJTU-SY,condition_1_35Hz12kN,rul,0.013235258543371606,0.7785246506348641,0.013235258543371606,False,frequency,"vertical channel fft coefficient  attr ""angle""  coeff 78 statistic; selected on train bearings only to avoid held-out leakage.",train_only,train_bearings_only,single_snapshot,"Bearing1_1,Bearing1_2,Bearing1_4,Bearing1_5",Bearing1_3,False
"vertical__cwt_coefficients__coeff_11__w_10__widths_(2, 5, 10, 20)",EfficientFCParameters,XJTU-SY,condition_1_35Hz12kN,rul,0.013221437752377553,0.778749919506795,0.013221437752377553,False,time_domain,"vertical channel cwt coefficients  coeff 11  w 10  widths (2, 5, 10, 20) statistic; selected on train bearings only to avoid held-out leakage.",train_only,train_bearings_only,single_snapshot,"Bearing1_1,Bearing1_2,Bearing1_4,Bearing1_5",Bearing1_3,False
"horizontal__fft_coefficient__attr_""real""__coeff_7",EfficientFCParameters,XJTU-SY,condition_1_35Hz12kN,rul,0.013142582013505535,0.7800355647639723,-0.013142582013505535,False,frequency,"horizontal channel fft coefficient  attr ""real""  coeff 7 statistic; selected on train bearings only to avoid held-out leakage.",train_only,train_bearings_only,single_snapshot,"Bearing1_1,Bearing1_2,Bearing1_4,Bearing1_5",Bearing1_3,False
"vertical__fft_coefficient__attr_""real""__coeff_20",EfficientFCParameters,XJTU-SY,condition_1_35Hz12kN,rul,0.01308776661233926,0.7809296156586784,-0.01308776661233926,False,frequency,"vertical channel fft coefficient  attr ""real""  coeff 20 statistic; selected on train bearings only to avoid held-out leakage.",train_only,train_bearings_only,single_snapshot,"Bearing1_1,Bearing1_2,Bearing1_4,Bearing1_5",Bearing1_3,False
"vertical__cwt_coefficients__coeff_10__w_2__widths_(2, 5, 10, 20)",EfficientFCParameters,XJTU-SY,condition_1_35Hz12kN,rul,0.013079929067593846,0.7810574713051391,0.013079929067593846,False,time_domain,"vertical channel cwt coefficients  coeff 10  w 2  widths (2, 5, 10, 20) statistic; selected on train bearings only to avoid held-out leakage.",train_only,train_bearings_only,single_snapshot,"Bearing1_1,Bearing1_2,Bearing1_4,Bearing1_5",Bearing1_3,False
"vertical__fft_coefficient__attr_""imag""__coeff_45",EfficientFCParameters,XJTU-SY,condition_1_35Hz12kN,rul,0.01306048064871152,0.7813747632520911,-0.01306048064871152,False,frequency,"vertical channel fft coefficient  attr ""imag""  coeff 45 statistic; selected on train bearings only to avoid held-out leakage.",train_only,train_bearings_only,single_snapshot,"Bearing1_1,Bearing1_2,Bearing1_4,Bearing1_5",Bearing1_3,False
"horizontal__cwt_coefficients__coeff_0__w_20__widths_(2, 5, 10, 20)",EfficientFCParameters,XJTU-SY,condition_1_35Hz12kN,rul,0.013036574589623925,0.7817648292294123,-0.013036574589623925,False,time_domain,"horizontal channel cwt coefficients  coeff 0  w 20  widths (2, 5, 10, 20) statistic; selected on train bearings only to avoid held-out leakage.",train_only,train_bearings_only,single_snapshot,"Bearing1_1,Bearing1_2,Bearing1_4,Bearing1_5",Bearing1_3,False
"vertical__cwt_coefficients__coeff_11__w_20__widths_(2, 5, 10, 20)",EfficientFCParameters,XJTU-SY,condition_1_35Hz12kN,rul,0.013001394527894422,0.7823389482569465,-0.013001394527894422,False,time_domain,"vertical channel cwt coefficients  coeff 11  w 20  widths (2, 5, 10, 20) statistic; selected on train bearings only to avoid held-out leakage.",train_only,train_bearings_only,single_snapshot,"Bearing1_1,Bearing1_2,Bearing1_4,Bearing1_5",Bearing1_3,False
vertical__energy_ratio_by_chunks__num_segments_10__segment_focus_0,EfficientFCParameters,XJTU-SY,condition_1_35Hz12kN,rul,0.012948059350165918,0.7832095740144208,-0.012948059350165918,False,energy,vertical channel energy ratio by chunks  num segments 10  segment focus 0 statistic; selected on train bearings only to avoid held-out leakage.,train_only,train_bearings_only,single_snapshot,"Bearing1_1,Bearing1_2,Bearing1_4,Bearing1_5",Bearing1_3,False
"vertical__fft_coefficient__attr_""abs""__coeff_95",EfficientFCParameters,XJTU-SY,condition_1_35Hz12kN,rul,0.012708064428528811,0.787130505555939,-0.012708064428528811,False,frequency,"vertical channel fft coefficient  attr ""abs""  coeff 95 statistic; selected on train bearings only to avoid held-out leakage.",train_only,train_bearings_only,single_snapshot,"Bearing1_1,Bearing1_2,Bearing1_4,Bearing1_5",Bearing1_3,False
"vertical__cwt_coefficients__coeff_14__w_5__widths_(2, 5, 10, 20)",EfficientFCParameters,XJTU-SY,condition_1_35Hz12kN,rul,0.012666235853274916,0.7878144362370604,-0.012666235853274916,False,time_domain,"vertical channel cwt coefficients  coeff 14  w 5  widths (2, 5, 10, 20) statistic; selected on train bearings only to avoid held-out leakage.",train_only,train_bearings_only,single_snapshot,"Bearing1_1,Bearing1_2,Bearing1_4,Bearing1_5",Bearing1_3,False
"vertical__fft_coefficient__attr_""real""__coeff_70",EfficientFCParameters,XJTU-SY,condition_1_35Hz12kN,rul,0.012625470499202077,0.7884811393436831,-0.012625470499202077,False,frequency,"vertical channel fft coefficient  attr ""real""  coeff 70 statistic; selected on train bearings only to avoid held-out leakage.",train_only,train_bearings_only,single_snapshot,"Bearing1_1,Bearing1_2,Bearing1_4,Bearing1_5",Bearing1_3,False
"horizontal__fft_coefficient__attr_""real""__coeff_95",EfficientFCParameters,XJTU-SY,condition_1_35Hz12kN,rul,0.012613627304816834,0.7886748596202736,0.012613627304816834,False,frequency,"horizontal channel fft coefficient  attr ""real""  coeff 95 statistic; selected on train bearings only to avoid held-out leakage.",train_only,train_bearings_only,single_snapshot,"Bearing1_1,Bearing1_2,Bearing1_4,Bearing1_5",Bearing1_3,False
horizontal__index_mass_quantile__q_0.9,EfficientFCParameters,XJTU-SY,condition_1_35Hz12kN,rul,0.012513721269557089,0.7903095495663159,-0.012513721269557089,False,time_domain,horizontal channel index mass quantile  q 0.9 statistic; selected on train bearings only to avoid held-out leakage.,train_only,train_bearings_only,single_snapshot,"Bearing1_1,Bearing1_2,Bearing1_4,Bearing1_5",Bearing1_3,False
"vertical__fft_coefficient__attr_""real""__coeff_62",EfficientFCParameters,XJTU-SY,condition_1_35Hz12kN,rul,0.0124989182354509,0.7905518392968044,0.0124989182354509,False,frequency,"vertical channel fft coefficient  attr ""real""  coeff 62 statistic; selected on train bearings only to avoid held-out leakage.",train_only,train_bearings_only,single_snapshot,"Bearing1_1,Bearing1_2,Bearing1_4,Bearing1_5",Bearing1_3,False
"vertical__fft_coefficient__attr_""imag""__coeff_81",EfficientFCParameters,XJTU-SY,condition_1_35Hz12kN,rul,0.01245409390565553,0.7912856277131954,-0.01245409390565553,False,frequency,"vertical channel fft coefficient  attr ""imag""  coeff 81 statistic; selected on train bearings only to avoid held-out leakage.",train_only,train_bearings_only,single_snapshot,"Bearing1_1,Bearing1_2,Bearing1_4,Bearing1_5",Bearing1_3,False
"horizontal__fft_coefficient__attr_""angle""__coeff_32",EfficientFCParameters,XJTU-SY,condition_1_35Hz12kN,rul,0.012376407933557966,0.7925578079267902,-0.012376407933557966,False,frequency,"horizontal channel fft coefficient  attr ""angle""  coeff 32 statistic; selected on train bearings only to avoid held-out leakage.",train_only,train_bearings_only,single_snapshot,"Bearing1_1,Bearing1_2,Bearing1_4,Bearing1_5",Bearing1_3,False
"vertical__fft_coefficient__attr_""abs""__coeff_93",EfficientFCParameters,XJTU-SY,condition_1_35Hz12kN,rul,0.012322911428840795,0.793434183399985,-0.012322911428840795,False,frequency,"vertical channel fft coefficient  attr ""abs""  coeff 93 statistic; selected on train bearings only to avoid held-out leakage.",train_only,train_bearings_only,single_snapshot,"Bearing1_1,Bearing1_2,Bearing1_4,Bearing1_5",Bearing1_3,False
"vertical__cwt_coefficients__coeff_12__w_5__widths_(2, 5, 10, 20)",EfficientFCParameters,XJTU-SY,condition_1_35Hz12kN,rul,0.012146110716812234,0.7963323627730213,0.012146110716812234,False,time_domain,"vertical channel cwt coefficients  coeff 12  w 5  widths (2, 5, 10, 20) statistic; selected on train bearings only to avoid held-out leakage.",train_only,train_bearings_only,single_snapshot,"Bearing1_1,Bearing1_2,Bearing1_4,Bearing1_5",Bearing1_3,False
"vertical__fft_coefficient__attr_""abs""__coeff_33",EfficientFCParameters,XJTU-SY,condition_1_35Hz12kN,rul,0.012109577686931466,0.7969315756525152,0.012109577686931466,False,frequency,"vertical channel fft coefficient  attr ""abs""  coeff 33 statistic; selected on train bearings only to avoid held-out leakage.",train_only,train_bearings_only,single_snapshot,"Bearing1_1,Bearing1_2,Bearing1_4,Bearing1_5",Bearing1_3,False
"vertical__cwt_coefficients__coeff_3__w_2__widths_(2, 5, 10, 20)",EfficientFCParameters,XJTU-SY,condition_1_35Hz12kN,rul,0.012013578168237808,0.7985067226858648,-0.012013578168237808,False,time_domain,"vertical channel cwt coefficients  coeff 3  w 2  widths (2, 5, 10, 20) statistic; selected on train bearings only to avoid held-out leakage.",train_only,train_bearings_only,single_snapshot,"Bearing1_1,Bearing1_2,Bearing1_4,Bearing1_5",Bearing1_3,False
"horizontal__fft_coefficient__attr_""angle""__coeff_1",EfficientFCParameters,XJTU-SY,condition_1_35Hz12kN,rul,0.011962964052978123,0.7993375218381639,-0.011962964052978123,False,frequency,"horizontal channel fft coefficient  attr ""angle""  coeff 1 statistic; selected on train bearings only to avoid held-out leakage.",train_only,train_bearings_only,single_snapshot,"Bearing1_1,Bearing1_2,Bearing1_4,Bearing1_5",Bearing1_3,False
"horizontal__cwt_coefficients__coeff_10__w_10__widths_(2, 5, 10, 20)",EfficientFCParameters,XJTU-SY,condition_1_35Hz12kN,rul,0.01174702652560615,0.8028845345335964,-0.01174702652560615,False,time_domain,"horizontal channel cwt coefficients  coeff 10  w 10  widths (2, 5, 10, 20) statistic; selected on train bearings only to avoid held-out leakage.",train_only,train_bearings_only,single_snapshot,"Bearing1_1,Bearing1_2,Bearing1_4,Bearing1_5",Bearing1_3,False
"horizontal__fft_coefficient__attr_""angle""__coeff_81",EfficientFCParameters,XJTU-SY,condition_1_35Hz12kN,rul,0.011729330292149329,0.8031753953124486,0.011729330292149329,False,frequency,"horizontal channel fft coefficient  attr ""angle""  coeff 81 statistic; selected on train bearings only to avoid held-out leakage.",train_only,train_bearings_only,single_snapshot,"Bearing1_1,Bearing1_2,Bearing1_4,Bearing1_5",Bearing1_3,False
"vertical__cwt_coefficients__coeff_1__w_20__widths_(2, 5, 10, 20)",EfficientFCParameters,XJTU-SY,condition_1_35Hz12kN,rul,0.011622719603411262,0.8049282552355743,0.011622719603411262,False,time_domain,"vertical channel cwt coefficients  coeff 1  w 20  widths (2, 5, 10, 20) statistic; selected on train bearings only to avoid held-out leakage.",train_only,train_bearings_only,single_snapshot,"Bearing1_1,Bearing1_2,Bearing1_4,Bearing1_5",Bearing1_3,False
"vertical__cwt_coefficients__coeff_2__w_20__widths_(2, 5, 10, 20)",EfficientFCParameters,XJTU-SY,condition_1_35Hz12kN,rul,0.011598902290001545,0.8053199860463078,0.011598902290001545,False,time_domain,"vertical channel cwt coefficients  coeff 2  w 20  widths (2, 5, 10, 20) statistic; selected on train bearings only to avoid held-out leakage.",train_only,train_bearings_only,single_snapshot,"Bearing1_1,Bearing1_2,Bearing1_4,Bearing1_5",Bearing1_3,False
vertical__autocorrelation__lag_7,EfficientFCParameters,XJTU-SY,condition_1_35Hz12kN,rul,0.011558473581483361,0.8059850411338387,0.011558473581483361,False,time_domain,vertical channel autocorrelation  lag 7 statistic; selected on train bearings only to avoid held-out leakage.,train_only,train_bearings_only,single_snapshot,"Bearing1_1,Bearing1_2,Bearing1_4,Bearing1_5",Bearing1_3,False
"vertical__fft_coefficient__attr_""angle""__coeff_5",EfficientFCParameters,XJTU-SY,condition_1_35Hz12kN,rul,0.011495958536283645,0.8070136932263575,0.011495958536283645,False,frequency,"vertical channel fft coefficient  attr ""angle""  coeff 5 statistic; selected on train bearings only to avoid held-out leakage.",train_only,train_bearings_only,single_snapshot,"Bearing1_1,Bearing1_2,Bearing1_4,Bearing1_5",Bearing1_3,False
"vertical__fft_coefficient__attr_""angle""__coeff_16",EfficientFCParameters,XJTU-SY,condition_1_35Hz12kN,rul,0.011399771401662089,0.8085970510802564,-0.011399771401662089,False,frequency,"vertical channel fft coefficient  attr ""angle""  coeff 16 statistic; selected on train bearings only to avoid held-out leakage.",train_only,train_bearings_only,single_snapshot,"Bearing1_1,Bearing1_2,Bearing1_4,Bearing1_5",Bearing1_3,False
vertical__variation_coefficient,EfficientFCParameters,XJTU-SY,condition_1_35Hz12kN,rul,0.011399551566364652,0.8086006707356128,-0.011399551566364652,False,time_domain,vertical channel variation coefficient statistic; selected on train bearings only to avoid held-out leakage.,train_only,train_bearings_only,single_snapshot,"Bearing1_1,Bearing1_2,Bearing1_4,Bearing1_5",Bearing1_3,False
"vertical__fft_coefficient__attr_""imag""__coeff_6",EfficientFCParameters,XJTU-SY,condition_1_35Hz12kN,rul,0.011360259557634228,0.8092476911703593,-0.011360259557634228,False,frequency,"vertical channel fft coefficient  attr ""imag""  coeff 6 statistic; selected on train bearings only to avoid held-out leakage.",train_only,train_bearings_only,single_snapshot,"Bearing1_1,Bearing1_2,Bearing1_4,Bearing1_5",Bearing1_3,False
"vertical__fft_coefficient__attr_""real""__coeff_46",EfficientFCParameters,XJTU-SY,condition_1_35Hz12kN,rul,0.011325743917470979,0.8098161665395461,-0.011325743917470979,False,frequency,"vertical channel fft coefficient  attr ""real""  coeff 46 statistic; selected on train bearings only to avoid held-out leakage.",train_only,train_bearings_only,single_snapshot,"Bearing1_1,Bearing1_2,Bearing1_4,Bearing1_5",Bearing1_3,False
"vertical__cwt_coefficients__coeff_14__w_10__widths_(2, 5, 10, 20)",EfficientFCParameters,XJTU-SY,condition_1_35Hz12kN,rul,0.011192424658585583,0.8120128821998832,-0.011192424658585583,False,time_domain,"vertical channel cwt coefficients  coeff 14  w 10  widths (2, 5, 10, 20) statistic; selected on train bearings only to avoid held-out leakage.",train_only,train_bearings_only,single_snapshot,"Bearing1_1,Bearing1_2,Bearing1_4,Bearing1_5",Bearing1_3,False
"vertical__fft_coefficient__attr_""imag""__coeff_47",EfficientFCParameters,XJTU-SY,condition_1_35Hz12kN,rul,0.011029080058235488,0.8147063385890903,0.011029080058235488,False,frequency,"vertical channel fft coefficient  attr ""imag""  coeff 47 statistic; selected on train bearings only to avoid held-out leakage.",train_only,train_bearings_only,single_snapshot,"Bearing1_1,Bearing1_2,Bearing1_4,Bearing1_5",Bearing1_3,False
vertical__time_reversal_asymmetry_statistic__lag_2,EfficientFCParameters,XJTU-SY,condition_1_35Hz12kN,rul,0.010989029425359974,0.8153670846522718,0.010989029425359974,False,time_domain,vertical channel time reversal asymmetry statistic  lag 2 statistic; selected on train bearings only to avoid held-out leakage.,train_only,train_bearings_only,single_snapshot,"Bearing1_1,Bearing1_2,Bearing1_4,Bearing1_5",Bearing1_3,False
"horizontal__fft_coefficient__attr_""angle""__coeff_88",EfficientFCParameters,XJTU-SY,condition_1_35Hz12kN,rul,0.010903322269003278,0.8167815006456712,0.010903322269003278,False,frequency,"horizontal channel fft coefficient  attr ""angle""  coeff 88 statistic; selected on train bearings only to avoid held-out leakage.",train_only,train_bearings_only,single_snapshot,"Bearing1_1,Bearing1_2,Bearing1_4,Bearing1_5",Bearing1_3,False
"vertical__fft_coefficient__attr_""imag""__coeff_37",EfficientFCParameters,XJTU-SY,condition_1_35Hz12kN,rul,0.010676453428483956,0.8205283529391931,0.010676453428483956,False,frequency,"vertical channel fft coefficient  attr ""imag""  coeff 37 statistic; selected on train bearings only to avoid held-out leakage.",train_only,train_bearings_only,single_snapshot,"Bearing1_1,Bearing1_2,Bearing1_4,Bearing1_5",Bearing1_3,False
"vertical__fft_coefficient__attr_""real""__coeff_53",EfficientFCParameters,XJTU-SY,condition_1_35Hz12kN,rul,0.010553800978365366,0.8225557266233415,0.010553800978365366,False,frequency,"vertical channel fft coefficient  attr ""real""  coeff 53 statistic; selected on train bearings only to avoid held-out leakage.",train_only,train_bearings_only,single_snapshot,"Bearing1_1,Bearing1_2,Bearing1_4,Bearing1_5",Bearing1_3,False
"vertical__fft_coefficient__attr_""real""__coeff_21",EfficientFCParameters,XJTU-SY,condition_1_35Hz12kN,rul,0.010508497834757765,0.8233048607157601,-0.010508497834757765,False,frequency,"vertical channel fft coefficient  attr ""real""  coeff 21 statistic; selected on train bearings only to avoid held-out leakage.",train_only,train_bearings_only,single_snapshot,"Bearing1_1,Bearing1_2,Bearing1_4,Bearing1_5",Bearing1_3,False
horizontal__autocorrelation__lag_6,EfficientFCParameters,XJTU-SY,condition_1_35Hz12kN,rul,0.010502962575223256,0.8233964029453568,-0.010502962575223256,False,time_domain,horizontal channel autocorrelation  lag 6 statistic; selected on train bearings only to avoid held-out leakage.,train_only,train_bearings_only,single_snapshot,"Bearing1_1,Bearing1_2,Bearing1_4,Bearing1_5",Bearing1_3,False
horizontal__index_mass_quantile__q_0.2,EfficientFCParameters,XJTU-SY,condition_1_35Hz12kN,rul,0.010392369036815528,0.8252259014349654,0.010392369036815528,False,time_domain,horizontal channel index mass quantile  q 0.2 statistic; selected on train bearings only to avoid held-out leakage.,train_only,train_bearings_only,single_snapshot,"Bearing1_1,Bearing1_2,Bearing1_4,Bearing1_5",Bearing1_3,False
"horizontal__fft_coefficient__attr_""imag""__coeff_96",EfficientFCParameters,XJTU-SY,condition_1_35Hz12kN,rul,0.010308905084100718,0.8266072348156835,-0.010308905084100718,False,frequency,"horizontal channel fft coefficient  attr ""imag""  coeff 96 statistic; selected on train bearings only to avoid held-out leakage.",train_only,train_bearings_only,single_snapshot,"Bearing1_1,Bearing1_2,Bearing1_4,Bearing1_5",Bearing1_3,False
"horizontal__fft_coefficient__attr_""abs""__coeff_11",EfficientFCParameters,XJTU-SY,condition_1_35Hz12kN,rul,0.0103074686018184,0.8266310133778241,-0.0103074686018184,False,frequency,"horizontal channel fft coefficient  attr ""abs""  coeff 11 statistic; selected on train bearings only to avoid held-out leakage.",train_only,train_bearings_only,single_snapshot,"Bearing1_1,Bearing1_2,Bearing1_4,Bearing1_5",Bearing1_3,False
"horizontal__fft_coefficient__attr_""real""__coeff_55",EfficientFCParameters,XJTU-SY,condition_1_35Hz12kN,rul,0.010288825126187581,0.8269396393075268,-0.010288825126187581,False,frequency,"horizontal channel fft coefficient  attr ""real""  coeff 55 statistic; selected on train bearings only to avoid held-out leakage.",train_only,train_bearings_only,single_snapshot,"Bearing1_1,Bearing1_2,Bearing1_4,Bearing1_5",Bearing1_3,False
"vertical__cwt_coefficients__coeff_14__w_2__widths_(2, 5, 10, 20)",EfficientFCParameters,XJTU-SY,condition_1_35Hz12kN,rul,0.010197004395981184,0.8284600365896524,0.010197004395981184,False,time_domain,"vertical channel cwt coefficients  coeff 14  w 2  widths (2, 5, 10, 20) statistic; selected on train bearings only to avoid held-out leakage.",train_only,train_bearings_only,single_snapshot,"Bearing1_1,Bearing1_2,Bearing1_4,Bearing1_5",Bearing1_3,False
"vertical__fft_coefficient__attr_""imag""__coeff_59",EfficientFCParameters,XJTU-SY,condition_1_35Hz12kN,rul,0.010151359030562556,0.829216086075259,0.010151359030562556,False,frequency,"vertical channel fft coefficient  attr ""imag""  coeff 59 statistic; selected on train bearings only to avoid held-out leakage.",train_only,train_bearings_only,single_snapshot,"Bearing1_1,Bearing1_2,Bearing1_4,Bearing1_5",Bearing1_3,False
"horizontal__fft_coefficient__attr_""imag""__coeff_68",EfficientFCParameters,XJTU-SY,condition_1_35Hz12kN,rul,0.010127479528156813,0.8296116783738183,-0.010127479528156813,False,frequency,"horizontal channel fft coefficient  attr ""imag""  coeff 68 statistic; selected on train bearings only to avoid held-out leakage.",train_only,train_bearings_only,single_snapshot,"Bearing1_1,Bearing1_2,Bearing1_4,Bearing1_5",Bearing1_3,False
horizontal__c3__lag_1,EfficientFCParameters,XJTU-SY,condition_1_35Hz12kN,rul,0.010067734300882855,0.8306016173900809,0.010067734300882855,False,time_domain,horizontal channel c3  lag 1 statistic; selected on train bearings only to avoid held-out leakage.,train_only,train_bearings_only,single_snapshot,"Bearing1_1,Bearing1_2,Bearing1_4,Bearing1_5",Bearing1_3,False
"vertical__cwt_coefficients__coeff_13__w_2__widths_(2, 5, 10, 20)",EfficientFCParameters,XJTU-SY,condition_1_35Hz12kN,rul,0.010010265549876302,0.8315540896050551,-0.010010265549876302,False,time_domain,"vertical channel cwt coefficients  coeff 13  w 2  widths (2, 5, 10, 20) statistic; selected on train bearings only to avoid held-out leakage.",train_only,train_bearings_only,single_snapshot,"Bearing1_1,Bearing1_2,Bearing1_4,Bearing1_5",Bearing1_3,False
"vertical__agg_linear_trend__attr_""rvalue""__chunk_len_10__f_agg_""max""",EfficientFCParameters,XJTU-SY,condition_1_35Hz12kN,rul,0.009987583230136677,0.8319300884612965,0.009987583230136677,False,time_domain,"vertical channel agg linear trend  attr ""rvalue""  chunk len 10  f agg ""max"" statistic; selected on train bearings only to avoid held-out leakage.",train_only,train_bearings_only,single_snapshot,"Bearing1_1,Bearing1_2,Bearing1_4,Bearing1_5",Bearing1_3,False
"vertical__fft_coefficient__attr_""imag""__coeff_88",EfficientFCParameters,XJTU-SY,condition_1_35Hz12kN,rul,0.00995508287053069,0.8324689051832845,-0.00995508287053069,False,frequency,"vertical channel fft coefficient  attr ""imag""  coeff 88 statistic; selected on train bearings only to avoid held-out leakage.",train_only,train_bearings_only,single_snapshot,"Bearing1_1,Bearing1_2,Bearing1_4,Bearing1_5",Bearing1_3,False
horizontal__lempel_ziv_complexity__bins_2,EfficientFCParameters,XJTU-SY,condition_1_35Hz12kN,rul,0.009921549068758029,0.8330249373703313,-0.009921549068758029,False,time_domain,horizontal channel lempel ziv complexity  bins 2 statistic; selected on train bearings only to avoid held-out leakage.,train_only,train_bearings_only,single_snapshot,"Bearing1_1,Bearing1_2,Bearing1_4,Bearing1_5",Bearing1_3,False
"vertical__fft_coefficient__attr_""imag""__coeff_48",EfficientFCParameters,XJTU-SY,condition_1_35Hz12kN,rul,0.009741833948877981,0.8360062499754402,-0.009741833948877981,False,frequency,"vertical channel fft coefficient  attr ""imag""  coeff 48 statistic; selected on train bearings only to avoid held-out leakage.",train_only,train_bearings_only,single_snapshot,"Bearing1_1,Bearing1_2,Bearing1_4,Bearing1_5",Bearing1_3,False
"vertical__fft_coefficient__attr_""real""__coeff_15",EfficientFCParameters,XJTU-SY,condition_1_35Hz12kN,rul,0.009715787947912304,0.836438525713147,-0.009715787947912304,False,frequency,"vertical channel fft coefficient  attr ""real""  coeff 15 statistic; selected on train bearings only to avoid held-out leakage.",train_only,train_bearings_only,single_snapshot,"Bearing1_1,Bearing1_2,Bearing1_4,Bearing1_5",Bearing1_3,False
"horizontal__fft_coefficient__attr_""imag""__coeff_77",EfficientFCParameters,XJTU-SY,condition_1_35Hz12kN,rul,0.009713152449839774,0.8364822688340839,0.009713152449839774,False,frequency,"horizontal channel fft coefficient  attr ""imag""  coeff 77 statistic; selected on train bearings only to avoid held-out leakage.",train_only,train_bearings_only,single_snapshot,"Bearing1_1,Bearing1_2,Bearing1_4,Bearing1_5",Bearing1_3,False
"vertical__fft_coefficient__attr_""real""__coeff_69",EfficientFCParameters,XJTU-SY,condition_1_35Hz12kN,rul,0.009682518092646659,0.8369907646512248,0.009682518092646659,False,frequency,"vertical channel fft coefficient  attr ""real""  coeff 69 statistic; selected on train bearings only to avoid held-out leakage.",train_only,train_bearings_only,single_snapshot,"Bearing1_1,Bearing1_2,Bearing1_4,Bearing1_5",Bearing1_3,False
"vertical__fft_coefficient__attr_""real""__coeff_60",EfficientFCParameters,XJTU-SY,condition_1_35Hz12kN,rul,0.00966477502896609,0.8372853105773331,0.00966477502896609,False,frequency,"vertical channel fft coefficient  attr ""real""  coeff 60 statistic; selected on train bearings only to avoid held-out leakage.",train_only,train_bearings_only,single_snapshot,"Bearing1_1,Bearing1_2,Bearing1_4,Bearing1_5",Bearing1_3,False
"vertical__fft_coefficient__attr_""angle""__coeff_74",EfficientFCParameters,XJTU-SY,condition_1_35Hz12kN,rul,0.009646554464364986,0.837587806974418,-0.009646554464364986,False,frequency,"vertical channel fft coefficient  attr ""angle""  coeff 74 statistic; selected on train bearings only to avoid held-out leakage.",train_only,train_bearings_only,single_snapshot,"Bearing1_1,Bearing1_2,Bearing1_4,Bearing1_5",Bearing1_3,False
"horizontal__cwt_coefficients__coeff_7__w_10__widths_(2, 5, 10, 20)",EfficientFCParameters,XJTU-SY,condition_1_35Hz12kN,rul,0.00926837872028243,0.8438715892933707,0.00926837872028243,False,time_domain,"horizontal channel cwt coefficients  coeff 7  w 10  widths (2, 5, 10, 20) statistic; selected on train bearings only to avoid held-out leakage.",train_only,train_bearings_only,single_snapshot,"Bearing1_1,Bearing1_2,Bearing1_4,Bearing1_5",Bearing1_3,False
"vertical__fft_coefficient__attr_""angle""__coeff_51",EfficientFCParameters,XJTU-SY,condition_1_35Hz12kN,rul,0.009267703548806593,0.8438828169547137,-0.009267703548806593,False,frequency,"vertical channel fft coefficient  attr ""angle""  coeff 51 statistic; selected on train bearings only to avoid held-out leakage.",train_only,train_bearings_only,single_snapshot,"Bearing1_1,Bearing1_2,Bearing1_4,Bearing1_5",Bearing1_3,False
"horizontal__fft_coefficient__attr_""angle""__coeff_68",EfficientFCParameters,XJTU-SY,condition_1_35Hz12kN,rul,0.009258046707628104,0.8440434073850067,0.009258046707628104,False,frequency,"horizontal channel fft coefficient  attr ""angle""  coeff 68 statistic; selected on train bearings only to avoid held-out leakage.",train_only,train_bearings_only,single_snapshot,"Bearing1_1,Bearing1_2,Bearing1_4,Bearing1_5",Bearing1_3,False
"vertical__fft_coefficient__attr_""angle""__coeff_48",EfficientFCParameters,XJTU-SY,condition_1_35Hz12kN,rul,0.009141611218181227,0.8459802021039725,-0.009141611218181227,False,frequency,"vertical channel fft coefficient  attr ""angle""  coeff 48 statistic; selected on train bearings only to avoid held-out leakage.",train_only,train_bearings_only,single_snapshot,"Bearing1_1,Bearing1_2,Bearing1_4,Bearing1_5",Bearing1_3,False
"vertical__fft_coefficient__attr_""angle""__coeff_37",EfficientFCParameters,XJTU-SY,condition_1_35Hz12kN,rul,0.009123595416356873,0.8462799611895766,-0.009123595416356873,False,frequency,"vertical channel fft coefficient  attr ""angle""  coeff 37 statistic; selected on train bearings only to avoid held-out leakage.",train_only,train_bearings_only,single_snapshot,"Bearing1_1,Bearing1_2,Bearing1_4,Bearing1_5",Bearing1_3,False
"horizontal__fft_coefficient__attr_""imag""__coeff_82",EfficientFCParameters,XJTU-SY,condition_1_35Hz12kN,rul,0.009090841499747556,0.8468249997644767,-0.009090841499747556,False,frequency,"horizontal channel fft coefficient  attr ""imag""  coeff 82 statistic; selected on train bearings only to avoid held-out leakage.",train_only,train_bearings_only,single_snapshot,"Bearing1_1,Bearing1_2,Bearing1_4,Bearing1_5",Bearing1_3,False
"vertical__fft_coefficient__attr_""angle""__coeff_96",EfficientFCParameters,XJTU-SY,condition_1_35Hz12kN,rul,0.008920627931725298,0.8496585935527976,0.008920627931725298,False,frequency,"vertical channel fft coefficient  attr ""angle""  coeff 96 statistic; selected on train bearings only to avoid held-out leakage.",train_only,train_bearings_only,single_snapshot,"Bearing1_1,Bearing1_2,Bearing1_4,Bearing1_5",Bearing1_3,False
"vertical__cwt_coefficients__coeff_7__w_2__widths_(2, 5, 10, 20)",EfficientFCParameters,XJTU-SY,condition_1_35Hz12kN,rul,0.008879036836973758,0.8503512681972566,-0.008879036836973758,False,time_domain,"vertical channel cwt coefficients  coeff 7  w 2  widths (2, 5, 10, 20) statistic; selected on train bearings only to avoid held-out leakage.",train_only,train_bearings_only,single_snapshot,"Bearing1_1,Bearing1_2,Bearing1_4,Bearing1_5",Bearing1_3,False
"horizontal__fft_coefficient__attr_""abs""__coeff_66",EfficientFCParameters,XJTU-SY,condition_1_35Hz12kN,rul,0.00887412610288068,0.8504330611264501,0.00887412610288068,False,frequency,"horizontal channel fft coefficient  attr ""abs""  coeff 66 statistic; selected on train bearings only to avoid held-out leakage.",train_only,train_bearings_only,single_snapshot,"Bearing1_1,Bearing1_2,Bearing1_4,Bearing1_5",Bearing1_3,False
"horizontal__fft_coefficient__attr_""imag""__coeff_41",EfficientFCParameters,XJTU-SY,condition_1_35Hz12kN,rul,0.00882159202267915,0.8513081662054139,0.00882159202267915,False,frequency,"horizontal channel fft coefficient  attr ""imag""  coeff 41 statistic; selected on train bearings only to avoid held-out leakage.",train_only,train_bearings_only,single_snapshot,"Bearing1_1,Bearing1_2,Bearing1_4,Bearing1_5",Bearing1_3,False
"horizontal__fft_coefficient__attr_""imag""__coeff_58",EfficientFCParameters,XJTU-SY,condition_1_35Hz12kN,rul,0.008807881967417637,0.8515365763915765,0.008807881967417637,False,frequency,"horizontal channel fft coefficient  attr ""imag""  coeff 58 statistic; selected on train bearings only to avoid held-out leakage.",train_only,train_bearings_only,single_snapshot,"Bearing1_1,Bearing1_2,Bearing1_4,Bearing1_5",Bearing1_3,False
"vertical__cwt_coefficients__coeff_5__w_20__widths_(2, 5, 10, 20)",EfficientFCParameters,XJTU-SY,condition_1_35Hz12kN,rul,0.008765356126782335,0.8522451378440836,0.008765356126782335,False,time_domain,"vertical channel cwt coefficients  coeff 5  w 20  widths (2, 5, 10, 20) statistic; selected on train bearings only to avoid held-out leakage.",train_only,train_bearings_only,single_snapshot,"Bearing1_1,Bearing1_2,Bearing1_4,Bearing1_5",Bearing1_3,False
"vertical__fft_coefficient__attr_""angle""__coeff_17",EfficientFCParameters,XJTU-SY,condition_1_35Hz12kN,rul,0.008741105264841006,0.8526492566239328,0.008741105264841006,False,frequency,"vertical channel fft coefficient  attr ""angle""  coeff 17 statistic; selected on train bearings only to avoid held-out leakage.",train_only,train_bearings_only,single_snapshot,"Bearing1_1,Bearing1_2,Bearing1_4,Bearing1_5",Bearing1_3,False
"horizontal__fft_coefficient__attr_""real""__coeff_21",EfficientFCParameters,XJTU-SY,condition_1_35Hz12kN,rul,0.008735102644115183,0.8527492908503554,-0.008735102644115183,False,frequency,"horizontal channel fft coefficient  attr ""real""  coeff 21 statistic; selected on train bearings only to avoid held-out leakage.",train_only,train_bearings_only,single_snapshot,"Bearing1_1,Bearing1_2,Bearing1_4,Bearing1_5",Bearing1_3,False
"vertical__cwt_coefficients__coeff_3__w_20__widths_(2, 5, 10, 20)",EfficientFCParameters,XJTU-SY,condition_1_35Hz12kN,rul,0.008727648192696278,0.852873523254583,0.008727648192696278,False,time_domain,"vertical channel cwt coefficients  coeff 3  w 20  widths (2, 5, 10, 20) statistic; selected on train bearings only to avoid held-out leakage.",train_only,train_bearings_only,single_snapshot,"Bearing1_1,Bearing1_2,Bearing1_4,Bearing1_5",Bearing1_3,False
"horizontal__fft_coefficient__attr_""abs""__coeff_43",EfficientFCParameters,XJTU-SY,condition_1_35Hz12kN,rul,0.008669451821801273,0.8538435215926817,0.008669451821801273,False,frequency,"horizontal channel fft coefficient  attr ""abs""  coeff 43 statistic; selected on train bearings only to avoid held-out leakage.",train_only,train_bearings_only,single_snapshot,"Bearing1_1,Bearing1_2,Bearing1_4,Bearing1_5",Bearing1_3,False
vertical__ratio_beyond_r_sigma__r_1.5,EfficientFCParameters,XJTU-SY,condition_1_35Hz12kN,rul,0.008668763183267293,0.8538550009190975,-0.008668763183267293,False,time_domain,vertical channel ratio beyond r sigma  r 1.5 statistic; selected on train bearings only to avoid held-out leakage.,train_only,train_bearings_only,single_snapshot,"Bearing1_1,Bearing1_2,Bearing1_4,Bearing1_5",Bearing1_3,False
"horizontal__fft_coefficient__attr_""real""__coeff_42",EfficientFCParameters,XJTU-SY,condition_1_35Hz12kN,rul,0.00864445491572902,0.8542602296681889,0.00864445491572902,False,frequency,"horizontal channel fft coefficient  attr ""real""  coeff 42 statistic; selected on train bearings only to avoid held-out leakage.",train_only,train_bearings_only,single_snapshot,"Bearing1_1,Bearing1_2,Bearing1_4,Bearing1_5",Bearing1_3,False
"vertical__fft_coefficient__attr_""imag""__coeff_41",EfficientFCParameters,XJTU-SY,condition_1_35Hz12kN,rul,0.00848348808440765,0.8569445746718217,-0.00848348808440765,False,frequency,"vertical channel fft coefficient  attr ""imag""  coeff 41 statistic; selected on train bearings only to avoid held-out leakage.",train_only,train_bearings_only,single_snapshot,"Bearing1_1,Bearing1_2,Bearing1_4,Bearing1_5",Bearing1_3,False
"vertical__fft_coefficient__attr_""angle""__coeff_13",EfficientFCParameters,XJTU-SY,condition_1_35Hz12kN,rul,0.008446146468368726,0.8575675347888089,0.008446146468368726,False,frequency,"vertical channel fft coefficient  attr ""angle""  coeff 13 statistic; selected on train bearings only to avoid held-out leakage.",train_only,train_bearings_only,single_snapshot,"Bearing1_1,Bearing1_2,Bearing1_4,Bearing1_5",Bearing1_3,False
"horizontal__fft_coefficient__attr_""angle""__coeff_52",EfficientFCParameters,XJTU-SY,condition_1_35Hz12kN,rul,0.00843425585232499,0.8577659213118144,-0.00843425585232499,False,frequency,"horizontal channel fft coefficient  attr ""angle""  coeff 52 statistic; selected on train bearings only to avoid held-out leakage.",train_only,train_bearings_only,single_snapshot,"Bearing1_1,Bearing1_2,Bearing1_4,Bearing1_5",Bearing1_3,False
"vertical__change_quantiles__f_agg_""mean""__isabs_False__qh_1.0__ql_0.0",EfficientFCParameters,XJTU-SY,condition_1_35Hz12kN,rul,0.008406290958609241,0.8582325310651313,-0.008406290958609241,False,time_domain,"vertical channel change quantiles  f agg ""mean""  isabs False  qh 1.0  ql 0.0 statistic; selected on train bearings only to avoid held-out leakage.",train_only,train_bearings_only,single_snapshot,"Bearing1_1,Bearing1_2,Bearing1_4,Bearing1_5",Bearing1_3,True
vertical__mean_change,EfficientFCParameters,XJTU-SY,condition_1_35Hz12kN,rul,0.008406290958609031,0.8582325310651348,-0.008406290958609031,False,time_domain,vertical channel mean change statistic; selected on train bearings only to avoid held-out leakage.,train_only,train_bearings_only,single_snapshot,"Bearing1_1,Bearing1_2,Bearing1_4,Bearing1_5",Bearing1_3,True
"vertical__fft_coefficient__attr_""angle""__coeff_29",EfficientFCParameters,XJTU-SY,condition_1_35Hz12kN,rul,0.008200537839643668,0.8616671433601995,-0.008200537839643668,False,frequency,"vertical channel fft coefficient  attr ""angle""  coeff 29 statistic; selected on train bearings only to avoid held-out leakage.",train_only,train_bearings_only,single_snapshot,"Bearing1_1,Bearing1_2,Bearing1_4,Bearing1_5",Bearing1_3,False
"horizontal__fft_coefficient__attr_""imag""__coeff_84",EfficientFCParameters,XJTU-SY,condition_1_35Hz12kN,rul,0.008180379526108783,0.8620037850397808,-0.008180379526108783,False,frequency,"horizontal channel fft coefficient  attr ""imag""  coeff 84 statistic; selected on train bearings only to avoid held-out leakage.",train_only,train_bearings_only,single_snapshot,"Bearing1_1,Bearing1_2,Bearing1_4,Bearing1_5",Bearing1_3,False
"horizontal__fft_coefficient__attr_""abs""__coeff_18",EfficientFCParameters,XJTU-SY,condition_1_35Hz12kN,rul,0.008168763174148684,0.8621977882252732,0.008168763174148684,False,frequency,"horizontal channel fft coefficient  attr ""abs""  coeff 18 statistic; selected on train bearings only to avoid held-out leakage.",train_only,train_bearings_only,single_snapshot,"Bearing1_1,Bearing1_2,Bearing1_4,Bearing1_5",Bearing1_3,False
"vertical__fft_coefficient__attr_""imag""__coeff_2",EfficientFCParameters,XJTU-SY,condition_1_35Hz12kN,rul,0.008146275051101012,0.8625733829816968,0.008146275051101012,False,frequency,"vertical channel fft coefficient  attr ""imag""  coeff 2 statistic; selected on train bearings only to avoid held-out leakage.",train_only,train_bearings_only,single_snapshot,"Bearing1_1,Bearing1_2,Bearing1_4,Bearing1_5",Bearing1_3,False
"horizontal__fft_coefficient__attr_""real""__coeff_78",EfficientFCParameters,XJTU-SY,condition_1_35Hz12kN,rul,0.008092718045866913,0.863468012157579,-0.008092718045866913,False,frequency,"horizontal channel fft coefficient  attr ""real""  coeff 78 statistic; selected on train bearings only to avoid held-out leakage.",train_only,train_bearings_only,single_snapshot,"Bearing1_1,Bearing1_2,Bearing1_4,Bearing1_5",Bearing1_3,False
"horizontal__linear_trend__attr_""intercept""",EfficientFCParameters,XJTU-SY,condition_1_35Hz12kN,rul,0.008082572036101434,0.863637513256189,0.008082572036101434,False,time_domain,"horizontal channel linear trend  attr ""intercept"" statistic; selected on train bearings only to avoid held-out leakage.",train_only,train_bearings_only,single_snapshot,"Bearing1_1,Bearing1_2,Bearing1_4,Bearing1_5",Bearing1_3,False
"horizontal__linear_trend__attr_""rvalue""",EfficientFCParameters,XJTU-SY,condition_1_35Hz12kN,rul,0.008082572036101424,0.8636375132561892,-0.008082572036101424,False,time_domain,"horizontal channel linear trend  attr ""rvalue"" statistic; selected on train bearings only to avoid held-out leakage.",train_only,train_bearings_only,single_snapshot,"Bearing1_1,Bearing1_2,Bearing1_4,Bearing1_5",Bearing1_3,False
"horizontal__linear_trend__attr_""slope""",EfficientFCParameters,XJTU-SY,condition_1_35Hz12kN,rul,0.008082572036101424,0.8636375132561892,-0.008082572036101424,False,time_domain,"horizontal channel linear trend  attr ""slope"" statistic; selected on train bearings only to avoid held-out leakage.",train_only,train_bearings_only,single_snapshot,"Bearing1_1,Bearing1_2,Bearing1_4,Bearing1_5",Bearing1_3,False
"vertical__cwt_coefficients__coeff_1__w_5__widths_(2, 5, 10, 20)",EfficientFCParameters,XJTU-SY,condition_1_35Hz12kN,rul,0.008074649561313624,0.8637698719217299,0.008074649561313624,False,time_domain,"vertical channel cwt coefficients  coeff 1  w 5  widths (2, 5, 10, 20) statistic; selected on train bearings only to avoid held-out leakage.",train_only,train_bearings_only,single_snapshot,"Bearing1_1,Bearing1_2,Bearing1_4,Bearing1_5",Bearing1_3,False
"vertical__fft_coefficient__attr_""angle""__coeff_1",EfficientFCParameters,XJTU-SY,condition_1_35Hz12kN,rul,0.007849117784499227,0.8675393552378861,0.007849117784499227,False,frequency,"vertical channel fft coefficient  attr ""angle""  coeff 1 statistic; selected on train bearings only to avoid held-out leakage.",train_only,train_bearings_only,single_snapshot,"Bearing1_1,Bearing1_2,Bearing1_4,Bearing1_5",Bearing1_3,False
"horizontal__fft_coefficient__attr_""real""__coeff_64",EfficientFCParameters,XJTU-SY,condition_1_35Hz12kN,rul,0.007799731284301712,0.8683651930669334,-0.007799731284301712,False,frequency,"horizontal channel fft coefficient  attr ""real""  coeff 64 statistic; selected on train bearings only to avoid held-out leakage.",train_only,train_bearings_only,single_snapshot,"Bearing1_1,Bearing1_2,Bearing1_4,Bearing1_5",Bearing1_3,False
horizontal__partial_autocorrelation__lag_5,EfficientFCParameters,XJTU-SY,condition_1_35Hz12kN,rul,0.007741713194107408,0.8693355506080189,-0.007741713194107408,False,time_domain,horizontal channel partial autocorrelation  lag 5 statistic; selected on train bearings only to avoid held-out leakage.,train_only,train_bearings_only,single_snapshot,"Bearing1_1,Bearing1_2,Bearing1_4,Bearing1_5",Bearing1_3,False
vertical__index_mass_quantile__q_0.2,EfficientFCParameters,XJTU-SY,condition_1_35Hz12kN,rul,0.0077361098094474645,0.8694292781080109,-0.0077361098094474645,False,time_domain,vertical channel index mass quantile  q 0.2 statistic; selected on train bearings only to avoid held-out leakage.,train_only,train_bearings_only,single_snapshot,"Bearing1_1,Bearing1_2,Bearing1_4,Bearing1_5",Bearing1_3,False
vertical__energy_ratio_by_chunks__num_segments_10__segment_focus_9,EfficientFCParameters,XJTU-SY,condition_1_35Hz12kN,rul,0.00771020001977358,0.8698626934564158,0.00771020001977358,False,energy,vertical channel energy ratio by chunks  num segments 10  segment focus 9 statistic; selected on train bearings only to avoid held-out leakage.,train_only,train_bearings_only,single_snapshot,"Bearing1_1,Bearing1_2,Bearing1_4,Bearing1_5",Bearing1_3,False
"horizontal__fft_coefficient__attr_""imag""__coeff_83",EfficientFCParameters,XJTU-SY,condition_1_35Hz12kN,rul,0.007688251636797343,0.8702298734365488,0.007688251636797343,False,frequency,"horizontal channel fft coefficient  attr ""imag""  coeff 83 statistic; selected on train bearings only to avoid held-out leakage.",train_only,train_bearings_only,single_snapshot,"Bearing1_1,Bearing1_2,Bearing1_4,Bearing1_5",Bearing1_3,False
"vertical__fft_coefficient__attr_""imag""__coeff_82",EfficientFCParameters,XJTU-SY,condition_1_35Hz12kN,rul,0.00767902870709321,0.8703841744559083,-0.00767902870709321,False,frequency,"vertical channel fft coefficient  attr ""imag""  coeff 82 statistic; selected on train bearings only to avoid held-out leakage.",train_only,train_bearings_only,single_snapshot,"Bearing1_1,Bearing1_2,Bearing1_4,Bearing1_5",Bearing1_3,False
"vertical__fft_coefficient__attr_""angle""__coeff_47",EfficientFCParameters,XJTU-SY,condition_1_35Hz12kN,rul,0.007624341700904233,0.8712991972440627,-0.007624341700904233,False,frequency,"vertical channel fft coefficient  attr ""angle""  coeff 47 statistic; selected on train bearings only to avoid held-out leakage.",train_only,train_bearings_only,single_snapshot,"Bearing1_1,Bearing1_2,Bearing1_4,Bearing1_5",Bearing1_3,False
"vertical__fft_coefficient__attr_""real""__coeff_79",EfficientFCParameters,XJTU-SY,condition_1_35Hz12kN,rul,0.007585427259384886,0.8719504181742586,0.007585427259384886,False,frequency,"vertical channel fft coefficient  attr ""real""  coeff 79 statistic; selected on train bearings only to avoid held-out leakage.",train_only,train_bearings_only,single_snapshot,"Bearing1_1,Bearing1_2,Bearing1_4,Bearing1_5",Bearing1_3,False
horizontal__large_standard_deviation__r_0.15000000000000002,EfficientFCParameters,XJTU-SY,condition_1_35Hz12kN,rul,0.007449421000714299,0.8742271168480921,-0.007449421000714299,False,distribution,horizontal channel large standard deviation  r 0.15000000000000002 statistic; selected on train bearings only to avoid held-out leakage.,train_only,train_bearings_only,single_snapshot,"Bearing1_1,Bearing1_2,Bearing1_4,Bearing1_5",Bearing1_3,True
vertical__energy_ratio_by_chunks__num_segments_10__segment_focus_5,EfficientFCParameters,XJTU-SY,condition_1_35Hz12kN,rul,0.007387333645207707,0.875266784431657,-0.007387333645207707,False,energy,vertical channel energy ratio by chunks  num segments 10  segment focus 5 statistic; selected on train bearings only to avoid held-out leakage.,train_only,train_bearings_only,single_snapshot,"Bearing1_1,Bearing1_2,Bearing1_4,Bearing1_5",Bearing1_3,False
"horizontal__fft_coefficient__attr_""angle""__coeff_4",EfficientFCParameters,XJTU-SY,condition_1_35Hz12kN,rul,0.0073703701391492574,0.8755508797921842,-0.0073703701391492574,False,frequency,"horizontal channel fft coefficient  attr ""angle""  coeff 4 statistic; selected on train bearings only to avoid held-out leakage.",train_only,train_bearings_only,single_snapshot,"Bearing1_1,Bearing1_2,Bearing1_4,Bearing1_5",Bearing1_3,False
"horizontal__fft_coefficient__attr_""imag""__coeff_36",EfficientFCParameters,XJTU-SY,condition_1_35Hz12kN,rul,0.007321717266716607,0.8763657795739854,-0.007321717266716607,False,frequency,"horizontal channel fft coefficient  attr ""imag""  coeff 36 statistic; selected on train bearings only to avoid held-out leakage.",train_only,train_bearings_only,single_snapshot,"Bearing1_1,Bearing1_2,Bearing1_4,Bearing1_5",Bearing1_3,False
"vertical__fft_coefficient__attr_""angle""__coeff_28",EfficientFCParameters,XJTU-SY,condition_1_35Hz12kN,rul,0.007302304121655758,0.8766909719688464,-0.007302304121655758,False,frequency,"vertical channel fft coefficient  attr ""angle""  coeff 28 statistic; selected on train bearings only to avoid held-out leakage.",train_only,train_bearings_only,single_snapshot,"Bearing1_1,Bearing1_2,Bearing1_4,Bearing1_5",Bearing1_3,False
horizontal__mean_change,EfficientFCParameters,XJTU-SY,condition_1_35Hz12kN,rul,0.007290383757070025,0.8768906620006454,-0.007290383757070025,False,time_domain,horizontal channel mean change statistic; selected on train bearings only to avoid held-out leakage.,train_only,train_bearings_only,single_snapshot,"Bearing1_1,Bearing1_2,Bearing1_4,Bearing1_5",Bearing1_3,True
"horizontal__change_quantiles__f_agg_""mean""__isabs_False__qh_1.0__ql_0.0",EfficientFCParameters,XJTU-SY,condition_1_35Hz12kN,rul,0.007290383757069938,0.8768906620006468,-0.007290383757069938,False,time_domain,"horizontal channel change quantiles  f agg ""mean""  isabs False  qh 1.0  ql 0.0 statistic; selected on train bearings only to avoid held-out leakage.",train_only,train_bearings_only,single_snapshot,"Bearing1_1,Bearing1_2,Bearing1_4,Bearing1_5",Bearing1_3,True
"vertical__fft_coefficient__attr_""imag""__coeff_54",EfficientFCParameters,XJTU-SY,condition_1_35Hz12kN,rul,0.007220142555429645,0.878067501290021,0.007220142555429645,False,frequency,"vertical channel fft coefficient  attr ""imag""  coeff 54 statistic; selected on train bearings only to avoid held-out leakage.",train_only,train_bearings_only,single_snapshot,"Bearing1_1,Bearing1_2,Bearing1_4,Bearing1_5",Bearing1_3,False
"horizontal__fft_coefficient__attr_""real""__coeff_60",EfficientFCParameters,XJTU-SY,condition_1_35Hz12kN,rul,0.007206553882986197,0.8782952005176929,-0.007206553882986197,False,frequency,"horizontal channel fft coefficient  attr ""real""  coeff 60 statistic; selected on train bearings only to avoid held-out leakage.",train_only,train_bearings_only,single_snapshot,"Bearing1_1,Bearing1_2,Bearing1_4,Bearing1_5",Bearing1_3,False
"vertical__fft_coefficient__attr_""real""__coeff_25",EfficientFCParameters,XJTU-SY,condition_1_35Hz12kN,rul,0.007202088793115953,0.8783700221970113,0.007202088793115953,False,frequency,"vertical channel fft coefficient  attr ""real""  coeff 25 statistic; selected on train bearings only to avoid held-out leakage.",train_only,train_bearings_only,single_snapshot,"Bearing1_1,Bearing1_2,Bearing1_4,Bearing1_5",Bearing1_3,False
"horizontal__fft_coefficient__attr_""real""__coeff_97",EfficientFCParameters,XJTU-SY,condition_1_35Hz12kN,rul,0.006938925642321866,0.8827817472414599,0.006938925642321866,False,frequency,"horizontal channel fft coefficient  attr ""real""  coeff 97 statistic; selected on train bearings only to avoid held-out leakage.",train_only,train_bearings_only,single_snapshot,"Bearing1_1,Bearing1_2,Bearing1_4,Bearing1_5",Bearing1_3,False
"horizontal__fft_coefficient__attr_""angle""__coeff_0",EfficientFCParameters,XJTU-SY,condition_1_35Hz12kN,rul,0.006935991784946465,0.8828309517655424,-0.006935991784946465,False,frequency,"horizontal channel fft coefficient  attr ""angle""  coeff 0 statistic; selected on train bearings only to avoid held-out leakage.",train_only,train_bearings_only,single_snapshot,"Bearing1_1,Bearing1_2,Bearing1_4,Bearing1_5",Bearing1_3,False
"horizontal__fft_coefficient__attr_""real""__coeff_1",EfficientFCParameters,XJTU-SY,condition_1_35Hz12kN,rul,0.006920759074352803,0.8830864309581381,0.006920759074352803,False,frequency,"horizontal channel fft coefficient  attr ""real""  coeff 1 statistic; selected on train bearings only to avoid held-out leakage.",train_only,train_bearings_only,single_snapshot,"Bearing1_1,Bearing1_2,Bearing1_4,Bearing1_5",Bearing1_3,False
"horizontal__fft_coefficient__attr_""angle""__coeff_72",EfficientFCParameters,XJTU-SY,condition_1_35Hz12kN,rul,0.00677666103898932,0.8855038029955538,0.00677666103898932,False,frequency,"horizontal channel fft coefficient  attr ""angle""  coeff 72 statistic; selected on train bearings only to avoid held-out leakage.",train_only,train_bearings_only,single_snapshot,"Bearing1_1,Bearing1_2,Bearing1_4,Bearing1_5",Bearing1_3,False
"vertical__fft_coefficient__attr_""abs""__coeff_16",EfficientFCParameters,XJTU-SY,condition_1_35Hz12kN,rul,0.006765630618883774,0.8856888921135834,0.006765630618883774,False,frequency,"vertical channel fft coefficient  attr ""abs""  coeff 16 statistic; selected on train bearings only to avoid held-out leakage.",train_only,train_bearings_only,single_snapshot,"Bearing1_1,Bearing1_2,Bearing1_4,Bearing1_5",Bearing1_3,False
"vertical__cwt_coefficients__coeff_9__w_20__widths_(2, 5, 10, 20)",EfficientFCParameters,XJTU-SY,condition_1_35Hz12kN,rul,0.006688115019379651,0.8869897692882127,-0.006688115019379651,False,time_domain,"vertical channel cwt coefficients  coeff 9  w 20  widths (2, 5, 10, 20) statistic; selected on train bearings only to avoid held-out leakage.",train_only,train_bearings_only,single_snapshot,"Bearing1_1,Bearing1_2,Bearing1_4,Bearing1_5",Bearing1_3,False
"vertical__fft_coefficient__attr_""imag""__coeff_89",EfficientFCParameters,XJTU-SY,condition_1_35Hz12kN,rul,0.006658410817373302,0.8874883498177221,0.006658410817373302,False,frequency,"vertical channel fft coefficient  attr ""imag""  coeff 89 statistic; selected on train bearings only to avoid held-out leakage.",train_only,train_bearings_only,single_snapshot,"Bearing1_1,Bearing1_2,Bearing1_4,Bearing1_5",Bearing1_3,False
"vertical__fft_coefficient__attr_""real""__coeff_94",EfficientFCParameters,XJTU-SY,condition_1_35Hz12kN,rul,0.006657259933486673,0.8875076681236461,-0.006657259933486673,False,frequency,"vertical channel fft coefficient  attr ""real""  coeff 94 statistic; selected on train bearings only to avoid held-out leakage.",train_only,train_bearings_only,single_snapshot,"Bearing1_1,Bearing1_2,Bearing1_4,Bearing1_5",Bearing1_3,False
"vertical__fft_coefficient__attr_""imag""__coeff_99",EfficientFCParameters,XJTU-SY,condition_1_35Hz12kN,rul,0.00653494403560666,0.8895611944450054,-0.00653494403560666,False,frequency,"vertical channel fft coefficient  attr ""imag""  coeff 99 statistic; selected on train bearings only to avoid held-out leakage.",train_only,train_bearings_only,single_snapshot,"Bearing1_1,Bearing1_2,Bearing1_4,Bearing1_5",Bearing1_3,False
"vertical__fft_coefficient__attr_""imag""__coeff_24",EfficientFCParameters,XJTU-SY,condition_1_35Hz12kN,rul,0.006534491916770387,0.8895687863165578,-0.006534491916770387,False,frequency,"vertical channel fft coefficient  attr ""imag""  coeff 24 statistic; selected on train bearings only to avoid held-out leakage.",train_only,train_bearings_only,single_snapshot,"Bearing1_1,Bearing1_2,Bearing1_4,Bearing1_5",Bearing1_3,False
vertical__ar_coefficient__coeff_0__k_10,EfficientFCParameters,XJTU-SY,condition_1_35Hz12kN,rul,0.006301155742684822,0.8934882427737862,-0.006301155742684822,False,time_domain,vertical channel ar coefficient  coeff 0  k 10 statistic; selected on train bearings only to avoid held-out leakage.,train_only,train_bearings_only,single_snapshot,"Bearing1_1,Bearing1_2,Bearing1_4,Bearing1_5",Bearing1_3,False
"vertical__agg_linear_trend__attr_""stderr""__chunk_len_50__f_agg_""min""",EfficientFCParameters,XJTU-SY,condition_1_35Hz12kN,rul,0.006242143450907919,0.8944799144710124,-0.006242143450907919,False,time_domain,"vertical channel agg linear trend  attr ""stderr""  chunk len 50  f agg ""min"" statistic; selected on train bearings only to avoid held-out leakage.",train_only,train_bearings_only,single_snapshot,"Bearing1_1,Bearing1_2,Bearing1_4,Bearing1_5",Bearing1_3,False
"horizontal__fft_coefficient__attr_""real""__coeff_6",EfficientFCParameters,XJTU-SY,condition_1_35Hz12kN,rul,0.006129819707205729,0.8963679111368067,0.006129819707205729,False,frequency,"horizontal channel fft coefficient  attr ""real""  coeff 6 statistic; selected on train bearings only to avoid held-out leakage.",train_only,train_bearings_only,single_snapshot,"Bearing1_1,Bearing1_2,Bearing1_4,Bearing1_5",Bearing1_3,False
"horizontal__agg_linear_trend__attr_""intercept""__chunk_len_10__f_agg_""var""",EfficientFCParameters,XJTU-SY,condition_1_35Hz12kN,rul,0.006100326519068482,0.8968637455944626,0.006100326519068482,False,time_domain,"horizontal channel agg linear trend  attr ""intercept""  chunk len 10  f agg ""var"" statistic; selected on train bearings only to avoid held-out leakage.",train_only,train_bearings_only,single_snapshot,"Bearing1_1,Bearing1_2,Bearing1_4,Bearing1_5",Bearing1_3,False
"horizontal__fft_coefficient__attr_""angle""__coeff_48",EfficientFCParameters,XJTU-SY,condition_1_35Hz12kN,rul,0.005966690522654227,0.8991109114811227,0.005966690522654227,False,frequency,"horizontal channel fft coefficient  attr ""angle""  coeff 48 statistic; selected on train bearings only to avoid held-out leakage.",train_only,train_bearings_only,single_snapshot,"Bearing1_1,Bearing1_2,Bearing1_4,Bearing1_5",Bearing1_3,False
"horizontal__fft_coefficient__attr_""real""__coeff_80",EfficientFCParameters,XJTU-SY,condition_1_35Hz12kN,rul,0.005960355202948288,0.8992174636767994,-0.005960355202948288,False,frequency,"horizontal channel fft coefficient  attr ""real""  coeff 80 statistic; selected on train bearings only to avoid held-out leakage.",train_only,train_bearings_only,single_snapshot,"Bearing1_1,Bearing1_2,Bearing1_4,Bearing1_5",Bearing1_3,False
"horizontal__fft_coefficient__attr_""angle""__coeff_33",EfficientFCParameters,XJTU-SY,condition_1_35Hz12kN,rul,0.005946729552307277,0.8994466363013215,-0.005946729552307277,False,frequency,"horizontal channel fft coefficient  attr ""angle""  coeff 33 statistic; selected on train bearings only to avoid held-out leakage.",train_only,train_bearings_only,single_snapshot,"Bearing1_1,Bearing1_2,Bearing1_4,Bearing1_5",Bearing1_3,False
"horizontal__change_quantiles__f_agg_""var""__isabs_True__qh_1.0__ql_0.6",EfficientFCParameters,XJTU-SY,condition_1_35Hz12kN,rul,0.005932058722590387,0.8996933973502409,-0.005932058722590387,False,time_domain,"horizontal channel change quantiles  f agg ""var""  isabs True  qh 1.0  ql 0.6 statistic; selected on train bearings only to avoid held-out leakage.",train_only,train_bearings_only,single_snapshot,"Bearing1_1,Bearing1_2,Bearing1_4,Bearing1_5",Bearing1_3,False
"vertical__fft_coefficient__attr_""angle""__coeff_71",EfficientFCParameters,XJTU-SY,condition_1_35Hz12kN,rul,0.005918779936234986,0.8999167527817115,0.005918779936234986,False,frequency,"vertical channel fft coefficient  attr ""angle""  coeff 71 statistic; selected on train bearings only to avoid held-out leakage.",train_only,train_bearings_only,single_snapshot,"Bearing1_1,Bearing1_2,Bearing1_4,Bearing1_5",Bearing1_3,False
"vertical__fft_coefficient__attr_""angle""__coeff_39",EfficientFCParameters,XJTU-SY,condition_1_35Hz12kN,rul,0.005906177209293815,0.9001287438830053,-0.005906177209293815,False,frequency,"vertical channel fft coefficient  attr ""angle""  coeff 39 statistic; selected on train bearings only to avoid held-out leakage.",train_only,train_bearings_only,single_snapshot,"Bearing1_1,Bearing1_2,Bearing1_4,Bearing1_5",Bearing1_3,False
"vertical__agg_linear_trend__attr_""slope""__chunk_len_10__f_agg_""max""",EfficientFCParameters,XJTU-SY,condition_1_35Hz12kN,rul,0.0058752526418358,0.9006489576414847,0.0058752526418358,False,time_domain,"vertical channel agg linear trend  attr ""slope""  chunk len 10  f agg ""max"" statistic; selected on train bearings only to avoid held-out leakage.",train_only,train_bearings_only,single_snapshot,"Bearing1_1,Bearing1_2,Bearing1_4,Bearing1_5",Bearing1_3,False
"vertical__fft_coefficient__attr_""real""__coeff_73",EfficientFCParameters,XJTU-SY,condition_1_35Hz12kN,rul,0.005752900507080751,0.902707582899662,0.005752900507080751,False,frequency,"vertical channel fft coefficient  attr ""real""  coeff 73 statistic; selected on train bearings only to avoid held-out leakage.",train_only,train_bearings_only,single_snapshot,"Bearing1_1,Bearing1_2,Bearing1_4,Bearing1_5",Bearing1_3,False
"horizontal__cwt_coefficients__coeff_13__w_2__widths_(2, 5, 10, 20)",EfficientFCParameters,XJTU-SY,condition_1_35Hz12kN,rul,0.005538827051546991,0.9063110178965581,0.005538827051546991,False,time_domain,"horizontal channel cwt coefficients  coeff 13  w 2  widths (2, 5, 10, 20) statistic; selected on train bearings only to avoid held-out leakage.",train_only,train_bearings_only,single_snapshot,"Bearing1_1,Bearing1_2,Bearing1_4,Bearing1_5",Bearing1_3,False
vertical__index_mass_quantile__q_0.9,EfficientFCParameters,XJTU-SY,condition_1_35Hz12kN,rul,0.005437505045711468,0.9080172162303402,-0.005437505045711468,False,time_domain,vertical channel index mass quantile  q 0.9 statistic; selected on train bearings only to avoid held-out leakage.,train_only,train_bearings_only,single_snapshot,"Bearing1_1,Bearing1_2,Bearing1_4,Bearing1_5",Bearing1_3,False
"vertical__fft_coefficient__attr_""angle""__coeff_54",EfficientFCParameters,XJTU-SY,condition_1_35Hz12kN,rul,0.0053897521026743615,0.9088214926709098,-0.0053897521026743615,False,frequency,"vertical channel fft coefficient  attr ""angle""  coeff 54 statistic; selected on train bearings only to avoid held-out leakage.",train_only,train_bearings_only,single_snapshot,"Bearing1_1,Bearing1_2,Bearing1_4,Bearing1_5",Bearing1_3,False
"vertical__cwt_coefficients__coeff_4__w_20__widths_(2, 5, 10, 20)",EfficientFCParameters,XJTU-SY,condition_1_35Hz12kN,rul,0.005366220175005637,0.9092178622449937,0.005366220175005637,False,time_domain,"vertical channel cwt coefficients  coeff 4  w 20  widths (2, 5, 10, 20) statistic; selected on train bearings only to avoid held-out leakage.",train_only,train_bearings_only,single_snapshot,"Bearing1_1,Bearing1_2,Bearing1_4,Bearing1_5",Bearing1_3,False
"horizontal__fft_coefficient__attr_""angle""__coeff_56",EfficientFCParameters,XJTU-SY,condition_1_35Hz12kN,rul,0.005353296079862189,0.9094355640757034,0.005353296079862189,False,frequency,"horizontal channel fft coefficient  attr ""angle""  coeff 56 statistic; selected on train bearings only to avoid held-out leakage.",train_only,train_bearings_only,single_snapshot,"Bearing1_1,Bearing1_2,Bearing1_4,Bearing1_5",Bearing1_3,False
"horizontal__fft_coefficient__attr_""real""__coeff_46",EfficientFCParameters,XJTU-SY,condition_1_35Hz12kN,rul,0.005292163808704583,0.9104654072379762,0.005292163808704583,False,frequency,"horizontal channel fft coefficient  attr ""real""  coeff 46 statistic; selected on train bearings only to avoid held-out leakage.",train_only,train_bearings_only,single_snapshot,"Bearing1_1,Bearing1_2,Bearing1_4,Bearing1_5",Bearing1_3,False
"vertical__cwt_coefficients__coeff_6__w_2__widths_(2, 5, 10, 20)",EfficientFCParameters,XJTU-SY,condition_1_35Hz12kN,rul,0.005278624258382545,0.9106935168213394,0.005278624258382545,False,time_domain,"vertical channel cwt coefficients  coeff 6  w 2  widths (2, 5, 10, 20) statistic; selected on train bearings only to avoid held-out leakage.",train_only,train_bearings_only,single_snapshot,"Bearing1_1,Bearing1_2,Bearing1_4,Bearing1_5",Bearing1_3,False
"vertical__fft_coefficient__attr_""imag""__coeff_60",EfficientFCParameters,XJTU-SY,condition_1_35Hz12kN,rul,0.005189297238063456,0.9121986500567781,0.005189297238063456,False,frequency,"vertical channel fft coefficient  attr ""imag""  coeff 60 statistic; selected on train bearings only to avoid held-out leakage.",train_only,train_bearings_only,single_snapshot,"Bearing1_1,Bearing1_2,Bearing1_4,Bearing1_5",Bearing1_3,False
"horizontal__cwt_coefficients__coeff_9__w_5__widths_(2, 5, 10, 20)",EfficientFCParameters,XJTU-SY,condition_1_35Hz12kN,rul,0.005125724098525149,0.9132700297733538,0.005125724098525149,False,time_domain,"horizontal channel cwt coefficients  coeff 9  w 5  widths (2, 5, 10, 20) statistic; selected on train bearings only to avoid held-out leakage.",train_only,train_bearings_only,single_snapshot,"Bearing1_1,Bearing1_2,Bearing1_4,Bearing1_5",Bearing1_3,False
"vertical__fft_coefficient__attr_""imag""__coeff_40",EfficientFCParameters,XJTU-SY,condition_1_35Hz12kN,rul,0.0049737913144662325,0.9158311418301647,0.0049737913144662325,False,frequency,"vertical channel fft coefficient  attr ""imag""  coeff 40 statistic; selected on train bearings only to avoid held-out leakage.",train_only,train_bearings_only,single_snapshot,"Bearing1_1,Bearing1_2,Bearing1_4,Bearing1_5",Bearing1_3,False
"vertical__fft_coefficient__attr_""angle""__coeff_67",EfficientFCParameters,XJTU-SY,condition_1_35Hz12kN,rul,0.004850209939183564,0.9179149813541972,-0.004850209939183564,False,frequency,"vertical channel fft coefficient  attr ""angle""  coeff 67 statistic; selected on train bearings only to avoid held-out leakage.",train_only,train_bearings_only,single_snapshot,"Bearing1_1,Bearing1_2,Bearing1_4,Bearing1_5",Bearing1_3,False
horizontal__energy_ratio_by_chunks__num_segments_10__segment_focus_5,EfficientFCParameters,XJTU-SY,condition_1_35Hz12kN,rul,0.004830011639145786,0.9182556206091976,-0.004830011639145786,False,energy,horizontal channel energy ratio by chunks  num segments 10  segment focus 5 statistic; selected on train bearings only to avoid held-out leakage.,train_only,train_bearings_only,single_snapshot,"Bearing1_1,Bearing1_2,Bearing1_4,Bearing1_5",Bearing1_3,False
"horizontal__fft_coefficient__attr_""real""__coeff_38",EfficientFCParameters,XJTU-SY,condition_1_35Hz12kN,rul,0.0048249582963520955,0.9183408463069314,-0.0048249582963520955,False,frequency,"horizontal channel fft coefficient  attr ""real""  coeff 38 statistic; selected on train bearings only to avoid held-out leakage.",train_only,train_bearings_only,single_snapshot,"Bearing1_1,Bearing1_2,Bearing1_4,Bearing1_5",Bearing1_3,False
"horizontal__fft_coefficient__attr_""angle""__coeff_87",EfficientFCParameters,XJTU-SY,condition_1_35Hz12kN,rul,0.004796335105356113,0.9188236001131724,0.004796335105356113,False,frequency,"horizontal channel fft coefficient  attr ""angle""  coeff 87 statistic; selected on train bearings only to avoid held-out leakage.",train_only,train_bearings_only,single_snapshot,"Bearing1_1,Bearing1_2,Bearing1_4,Bearing1_5",Bearing1_3,False
"vertical__fft_coefficient__attr_""real""__coeff_24",EfficientFCParameters,XJTU-SY,condition_1_35Hz12kN,rul,0.004766900860726976,0.9193200641137329,0.004766900860726976,False,frequency,"vertical channel fft coefficient  attr ""real""  coeff 24 statistic; selected on train bearings only to avoid held-out leakage.",train_only,train_bearings_only,single_snapshot,"Bearing1_1,Bearing1_2,Bearing1_4,Bearing1_5",Bearing1_3,False
"horizontal__fft_coefficient__attr_""abs""__coeff_39",EfficientFCParameters,XJTU-SY,condition_1_35Hz12kN,rul,0.004726207487360202,0.9200064861250773,-0.004726207487360202,False,frequency,"horizontal channel fft coefficient  attr ""abs""  coeff 39 statistic; selected on train bearings only to avoid held-out leakage.",train_only,train_bearings_only,single_snapshot,"Bearing1_1,Bearing1_2,Bearing1_4,Bearing1_5",Bearing1_3,False
"horizontal__fft_coefficient__attr_""real""__coeff_33",EfficientFCParameters,XJTU-SY,condition_1_35Hz12kN,rul,0.004522344816250069,0.9234461568257013,0.004522344816250069,False,frequency,"horizontal channel fft coefficient  attr ""real""  coeff 33 statistic; selected on train bearings only to avoid held-out leakage.",train_only,train_bearings_only,single_snapshot,"Bearing1_1,Bearing1_2,Bearing1_4,Bearing1_5",Bearing1_3,False
"vertical__cwt_coefficients__coeff_10__w_20__widths_(2, 5, 10, 20)",EfficientFCParameters,XJTU-SY,condition_1_35Hz12kN,rul,0.00450830597047053,0.9236830803576268,-0.00450830597047053,False,time_domain,"vertical channel cwt coefficients  coeff 10  w 20  widths (2, 5, 10, 20) statistic; selected on train bearings only to avoid held-out leakage.",train_only,train_bearings_only,single_snapshot,"Bearing1_1,Bearing1_2,Bearing1_4,Bearing1_5",Bearing1_3,False
"horizontal__fft_coefficient__attr_""angle""__coeff_92",EfficientFCParameters,XJTU-SY,condition_1_35Hz12kN,rul,0.004342135676450947,0.9264879241678693,0.004342135676450947,False,frequency,"horizontal channel fft coefficient  attr ""angle""  coeff 92 statistic; selected on train bearings only to avoid held-out leakage.",train_only,train_bearings_only,single_snapshot,"Bearing1_1,Bearing1_2,Bearing1_4,Bearing1_5",Bearing1_3,False
vertical__energy_ratio_by_chunks__num_segments_10__segment_focus_7,EfficientFCParameters,XJTU-SY,condition_1_35Hz12kN,rul,0.004326728799529796,0.9267480286530023,0.004326728799529796,False,energy,vertical channel energy ratio by chunks  num segments 10  segment focus 7 statistic; selected on train bearings only to avoid held-out leakage.,train_only,train_bearings_only,single_snapshot,"Bearing1_1,Bearing1_2,Bearing1_4,Bearing1_5",Bearing1_3,False
"vertical__cwt_coefficients__coeff_1__w_2__widths_(2, 5, 10, 20)",EfficientFCParameters,XJTU-SY,condition_1_35Hz12kN,rul,0.004182053334126715,0.9291908692343046,-0.004182053334126715,False,time_domain,"vertical channel cwt coefficients  coeff 1  w 2  widths (2, 5, 10, 20) statistic; selected on train bearings only to avoid held-out leakage.",train_only,train_bearings_only,single_snapshot,"Bearing1_1,Bearing1_2,Bearing1_4,Bearing1_5",Bearing1_3,False
"vertical__fft_coefficient__attr_""abs""__coeff_79",EfficientFCParameters,XJTU-SY,condition_1_35Hz12kN,rul,0.004144859047303111,0.9298190019768626,-0.004144859047303111,False,frequency,"vertical channel fft coefficient  attr ""abs""  coeff 79 statistic; selected on train bearings only to avoid held-out leakage.",train_only,train_bearings_only,single_snapshot,"Bearing1_1,Bearing1_2,Bearing1_4,Bearing1_5",Bearing1_3,False
"vertical__fft_coefficient__attr_""real""__coeff_58",EfficientFCParameters,XJTU-SY,condition_1_35Hz12kN,rul,0.004141635470727203,0.9298734434167235,-0.004141635470727203,False,frequency,"vertical channel fft coefficient  attr ""real""  coeff 58 statistic; selected on train bearings only to avoid held-out leakage.",train_only,train_bearings_only,single_snapshot,"Bearing1_1,Bearing1_2,Bearing1_4,Bearing1_5",Bearing1_3,False
"horizontal__fft_coefficient__attr_""real""__coeff_34",EfficientFCParameters,XJTU-SY,condition_1_35Hz12kN,rul,0.004101735315112577,0.9305473250228606,0.004101735315112577,False,frequency,"horizontal channel fft coefficient  attr ""real""  coeff 34 statistic; selected on train bearings only to avoid held-out leakage.",train_only,train_bearings_only,single_snapshot,"Bearing1_1,Bearing1_2,Bearing1_4,Bearing1_5",Bearing1_3,False
"vertical__fft_coefficient__attr_""imag""__coeff_9",EfficientFCParameters,XJTU-SY,condition_1_35Hz12kN,rul,0.004082409003995268,0.930873748778903,-0.004082409003995268,False,frequency,"vertical channel fft coefficient  attr ""imag""  coeff 9 statistic; selected on train bearings only to avoid held-out leakage.",train_only,train_bearings_only,single_snapshot,"Bearing1_1,Bearing1_2,Bearing1_4,Bearing1_5",Bearing1_3,False
"horizontal__cwt_coefficients__coeff_8__w_10__widths_(2, 5, 10, 20)",EfficientFCParameters,XJTU-SY,condition_1_35Hz12kN,rul,0.004072888409651703,0.9310345570449552,0.004072888409651703,False,time_domain,"horizontal channel cwt coefficients  coeff 8  w 10  widths (2, 5, 10, 20) statistic; selected on train bearings only to avoid held-out leakage.",train_only,train_bearings_only,single_snapshot,"Bearing1_1,Bearing1_2,Bearing1_4,Bearing1_5",Bearing1_3,False
"vertical__cwt_coefficients__coeff_13__w_10__widths_(2, 5, 10, 20)",EfficientFCParameters,XJTU-SY,condition_1_35Hz12kN,rul,0.004061910034638913,0.9312199915406196,-0.004061910034638913,False,time_domain,"vertical channel cwt coefficients  coeff 13  w 10  widths (2, 5, 10, 20) statistic; selected on train bearings only to avoid held-out leakage.",train_only,train_bearings_only,single_snapshot,"Bearing1_1,Bearing1_2,Bearing1_4,Bearing1_5",Bearing1_3,False
"horizontal__fft_coefficient__attr_""abs""__coeff_48",EfficientFCParameters,XJTU-SY,condition_1_35Hz12kN,rul,0.004057659102358484,0.9312917945588672,-0.004057659102358484,False,frequency,"horizontal channel fft coefficient  attr ""abs""  coeff 48 statistic; selected on train bearings only to avoid held-out leakage.",train_only,train_bearings_only,single_snapshot,"Bearing1_1,Bearing1_2,Bearing1_4,Bearing1_5",Bearing1_3,False
"horizontal__fft_coefficient__attr_""imag""__coeff_99",EfficientFCParameters,XJTU-SY,condition_1_35Hz12kN,rul,0.004053449109544242,0.9313629066128937,0.004053449109544242,False,frequency,"horizontal channel fft coefficient  attr ""imag""  coeff 99 statistic; selected on train bearings only to avoid held-out leakage.",train_only,train_bearings_only,single_snapshot,"Bearing1_1,Bearing1_2,Bearing1_4,Bearing1_5",Bearing1_3,False
"vertical__fft_coefficient__attr_""abs""__coeff_99",EfficientFCParameters,XJTU-SY,condition_1_35Hz12kN,rul,0.004051659354315736,0.9313931379868414,0.004051659354315736,False,frequency,"vertical channel fft coefficient  attr ""abs""  coeff 99 statistic; selected on train bearings only to avoid held-out leakage.",train_only,train_bearings_only,single_snapshot,"Bearing1_1,Bearing1_2,Bearing1_4,Bearing1_5",Bearing1_3,False
"vertical__cwt_coefficients__coeff_8__w_20__widths_(2, 5, 10, 20)",EfficientFCParameters,XJTU-SY,condition_1_35Hz12kN,rul,0.004037536409627845,0.9316316969823769,-0.004037536409627845,False,time_domain,"vertical channel cwt coefficients  coeff 8  w 20  widths (2, 5, 10, 20) statistic; selected on train bearings only to avoid held-out leakage.",train_only,train_bearings_only,single_snapshot,"Bearing1_1,Bearing1_2,Bearing1_4,Bearing1_5",Bearing1_3,False
"vertical__fft_coefficient__attr_""angle""__coeff_2",EfficientFCParameters,XJTU-SY,condition_1_35Hz12kN,rul,0.004007682672435719,0.9321359942007283,0.004007682672435719,False,frequency,"vertical channel fft coefficient  attr ""angle""  coeff 2 statistic; selected on train bearings only to avoid held-out leakage.",train_only,train_bearings_only,single_snapshot,"Bearing1_1,Bearing1_2,Bearing1_4,Bearing1_5",Bearing1_3,False
"horizontal__cwt_coefficients__coeff_0__w_5__widths_(2, 5, 10, 20)",EfficientFCParameters,XJTU-SY,condition_1_35Hz12kN,rul,0.0038506356791597157,0.9347893159370789,0.0038506356791597157,False,time_domain,"horizontal channel cwt coefficients  coeff 0  w 5  widths (2, 5, 10, 20) statistic; selected on train bearings only to avoid held-out leakage.",train_only,train_bearings_only,single_snapshot,"Bearing1_1,Bearing1_2,Bearing1_4,Bearing1_5",Bearing1_3,False
"vertical__agg_linear_trend__attr_""slope""__chunk_len_5__f_agg_""max""",EfficientFCParameters,XJTU-SY,condition_1_35Hz12kN,rul,0.0037391547281571493,0.9366732356558995,0.0037391547281571493,False,time_domain,"vertical channel agg linear trend  attr ""slope""  chunk len 5  f agg ""max"" statistic; selected on train bearings only to avoid held-out leakage.",train_only,train_bearings_only,single_snapshot,"Bearing1_1,Bearing1_2,Bearing1_4,Bearing1_5",Bearing1_3,False
"vertical__agg_linear_trend__attr_""rvalue""__chunk_len_50__f_agg_""var""",EfficientFCParameters,XJTU-SY,condition_1_35Hz12kN,rul,0.0035221128675141946,0.9403420365140241,-0.0035221128675141946,False,time_domain,"vertical channel agg linear trend  attr ""rvalue""  chunk len 50  f agg ""var"" statistic; selected on train bearings only to avoid held-out leakage.",train_only,train_bearings_only,single_snapshot,"Bearing1_1,Bearing1_2,Bearing1_4,Bearing1_5",Bearing1_3,False
"horizontal__fft_coefficient__attr_""angle""__coeff_85",EfficientFCParameters,XJTU-SY,condition_1_35Hz12kN,rul,0.00351138985641394,0.9405233279585253,-0.00351138985641394,False,frequency,"horizontal channel fft coefficient  attr ""angle""  coeff 85 statistic; selected on train bearings only to avoid held-out leakage.",train_only,train_bearings_only,single_snapshot,"Bearing1_1,Bearing1_2,Bearing1_4,Bearing1_5",Bearing1_3,False
"horizontal__cwt_coefficients__coeff_9__w_2__widths_(2, 5, 10, 20)",EfficientFCParameters,XJTU-SY,condition_1_35Hz12kN,rul,0.003464252218971995,0.9413203092932768,-0.003464252218971995,False,time_domain,"horizontal channel cwt coefficients  coeff 9  w 2  widths (2, 5, 10, 20) statistic; selected on train bearings only to avoid held-out leakage.",train_only,train_bearings_only,single_snapshot,"Bearing1_1,Bearing1_2,Bearing1_4,Bearing1_5",Bearing1_3,False
"vertical__fft_coefficient__attr_""imag""__coeff_95",EfficientFCParameters,XJTU-SY,condition_1_35Hz12kN,rul,0.0034211250988346233,0.9420495339845225,-0.0034211250988346233,False,frequency,"vertical channel fft coefficient  attr ""imag""  coeff 95 statistic; selected on train bearings only to avoid held-out leakage.",train_only,train_bearings_only,single_snapshot,"Bearing1_1,Bearing1_2,Bearing1_4,Bearing1_5",Bearing1_3,False
"horizontal__cwt_coefficients__coeff_9__w_10__widths_(2, 5, 10, 20)",EfficientFCParameters,XJTU-SY,condition_1_35Hz12kN,rul,0.0033891383756890453,0.9425904200537202,-0.0033891383756890453,False,time_domain,"horizontal channel cwt coefficients  coeff 9  w 10  widths (2, 5, 10, 20) statistic; selected on train bearings only to avoid held-out leakage.",train_only,train_bearings_only,single_snapshot,"Bearing1_1,Bearing1_2,Bearing1_4,Bearing1_5",Bearing1_3,False
"vertical__fft_coefficient__attr_""angle""__coeff_6",EfficientFCParameters,XJTU-SY,condition_1_35Hz12kN,rul,0.0033771900518953816,0.9427924694731619,-0.0033771900518953816,False,frequency,"vertical channel fft coefficient  attr ""angle""  coeff 6 statistic; selected on train bearings only to avoid held-out leakage.",train_only,train_bearings_only,single_snapshot,"Bearing1_1,Bearing1_2,Bearing1_4,Bearing1_5",Bearing1_3,False
"horizontal__fft_coefficient__attr_""imag""__coeff_24",EfficientFCParameters,XJTU-SY,condition_1_35Hz12kN,rul,0.003361542213181389,0.9430570842473581,-0.003361542213181389,False,frequency,"horizontal channel fft coefficient  attr ""imag""  coeff 24 statistic; selected on train bearings only to avoid held-out leakage.",train_only,train_bearings_only,single_snapshot,"Bearing1_1,Bearing1_2,Bearing1_4,Bearing1_5",Bearing1_3,False
"vertical__fft_coefficient__attr_""angle""__coeff_73",EfficientFCParameters,XJTU-SY,condition_1_35Hz12kN,rul,0.0032749353961696375,0.9445217723626051,-0.0032749353961696375,False,frequency,"vertical channel fft coefficient  attr ""angle""  coeff 73 statistic; selected on train bearings only to avoid held-out leakage.",train_only,train_bearings_only,single_snapshot,"Bearing1_1,Bearing1_2,Bearing1_4,Bearing1_5",Bearing1_3,False
"vertical__fft_coefficient__attr_""real""__coeff_32",EfficientFCParameters,XJTU-SY,condition_1_35Hz12kN,rul,0.003270074849023153,0.9446039791647662,0.003270074849023153,False,frequency,"vertical channel fft coefficient  attr ""real""  coeff 32 statistic; selected on train bearings only to avoid held-out leakage.",train_only,train_bearings_only,single_snapshot,"Bearing1_1,Bearing1_2,Bearing1_4,Bearing1_5",Bearing1_3,False
"vertical__fft_coefficient__attr_""abs""__coeff_82",EfficientFCParameters,XJTU-SY,condition_1_35Hz12kN,rul,0.0032385788982391326,0.9451366867779502,-0.0032385788982391326,False,frequency,"vertical channel fft coefficient  attr ""abs""  coeff 82 statistic; selected on train bearings only to avoid held-out leakage.",train_only,train_bearings_only,single_snapshot,"Bearing1_1,Bearing1_2,Bearing1_4,Bearing1_5",Bearing1_3,False
"vertical__cwt_coefficients__coeff_11__w_2__widths_(2, 5, 10, 20)",EfficientFCParameters,XJTU-SY,condition_1_35Hz12kN,rul,0.0031702107880811326,0.9462931164843583,-0.0031702107880811326,False,time_domain,"vertical channel cwt coefficients  coeff 11  w 2  widths (2, 5, 10, 20) statistic; selected on train bearings only to avoid held-out leakage.",train_only,train_bearings_only,single_snapshot,"Bearing1_1,Bearing1_2,Bearing1_4,Bearing1_5",Bearing1_3,False
"horizontal__fft_coefficient__attr_""real""__coeff_39",EfficientFCParameters,XJTU-SY,condition_1_35Hz12kN,rul,0.0031029711802372847,0.9474305678856256,-0.0031029711802372847,False,frequency,"horizontal channel fft coefficient  attr ""real""  coeff 39 statistic; selected on train bearings only to avoid held-out leakage.",train_only,train_bearings_only,single_snapshot,"Bearing1_1,Bearing1_2,Bearing1_4,Bearing1_5",Bearing1_3,False
"horizontal__cwt_coefficients__coeff_8__w_2__widths_(2, 5, 10, 20)",EfficientFCParameters,XJTU-SY,condition_1_35Hz12kN,rul,0.003017699423557504,0.9488732114482755,-0.003017699423557504,False,time_domain,"horizontal channel cwt coefficients  coeff 8  w 2  widths (2, 5, 10, 20) statistic; selected on train bearings only to avoid held-out leakage.",train_only,train_bearings_only,single_snapshot,"Bearing1_1,Bearing1_2,Bearing1_4,Bearing1_5",Bearing1_3,False
"horizontal__fft_coefficient__attr_""imag""__coeff_52",EfficientFCParameters,XJTU-SY,condition_1_35Hz12kN,rul,0.0030023014139655495,0.949133735805186,0.0030023014139655495,False,frequency,"horizontal channel fft coefficient  attr ""imag""  coeff 52 statistic; selected on train bearings only to avoid held-out leakage.",train_only,train_bearings_only,single_snapshot,"Bearing1_1,Bearing1_2,Bearing1_4,Bearing1_5",Bearing1_3,False
"vertical__fft_coefficient__attr_""abs""__coeff_12",EfficientFCParameters,XJTU-SY,condition_1_35Hz12kN,rul,0.0029901447924133816,0.9493394218041875,-0.0029901447924133816,False,frequency,"vertical channel fft coefficient  attr ""abs""  coeff 12 statistic; selected on train bearings only to avoid held-out leakage.",train_only,train_bearings_only,single_snapshot,"Bearing1_1,Bearing1_2,Bearing1_4,Bearing1_5",Bearing1_3,False
"vertical__fft_coefficient__attr_""angle""__coeff_9",EfficientFCParameters,XJTU-SY,condition_1_35Hz12kN,rul,0.002980844819900363,0.9494967765224848,0.002980844819900363,False,frequency,"vertical channel fft coefficient  attr ""angle""  coeff 9 statistic; selected on train bearings only to avoid held-out leakage.",train_only,train_bearings_only,single_snapshot,"Bearing1_1,Bearing1_2,Bearing1_4,Bearing1_5",Bearing1_3,False
"horizontal__fft_coefficient__attr_""imag""__coeff_27",EfficientFCParameters,XJTU-SY,condition_1_35Hz12kN,rul,0.0028101210975927707,0.9523857494197461,-0.0028101210975927707,False,frequency,"horizontal channel fft coefficient  attr ""imag""  coeff 27 statistic; selected on train bearings only to avoid held-out leakage.",train_only,train_bearings_only,single_snapshot,"Bearing1_1,Bearing1_2,Bearing1_4,Bearing1_5",Bearing1_3,False
"vertical__cwt_coefficients__coeff_0__w_5__widths_(2, 5, 10, 20)",EfficientFCParameters,XJTU-SY,condition_1_35Hz12kN,rul,0.0027965468516932823,0.9526154789680902,0.0027965468516932823,False,time_domain,"vertical channel cwt coefficients  coeff 0  w 5  widths (2, 5, 10, 20) statistic; selected on train bearings only to avoid held-out leakage.",train_only,train_bearings_only,single_snapshot,"Bearing1_1,Bearing1_2,Bearing1_4,Bearing1_5",Bearing1_3,False
"vertical__fft_coefficient__attr_""real""__coeff_78",EfficientFCParameters,XJTU-SY,condition_1_35Hz12kN,rul,0.002764210091624755,0.953162759713422,0.002764210091624755,False,frequency,"vertical channel fft coefficient  attr ""real""  coeff 78 statistic; selected on train bearings only to avoid held-out leakage.",train_only,train_bearings_only,single_snapshot,"Bearing1_1,Bearing1_2,Bearing1_4,Bearing1_5",Bearing1_3,False
"horizontal__fft_coefficient__attr_""real""__coeff_93",EfficientFCParameters,XJTU-SY,condition_1_35Hz12kN,rul,0.0026621294887737997,0.9548905574198496,0.0026621294887737997,False,frequency,"horizontal channel fft coefficient  attr ""real""  coeff 93 statistic; selected on train bearings only to avoid held-out leakage.",train_only,train_bearings_only,single_snapshot,"Bearing1_1,Bearing1_2,Bearing1_4,Bearing1_5",Bearing1_3,False
"horizontal__fft_coefficient__attr_""imag""__coeff_40",EfficientFCParameters,XJTU-SY,condition_1_35Hz12kN,rul,0.0026480558453204975,0.9551287821039681,-0.0026480558453204975,False,frequency,"horizontal channel fft coefficient  attr ""imag""  coeff 40 statistic; selected on train bearings only to avoid held-out leakage.",train_only,train_bearings_only,single_snapshot,"Bearing1_1,Bearing1_2,Bearing1_4,Bearing1_5",Bearing1_3,False
"vertical__fft_coefficient__attr_""imag""__coeff_96",EfficientFCParameters,XJTU-SY,condition_1_35Hz12kN,rul,0.002611233248017781,0.9557520973736632,0.002611233248017781,False,frequency,"vertical channel fft coefficient  attr ""imag""  coeff 96 statistic; selected on train bearings only to avoid held-out leakage.",train_only,train_bearings_only,single_snapshot,"Bearing1_1,Bearing1_2,Bearing1_4,Bearing1_5",Bearing1_3,False
"vertical__fft_coefficient__attr_""angle""__coeff_45",EfficientFCParameters,XJTU-SY,condition_1_35Hz12kN,rul,0.0025422453893376457,0.9569199630663765,-0.0025422453893376457,False,frequency,"vertical channel fft coefficient  attr ""angle""  coeff 45 statistic; selected on train bearings only to avoid held-out leakage.",train_only,train_bearings_only,single_snapshot,"Bearing1_1,Bearing1_2,Bearing1_4,Bearing1_5",Bearing1_3,False
"vertical__fft_coefficient__attr_""imag""__coeff_16",EfficientFCParameters,XJTU-SY,condition_1_35Hz12kN,rul,0.002537426156684989,0.9570015492498669,-0.002537426156684989,False,frequency,"vertical channel fft coefficient  attr ""imag""  coeff 16 statistic; selected on train bearings only to avoid held-out leakage.",train_only,train_bearings_only,single_snapshot,"Bearing1_1,Bearing1_2,Bearing1_4,Bearing1_5",Bearing1_3,False
"vertical__fft_coefficient__attr_""angle""__coeff_91",EfficientFCParameters,XJTU-SY,condition_1_35Hz12kN,rul,0.002487988646914701,0.9578385169261401,-0.002487988646914701,False,frequency,"vertical channel fft coefficient  attr ""angle""  coeff 91 statistic; selected on train bearings only to avoid held-out leakage.",train_only,train_bearings_only,single_snapshot,"Bearing1_1,Bearing1_2,Bearing1_4,Bearing1_5",Bearing1_3,False
"horizontal__fft_coefficient__attr_""real""__coeff_81",EfficientFCParameters,XJTU-SY,condition_1_35Hz12kN,rul,0.002483325670016283,0.9579174626470056,-0.002483325670016283,False,frequency,"horizontal channel fft coefficient  attr ""real""  coeff 81 statistic; selected on train bearings only to avoid held-out leakage.",train_only,train_bearings_only,single_snapshot,"Bearing1_1,Bearing1_2,Bearing1_4,Bearing1_5",Bearing1_3,False
"vertical__fft_coefficient__attr_""angle""__coeff_93",EfficientFCParameters,XJTU-SY,condition_1_35Hz12kN,rul,0.0024678198956750858,0.9581799834217314,0.0024678198956750858,False,frequency,"vertical channel fft coefficient  attr ""angle""  coeff 93 statistic; selected on train bearings only to avoid held-out leakage.",train_only,train_bearings_only,single_snapshot,"Bearing1_1,Bearing1_2,Bearing1_4,Bearing1_5",Bearing1_3,False
"horizontal__fft_coefficient__attr_""imag""__coeff_69",EfficientFCParameters,XJTU-SY,condition_1_35Hz12kN,rul,0.002440461824714243,0.9586431807114806,-0.002440461824714243,False,frequency,"horizontal channel fft coefficient  attr ""imag""  coeff 69 statistic; selected on train bearings only to avoid held-out leakage.",train_only,train_bearings_only,single_snapshot,"Bearing1_1,Bearing1_2,Bearing1_4,Bearing1_5",Bearing1_3,False
"vertical__cwt_coefficients__coeff_12__w_10__widths_(2, 5, 10, 20)",EfficientFCParameters,XJTU-SY,condition_1_35Hz12kN,rul,0.00241429976515506,0.9590861414485804,0.00241429976515506,False,time_domain,"vertical channel cwt coefficients  coeff 12  w 10  widths (2, 5, 10, 20) statistic; selected on train bearings only to avoid held-out leakage.",train_only,train_bearings_only,single_snapshot,"Bearing1_1,Bearing1_2,Bearing1_4,Bearing1_5",Bearing1_3,False
"vertical__fft_coefficient__attr_""real""__coeff_35",EfficientFCParameters,XJTU-SY,condition_1_35Hz12kN,rul,0.002358843895395151,0.9600251293607759,-0.002358843895395151,False,frequency,"vertical channel fft coefficient  attr ""real""  coeff 35 statistic; selected on train bearings only to avoid held-out leakage.",train_only,train_bearings_only,single_snapshot,"Bearing1_1,Bearing1_2,Bearing1_4,Bearing1_5",Bearing1_3,False
"vertical__fft_coefficient__attr_""imag""__coeff_23",EfficientFCParameters,XJTU-SY,condition_1_35Hz12kN,rul,0.002338966550625227,0.9603617093579694,0.002338966550625227,False,frequency,"vertical channel fft coefficient  attr ""imag""  coeff 23 statistic; selected on train bearings only to avoid held-out leakage.",train_only,train_bearings_only,single_snapshot,"Bearing1_1,Bearing1_2,Bearing1_4,Bearing1_5",Bearing1_3,False
horizontal__index_mass_quantile__q_0.1,EfficientFCParameters,XJTU-SY,condition_1_35Hz12kN,rul,0.002231237360273976,0.9621859920095018,-0.002231237360273976,False,time_domain,horizontal channel index mass quantile  q 0.1 statistic; selected on train bearings only to avoid held-out leakage.,train_only,train_bearings_only,single_snapshot,"Bearing1_1,Bearing1_2,Bearing1_4,Bearing1_5",Bearing1_3,False
"horizontal__fft_coefficient__attr_""imag""__coeff_29",EfficientFCParameters,XJTU-SY,condition_1_35Hz12kN,rul,0.00221407198878663,0.9624766883321019,-0.00221407198878663,False,frequency,"horizontal channel fft coefficient  attr ""imag""  coeff 29 statistic; selected on train bearings only to avoid held-out leakage.",train_only,train_bearings_only,single_snapshot,"Bearing1_1,Bearing1_2,Bearing1_4,Bearing1_5",Bearing1_3,False
"vertical__fft_coefficient__attr_""imag""__coeff_70",EfficientFCParameters,XJTU-SY,condition_1_35Hz12kN,rul,0.0020985453926660696,0.9644332637455814,0.0020985453926660696,False,frequency,"vertical channel fft coefficient  attr ""imag""  coeff 70 statistic; selected on train bearings only to avoid held-out leakage.",train_only,train_bearings_only,single_snapshot,"Bearing1_1,Bearing1_2,Bearing1_4,Bearing1_5",Bearing1_3,False
"vertical__cwt_coefficients__coeff_8__w_2__widths_(2, 5, 10, 20)",EfficientFCParameters,XJTU-SY,condition_1_35Hz12kN,rul,0.0019951492381650266,0.9661845775888456,0.0019951492381650266,False,time_domain,"vertical channel cwt coefficients  coeff 8  w 2  widths (2, 5, 10, 20) statistic; selected on train bearings only to avoid held-out leakage.",train_only,train_bearings_only,single_snapshot,"Bearing1_1,Bearing1_2,Bearing1_4,Bearing1_5",Bearing1_3,False
"horizontal__fft_coefficient__attr_""imag""__coeff_57",EfficientFCParameters,XJTU-SY,condition_1_35Hz12kN,rul,0.0019666421587006505,0.9666674566319206,-0.0019666421587006505,False,frequency,"horizontal channel fft coefficient  attr ""imag""  coeff 57 statistic; selected on train bearings only to avoid held-out leakage.",train_only,train_bearings_only,single_snapshot,"Bearing1_1,Bearing1_2,Bearing1_4,Bearing1_5",Bearing1_3,False
"vertical__fft_coefficient__attr_""angle""__coeff_11",EfficientFCParameters,XJTU-SY,condition_1_35Hz12kN,rul,0.0019282827400895822,0.9673172428202494,-0.0019282827400895822,False,frequency,"vertical channel fft coefficient  attr ""angle""  coeff 11 statistic; selected on train bearings only to avoid held-out leakage.",train_only,train_bearings_only,single_snapshot,"Bearing1_1,Bearing1_2,Bearing1_4,Bearing1_5",Bearing1_3,False
"horizontal__fft_coefficient__attr_""imag""__coeff_53",EfficientFCParameters,XJTU-SY,condition_1_35Hz12kN,rul,0.0018863312762888835,0.9680279009064234,0.0018863312762888835,False,frequency,"horizontal channel fft coefficient  attr ""imag""  coeff 53 statistic; selected on train bearings only to avoid held-out leakage.",train_only,train_bearings_only,single_snapshot,"Bearing1_1,Bearing1_2,Bearing1_4,Bearing1_5",Bearing1_3,False
"vertical__fft_coefficient__attr_""imag""__coeff_3",EfficientFCParameters,XJTU-SY,condition_1_35Hz12kN,rul,0.0018807795811827761,0.968121948568139,0.0018807795811827761,False,frequency,"vertical channel fft coefficient  attr ""imag""  coeff 3 statistic; selected on train bearings only to avoid held-out leakage.",train_only,train_bearings_only,single_snapshot,"Bearing1_1,Bearing1_2,Bearing1_4,Bearing1_5",Bearing1_3,False
"horizontal__fft_coefficient__attr_""real""__coeff_28",EfficientFCParameters,XJTU-SY,condition_1_35Hz12kN,rul,0.0018650969361266405,0.968387620457274,0.0018650969361266405,False,frequency,"horizontal channel fft coefficient  attr ""real""  coeff 28 statistic; selected on train bearings only to avoid held-out leakage.",train_only,train_bearings_only,single_snapshot,"Bearing1_1,Bearing1_2,Bearing1_4,Bearing1_5",Bearing1_3,False
"vertical__fft_coefficient__attr_""real""__coeff_99",EfficientFCParameters,XJTU-SY,condition_1_35Hz12kN,rul,0.001820793851079137,0.9691381557804232,-0.001820793851079137,False,frequency,"vertical channel fft coefficient  attr ""real""  coeff 99 statistic; selected on train bearings only to avoid held-out leakage.",train_only,train_bearings_only,single_snapshot,"Bearing1_1,Bearing1_2,Bearing1_4,Bearing1_5",Bearing1_3,False
"vertical__fft_coefficient__attr_""real""__coeff_9",EfficientFCParameters,XJTU-SY,condition_1_35Hz12kN,rul,0.00177709475668368,0.9698784856354961,-0.00177709475668368,False,frequency,"vertical channel fft coefficient  attr ""real""  coeff 9 statistic; selected on train bearings only to avoid held-out leakage.",train_only,train_bearings_only,single_snapshot,"Bearing1_1,Bearing1_2,Bearing1_4,Bearing1_5",Bearing1_3,False
"horizontal__fft_coefficient__attr_""angle""__coeff_60",EfficientFCParameters,XJTU-SY,condition_1_35Hz12kN,rul,0.001774546484206369,0.9699216580942285,0.001774546484206369,False,frequency,"horizontal channel fft coefficient  attr ""angle""  coeff 60 statistic; selected on train bearings only to avoid held-out leakage.",train_only,train_bearings_only,single_snapshot,"Bearing1_1,Bearing1_2,Bearing1_4,Bearing1_5",Bearing1_3,False
"horizontal__fft_coefficient__attr_""angle""__coeff_37",EfficientFCParameters,XJTU-SY,condition_1_35Hz12kN,rul,0.0016958963215218162,0.9712541802031948,-0.0016958963215218162,False,frequency,"horizontal channel fft coefficient  attr ""angle""  coeff 37 statistic; selected on train bearings only to avoid held-out leakage.",train_only,train_bearings_only,single_snapshot,"Bearing1_1,Bearing1_2,Bearing1_4,Bearing1_5",Bearing1_3,False
"vertical__cwt_coefficients__coeff_7__w_20__widths_(2, 5, 10, 20)",EfficientFCParameters,XJTU-SY,condition_1_35Hz12kN,rul,0.0016500162727992862,0.972031535278354,-0.0016500162727992862,False,time_domain,"vertical channel cwt coefficients  coeff 7  w 20  widths (2, 5, 10, 20) statistic; selected on train bearings only to avoid held-out leakage.",train_only,train_bearings_only,single_snapshot,"Bearing1_1,Bearing1_2,Bearing1_4,Bearing1_5",Bearing1_3,False
"horizontal__fft_coefficient__attr_""real""__coeff_35",EfficientFCParameters,XJTU-SY,condition_1_35Hz12kN,rul,0.0016227583494827832,0.9724933844509962,0.0016227583494827832,False,frequency,"horizontal channel fft coefficient  attr ""real""  coeff 35 statistic; selected on train bearings only to avoid held-out leakage.",train_only,train_bearings_only,single_snapshot,"Bearing1_1,Bearing1_2,Bearing1_4,Bearing1_5",Bearing1_3,False
"horizontal__fft_coefficient__attr_""imag""__coeff_34",EfficientFCParameters,XJTU-SY,condition_1_35Hz12kN,rul,0.0015550463842857716,0.9736407128864687,0.0015550463842857716,False,frequency,"horizontal channel fft coefficient  attr ""imag""  coeff 34 statistic; selected on train bearings only to avoid held-out leakage.",train_only,train_bearings_only,single_snapshot,"Bearing1_1,Bearing1_2,Bearing1_4,Bearing1_5",Bearing1_3,False
"vertical__fft_coefficient__attr_""real""__coeff_92",EfficientFCParameters,XJTU-SY,condition_1_35Hz12kN,rul,0.0015458711356680045,0.9737961848235644,0.0015458711356680045,False,frequency,"vertical channel fft coefficient  attr ""real""  coeff 92 statistic; selected on train bearings only to avoid held-out leakage.",train_only,train_bearings_only,single_snapshot,"Bearing1_1,Bearing1_2,Bearing1_4,Bearing1_5",Bearing1_3,False
"vertical__agg_linear_trend__attr_""stderr""__chunk_len_50__f_agg_""var""",EfficientFCParameters,XJTU-SY,condition_1_35Hz12kN,rul,0.0014585985563957565,0.9752750422409453,-0.0014585985563957565,False,time_domain,"vertical channel agg linear trend  attr ""stderr""  chunk len 50  f agg ""var"" statistic; selected on train bearings only to avoid held-out leakage.",train_only,train_bearings_only,single_snapshot,"Bearing1_1,Bearing1_2,Bearing1_4,Bearing1_5",Bearing1_3,False
"horizontal__change_quantiles__f_agg_""var""__isabs_True__qh_0.2__ql_0.0",EfficientFCParameters,XJTU-SY,condition_1_35Hz12kN,rul,0.0014029471542987473,0.9762181148279647,0.0014029471542987473,False,time_domain,"horizontal channel change quantiles  f agg ""var""  isabs True  qh 0.2  ql 0.0 statistic; selected on train bearings only to avoid held-out leakage.",train_only,train_bearings_only,single_snapshot,"Bearing1_1,Bearing1_2,Bearing1_4,Bearing1_5",Bearing1_3,False
"horizontal__fft_coefficient__attr_""real""__coeff_37",EfficientFCParameters,XJTU-SY,condition_1_35Hz12kN,rul,0.0013765352960032735,0.9766657037173105,-0.0013765352960032735,False,frequency,"horizontal channel fft coefficient  attr ""real""  coeff 37 statistic; selected on train bearings only to avoid held-out leakage.",train_only,train_bearings_only,single_snapshot,"Bearing1_1,Bearing1_2,Bearing1_4,Bearing1_5",Bearing1_3,False
"horizontal__fft_coefficient__attr_""real""__coeff_63",EfficientFCParameters,XJTU-SY,condition_1_35Hz12kN,rul,0.0011793160194718177,0.9800081045961481,-0.0011793160194718177,False,frequency,"horizontal channel fft coefficient  attr ""real""  coeff 63 statistic; selected on train bearings only to avoid held-out leakage.",train_only,train_bearings_only,single_snapshot,"Bearing1_1,Bearing1_2,Bearing1_4,Bearing1_5",Bearing1_3,False
"horizontal__fft_coefficient__attr_""real""__coeff_4",EfficientFCParameters,XJTU-SY,condition_1_35Hz12kN,rul,0.0011356196120006726,0.9807487048820924,-0.0011356196120006726,False,frequency,"horizontal channel fft coefficient  attr ""real""  coeff 4 statistic; selected on train bearings only to avoid held-out leakage.",train_only,train_bearings_only,single_snapshot,"Bearing1_1,Bearing1_2,Bearing1_4,Bearing1_5",Bearing1_3,False
"vertical__fft_coefficient__attr_""angle""__coeff_21",EfficientFCParameters,XJTU-SY,condition_1_35Hz12kN,rul,0.0010692542114893006,0.9818735481011683,-0.0010692542114893006,False,frequency,"vertical channel fft coefficient  attr ""angle""  coeff 21 statistic; selected on train bearings only to avoid held-out leakage.",train_only,train_bearings_only,single_snapshot,"Bearing1_1,Bearing1_2,Bearing1_4,Bearing1_5",Bearing1_3,False
"horizontal__fft_coefficient__attr_""angle""__coeff_79",EfficientFCParameters,XJTU-SY,condition_1_35Hz12kN,rul,0.0010394132434199642,0.9823793417239374,-0.0010394132434199642,False,frequency,"horizontal channel fft coefficient  attr ""angle""  coeff 79 statistic; selected on train bearings only to avoid held-out leakage.",train_only,train_bearings_only,single_snapshot,"Bearing1_1,Bearing1_2,Bearing1_4,Bearing1_5",Bearing1_3,False
"vertical__cwt_coefficients__coeff_13__w_5__widths_(2, 5, 10, 20)",EfficientFCParameters,XJTU-SY,condition_1_35Hz12kN,rul,0.0010338286045448771,0.9824740001246387,0.0010338286045448771,False,time_domain,"vertical channel cwt coefficients  coeff 13  w 5  widths (2, 5, 10, 20) statistic; selected on train bearings only to avoid held-out leakage.",train_only,train_bearings_only,single_snapshot,"Bearing1_1,Bearing1_2,Bearing1_4,Bearing1_5",Bearing1_3,False
"horizontal__fft_coefficient__attr_""imag""__coeff_37",EfficientFCParameters,XJTU-SY,condition_1_35Hz12kN,rul,0.001016295647332261,0.9827711814852731,0.001016295647332261,False,frequency,"horizontal channel fft coefficient  attr ""imag""  coeff 37 statistic; selected on train bearings only to avoid held-out leakage.",train_only,train_bearings_only,single_snapshot,"Bearing1_1,Bearing1_2,Bearing1_4,Bearing1_5",Bearing1_3,False
"horizontal__cwt_coefficients__coeff_7__w_2__widths_(2, 5, 10, 20)",EfficientFCParameters,XJTU-SY,condition_1_35Hz12kN,rul,0.0009984164528904899,0.9830742339759342,-0.0009984164528904899,False,time_domain,"horizontal channel cwt coefficients  coeff 7  w 2  widths (2, 5, 10, 20) statistic; selected on train bearings only to avoid held-out leakage.",train_only,train_bearings_only,single_snapshot,"Bearing1_1,Bearing1_2,Bearing1_4,Bearing1_5",Bearing1_3,False
"vertical__agg_linear_trend__attr_""slope""__chunk_len_50__f_agg_""max""",EfficientFCParameters,XJTU-SY,condition_1_35Hz12kN,rul,0.0009670939675884366,0.9836051561974478,-0.0009670939675884366,False,time_domain,"vertical channel agg linear trend  attr ""slope""  chunk len 50  f agg ""max"" statistic; selected on train bearings only to avoid held-out leakage.",train_only,train_bearings_only,single_snapshot,"Bearing1_1,Bearing1_2,Bearing1_4,Bearing1_5",Bearing1_3,False
"vertical__fft_coefficient__attr_""real""__coeff_31",EfficientFCParameters,XJTU-SY,condition_1_35Hz12kN,rul,0.0007972059193916509,0.9864849117358188,0.0007972059193916509,False,frequency,"vertical channel fft coefficient  attr ""real""  coeff 31 statistic; selected on train bearings only to avoid held-out leakage.",train_only,train_bearings_only,single_snapshot,"Bearing1_1,Bearing1_2,Bearing1_4,Bearing1_5",Bearing1_3,False
"vertical__fft_coefficient__attr_""angle""__coeff_58",EfficientFCParameters,XJTU-SY,condition_1_35Hz12kN,rul,0.0007702504417868709,0.9869418484737784,-0.0007702504417868709,False,frequency,"vertical channel fft coefficient  attr ""angle""  coeff 58 statistic; selected on train bearings only to avoid held-out leakage.",train_only,train_bearings_only,single_snapshot,"Bearing1_1,Bearing1_2,Bearing1_4,Bearing1_5",Bearing1_3,False
"horizontal__fft_coefficient__attr_""imag""__coeff_79",EfficientFCParameters,XJTU-SY,condition_1_35Hz12kN,rul,0.0007443512683427253,0.9873808832575667,0.0007443512683427253,False,frequency,"horizontal channel fft coefficient  attr ""imag""  coeff 79 statistic; selected on train bearings only to avoid held-out leakage.",train_only,train_bearings_only,single_snapshot,"Bearing1_1,Bearing1_2,Bearing1_4,Bearing1_5",Bearing1_3,False
"vertical__fft_coefficient__attr_""imag""__coeff_87",EfficientFCParameters,XJTU-SY,condition_1_35Hz12kN,rul,0.0007212971648290104,0.9877716925033736,-0.0007212971648290104,False,frequency,"vertical channel fft coefficient  attr ""imag""  coeff 87 statistic; selected on train bearings only to avoid held-out leakage.",train_only,train_bearings_only,single_snapshot,"Bearing1_1,Bearing1_2,Bearing1_4,Bearing1_5",Bearing1_3,False
vertical__ar_coefficient__coeff_7__k_10,EfficientFCParameters,XJTU-SY,condition_1_35Hz12kN,rul,0.0006255750131255684,0.9893943883846975,-0.0006255750131255684,False,time_domain,vertical channel ar coefficient  coeff 7  k 10 statistic; selected on train bearings only to avoid held-out leakage.,train_only,train_bearings_only,single_snapshot,"Bearing1_1,Bearing1_2,Bearing1_4,Bearing1_5",Bearing1_3,False
horizontal__energy_ratio_by_chunks__num_segments_10__segment_focus_6,EfficientFCParameters,XJTU-SY,condition_1_35Hz12kN,rul,0.0006185933999692969,0.9895127435013509,-0.0006185933999692969,False,energy,horizontal channel energy ratio by chunks  num segments 10  segment focus 6 statistic; selected on train bearings only to avoid held-out leakage.,train_only,train_bearings_only,single_snapshot,"Bearing1_1,Bearing1_2,Bearing1_4,Bearing1_5",Bearing1_3,False
horizontal__ar_coefficient__coeff_0__k_10,EfficientFCParameters,XJTU-SY,condition_1_35Hz12kN,rul,0.0005689401461514183,0.9903544919304608,0.0005689401461514183,False,time_domain,horizontal channel ar coefficient  coeff 0  k 10 statistic; selected on train bearings only to avoid held-out leakage.,train_only,train_bearings_only,single_snapshot,"Bearing1_1,Bearing1_2,Bearing1_4,Bearing1_5",Bearing1_3,False
"vertical__fft_coefficient__attr_""abs""__coeff_80",EfficientFCParameters,XJTU-SY,condition_1_35Hz12kN,rul,0.0005603291263563692,0.9905004716435684,0.0005603291263563692,False,frequency,"vertical channel fft coefficient  attr ""abs""  coeff 80 statistic; selected on train bearings only to avoid held-out leakage.",train_only,train_bearings_only,single_snapshot,"Bearing1_1,Bearing1_2,Bearing1_4,Bearing1_5",Bearing1_3,False
"horizontal__fft_coefficient__attr_""real""__coeff_41",EfficientFCParameters,XJTU-SY,condition_1_35Hz12kN,rul,0.0005596015934047819,0.990512805278806,-0.0005596015934047819,False,frequency,"horizontal channel fft coefficient  attr ""real""  coeff 41 statistic; selected on train bearings only to avoid held-out leakage.",train_only,train_bearings_only,single_snapshot,"Bearing1_1,Bearing1_2,Bearing1_4,Bearing1_5",Bearing1_3,False
"vertical__fft_coefficient__attr_""angle""__coeff_76",EfficientFCParameters,XJTU-SY,condition_1_35Hz12kN,rul,0.0005384920506476311,0.9908706696298268,0.0005384920506476311,False,frequency,"vertical channel fft coefficient  attr ""angle""  coeff 76 statistic; selected on train bearings only to avoid held-out leakage.",train_only,train_bearings_only,single_snapshot,"Bearing1_1,Bearing1_2,Bearing1_4,Bearing1_5",Bearing1_3,False
"horizontal__fft_coefficient__attr_""imag""__coeff_74",EfficientFCParameters,XJTU-SY,condition_1_35Hz12kN,rul,0.00035955779262730075,0.9939041598990009,0.00035955779262730075,False,frequency,"horizontal channel fft coefficient  attr ""imag""  coeff 74 statistic; selected on train bearings only to avoid held-out leakage.",train_only,train_bearings_only,single_snapshot,"Bearing1_1,Bearing1_2,Bearing1_4,Bearing1_5",Bearing1_3,False
"horizontal__fft_coefficient__attr_""imag""__coeff_13",EfficientFCParameters,XJTU-SY,condition_1_35Hz12kN,rul,7.725067759191554e-05,0.9986903019676618,7.725067759191554e-05,False,frequency,"horizontal channel fft coefficient  attr ""imag""  coeff 13 statistic; selected on train bearings only to avoid held-out leakage.",train_only,train_bearings_only,single_snapshot,"Bearing1_1,Bearing1_2,Bearing1_4,Bearing1_5",Bearing1_3,False
"vertical__fft_coefficient__attr_""real""__coeff_80",EfficientFCParameters,XJTU-SY,condition_1_35Hz12kN,rul,6.077556790051671e-05,0.9989696186784355,-6.077556790051671e-05,False,frequency,"vertical channel fft coefficient  attr ""real""  coeff 80 statistic; selected on train bearings only to avoid held-out leakage.",train_only,train_bearings_only,single_snapshot,"Bearing1_1,Bearing1_2,Bearing1_4,Bearing1_5",Bearing1_3,False
"horizontal__fft_coefficient__attr_""angle""__coeff_75",EfficientFCParameters,XJTU-SY,condition_1_35Hz12kN,rul,3.77851705488441e-05,0.9993593948698937,3.77851705488441e-05,False,frequency,"horizontal channel fft coefficient  attr ""angle""  coeff 75 statistic; selected on train bearings only to avoid held-out leakage.",train_only,train_bearings_only,single_snapshot,"Bearing1_1,Bearing1_2,Bearing1_4,Bearing1_5",Bearing1_3,False
"horizontal__fft_coefficient__attr_""angle""__coeff_28",EfficientFCParameters,XJTU-SY,condition_1_35Hz12kN,rul,3.190761538340818e-05,0.9994590422000186,3.190761538340818e-05,False,frequency,"horizontal channel fft coefficient  attr ""angle""  coeff 28 statistic; selected on train bearings only to avoid held-out leakage.",train_only,train_bearings_only,single_snapshot,"Bearing1_1,Bearing1_2,Bearing1_4,Bearing1_5",Bearing1_3,False
"vertical__cwt_coefficients__coeff_6__w_20__widths_(2, 5, 10, 20)",EfficientFCParameters,XJTU-SY,condition_1_35Hz12kN,rul,1.7904001169864885e-05,0.9996964577429548,1.7904001169864885e-05,False,time_domain,"vertical channel cwt coefficients  coeff 6  w 20  widths (2, 5, 10, 20) statistic; selected on train bearings only to avoid held-out leakage.",train_only,train_bearings_only,single_snapshot,"Bearing1_1,Bearing1_2,Bearing1_4,Bearing1_5",Bearing1_3,False
horizontal__large_standard_deviation__r_0.6000000000000001,EfficientFCParameters,XJTU-SY,condition_1_35Hz12kN,rul,0.0,1.0,0.0,False,distribution,horizontal channel large standard deviation  r 0.6000000000000001 statistic; selected on train bearings only to avoid held-out leakage.,train_only,train_bearings_only,single_snapshot,"Bearing1_1,Bearing1_2,Bearing1_4,Bearing1_5",Bearing1_3,True
"horizontal__fft_coefficient__attr_""imag""__coeff_0",EfficientFCParameters,XJTU-SY,condition_1_35Hz12kN,rul,0.0,1.0,0.0,False,frequency,"horizontal channel fft coefficient  attr ""imag""  coeff 0 statistic; selected on train bearings only to avoid held-out leakage.",train_only,train_bearings_only,single_snapshot,"Bearing1_1,Bearing1_2,Bearing1_4,Bearing1_5",Bearing1_3,False
horizontal__large_standard_deviation__r_0.30000000000000004,EfficientFCParameters,XJTU-SY,condition_1_35Hz12kN,rul,0.0,1.0,0.0,False,distribution,horizontal channel large standard deviation  r 0.30000000000000004 statistic; selected on train bearings only to avoid held-out leakage.,train_only,train_bearings_only,single_snapshot,"Bearing1_1,Bearing1_2,Bearing1_4,Bearing1_5",Bearing1_3,True
horizontal__sum_values,EfficientFCParameters,XJTU-SY,condition_1_35Hz12kN,rul,0.0,1.0,0.0,False,time_domain,horizontal channel sum values statistic; selected on train bearings only to avoid held-out leakage.,train_only,train_bearings_only,single_snapshot,"Bearing1_1,Bearing1_2,Bearing1_4,Bearing1_5",Bearing1_3,False
horizontal__has_duplicate_min,EfficientFCParameters,XJTU-SY,condition_1_35Hz12kN,rul,0.0,1.0,0.0,False,time_domain,horizontal channel has duplicate min statistic; selected on train bearings only to avoid held-out leakage.,train_only,train_bearings_only,single_snapshot,"Bearing1_1,Bearing1_2,Bearing1_4,Bearing1_5",Bearing1_3,False
horizontal__abs_energy,EfficientFCParameters,XJTU-SY,condition_1_35Hz12kN,rul,0.0,1.0,0.0,False,energy,horizontal channel abs energy statistic; selected on train bearings only to avoid held-out leakage.,train_only,train_bearings_only,single_snapshot,"Bearing1_1,Bearing1_2,Bearing1_4,Bearing1_5",Bearing1_3,False
vertical__query_similarity_count__query_None__threshold_0.0,EfficientFCParameters,XJTU-SY,condition_1_35Hz12kN,rul,0.0,1.0,0.0,False,shape,vertical channel query similarity count  query None  threshold 0.0 statistic; selected on train bearings only to avoid held-out leakage.,train_only,train_bearings_only,single_snapshot,"Bearing1_1,Bearing1_2,Bearing1_4,Bearing1_5",Bearing1_3,False
horizontal__large_standard_deviation__r_0.25,EfficientFCParameters,XJTU-SY,condition_1_35Hz12kN,rul,0.0,1.0,0.0,False,distribution,horizontal channel large standard deviation  r 0.25 statistic; selected on train bearings only to avoid held-out leakage.,train_only,train_bearings_only,single_snapshot,"Bearing1_1,Bearing1_2,Bearing1_4,Bearing1_5",Bearing1_3,True
horizontal__root_mean_square,EfficientFCParameters,XJTU-SY,condition_1_35Hz12kN,rul,0.0,1.0,0.0,False,energy,horizontal channel root mean square statistic; selected on train bearings only to avoid held-out leakage.,train_only,train_bearings_only,single_snapshot,"Bearing1_1,Bearing1_2,Bearing1_4,Bearing1_5",Bearing1_3,True
horizontal__mean,EfficientFCParameters,XJTU-SY,condition_1_35Hz12kN,rul,0.0,1.0,0.0,False,time_domain,horizontal channel mean statistic; selected on train bearings only to avoid held-out leakage.,train_only,train_bearings_only,single_snapshot,"Bearing1_1,Bearing1_2,Bearing1_4,Bearing1_5",Bearing1_3,True
horizontal__length,EfficientFCParameters,XJTU-SY,condition_1_35Hz12kN,rul,0.0,1.0,0.0,False,shape,horizontal channel length statistic; selected on train bearings only to avoid held-out leakage.,train_only,train_bearings_only,single_snapshot,"Bearing1_1,Bearing1_2,Bearing1_4,Bearing1_5",Bearing1_3,False
horizontal__large_standard_deviation__r_0.45,EfficientFCParameters,XJTU-SY,condition_1_35Hz12kN,rul,0.0,1.0,0.0,False,distribution,horizontal channel large standard deviation  r 0.45 statistic; selected on train bearings only to avoid held-out leakage.,train_only,train_bearings_only,single_snapshot,"Bearing1_1,Bearing1_2,Bearing1_4,Bearing1_5",Bearing1_3,True
horizontal__large_standard_deviation__r_0.55,EfficientFCParameters,XJTU-SY,condition_1_35Hz12kN,rul,0.0,1.0,0.0,False,distribution,horizontal channel large standard deviation  r 0.55 statistic; selected on train bearings only to avoid held-out leakage.,train_only,train_bearings_only,single_snapshot,"Bearing1_1,Bearing1_2,Bearing1_4,Bearing1_5",Bearing1_3,True
horizontal__large_standard_deviation__r_0.35000000000000003,EfficientFCParameters,XJTU-SY,condition_1_35Hz12kN,rul,0.0,1.0,0.0,False,distribution,horizontal channel large standard deviation  r 0.35000000000000003 statistic; selected on train bearings only to avoid held-out leakage.,train_only,train_bearings_only,single_snapshot,"Bearing1_1,Bearing1_2,Bearing1_4,Bearing1_5",Bearing1_3,True
vertical__ratio_beyond_r_sigma__r_10,EfficientFCParameters,XJTU-SY,condition_1_35Hz12kN,rul,0.0,1.0,0.0,False,time_domain,vertical channel ratio beyond r sigma  r 10 statistic; selected on train bearings only to avoid held-out leakage.,train_only,train_bearings_only,single_snapshot,"Bearing1_1,Bearing1_2,Bearing1_4,Bearing1_5",Bearing1_3,False
vertical__ratio_beyond_r_sigma__r_7,EfficientFCParameters,XJTU-SY,condition_1_35Hz12kN,rul,0.0,1.0,0.0,False,time_domain,vertical channel ratio beyond r sigma  r 7 statistic; selected on train bearings only to avoid held-out leakage.,train_only,train_bearings_only,single_snapshot,"Bearing1_1,Bearing1_2,Bearing1_4,Bearing1_5",Bearing1_3,False
horizontal__large_standard_deviation__r_0.5,EfficientFCParameters,XJTU-SY,condition_1_35Hz12kN,rul,0.0,1.0,0.0,False,distribution,horizontal channel large standard deviation  r 0.5 statistic; selected on train bearings only to avoid held-out leakage.,train_only,train_bearings_only,single_snapshot,"Bearing1_1,Bearing1_2,Bearing1_4,Bearing1_5",Bearing1_3,True
vertical__ratio_beyond_r_sigma__r_6,EfficientFCParameters,XJTU-SY,condition_1_35Hz12kN,rul,0.0,1.0,0.0,False,time_domain,vertical channel ratio beyond r sigma  r 6 statistic; selected on train bearings only to avoid held-out leakage.,train_only,train_bearings_only,single_snapshot,"Bearing1_1,Bearing1_2,Bearing1_4,Bearing1_5",Bearing1_3,False
horizontal__large_standard_deviation__r_0.4,EfficientFCParameters,XJTU-SY,condition_1_35Hz12kN,rul,0.0,1.0,0.0,False,distribution,horizontal channel large standard deviation  r 0.4 statistic; selected on train bearings only to avoid held-out leakage.,train_only,train_bearings_only,single_snapshot,"Bearing1_1,Bearing1_2,Bearing1_4,Bearing1_5",Bearing1_3,True
horizontal__variance,EfficientFCParameters,XJTU-SY,condition_1_35Hz12kN,rul,0.0,1.0,0.0,False,distribution,horizontal channel variance statistic; selected on train bearings only to avoid held-out leakage.,train_only,train_bearings_only,single_snapshot,"Bearing1_1,Bearing1_2,Bearing1_4,Bearing1_5",Bearing1_3,True
"vertical__fft_coefficient__attr_""real""__coeff_0",EfficientFCParameters,XJTU-SY,condition_1_35Hz12kN,rul,0.0,1.0,0.0,False,frequency,"vertical channel fft coefficient  attr ""real""  coeff 0 statistic; selected on train bearings only to avoid held-out leakage.",train_only,train_bearings_only,single_snapshot,"Bearing1_1,Bearing1_2,Bearing1_4,Bearing1_5",Bearing1_3,False
"vertical__fft_coefficient__attr_""imag""__coeff_0",EfficientFCParameters,XJTU-SY,condition_1_35Hz12kN,rul,0.0,1.0,0.0,False,frequency,"vertical channel fft coefficient  attr ""imag""  coeff 0 statistic; selected on train bearings only to avoid held-out leakage.",train_only,train_bearings_only,single_snapshot,"Bearing1_1,Bearing1_2,Bearing1_4,Bearing1_5",Bearing1_3,False
"horizontal__fft_coefficient__attr_""real""__coeff_0",EfficientFCParameters,XJTU-SY,condition_1_35Hz12kN,rul,0.0,1.0,0.0,False,frequency,"horizontal channel fft coefficient  attr ""real""  coeff 0 statistic; selected on train bearings only to avoid held-out leakage.",train_only,train_bearings_only,single_snapshot,"Bearing1_1,Bearing1_2,Bearing1_4,Bearing1_5",Bearing1_3,False
horizontal__standard_deviation,EfficientFCParameters,XJTU-SY,condition_1_35Hz12kN,rul,0.0,1.0,0.0,False,distribution,horizontal channel standard deviation statistic; selected on train bearings only to avoid held-out leakage.,train_only,train_bearings_only,single_snapshot,"Bearing1_1,Bearing1_2,Bearing1_4,Bearing1_5",Bearing1_3,True
vertical__symmetry_looking__r_0.75,EfficientFCParameters,XJTU-SY,condition_1_35Hz12kN,rul,0.0,1.0,0.0,False,time_domain,vertical channel symmetry looking  r 0.75 statistic; selected on train bearings only to avoid held-out leakage.,train_only,train_bearings_only,single_snapshot,"Bearing1_1,Bearing1_2,Bearing1_4,Bearing1_5",Bearing1_3,False
horizontal__large_standard_deviation__r_0.65,EfficientFCParameters,XJTU-SY,condition_1_35Hz12kN,rul,0.0,1.0,0.0,False,distribution,horizontal channel large standard deviation  r 0.65 statistic; selected on train bearings only to avoid held-out leakage.,train_only,train_bearings_only,single_snapshot,"Bearing1_1,Bearing1_2,Bearing1_4,Bearing1_5",Bearing1_3,True
horizontal__large_standard_deviation__r_0.7000000000000001,EfficientFCParameters,XJTU-SY,condition_1_35Hz12kN,rul,0.0,1.0,0.0,False,distribution,horizontal channel large standard deviation  r 0.7000000000000001 statistic; selected on train bearings only to avoid held-out leakage.,train_only,train_bearings_only,single_snapshot,"Bearing1_1,Bearing1_2,Bearing1_4,Bearing1_5",Bearing1_3,True
horizontal__symmetry_looking__r_0.25,EfficientFCParameters,XJTU-SY,condition_1_35Hz12kN,rul,0.0,1.0,0.0,False,time_domain,horizontal channel symmetry looking  r 0.25 statistic; selected on train bearings only to avoid held-out leakage.,train_only,train_bearings_only,single_snapshot,"Bearing1_1,Bearing1_2,Bearing1_4,Bearing1_5",Bearing1_3,False
vertical__symmetry_looking__r_0.9500000000000001,EfficientFCParameters,XJTU-SY,condition_1_35Hz12kN,rul,0.0,1.0,0.0,False,time_domain,vertical channel symmetry looking  r 0.9500000000000001 statistic; selected on train bearings only to avoid held-out leakage.,train_only,train_bearings_only,single_snapshot,"Bearing1_1,Bearing1_2,Bearing1_4,Bearing1_5",Bearing1_3,False
vertical__root_mean_square,EfficientFCParameters,XJTU-SY,condition_1_35Hz12kN,rul,0.0,1.0,0.0,False,energy,vertical channel root mean square statistic; selected on train bearings only to avoid held-out leakage.,train_only,train_bearings_only,single_snapshot,"Bearing1_1,Bearing1_2,Bearing1_4,Bearing1_5",Bearing1_3,True
vertical__variance,EfficientFCParameters,XJTU-SY,condition_1_35Hz12kN,rul,0.0,1.0,0.0,False,distribution,vertical channel variance statistic; selected on train bearings only to avoid held-out leakage.,train_only,train_bearings_only,single_snapshot,"Bearing1_1,Bearing1_2,Bearing1_4,Bearing1_5",Bearing1_3,True
vertical__large_standard_deviation__r_0.05,EfficientFCParameters,XJTU-SY,condition_1_35Hz12kN,rul,0.0,1.0,0.0,False,distribution,vertical channel large standard deviation  r 0.05 statistic; selected on train bearings only to avoid held-out leakage.,train_only,train_bearings_only,single_snapshot,"Bearing1_1,Bearing1_2,Bearing1_4,Bearing1_5",Bearing1_3,True
vertical__standard_deviation,EfficientFCParameters,XJTU-SY,condition_1_35Hz12kN,rul,0.0,1.0,0.0,False,distribution,vertical channel standard deviation statistic; selected on train bearings only to avoid held-out leakage.,train_only,train_bearings_only,single_snapshot,"Bearing1_1,Bearing1_2,Bearing1_4,Bearing1_5",Bearing1_3,True
vertical__length,EfficientFCParameters,XJTU-SY,condition_1_35Hz12kN,rul,0.0,1.0,0.0,False,shape,vertical channel length statistic; selected on train bearings only to avoid held-out leakage.,train_only,train_bearings_only,single_snapshot,"Bearing1_1,Bearing1_2,Bearing1_4,Bearing1_5",Bearing1_3,False
vertical__large_standard_deviation__r_0.1,EfficientFCParameters,XJTU-SY,condition_1_35Hz12kN,rul,0.0,1.0,0.0,False,distribution,vertical channel large standard deviation  r 0.1 statistic; selected on train bearings only to avoid held-out leakage.,train_only,train_bearings_only,single_snapshot,"Bearing1_1,Bearing1_2,Bearing1_4,Bearing1_5",Bearing1_3,True
vertical__mean,EfficientFCParameters,XJTU-SY,condition_1_35Hz12kN,rul,0.0,1.0,0.0,False,time_domain,vertical channel mean statistic; selected on train bearings only to avoid held-out leakage.,train_only,train_bearings_only,single_snapshot,"Bearing1_1,Bearing1_2,Bearing1_4,Bearing1_5",Bearing1_3,True
horizontal__symmetry_looking__r_0.30000000000000004,EfficientFCParameters,XJTU-SY,condition_1_35Hz12kN,rul,0.0,1.0,0.0,False,time_domain,horizontal channel symmetry looking  r 0.30000000000000004 statistic; selected on train bearings only to avoid held-out leakage.,train_only,train_bearings_only,single_snapshot,"Bearing1_1,Bearing1_2,Bearing1_4,Bearing1_5",Bearing1_3,False
vertical__abs_energy,EfficientFCParameters,XJTU-SY,condition_1_35Hz12kN,rul,0.0,1.0,0.0,False,energy,vertical channel abs energy statistic; selected on train bearings only to avoid held-out leakage.,train_only,train_bearings_only,single_snapshot,"Bearing1_1,Bearing1_2,Bearing1_4,Bearing1_5",Bearing1_3,False
vertical__sum_values,EfficientFCParameters,XJTU-SY,condition_1_35Hz12kN,rul,0.0,1.0,0.0,False,time_domain,vertical channel sum values statistic; selected on train bearings only to avoid held-out leakage.,train_only,train_bearings_only,single_snapshot,"Bearing1_1,Bearing1_2,Bearing1_4,Bearing1_5",Bearing1_3,False
horizontal__symmetry_looking__r_0.35000000000000003,EfficientFCParameters,XJTU-SY,condition_1_35Hz12kN,rul,0.0,1.0,0.0,False,time_domain,horizontal channel symmetry looking  r 0.35000000000000003 statistic; selected on train bearings only to avoid held-out leakage.,train_only,train_bearings_only,single_snapshot,"Bearing1_1,Bearing1_2,Bearing1_4,Bearing1_5",Bearing1_3,False
vertical__large_standard_deviation__r_0.25,EfficientFCParameters,XJTU-SY,condition_1_35Hz12kN,rul,0.0,1.0,0.0,False,distribution,vertical channel large standard deviation  r 0.25 statistic; selected on train bearings only to avoid held-out leakage.,train_only,train_bearings_only,single_snapshot,"Bearing1_1,Bearing1_2,Bearing1_4,Bearing1_5",Bearing1_3,True
vertical__has_duplicate_max,EfficientFCParameters,XJTU-SY,condition_1_35Hz12kN,rul,0.0,1.0,0.0,False,time_domain,vertical channel has duplicate max statistic; selected on train bearings only to avoid held-out leakage.,train_only,train_bearings_only,single_snapshot,"Bearing1_1,Bearing1_2,Bearing1_4,Bearing1_5",Bearing1_3,False
horizontal__has_duplicate_max,EfficientFCParameters,XJTU-SY,condition_1_35Hz12kN,rul,0.0,1.0,0.0,False,time_domain,horizontal channel has duplicate max statistic; selected on train bearings only to avoid held-out leakage.,train_only,train_bearings_only,single_snapshot,"Bearing1_1,Bearing1_2,Bearing1_4,Bearing1_5",Bearing1_3,False
horizontal__symmetry_looking__r_0.4,EfficientFCParameters,XJTU-SY,condition_1_35Hz12kN,rul,0.0,1.0,0.0,False,time_domain,horizontal channel symmetry looking  r 0.4 statistic; selected on train bearings only to avoid held-out leakage.,train_only,train_bearings_only,single_snapshot,"Bearing1_1,Bearing1_2,Bearing1_4,Bearing1_5",Bearing1_3,False
horizontal__query_similarity_count__query_None__threshold_0.0,EfficientFCParameters,XJTU-SY,condition_1_35Hz12kN,rul,0.0,1.0,0.0,False,shape,horizontal channel query similarity count  query None  threshold 0.0 statistic; selected on train bearings only to avoid held-out leakage.,train_only,train_bearings_only,single_snapshot,"Bearing1_1,Bearing1_2,Bearing1_4,Bearing1_5",Bearing1_3,False
horizontal__symmetry_looking__r_0.45,EfficientFCParameters,XJTU-SY,condition_1_35Hz12kN,rul,0.0,1.0,0.0,False,time_domain,horizontal channel symmetry looking  r 0.45 statistic; selected on train bearings only to avoid held-out leakage.,train_only,train_bearings_only,single_snapshot,"Bearing1_1,Bearing1_2,Bearing1_4,Bearing1_5",Bearing1_3,False
vertical__symmetry_looking__r_0.9,EfficientFCParameters,XJTU-SY,condition_1_35Hz12kN,rul,0.0,1.0,0.0,False,time_domain,vertical channel symmetry looking  r 0.9 statistic; selected on train bearings only to avoid held-out leakage.,train_only,train_bearings_only,single_snapshot,"Bearing1_1,Bearing1_2,Bearing1_4,Bearing1_5",Bearing1_3,False
horizontal__symmetry_looking__r_0.2,EfficientFCParameters,XJTU-SY,condition_1_35Hz12kN,rul,0.0,1.0,0.0,False,time_domain,horizontal channel symmetry looking  r 0.2 statistic; selected on train bearings only to avoid held-out leakage.,train_only,train_bearings_only,single_snapshot,"Bearing1_1,Bearing1_2,Bearing1_4,Bearing1_5",Bearing1_3,False
horizontal__symmetry_looking__r_0.15000000000000002,EfficientFCParameters,XJTU-SY,condition_1_35Hz12kN,rul,0.0,1.0,0.0,False,time_domain,horizontal channel symmetry looking  r 0.15000000000000002 statistic; selected on train bearings only to avoid held-out leakage.,train_only,train_bearings_only,single_snapshot,"Bearing1_1,Bearing1_2,Bearing1_4,Bearing1_5",Bearing1_3,False
vertical__symmetry_looking__r_0.45,EfficientFCParameters,XJTU-SY,condition_1_35Hz12kN,rul,0.0,1.0,0.0,False,time_domain,vertical channel symmetry looking  r 0.45 statistic; selected on train bearings only to avoid held-out leakage.,train_only,train_bearings_only,single_snapshot,"Bearing1_1,Bearing1_2,Bearing1_4,Bearing1_5",Bearing1_3,False
vertical__symmetry_looking__r_0.8,EfficientFCParameters,XJTU-SY,condition_1_35Hz12kN,rul,0.0,1.0,0.0,False,time_domain,vertical channel symmetry looking  r 0.8 statistic; selected on train bearings only to avoid held-out leakage.,train_only,train_bearings_only,single_snapshot,"Bearing1_1,Bearing1_2,Bearing1_4,Bearing1_5",Bearing1_3,False
horizontal__symmetry_looking__r_0.1,EfficientFCParameters,XJTU-SY,condition_1_35Hz12kN,rul,0.0,1.0,0.0,False,time_domain,horizontal channel symmetry looking  r 0.1 statistic; selected on train bearings only to avoid held-out leakage.,train_only,train_bearings_only,single_snapshot,"Bearing1_1,Bearing1_2,Bearing1_4,Bearing1_5",Bearing1_3,False
vertical__symmetry_looking__r_0.65,EfficientFCParameters,XJTU-SY,condition_1_35Hz12kN,rul,0.0,1.0,0.0,False,time_domain,vertical channel symmetry looking  r 0.65 statistic; selected on train bearings only to avoid held-out leakage.,train_only,train_bearings_only,single_snapshot,"Bearing1_1,Bearing1_2,Bearing1_4,Bearing1_5",Bearing1_3,False
horizontal__symmetry_looking__r_0.05,EfficientFCParameters,XJTU-SY,condition_1_35Hz12kN,rul,0.0,1.0,0.0,False,time_domain,horizontal channel symmetry looking  r 0.05 statistic; selected on train bearings only to avoid held-out leakage.,train_only,train_bearings_only,single_snapshot,"Bearing1_1,Bearing1_2,Bearing1_4,Bearing1_5",Bearing1_3,False
horizontal__symmetry_looking__r_0.0,EfficientFCParameters,XJTU-SY,condition_1_35Hz12kN,rul,0.0,1.0,0.0,False,time_domain,horizontal channel symmetry looking  r 0.0 statistic; selected on train bearings only to avoid held-out leakage.,train_only,train_bearings_only,single_snapshot,"Bearing1_1,Bearing1_2,Bearing1_4,Bearing1_5",Bearing1_3,False
vertical__symmetry_looking__r_0.6000000000000001,EfficientFCParameters,XJTU-SY,condition_1_35Hz12kN,rul,0.0,1.0,0.0,False,time_domain,vertical channel symmetry looking  r 0.6000000000000001 statistic; selected on train bearings only to avoid held-out leakage.,train_only,train_bearings_only,single_snapshot,"Bearing1_1,Bearing1_2,Bearing1_4,Bearing1_5",Bearing1_3,False
vertical__symmetry_looking__r_0.55,EfficientFCParameters,XJTU-SY,condition_1_35Hz12kN,rul,0.0,1.0,0.0,False,time_domain,vertical channel symmetry looking  r 0.55 statistic; selected on train bearings only to avoid held-out leakage.,train_only,train_bearings_only,single_snapshot,"Bearing1_1,Bearing1_2,Bearing1_4,Bearing1_5",Bearing1_3,False
vertical__symmetry_looking__r_0.5,EfficientFCParameters,XJTU-SY,condition_1_35Hz12kN,rul,0.0,1.0,0.0,False,time_domain,vertical channel symmetry looking  r 0.5 statistic; selected on train bearings only to avoid held-out leakage.,train_only,train_bearings_only,single_snapshot,"Bearing1_1,Bearing1_2,Bearing1_4,Bearing1_5",Bearing1_3,False
vertical__symmetry_looking__r_0.4,EfficientFCParameters,XJTU-SY,condition_1_35Hz12kN,rul,0.0,1.0,0.0,False,time_domain,vertical channel symmetry looking  r 0.4 statistic; selected on train bearings only to avoid held-out leakage.,train_only,train_bearings_only,single_snapshot,"Bearing1_1,Bearing1_2,Bearing1_4,Bearing1_5",Bearing1_3,False
vertical__symmetry_looking__r_0.0,EfficientFCParameters,XJTU-SY,condition_1_35Hz12kN,rul,0.0,1.0,0.0,False,time_domain,vertical channel symmetry looking  r 0.0 statistic; selected on train bearings only to avoid held-out leakage.,train_only,train_bearings_only,single_snapshot,"Bearing1_1,Bearing1_2,Bearing1_4,Bearing1_5",Bearing1_3,False
vertical__symmetry_looking__r_0.35000000000000003,EfficientFCParameters,XJTU-SY,condition_1_35Hz12kN,rul,0.0,1.0,0.0,False,time_domain,vertical channel symmetry looking  r 0.35000000000000003 statistic; selected on train bearings only to avoid held-out leakage.,train_only,train_bearings_only,single_snapshot,"Bearing1_1,Bearing1_2,Bearing1_4,Bearing1_5",Bearing1_3,False
vertical__symmetry_looking__r_0.30000000000000004,EfficientFCParameters,XJTU-SY,condition_1_35Hz12kN,rul,0.0,1.0,0.0,False,time_domain,vertical channel symmetry looking  r 0.30000000000000004 statistic; selected on train bearings only to avoid held-out leakage.,train_only,train_bearings_only,single_snapshot,"Bearing1_1,Bearing1_2,Bearing1_4,Bearing1_5",Bearing1_3,False
vertical__symmetry_looking__r_0.25,EfficientFCParameters,XJTU-SY,condition_1_35Hz12kN,rul,0.0,1.0,0.0,False,time_domain,vertical channel symmetry looking  r 0.25 statistic; selected on train bearings only to avoid held-out leakage.,train_only,train_bearings_only,single_snapshot,"Bearing1_1,Bearing1_2,Bearing1_4,Bearing1_5",Bearing1_3,False
vertical__symmetry_looking__r_0.2,EfficientFCParameters,XJTU-SY,condition_1_35Hz12kN,rul,0.0,1.0,0.0,False,time_domain,vertical channel symmetry looking  r 0.2 statistic; selected on train bearings only to avoid held-out leakage.,train_only,train_bearings_only,single_snapshot,"Bearing1_1,Bearing1_2,Bearing1_4,Bearing1_5",Bearing1_3,False
vertical__symmetry_looking__r_0.8500000000000001,EfficientFCParameters,XJTU-SY,condition_1_35Hz12kN,rul,0.0,1.0,0.0,False,time_domain,vertical channel symmetry looking  r 0.8500000000000001 statistic; selected on train bearings only to avoid held-out leakage.,train_only,train_bearings_only,single_snapshot,"Bearing1_1,Bearing1_2,Bearing1_4,Bearing1_5",Bearing1_3,False
vertical__symmetry_looking__r_0.15000000000000002,EfficientFCParameters,XJTU-SY,condition_1_35Hz12kN,rul,0.0,1.0,0.0,False,time_domain,vertical channel symmetry looking  r 0.15000000000000002 statistic; selected on train bearings only to avoid held-out leakage.,train_only,train_bearings_only,single_snapshot,"Bearing1_1,Bearing1_2,Bearing1_4,Bearing1_5",Bearing1_3,False
vertical__symmetry_looking__r_0.1,EfficientFCParameters,XJTU-SY,condition_1_35Hz12kN,rul,0.0,1.0,0.0,False,time_domain,vertical channel symmetry looking  r 0.1 statistic; selected on train bearings only to avoid held-out leakage.,train_only,train_bearings_only,single_snapshot,"Bearing1_1,Bearing1_2,Bearing1_4,Bearing1_5",Bearing1_3,False
vertical__symmetry_looking__r_0.05,EfficientFCParameters,XJTU-SY,condition_1_35Hz12kN,rul,0.0,1.0,0.0,False,time_domain,vertical channel symmetry looking  r 0.05 statistic; selected on train bearings only to avoid held-out leakage.,train_only,train_bearings_only,single_snapshot,"Bearing1_1,Bearing1_2,Bearing1_4,Bearing1_5",Bearing1_3,False
vertical__large_standard_deviation__r_0.30000000000000004,EfficientFCParameters,XJTU-SY,condition_1_35Hz12kN,rul,0.0,1.0,0.0,False,distribution,vertical channel large standard deviation  r 0.30000000000000004 statistic; selected on train bearings only to avoid held-out leakage.,train_only,train_bearings_only,single_snapshot,"Bearing1_1,Bearing1_2,Bearing1_4,Bearing1_5",Bearing1_3,True
vertical__large_standard_deviation__r_0.35000000000000003,EfficientFCParameters,XJTU-SY,condition_1_35Hz12kN,rul,0.0,1.0,0.0,False,distribution,vertical channel large standard deviation  r 0.35000000000000003 statistic; selected on train bearings only to avoid held-out leakage.,train_only,train_bearings_only,single_snapshot,"Bearing1_1,Bearing1_2,Bearing1_4,Bearing1_5",Bearing1_3,True
horizontal__ratio_beyond_r_sigma__r_10,EfficientFCParameters,XJTU-SY,condition_1_35Hz12kN,rul,0.0,1.0,0.0,False,time_domain,horizontal channel ratio beyond r sigma  r 10 statistic; selected on train bearings only to avoid held-out leakage.,train_only,train_bearings_only,single_snapshot,"Bearing1_1,Bearing1_2,Bearing1_4,Bearing1_5",Bearing1_3,False
"vertical__fft_coefficient__attr_""abs""__coeff_0",EfficientFCParameters,XJTU-SY,condition_1_35Hz12kN,rul,0.0,1.0,0.0,False,frequency,"vertical channel fft coefficient  attr ""abs""  coeff 0 statistic; selected on train bearings only to avoid held-out leakage.",train_only,train_bearings_only,single_snapshot,"Bearing1_1,Bearing1_2,Bearing1_4,Bearing1_5",Bearing1_3,False
horizontal__symmetry_looking__r_0.65,EfficientFCParameters,XJTU-SY,condition_1_35Hz12kN,rul,0.0,1.0,0.0,False,time_domain,horizontal channel symmetry looking  r 0.65 statistic; selected on train bearings only to avoid held-out leakage.,train_only,train_bearings_only,single_snapshot,"Bearing1_1,Bearing1_2,Bearing1_4,Bearing1_5",Bearing1_3,False
horizontal__symmetry_looking__r_0.7000000000000001,EfficientFCParameters,XJTU-SY,condition_1_35Hz12kN,rul,0.0,1.0,0.0,False,time_domain,horizontal channel symmetry looking  r 0.7000000000000001 statistic; selected on train bearings only to avoid held-out leakage.,train_only,train_bearings_only,single_snapshot,"Bearing1_1,Bearing1_2,Bearing1_4,Bearing1_5",Bearing1_3,False
horizontal__symmetry_looking__r_0.75,EfficientFCParameters,XJTU-SY,condition_1_35Hz12kN,rul,0.0,1.0,0.0,False,time_domain,horizontal channel symmetry looking  r 0.75 statistic; selected on train bearings only to avoid held-out leakage.,train_only,train_bearings_only,single_snapshot,"Bearing1_1,Bearing1_2,Bearing1_4,Bearing1_5",Bearing1_3,False
horizontal__symmetry_looking__r_0.8,EfficientFCParameters,XJTU-SY,condition_1_35Hz12kN,rul,0.0,1.0,0.0,False,time_domain,horizontal channel symmetry looking  r 0.8 statistic; selected on train bearings only to avoid held-out leakage.,train_only,train_bearings_only,single_snapshot,"Bearing1_1,Bearing1_2,Bearing1_4,Bearing1_5",Bearing1_3,False
horizontal__symmetry_looking__r_0.8500000000000001,EfficientFCParameters,XJTU-SY,condition_1_35Hz12kN,rul,0.0,1.0,0.0,False,time_domain,horizontal channel symmetry looking  r 0.8500000000000001 statistic; selected on train bearings only to avoid held-out leakage.,train_only,train_bearings_only,single_snapshot,"Bearing1_1,Bearing1_2,Bearing1_4,Bearing1_5",Bearing1_3,False
horizontal__symmetry_looking__r_0.9,EfficientFCParameters,XJTU-SY,condition_1_35Hz12kN,rul,0.0,1.0,0.0,False,time_domain,horizontal channel symmetry looking  r 0.9 statistic; selected on train bearings only to avoid held-out leakage.,train_only,train_bearings_only,single_snapshot,"Bearing1_1,Bearing1_2,Bearing1_4,Bearing1_5",Bearing1_3,False
horizontal__symmetry_looking__r_0.9500000000000001,EfficientFCParameters,XJTU-SY,condition_1_35Hz12kN,rul,0.0,1.0,0.0,False,time_domain,horizontal channel symmetry looking  r 0.9500000000000001 statistic; selected on train bearings only to avoid held-out leakage.,train_only,train_bearings_only,single_snapshot,"Bearing1_1,Bearing1_2,Bearing1_4,Bearing1_5",Bearing1_3,False
horizontal__large_standard_deviation__r_0.05,EfficientFCParameters,XJTU-SY,condition_1_35Hz12kN,rul,0.0,1.0,0.0,False,distribution,horizontal channel large standard deviation  r 0.05 statistic; selected on train bearings only to avoid held-out leakage.,train_only,train_bearings_only,single_snapshot,"Bearing1_1,Bearing1_2,Bearing1_4,Bearing1_5",Bearing1_3,True
vertical__symmetry_looking__r_0.7000000000000001,EfficientFCParameters,XJTU-SY,condition_1_35Hz12kN,rul,0.0,1.0,0.0,False,time_domain,vertical channel symmetry looking  r 0.7000000000000001 statistic; selected on train bearings only to avoid held-out leakage.,train_only,train_bearings_only,single_snapshot,"Bearing1_1,Bearing1_2,Bearing1_4,Bearing1_5",Bearing1_3,False
horizontal__symmetry_looking__r_0.6000000000000001,EfficientFCParameters,XJTU-SY,condition_1_35Hz12kN,rul,0.0,1.0,0.0,False,time_domain,horizontal channel symmetry looking  r 0.6000000000000001 statistic; selected on train bearings only to avoid held-out leakage.,train_only,train_bearings_only,single_snapshot,"Bearing1_1,Bearing1_2,Bearing1_4,Bearing1_5",Bearing1_3,False
"horizontal__fft_coefficient__attr_""abs""__coeff_0",EfficientFCParameters,XJTU-SY,condition_1_35Hz12kN,rul,0.0,1.0,0.0,False,frequency,"horizontal channel fft coefficient  attr ""abs""  coeff 0 statistic; selected on train bearings only to avoid held-out leakage.",train_only,train_bearings_only,single_snapshot,"Bearing1_1,Bearing1_2,Bearing1_4,Bearing1_5",Bearing1_3,False
vertical__value_count__value_0,EfficientFCParameters,XJTU-SY,condition_1_35Hz12kN,rul,0.0,1.0,0.0,False,shape,vertical channel value count  value 0 statistic; selected on train bearings only to avoid held-out leakage.,train_only,train_bearings_only,single_snapshot,"Bearing1_1,Bearing1_2,Bearing1_4,Bearing1_5",Bearing1_3,False
vertical__value_count__value_1,EfficientFCParameters,XJTU-SY,condition_1_35Hz12kN,rul,0.0,1.0,0.0,False,shape,vertical channel value count  value 1 statistic; selected on train bearings only to avoid held-out leakage.,train_only,train_bearings_only,single_snapshot,"Bearing1_1,Bearing1_2,Bearing1_4,Bearing1_5",Bearing1_3,False
vertical__value_count__value_-1,EfficientFCParameters,XJTU-SY,condition_1_35Hz12kN,rul,0.0,1.0,0.0,False,shape,vertical channel value count  value -1 statistic; selected on train bearings only to avoid held-out leakage.,train_only,train_bearings_only,single_snapshot,"Bearing1_1,Bearing1_2,Bearing1_4,Bearing1_5",Bearing1_3,False
horizontal__large_standard_deviation__r_0.9,EfficientFCParameters,XJTU-SY,condition_1_35Hz12kN,rul,0.0,1.0,0.0,False,distribution,horizontal channel large standard deviation  r 0.9 statistic; selected on train bearings only to avoid held-out leakage.,train_only,train_bearings_only,single_snapshot,"Bearing1_1,Bearing1_2,Bearing1_4,Bearing1_5",Bearing1_3,True
horizontal__large_standard_deviation__r_0.8500000000000001,EfficientFCParameters,XJTU-SY,condition_1_35Hz12kN,rul,0.0,1.0,0.0,False,distribution,horizontal channel large standard deviation  r 0.8500000000000001 statistic; selected on train bearings only to avoid held-out leakage.,train_only,train_bearings_only,single_snapshot,"Bearing1_1,Bearing1_2,Bearing1_4,Bearing1_5",Bearing1_3,True
horizontal__large_standard_deviation__r_0.8,EfficientFCParameters,XJTU-SY,condition_1_35Hz12kN,rul,0.0,1.0,0.0,False,distribution,horizontal channel large standard deviation  r 0.8 statistic; selected on train bearings only to avoid held-out leakage.,train_only,train_bearings_only,single_snapshot,"Bearing1_1,Bearing1_2,Bearing1_4,Bearing1_5",Bearing1_3,True
horizontal__large_standard_deviation__r_0.75,EfficientFCParameters,XJTU-SY,condition_1_35Hz12kN,rul,0.0,1.0,0.0,False,distribution,horizontal channel large standard deviation  r 0.75 statistic; selected on train bearings only to avoid held-out leakage.,train_only,train_bearings_only,single_snapshot,"Bearing1_1,Bearing1_2,Bearing1_4,Bearing1_5",Bearing1_3,True
horizontal__large_standard_deviation__r_0.9500000000000001,EfficientFCParameters,XJTU-SY,condition_1_35Hz12kN,rul,0.0,1.0,0.0,False,distribution,horizontal channel large standard deviation  r 0.9500000000000001 statistic; selected on train bearings only to avoid held-out leakage.,train_only,train_bearings_only,single_snapshot,"Bearing1_1,Bearing1_2,Bearing1_4,Bearing1_5",Bearing1_3,True
vertical__partial_autocorrelation__lag_0,EfficientFCParameters,XJTU-SY,condition_1_35Hz12kN,rul,0.0,1.0,0.0,False,time_domain,vertical channel partial autocorrelation  lag 0 statistic; selected on train bearings only to avoid held-out leakage.,train_only,train_bearings_only,single_snapshot,"Bearing1_1,Bearing1_2,Bearing1_4,Bearing1_5",Bearing1_3,False
horizontal__ratio_beyond_r_sigma__r_7,EfficientFCParameters,XJTU-SY,condition_1_35Hz12kN,rul,0.0,1.0,0.0,False,time_domain,horizontal channel ratio beyond r sigma  r 7 statistic; selected on train bearings only to avoid held-out leakage.,train_only,train_bearings_only,single_snapshot,"Bearing1_1,Bearing1_2,Bearing1_4,Bearing1_5",Bearing1_3,False
vertical__large_standard_deviation__r_0.75,EfficientFCParameters,XJTU-SY,condition_1_35Hz12kN,rul,0.0,1.0,0.0,False,distribution,vertical channel large standard deviation  r 0.75 statistic; selected on train bearings only to avoid held-out leakage.,train_only,train_bearings_only,single_snapshot,"Bearing1_1,Bearing1_2,Bearing1_4,Bearing1_5",Bearing1_3,True
vertical__large_standard_deviation__r_0.4,EfficientFCParameters,XJTU-SY,condition_1_35Hz12kN,rul,0.0,1.0,0.0,False,distribution,vertical channel large standard deviation  r 0.4 statistic; selected on train bearings only to avoid held-out leakage.,train_only,train_bearings_only,single_snapshot,"Bearing1_1,Bearing1_2,Bearing1_4,Bearing1_5",Bearing1_3,True
vertical__large_standard_deviation__r_0.45,EfficientFCParameters,XJTU-SY,condition_1_35Hz12kN,rul,0.0,1.0,0.0,False,distribution,vertical channel large standard deviation  r 0.45 statistic; selected on train bearings only to avoid held-out leakage.,train_only,train_bearings_only,single_snapshot,"Bearing1_1,Bearing1_2,Bearing1_4,Bearing1_5",Bearing1_3,True
horizontal__symmetry_looking__r_0.5,EfficientFCParameters,XJTU-SY,condition_1_35Hz12kN,rul,0.0,1.0,0.0,False,time_domain,horizontal channel symmetry looking  r 0.5 statistic; selected on train bearings only to avoid held-out leakage.,train_only,train_bearings_only,single_snapshot,"Bearing1_1,Bearing1_2,Bearing1_4,Bearing1_5",Bearing1_3,False
vertical__large_standard_deviation__r_0.5,EfficientFCParameters,XJTU-SY,condition_1_35Hz12kN,rul,0.0,1.0,0.0,False,distribution,vertical channel large standard deviation  r 0.5 statistic; selected on train bearings only to avoid held-out leakage.,train_only,train_bearings_only,single_snapshot,"Bearing1_1,Bearing1_2,Bearing1_4,Bearing1_5",Bearing1_3,True
vertical__large_standard_deviation__r_0.55,EfficientFCParameters,XJTU-SY,condition_1_35Hz12kN,rul,0.0,1.0,0.0,False,distribution,vertical channel large standard deviation  r 0.55 statistic; selected on train bearings only to avoid held-out leakage.,train_only,train_bearings_only,single_snapshot,"Bearing1_1,Bearing1_2,Bearing1_4,Bearing1_5",Bearing1_3,True
vertical__large_standard_deviation__r_0.6000000000000001,EfficientFCParameters,XJTU-SY,condition_1_35Hz12kN,rul,0.0,1.0,0.0,False,distribution,vertical channel large standard deviation  r 0.6000000000000001 statistic; selected on train bearings only to avoid held-out leakage.,train_only,train_bearings_only,single_snapshot,"Bearing1_1,Bearing1_2,Bearing1_4,Bearing1_5",Bearing1_3,True
vertical__large_standard_deviation__r_0.65,EfficientFCParameters,XJTU-SY,condition_1_35Hz12kN,rul,0.0,1.0,0.0,False,distribution,vertical channel large standard deviation  r 0.65 statistic; selected on train bearings only to avoid held-out leakage.,train_only,train_bearings_only,single_snapshot,"Bearing1_1,Bearing1_2,Bearing1_4,Bearing1_5",Bearing1_3,True
vertical__large_standard_deviation__r_0.7000000000000001,EfficientFCParameters,XJTU-SY,condition_1_35Hz12kN,rul,0.0,1.0,0.0,False,distribution,vertical channel large standard deviation  r 0.7000000000000001 statistic; selected on train bearings only to avoid held-out leakage.,train_only,train_bearings_only,single_snapshot,"Bearing1_1,Bearing1_2,Bearing1_4,Bearing1_5",Bearing1_3,True
vertical__large_standard_deviation__r_0.8,EfficientFCParameters,XJTU-SY,condition_1_35Hz12kN,rul,0.0,1.0,0.0,False,distribution,vertical channel large standard deviation  r 0.8 statistic; selected on train bearings only to avoid held-out leakage.,train_only,train_bearings_only,single_snapshot,"Bearing1_1,Bearing1_2,Bearing1_4,Bearing1_5",Bearing1_3,True
horizontal__autocorrelation__lag_0,EfficientFCParameters,XJTU-SY,condition_1_35Hz12kN,rul,0.0,1.0,0.0,False,time_domain,horizontal channel autocorrelation  lag 0 statistic; selected on train bearings only to avoid held-out leakage.,train_only,train_bearings_only,single_snapshot,"Bearing1_1,Bearing1_2,Bearing1_4,Bearing1_5",Bearing1_3,False
vertical__large_standard_deviation__r_0.8500000000000001,EfficientFCParameters,XJTU-SY,condition_1_35Hz12kN,rul,0.0,1.0,0.0,False,distribution,vertical channel large standard deviation  r 0.8500000000000001 statistic; selected on train bearings only to avoid held-out leakage.,train_only,train_bearings_only,single_snapshot,"Bearing1_1,Bearing1_2,Bearing1_4,Bearing1_5",Bearing1_3,True
horizontal__value_count__value_-1,EfficientFCParameters,XJTU-SY,condition_1_35Hz12kN,rul,0.0,1.0,0.0,False,shape,horizontal channel value count  value -1 statistic; selected on train bearings only to avoid held-out leakage.,train_only,train_bearings_only,single_snapshot,"Bearing1_1,Bearing1_2,Bearing1_4,Bearing1_5",Bearing1_3,False
horizontal__value_count__value_1,EfficientFCParameters,XJTU-SY,condition_1_35Hz12kN,rul,0.0,1.0,0.0,False,shape,horizontal channel value count  value 1 statistic; selected on train bearings only to avoid held-out leakage.,train_only,train_bearings_only,single_snapshot,"Bearing1_1,Bearing1_2,Bearing1_4,Bearing1_5",Bearing1_3,False
horizontal__value_count__value_0,EfficientFCParameters,XJTU-SY,condition_1_35Hz12kN,rul,0.0,1.0,0.0,False,shape,horizontal channel value count  value 0 statistic; selected on train bearings only to avoid held-out leakage.,train_only,train_bearings_only,single_snapshot,"Bearing1_1,Bearing1_2,Bearing1_4,Bearing1_5",Bearing1_3,False
vertical__large_standard_deviation__r_0.9,EfficientFCParameters,XJTU-SY,condition_1_35Hz12kN,rul,0.0,1.0,0.0,False,distribution,vertical channel large standard deviation  r 0.9 statistic; selected on train bearings only to avoid held-out leakage.,train_only,train_bearings_only,single_snapshot,"Bearing1_1,Bearing1_2,Bearing1_4,Bearing1_5",Bearing1_3,True
horizontal__symmetry_looking__r_0.55,EfficientFCParameters,XJTU-SY,condition_1_35Hz12kN,rul,0.0,1.0,0.0,False,time_domain,horizontal channel symmetry looking  r 0.55 statistic; selected on train bearings only to avoid held-out leakage.,train_only,train_bearings_only,single_snapshot,"Bearing1_1,Bearing1_2,Bearing1_4,Bearing1_5",Bearing1_3,False
vertical__large_standard_deviation__r_0.9500000000000001,EfficientFCParameters,XJTU-SY,condition_1_35Hz12kN,rul,0.0,1.0,0.0,False,distribution,vertical channel large standard deviation  r 0.9500000000000001 statistic; selected on train bearings only to avoid held-out leakage.,train_only,train_bearings_only,single_snapshot,"Bearing1_1,Bearing1_2,Bearing1_4,Bearing1_5",Bearing1_3,True
vertical__autocorrelation__lag_0,EfficientFCParameters,XJTU-SY,condition_1_35Hz12kN,rul,0.0,1.0,0.0,False,time_domain,vertical channel autocorrelation  lag 0 statistic; selected on train bearings only to avoid held-out leakage.,train_only,train_bearings_only,single_snapshot,"Bearing1_1,Bearing1_2,Bearing1_4,Bearing1_5",Bearing1_3,False
horizontal__partial_autocorrelation__lag_0,EfficientFCParameters,XJTU-SY,condition_1_35Hz12kN,rul,0.0,1.0,0.0,False,time_domain,horizontal channel partial autocorrelation  lag 0 statistic; selected on train bearings only to avoid held-out leakage.,train_only,train_bearings_only,single_snapshot,"Bearing1_1,Bearing1_2,Bearing1_4,Bearing1_5",Bearing1_3,False
