experiment_name,feature_backend,seed,bearing_id,snapshot_index,true_rul,predicted_rul,split_name
XJTU-SY-condition_1_35Hz12kN-manual_19-RandomForestRegressor,manual_19,0,Bearing1_3,1,157.0,51.25959533522033,train_Bearing1_1_1_2_1_4_1_5_test_Bearing1_3
XJTU-SY-condition_1_35Hz12kN-manual_19-RandomForestRegressor,manual_19,0,Bearing1_3,2,156.0,75.82003007409256,train_Bearing1_1_1_2_1_4_1_5_test_Bearing1_3
XJTU-SY-condition_1_35Hz12kN-manual_19-RandomForestRegressor,manual_19,0,Bearing1_3,3,155.0,49.50771672771673,train_Bearing1_1_1_2_1_4_1_5_test_Bearing1_3
XJTU-SY-condition_1_35Hz12kN-manual_19-RandomForestRegressor,manual_19,0,Bearing1_3,4,154.0,39.62320436507937,train_Bearing1_1_1_2_1_4_1_5_test_Bearing1_3
XJTU-SY-condition_1_35Hz12kN-manual_19-RandomForestRegressor,manual_19,0,Bearing1_3,5,153.0,43.99823277417027,train_Bearing1_1_1_2_1_4_1_5_test_Bearing1_3
XJTU-SY-condition_1_35Hz12kN-manual_19-RandomForestRegressor,manual_19,0,Bearing1_3,6,152.0,89.66153544372294,train_Bearing1_1_1_2_1_4_1_5_test_Bearing1_3
XJTU-SY-condition_1_35Hz12kN-manual_19-RandomForestRegressor,manual_19,0,Bearing1_3,7,151.0,88.11928533272285,train_Bearing1_1_1_2_1_4_1_5_test_Bearing1_3
XJTU-SY-condition_1_35Hz12kN-manual_19-RandomForestRegressor,manual_19,0,Bearing1_3,8,150.0,80.49678196803198,train_Bearing1_1_1_2_1_4_1_5_test_Bearing1_3
XJTU-SY-condition_1_35Hz12kN-manual_19-RandomForestRegressor,manual_19,0,Bearing1_3,9,149.0,65.26059686840935,train_Bearing1_1_1_2_1_4_1_5_test_Bearing1_3
XJTU-SY-condition_1_35Hz12kN-manual_19-RandomForestRegressor,manual_19,0,Bearing1_3,10,148.0,92.9428702200577,train_Bearing1_1_1_2_1_4_1_5_test_Bearing1_3
XJTU-SY-condition_1_35Hz12kN-manual_19-RandomForestRegressor,manual_19,0,Bearing1_3,11,147.0,60.58803075396825,train_Bearing1_1_1_2_1_4_1_5_test_Bearing1_3
XJTU-SY-condition_1_35Hz12kN-manual_19-RandomForestRegressor,manual_19,0,Bearing1_3,12,146.0,52.81909541847041,train_Bearing1_1_1_2_1_4_1_5_test_Bearing1_3
XJTU-SY-condition_1_35Hz12kN-manual_19-RandomForestRegressor,manual_19,0,Bearing1_3,13,145.0,79.74300175518927,train_Bearing1_1_1_2_1_4_1_5_test_Bearing1_3
XJTU-SY-condition_1_35Hz12kN-manual_19-RandomForestRegressor,manual_19,0,Bearing1_3,14,144.0,56.49943497474747,train_Bearing1_1_1_2_1_4_1_5_test_Bearing1_3
XJTU-SY-condition_1_35Hz12kN-manual_19-RandomForestRegressor,manual_19,0,Bearing1_3,15,143.0,64.00700441919193,train_Bearing1_1_1_2_1_4_1_5_test_Bearing1_3
XJTU-SY-condition_1_35Hz12kN-manual_19-RandomForestRegressor,manual_19,0,Bearing1_3,16,142.0,51.29653273809523,train_Bearing1_1_1_2_1_4_1_5_test_Bearing1_3
XJTU-SY-condition_1_35Hz12kN-manual_19-RandomForestRegressor,manual_19,0,Bearing1_3,17,141.0,64.61032422438673,train_Bearing1_1_1_2_1_4_1_5_test_Bearing1_3
XJTU-SY-condition_1_35Hz12kN-manual_19-RandomForestRegressor,manual_19,0,Bearing1_3,18,140.0,51.080452290764796,train_Bearing1_1_1_2_1_4_1_5_test_Bearing1_3
XJTU-SY-condition_1_35Hz12kN-manual_19-RandomForestRegressor,manual_19,0,Bearing1_3,19,139.0,47.4491580988456,train_Bearing1_1_1_2_1_4_1_5_test_Bearing1_3
XJTU-SY-condition_1_35Hz12kN-manual_19-RandomForestRegressor,manual_19,0,Bearing1_3,20,138.0,49.53522581585082,train_Bearing1_1_1_2_1_4_1_5_test_Bearing1_3
XJTU-SY-condition_1_35Hz12kN-manual_19-RandomForestRegressor,manual_19,0,Bearing1_3,21,137.0,53.584591450216465,train_Bearing1_1_1_2_1_4_1_5_test_Bearing1_3
XJTU-SY-condition_1_35Hz12kN-manual_19-RandomForestRegressor,manual_19,0,Bearing1_3,22,136.0,45.68528679653679,train_Bearing1_1_1_2_1_4_1_5_test_Bearing1_3
XJTU-SY-condition_1_35Hz12kN-manual_19-RandomForestRegressor,manual_19,0,Bearing1_3,23,135.0,79.09391008297258,train_Bearing1_1_1_2_1_4_1_5_test_Bearing1_3
XJTU-SY-condition_1_35Hz12kN-manual_19-RandomForestRegressor,manual_19,0,Bearing1_3,24,134.0,65.29158594877345,train_Bearing1_1_1_2_1_4_1_5_test_Bearing1_3
XJTU-SY-condition_1_35Hz12kN-manual_19-RandomForestRegressor,manual_19,0,Bearing1_3,25,133.0,49.55678724053724,train_Bearing1_1_1_2_1_4_1_5_test_Bearing1_3
XJTU-SY-condition_1_35Hz12kN-manual_19-RandomForestRegressor,manual_19,0,Bearing1_3,26,132.0,58.15531746031746,train_Bearing1_1_1_2_1_4_1_5_test_Bearing1_3
XJTU-SY-condition_1_35Hz12kN-manual_19-RandomForestRegressor,manual_19,0,Bearing1_3,27,131.0,33.80281655844156,train_Bearing1_1_1_2_1_4_1_5_test_Bearing1_3
XJTU-SY-condition_1_35Hz12kN-manual_19-RandomForestRegressor,manual_19,0,Bearing1_3,28,130.0,69.93095734126987,train_Bearing1_1_1_2_1_4_1_5_test_Bearing1_3
XJTU-SY-condition_1_35Hz12kN-manual_19-RandomForestRegressor,manual_19,0,Bearing1_3,29,129.0,42.773062319624806,train_Bearing1_1_1_2_1_4_1_5_test_Bearing1_3
XJTU-SY-condition_1_35Hz12kN-manual_19-RandomForestRegressor,manual_19,0,Bearing1_3,30,128.0,39.22040945165945,train_Bearing1_1_1_2_1_4_1_5_test_Bearing1_3
XJTU-SY-condition_1_35Hz12kN-manual_19-RandomForestRegressor,manual_19,0,Bearing1_3,31,127.0,34.897456501831506,train_Bearing1_1_1_2_1_4_1_5_test_Bearing1_3
XJTU-SY-condition_1_35Hz12kN-manual_19-RandomForestRegressor,manual_19,0,Bearing1_3,32,126.0,44.014817370129876,train_Bearing1_1_1_2_1_4_1_5_test_Bearing1_3
XJTU-SY-condition_1_35Hz12kN-manual_19-RandomForestRegressor,manual_19,0,Bearing1_3,33,125.0,73.47723575036078,train_Bearing1_1_1_2_1_4_1_5_test_Bearing1_3
XJTU-SY-condition_1_35Hz12kN-manual_19-RandomForestRegressor,manual_19,0,Bearing1_3,34,124.0,45.5625716991342,train_Bearing1_1_1_2_1_4_1_5_test_Bearing1_3
XJTU-SY-condition_1_35Hz12kN-manual_19-RandomForestRegressor,manual_19,0,Bearing1_3,35,123.0,83.0817482864358,train_Bearing1_1_1_2_1_4_1_5_test_Bearing1_3
XJTU-SY-condition_1_35Hz12kN-manual_19-RandomForestRegressor,manual_19,0,Bearing1_3,36,122.0,44.581937229437216,train_Bearing1_1_1_2_1_4_1_5_test_Bearing1_3
XJTU-SY-condition_1_35Hz12kN-manual_19-RandomForestRegressor,manual_19,0,Bearing1_3,37,121.0,91.16291666666667,train_Bearing1_1_1_2_1_4_1_5_test_Bearing1_3
XJTU-SY-condition_1_35Hz12kN-manual_19-RandomForestRegressor,manual_19,0,Bearing1_3,38,120.0,63.269929653679675,train_Bearing1_1_1_2_1_4_1_5_test_Bearing1_3
XJTU-SY-condition_1_35Hz12kN-manual_19-RandomForestRegressor,manual_19,0,Bearing1_3,39,119.0,56.7900487012987,train_Bearing1_1_1_2_1_4_1_5_test_Bearing1_3
XJTU-SY-condition_1_35Hz12kN-manual_19-RandomForestRegressor,manual_19,0,Bearing1_3,40,118.0,66.7355194805195,train_Bearing1_1_1_2_1_4_1_5_test_Bearing1_3
XJTU-SY-condition_1_35Hz12kN-manual_19-RandomForestRegressor,manual_19,0,Bearing1_3,41,117.0,50.17823107448109,train_Bearing1_1_1_2_1_4_1_5_test_Bearing1_3
XJTU-SY-condition_1_35Hz12kN-manual_19-RandomForestRegressor,manual_19,0,Bearing1_3,42,116.0,86.01811868686869,train_Bearing1_1_1_2_1_4_1_5_test_Bearing1_3
XJTU-SY-condition_1_35Hz12kN-manual_19-RandomForestRegressor,manual_19,0,Bearing1_3,43,115.0,47.723541944166946,train_Bearing1_1_1_2_1_4_1_5_test_Bearing1_3
XJTU-SY-condition_1_35Hz12kN-manual_19-RandomForestRegressor,manual_19,0,Bearing1_3,44,114.0,91.81196067821068,train_Bearing1_1_1_2_1_4_1_5_test_Bearing1_3
XJTU-SY-condition_1_35Hz12kN-manual_19-RandomForestRegressor,manual_19,0,Bearing1_3,45,113.0,87.94734983766233,train_Bearing1_1_1_2_1_4_1_5_test_Bearing1_3
XJTU-SY-condition_1_35Hz12kN-manual_19-RandomForestRegressor,manual_19,0,Bearing1_3,46,112.0,43.14442866161615,train_Bearing1_1_1_2_1_4_1_5_test_Bearing1_3
XJTU-SY-condition_1_35Hz12kN-manual_19-RandomForestRegressor,manual_19,0,Bearing1_3,47,111.0,52.13843906093907,train_Bearing1_1_1_2_1_4_1_5_test_Bearing1_3
XJTU-SY-condition_1_35Hz12kN-manual_19-RandomForestRegressor,manual_19,0,Bearing1_3,48,110.0,35.38017517205018,train_Bearing1_1_1_2_1_4_1_5_test_Bearing1_3
XJTU-SY-condition_1_35Hz12kN-manual_19-RandomForestRegressor,manual_19,0,Bearing1_3,49,109.0,33.23935782967034,train_Bearing1_1_1_2_1_4_1_5_test_Bearing1_3
XJTU-SY-condition_1_35Hz12kN-manual_19-RandomForestRegressor,manual_19,0,Bearing1_3,50,108.0,43.492027867965376,train_Bearing1_1_1_2_1_4_1_5_test_Bearing1_3
XJTU-SY-condition_1_35Hz12kN-manual_19-RandomForestRegressor,manual_19,0,Bearing1_3,51,107.0,54.25682765151515,train_Bearing1_1_1_2_1_4_1_5_test_Bearing1_3
XJTU-SY-condition_1_35Hz12kN-manual_19-RandomForestRegressor,manual_19,0,Bearing1_3,52,106.0,54.64138240231991,train_Bearing1_1_1_2_1_4_1_5_test_Bearing1_3
XJTU-SY-condition_1_35Hz12kN-manual_19-RandomForestRegressor,manual_19,0,Bearing1_3,53,105.0,52.2300414862915,train_Bearing1_1_1_2_1_4_1_5_test_Bearing1_3
XJTU-SY-condition_1_35Hz12kN-manual_19-RandomForestRegressor,manual_19,0,Bearing1_3,54,104.0,51.75853896103896,train_Bearing1_1_1_2_1_4_1_5_test_Bearing1_3
XJTU-SY-condition_1_35Hz12kN-manual_19-RandomForestRegressor,manual_19,0,Bearing1_3,55,103.0,72.65663149350651,train_Bearing1_1_1_2_1_4_1_5_test_Bearing1_3
XJTU-SY-condition_1_35Hz12kN-manual_19-RandomForestRegressor,manual_19,0,Bearing1_3,56,102.0,58.350534812409805,train_Bearing1_1_1_2_1_4_1_5_test_Bearing1_3
XJTU-SY-condition_1_35Hz12kN-manual_19-RandomForestRegressor,manual_19,0,Bearing1_3,57,101.0,66.5312436868687,train_Bearing1_1_1_2_1_4_1_5_test_Bearing1_3
XJTU-SY-condition_1_35Hz12kN-manual_19-RandomForestRegressor,manual_19,0,Bearing1_3,58,100.0,37.328563762626274,train_Bearing1_1_1_2_1_4_1_5_test_Bearing1_3
XJTU-SY-condition_1_35Hz12kN-manual_19-RandomForestRegressor,manual_19,0,Bearing1_3,59,99.0,78.25912774725278,train_Bearing1_1_1_2_1_4_1_5_test_Bearing1_3
XJTU-SY-condition_1_35Hz12kN-manual_19-RandomForestRegressor,manual_19,0,Bearing1_3,60,98.0,74.76702245670995,train_Bearing1_1_1_2_1_4_1_5_test_Bearing1_3
XJTU-SY-condition_1_35Hz12kN-manual_19-RandomForestRegressor,manual_19,0,Bearing1_3,61,97.0,48.23290313852815,train_Bearing1_1_1_2_1_4_1_5_test_Bearing1_3
XJTU-SY-condition_1_35Hz12kN-manual_19-RandomForestRegressor,manual_19,0,Bearing1_3,62,96.0,45.245625901875904,train_Bearing1_1_1_2_1_4_1_5_test_Bearing1_3
XJTU-SY-condition_1_35Hz12kN-manual_19-RandomForestRegressor,manual_19,0,Bearing1_3,63,95.0,85.2533216089466,train_Bearing1_1_1_2_1_4_1_5_test_Bearing1_3
XJTU-SY-condition_1_35Hz12kN-manual_19-RandomForestRegressor,manual_19,0,Bearing1_3,64,94.0,79.46393353174605,train_Bearing1_1_1_2_1_4_1_5_test_Bearing1_3
XJTU-SY-condition_1_35Hz12kN-manual_19-RandomForestRegressor,manual_19,0,Bearing1_3,65,93.0,27.46741657647908,train_Bearing1_1_1_2_1_4_1_5_test_Bearing1_3
XJTU-SY-condition_1_35Hz12kN-manual_19-RandomForestRegressor,manual_19,0,Bearing1_3,66,92.0,51.52787316849818,train_Bearing1_1_1_2_1_4_1_5_test_Bearing1_3
XJTU-SY-condition_1_35Hz12kN-manual_19-RandomForestRegressor,manual_19,0,Bearing1_3,67,91.0,37.0547812950938,train_Bearing1_1_1_2_1_4_1_5_test_Bearing1_3
XJTU-SY-condition_1_35Hz12kN-manual_19-RandomForestRegressor,manual_19,0,Bearing1_3,68,90.0,60.292053571428575,train_Bearing1_1_1_2_1_4_1_5_test_Bearing1_3
XJTU-SY-condition_1_35Hz12kN-manual_19-RandomForestRegressor,manual_19,0,Bearing1_3,69,89.0,93.60011093073592,train_Bearing1_1_1_2_1_4_1_5_test_Bearing1_3
XJTU-SY-condition_1_35Hz12kN-manual_19-RandomForestRegressor,manual_19,0,Bearing1_3,70,88.0,59.28196563852815,train_Bearing1_1_1_2_1_4_1_5_test_Bearing1_3
XJTU-SY-condition_1_35Hz12kN-manual_19-RandomForestRegressor,manual_19,0,Bearing1_3,71,87.0,44.28918512043513,train_Bearing1_1_1_2_1_4_1_5_test_Bearing1_3
XJTU-SY-condition_1_35Hz12kN-manual_19-RandomForestRegressor,manual_19,0,Bearing1_3,72,86.0,51.85135867604616,train_Bearing1_1_1_2_1_4_1_5_test_Bearing1_3
XJTU-SY-condition_1_35Hz12kN-manual_19-RandomForestRegressor,manual_19,0,Bearing1_3,73,85.0,66.61610615079366,train_Bearing1_1_1_2_1_4_1_5_test_Bearing1_3
XJTU-SY-condition_1_35Hz12kN-manual_19-RandomForestRegressor,manual_19,0,Bearing1_3,74,84.0,61.091520562770576,train_Bearing1_1_1_2_1_4_1_5_test_Bearing1_3
XJTU-SY-condition_1_35Hz12kN-manual_19-RandomForestRegressor,manual_19,0,Bearing1_3,75,83.0,30.2319016053391,train_Bearing1_1_1_2_1_4_1_5_test_Bearing1_3
XJTU-SY-condition_1_35Hz12kN-manual_19-RandomForestRegressor,manual_19,0,Bearing1_3,76,82.0,49.61112644300145,train_Bearing1_1_1_2_1_4_1_5_test_Bearing1_3
XJTU-SY-condition_1_35Hz12kN-manual_19-RandomForestRegressor,manual_19,0,Bearing1_3,77,81.0,30.782484217171714,train_Bearing1_1_1_2_1_4_1_5_test_Bearing1_3
XJTU-SY-condition_1_35Hz12kN-manual_19-RandomForestRegressor,manual_19,0,Bearing1_3,78,80.0,35.57777822871573,train_Bearing1_1_1_2_1_4_1_5_test_Bearing1_3
XJTU-SY-condition_1_35Hz12kN-manual_19-RandomForestRegressor,manual_19,0,Bearing1_3,79,79.0,31.494862012987017,train_Bearing1_1_1_2_1_4_1_5_test_Bearing1_3
XJTU-SY-condition_1_35Hz12kN-manual_19-RandomForestRegressor,manual_19,0,Bearing1_3,80,78.0,84.70692595598848,train_Bearing1_1_1_2_1_4_1_5_test_Bearing1_3
XJTU-SY-condition_1_35Hz12kN-manual_19-RandomForestRegressor,manual_19,0,Bearing1_3,81,77.0,46.85587211399713,train_Bearing1_1_1_2_1_4_1_5_test_Bearing1_3
XJTU-SY-condition_1_35Hz12kN-manual_19-RandomForestRegressor,manual_19,0,Bearing1_3,82,76.0,42.52706349206348,train_Bearing1_1_1_2_1_4_1_5_test_Bearing1_3
XJTU-SY-condition_1_35Hz12kN-manual_19-RandomForestRegressor,manual_19,0,Bearing1_3,83,75.0,42.63038374819626,train_Bearing1_1_1_2_1_4_1_5_test_Bearing1_3
XJTU-SY-condition_1_35Hz12kN-manual_19-RandomForestRegressor,manual_19,0,Bearing1_3,84,74.0,72.02994543650794,train_Bearing1_1_1_2_1_4_1_5_test_Bearing1_3
XJTU-SY-condition_1_35Hz12kN-manual_19-RandomForestRegressor,manual_19,0,Bearing1_3,85,73.0,65.90447736291489,train_Bearing1_1_1_2_1_4_1_5_test_Bearing1_3
XJTU-SY-condition_1_35Hz12kN-manual_19-RandomForestRegressor,manual_19,0,Bearing1_3,86,72.0,78.51436778499279,train_Bearing1_1_1_2_1_4_1_5_test_Bearing1_3
XJTU-SY-condition_1_35Hz12kN-manual_19-RandomForestRegressor,manual_19,0,Bearing1_3,87,71.0,34.67177558552559,train_Bearing1_1_1_2_1_4_1_5_test_Bearing1_3
XJTU-SY-condition_1_35Hz12kN-manual_19-RandomForestRegressor,manual_19,0,Bearing1_3,88,70.0,82.5152344877345,train_Bearing1_1_1_2_1_4_1_5_test_Bearing1_3
XJTU-SY-condition_1_35Hz12kN-manual_19-RandomForestRegressor,manual_19,0,Bearing1_3,89,69.0,56.97954951298701,train_Bearing1_1_1_2_1_4_1_5_test_Bearing1_3
XJTU-SY-condition_1_35Hz12kN-manual_19-RandomForestRegressor,manual_19,0,Bearing1_3,90,68.0,67.55588564213566,train_Bearing1_1_1_2_1_4_1_5_test_Bearing1_3
XJTU-SY-condition_1_35Hz12kN-manual_19-RandomForestRegressor,manual_19,0,Bearing1_3,91,67.0,48.933842893217886,train_Bearing1_1_1_2_1_4_1_5_test_Bearing1_3
XJTU-SY-condition_1_35Hz12kN-manual_19-RandomForestRegressor,manual_19,0,Bearing1_3,92,66.0,66.5637270021645,train_Bearing1_1_1_2_1_4_1_5_test_Bearing1_3
XJTU-SY-condition_1_35Hz12kN-manual_19-RandomForestRegressor,manual_19,0,Bearing1_3,93,65.0,90.8090782828283,train_Bearing1_1_1_2_1_4_1_5_test_Bearing1_3
XJTU-SY-condition_1_35Hz12kN-manual_19-RandomForestRegressor,manual_19,0,Bearing1_3,94,64.0,87.50197871572871,train_Bearing1_1_1_2_1_4_1_5_test_Bearing1_3
XJTU-SY-condition_1_35Hz12kN-manual_19-RandomForestRegressor,manual_19,0,Bearing1_3,95,63.0,81.08657738095239,train_Bearing1_1_1_2_1_4_1_5_test_Bearing1_3
XJTU-SY-condition_1_35Hz12kN-manual_19-RandomForestRegressor,manual_19,0,Bearing1_3,96,62.0,69.7506631909757,train_Bearing1_1_1_2_1_4_1_5_test_Bearing1_3
XJTU-SY-condition_1_35Hz12kN-manual_19-RandomForestRegressor,manual_19,0,Bearing1_3,97,61.0,59.06576884920637,train_Bearing1_1_1_2_1_4_1_5_test_Bearing1_3
XJTU-SY-condition_1_35Hz12kN-manual_19-RandomForestRegressor,manual_19,0,Bearing1_3,98,60.0,61.32039051226553,train_Bearing1_1_1_2_1_4_1_5_test_Bearing1_3
XJTU-SY-condition_1_35Hz12kN-manual_19-RandomForestRegressor,manual_19,0,Bearing1_3,99,59.0,58.7465376984127,train_Bearing1_1_1_2_1_4_1_5_test_Bearing1_3
XJTU-SY-condition_1_35Hz12kN-manual_19-RandomForestRegressor,manual_19,0,Bearing1_3,100,58.0,50.12050099206349,train_Bearing1_1_1_2_1_4_1_5_test_Bearing1_3
XJTU-SY-condition_1_35Hz12kN-manual_19-RandomForestRegressor,manual_19,0,Bearing1_3,101,57.0,65.52125728438227,train_Bearing1_1_1_2_1_4_1_5_test_Bearing1_3
XJTU-SY-condition_1_35Hz12kN-manual_19-RandomForestRegressor,manual_19,0,Bearing1_3,102,56.0,64.41632440476188,train_Bearing1_1_1_2_1_4_1_5_test_Bearing1_3
XJTU-SY-condition_1_35Hz12kN-manual_19-RandomForestRegressor,manual_19,0,Bearing1_3,103,55.0,60.99248310717057,train_Bearing1_1_1_2_1_4_1_5_test_Bearing1_3
XJTU-SY-condition_1_35Hz12kN-manual_19-RandomForestRegressor,manual_19,0,Bearing1_3,104,54.0,65.81953418109669,train_Bearing1_1_1_2_1_4_1_5_test_Bearing1_3
XJTU-SY-condition_1_35Hz12kN-manual_19-RandomForestRegressor,manual_19,0,Bearing1_3,105,53.0,28.307578012265516,train_Bearing1_1_1_2_1_4_1_5_test_Bearing1_3
XJTU-SY-condition_1_35Hz12kN-manual_19-RandomForestRegressor,manual_19,0,Bearing1_3,106,52.0,81.59955357142857,train_Bearing1_1_1_2_1_4_1_5_test_Bearing1_3
XJTU-SY-condition_1_35Hz12kN-manual_19-RandomForestRegressor,manual_19,0,Bearing1_3,107,51.0,66.01457476551226,train_Bearing1_1_1_2_1_4_1_5_test_Bearing1_3
XJTU-SY-condition_1_35Hz12kN-manual_19-RandomForestRegressor,manual_19,0,Bearing1_3,108,50.0,75.72458829365078,train_Bearing1_1_1_2_1_4_1_5_test_Bearing1_3
XJTU-SY-condition_1_35Hz12kN-manual_19-RandomForestRegressor,manual_19,0,Bearing1_3,109,49.0,49.700462454212456,train_Bearing1_1_1_2_1_4_1_5_test_Bearing1_3
XJTU-SY-condition_1_35Hz12kN-manual_19-RandomForestRegressor,manual_19,0,Bearing1_3,110,48.0,48.39946203102453,train_Bearing1_1_1_2_1_4_1_5_test_Bearing1_3
XJTU-SY-condition_1_35Hz12kN-manual_19-RandomForestRegressor,manual_19,0,Bearing1_3,111,47.0,72.09267225829726,train_Bearing1_1_1_2_1_4_1_5_test_Bearing1_3
XJTU-SY-condition_1_35Hz12kN-manual_19-RandomForestRegressor,manual_19,0,Bearing1_3,112,46.0,73.68606990231991,train_Bearing1_1_1_2_1_4_1_5_test_Bearing1_3
XJTU-SY-condition_1_35Hz12kN-manual_19-RandomForestRegressor,manual_19,0,Bearing1_3,113,45.0,66.23077876984127,train_Bearing1_1_1_2_1_4_1_5_test_Bearing1_3
XJTU-SY-condition_1_35Hz12kN-manual_19-RandomForestRegressor,manual_19,0,Bearing1_3,114,44.0,78.13899801587303,train_Bearing1_1_1_2_1_4_1_5_test_Bearing1_3
XJTU-SY-condition_1_35Hz12kN-manual_19-RandomForestRegressor,manual_19,0,Bearing1_3,115,43.0,68.05438086219334,train_Bearing1_1_1_2_1_4_1_5_test_Bearing1_3
XJTU-SY-condition_1_35Hz12kN-manual_19-RandomForestRegressor,manual_19,0,Bearing1_3,116,42.0,61.32676906426906,train_Bearing1_1_1_2_1_4_1_5_test_Bearing1_3
XJTU-SY-condition_1_35Hz12kN-manual_19-RandomForestRegressor,manual_19,0,Bearing1_3,117,41.0,73.2107544191919,train_Bearing1_1_1_2_1_4_1_5_test_Bearing1_3
XJTU-SY-condition_1_35Hz12kN-manual_19-RandomForestRegressor,manual_19,0,Bearing1_3,118,40.0,74.22525387806635,train_Bearing1_1_1_2_1_4_1_5_test_Bearing1_3
XJTU-SY-condition_1_35Hz12kN-manual_19-RandomForestRegressor,manual_19,0,Bearing1_3,119,39.0,39.54012400793651,train_Bearing1_1_1_2_1_4_1_5_test_Bearing1_3
XJTU-SY-condition_1_35Hz12kN-manual_19-RandomForestRegressor,manual_19,0,Bearing1_3,120,38.0,74.80110209235211,train_Bearing1_1_1_2_1_4_1_5_test_Bearing1_3
XJTU-SY-condition_1_35Hz12kN-manual_19-RandomForestRegressor,manual_19,0,Bearing1_3,121,37.0,46.93782245532245,train_Bearing1_1_1_2_1_4_1_5_test_Bearing1_3
XJTU-SY-condition_1_35Hz12kN-manual_19-RandomForestRegressor,manual_19,0,Bearing1_3,122,36.0,78.05180284992782,train_Bearing1_1_1_2_1_4_1_5_test_Bearing1_3
XJTU-SY-condition_1_35Hz12kN-manual_19-RandomForestRegressor,manual_19,0,Bearing1_3,123,35.0,70.73377525252525,train_Bearing1_1_1_2_1_4_1_5_test_Bearing1_3
XJTU-SY-condition_1_35Hz12kN-manual_19-RandomForestRegressor,manual_19,0,Bearing1_3,124,34.0,82.16901379870129,train_Bearing1_1_1_2_1_4_1_5_test_Bearing1_3
XJTU-SY-condition_1_35Hz12kN-manual_19-RandomForestRegressor,manual_19,0,Bearing1_3,125,33.0,74.89970824314575,train_Bearing1_1_1_2_1_4_1_5_test_Bearing1_3
XJTU-SY-condition_1_35Hz12kN-manual_19-RandomForestRegressor,manual_19,0,Bearing1_3,126,32.0,78.03574990981238,train_Bearing1_1_1_2_1_4_1_5_test_Bearing1_3
XJTU-SY-condition_1_35Hz12kN-manual_19-RandomForestRegressor,manual_19,0,Bearing1_3,127,31.0,58.930645743145725,train_Bearing1_1_1_2_1_4_1_5_test_Bearing1_3
XJTU-SY-condition_1_35Hz12kN-manual_19-RandomForestRegressor,manual_19,0,Bearing1_3,128,30.0,83.79520833333332,train_Bearing1_1_1_2_1_4_1_5_test_Bearing1_3
XJTU-SY-condition_1_35Hz12kN-manual_19-RandomForestRegressor,manual_19,0,Bearing1_3,129,29.0,73.39868145743145,train_Bearing1_1_1_2_1_4_1_5_test_Bearing1_3
XJTU-SY-condition_1_35Hz12kN-manual_19-RandomForestRegressor,manual_19,0,Bearing1_3,130,28.0,91.96064980158728,train_Bearing1_1_1_2_1_4_1_5_test_Bearing1_3
XJTU-SY-condition_1_35Hz12kN-manual_19-RandomForestRegressor,manual_19,0,Bearing1_3,131,27.0,67.3251419067044,train_Bearing1_1_1_2_1_4_1_5_test_Bearing1_3
XJTU-SY-condition_1_35Hz12kN-manual_19-RandomForestRegressor,manual_19,0,Bearing1_3,132,26.0,76.13344742063492,train_Bearing1_1_1_2_1_4_1_5_test_Bearing1_3
XJTU-SY-condition_1_35Hz12kN-manual_19-RandomForestRegressor,manual_19,0,Bearing1_3,133,25.0,60.95114267676767,train_Bearing1_1_1_2_1_4_1_5_test_Bearing1_3
XJTU-SY-condition_1_35Hz12kN-manual_19-RandomForestRegressor,manual_19,0,Bearing1_3,134,24.0,61.513249007936494,train_Bearing1_1_1_2_1_4_1_5_test_Bearing1_3
XJTU-SY-condition_1_35Hz12kN-manual_19-RandomForestRegressor,manual_19,0,Bearing1_3,135,23.0,105.39121527777779,train_Bearing1_1_1_2_1_4_1_5_test_Bearing1_3
XJTU-SY-condition_1_35Hz12kN-manual_19-RandomForestRegressor,manual_19,0,Bearing1_3,136,22.0,71.06011273448775,train_Bearing1_1_1_2_1_4_1_5_test_Bearing1_3
XJTU-SY-condition_1_35Hz12kN-manual_19-RandomForestRegressor,manual_19,0,Bearing1_3,137,21.0,72.90707455738706,train_Bearing1_1_1_2_1_4_1_5_test_Bearing1_3
XJTU-SY-condition_1_35Hz12kN-manual_19-RandomForestRegressor,manual_19,0,Bearing1_3,138,20.0,64.15373466810968,train_Bearing1_1_1_2_1_4_1_5_test_Bearing1_3
XJTU-SY-condition_1_35Hz12kN-manual_19-RandomForestRegressor,manual_19,0,Bearing1_3,139,19.0,41.39074175824176,train_Bearing1_1_1_2_1_4_1_5_test_Bearing1_3
XJTU-SY-condition_1_35Hz12kN-manual_19-RandomForestRegressor,manual_19,0,Bearing1_3,140,18.0,80.00748511904762,train_Bearing1_1_1_2_1_4_1_5_test_Bearing1_3
XJTU-SY-condition_1_35Hz12kN-manual_19-RandomForestRegressor,manual_19,0,Bearing1_3,141,17.0,83.03720238095238,train_Bearing1_1_1_2_1_4_1_5_test_Bearing1_3
XJTU-SY-condition_1_35Hz12kN-manual_19-RandomForestRegressor,manual_19,0,Bearing1_3,142,16.0,37.253501984126984,train_Bearing1_1_1_2_1_4_1_5_test_Bearing1_3
XJTU-SY-condition_1_35Hz12kN-manual_19-RandomForestRegressor,manual_19,0,Bearing1_3,143,15.0,100.88088699494949,train_Bearing1_1_1_2_1_4_1_5_test_Bearing1_3
XJTU-SY-condition_1_35Hz12kN-manual_19-RandomForestRegressor,manual_19,0,Bearing1_3,144,14.0,101.22530303030297,train_Bearing1_1_1_2_1_4_1_5_test_Bearing1_3
XJTU-SY-condition_1_35Hz12kN-manual_19-RandomForestRegressor,manual_19,0,Bearing1_3,145,13.0,86.61852182539681,train_Bearing1_1_1_2_1_4_1_5_test_Bearing1_3
XJTU-SY-condition_1_35Hz12kN-manual_19-RandomForestRegressor,manual_19,0,Bearing1_3,146,12.0,64.58123647186144,train_Bearing1_1_1_2_1_4_1_5_test_Bearing1_3
XJTU-SY-condition_1_35Hz12kN-manual_19-RandomForestRegressor,manual_19,0,Bearing1_3,147,11.0,77.13124098124099,train_Bearing1_1_1_2_1_4_1_5_test_Bearing1_3
XJTU-SY-condition_1_35Hz12kN-manual_19-RandomForestRegressor,manual_19,0,Bearing1_3,148,10.0,36.679233821733824,train_Bearing1_1_1_2_1_4_1_5_test_Bearing1_3
XJTU-SY-condition_1_35Hz12kN-manual_19-RandomForestRegressor,manual_19,0,Bearing1_3,149,9.0,83.22701569264068,train_Bearing1_1_1_2_1_4_1_5_test_Bearing1_3
XJTU-SY-condition_1_35Hz12kN-manual_19-RandomForestRegressor,manual_19,0,Bearing1_3,150,8.0,34.321146735209226,train_Bearing1_1_1_2_1_4_1_5_test_Bearing1_3
XJTU-SY-condition_1_35Hz12kN-manual_19-RandomForestRegressor,manual_19,0,Bearing1_3,151,7.0,34.10141414141415,train_Bearing1_1_1_2_1_4_1_5_test_Bearing1_3
XJTU-SY-condition_1_35Hz12kN-manual_19-RandomForestRegressor,manual_19,0,Bearing1_3,152,6.0,36.97376397907648,train_Bearing1_1_1_2_1_4_1_5_test_Bearing1_3
XJTU-SY-condition_1_35Hz12kN-manual_19-RandomForestRegressor,manual_19,0,Bearing1_3,153,5.0,34.70358585858587,train_Bearing1_1_1_2_1_4_1_5_test_Bearing1_3
XJTU-SY-condition_1_35Hz12kN-manual_19-RandomForestRegressor,manual_19,0,Bearing1_3,154,4.0,41.78859532828284,train_Bearing1_1_1_2_1_4_1_5_test_Bearing1_3
XJTU-SY-condition_1_35Hz12kN-manual_19-RandomForestRegressor,manual_19,0,Bearing1_3,155,3.0,56.28858766233763,train_Bearing1_1_1_2_1_4_1_5_test_Bearing1_3
XJTU-SY-condition_1_35Hz12kN-manual_19-RandomForestRegressor,manual_19,0,Bearing1_3,156,2.0,54.77132936507934,train_Bearing1_1_1_2_1_4_1_5_test_Bearing1_3
XJTU-SY-condition_1_35Hz12kN-manual_19-RandomForestRegressor,manual_19,0,Bearing1_3,157,1.0,68.45965097402599,train_Bearing1_1_1_2_1_4_1_5_test_Bearing1_3
XJTU-SY-condition_1_35Hz12kN-manual_19-RandomForestRegressor,manual_19,1,Bearing1_3,1,157.0,51.70414637445888,train_Bearing1_1_1_2_1_4_1_5_test_Bearing1_3
XJTU-SY-condition_1_35Hz12kN-manual_19-RandomForestRegressor,manual_19,1,Bearing1_3,2,156.0,72.90118641774893,train_Bearing1_1_1_2_1_4_1_5_test_Bearing1_3
XJTU-SY-condition_1_35Hz12kN-manual_19-RandomForestRegressor,manual_19,1,Bearing1_3,3,155.0,46.634486832611834,train_Bearing1_1_1_2_1_4_1_5_test_Bearing1_3
XJTU-SY-condition_1_35Hz12kN-manual_19-RandomForestRegressor,manual_19,1,Bearing1_3,4,154.0,51.213665674603156,train_Bearing1_1_1_2_1_4_1_5_test_Bearing1_3
XJTU-SY-condition_1_35Hz12kN-manual_19-RandomForestRegressor,manual_19,1,Bearing1_3,5,153.0,46.340989357864366,train_Bearing1_1_1_2_1_4_1_5_test_Bearing1_3
XJTU-SY-condition_1_35Hz12kN-manual_19-RandomForestRegressor,manual_19,1,Bearing1_3,6,152.0,89.94670499639248,train_Bearing1_1_1_2_1_4_1_5_test_Bearing1_3
XJTU-SY-condition_1_35Hz12kN-manual_19-RandomForestRegressor,manual_19,1,Bearing1_3,7,151.0,90.6994606782107,train_Bearing1_1_1_2_1_4_1_5_test_Bearing1_3
XJTU-SY-condition_1_35Hz12kN-manual_19-RandomForestRegressor,manual_19,1,Bearing1_3,8,150.0,84.46974206349208,train_Bearing1_1_1_2_1_4_1_5_test_Bearing1_3
XJTU-SY-condition_1_35Hz12kN-manual_19-RandomForestRegressor,manual_19,1,Bearing1_3,9,149.0,75.03493777056276,train_Bearing1_1_1_2_1_4_1_5_test_Bearing1_3
XJTU-SY-condition_1_35Hz12kN-manual_19-RandomForestRegressor,manual_19,1,Bearing1_3,10,148.0,94.70864611083361,train_Bearing1_1_1_2_1_4_1_5_test_Bearing1_3
XJTU-SY-condition_1_35Hz12kN-manual_19-RandomForestRegressor,manual_19,1,Bearing1_3,11,147.0,58.822068903318915,train_Bearing1_1_1_2_1_4_1_5_test_Bearing1_3
XJTU-SY-condition_1_35Hz12kN-manual_19-RandomForestRegressor,manual_19,1,Bearing1_3,12,146.0,51.52153235653235,train_Bearing1_1_1_2_1_4_1_5_test_Bearing1_3
XJTU-SY-condition_1_35Hz12kN-manual_19-RandomForestRegressor,manual_19,1,Bearing1_3,13,145.0,82.0033198051948,train_Bearing1_1_1_2_1_4_1_5_test_Bearing1_3
XJTU-SY-condition_1_35Hz12kN-manual_19-RandomForestRegressor,manual_19,1,Bearing1_3,14,144.0,58.533541666666665,train_Bearing1_1_1_2_1_4_1_5_test_Bearing1_3
XJTU-SY-condition_1_35Hz12kN-manual_19-RandomForestRegressor,manual_19,1,Bearing1_3,15,143.0,66.21906520562771,train_Bearing1_1_1_2_1_4_1_5_test_Bearing1_3
XJTU-SY-condition_1_35Hz12kN-manual_19-RandomForestRegressor,manual_19,1,Bearing1_3,16,142.0,49.69810096153845,train_Bearing1_1_1_2_1_4_1_5_test_Bearing1_3
XJTU-SY-condition_1_35Hz12kN-manual_19-RandomForestRegressor,manual_19,1,Bearing1_3,17,141.0,59.88965773809524,train_Bearing1_1_1_2_1_4_1_5_test_Bearing1_3
XJTU-SY-condition_1_35Hz12kN-manual_19-RandomForestRegressor,manual_19,1,Bearing1_3,18,140.0,51.23934072871573,train_Bearing1_1_1_2_1_4_1_5_test_Bearing1_3
XJTU-SY-condition_1_35Hz12kN-manual_19-RandomForestRegressor,manual_19,1,Bearing1_3,19,139.0,53.78748015873016,train_Bearing1_1_1_2_1_4_1_5_test_Bearing1_3
XJTU-SY-condition_1_35Hz12kN-manual_19-RandomForestRegressor,manual_19,1,Bearing1_3,20,138.0,50.487918921356425,train_Bearing1_1_1_2_1_4_1_5_test_Bearing1_3
XJTU-SY-condition_1_35Hz12kN-manual_19-RandomForestRegressor,manual_19,1,Bearing1_3,21,137.0,55.48804067460318,train_Bearing1_1_1_2_1_4_1_5_test_Bearing1_3
XJTU-SY-condition_1_35Hz12kN-manual_19-RandomForestRegressor,manual_19,1,Bearing1_3,22,136.0,40.55746784465535,train_Bearing1_1_1_2_1_4_1_5_test_Bearing1_3
XJTU-SY-condition_1_35Hz12kN-manual_19-RandomForestRegressor,manual_19,1,Bearing1_3,23,135.0,78.86136183261185,train_Bearing1_1_1_2_1_4_1_5_test_Bearing1_3
XJTU-SY-condition_1_35Hz12kN-manual_19-RandomForestRegressor,manual_19,1,Bearing1_3,24,134.0,61.578518876956366,train_Bearing1_1_1_2_1_4_1_5_test_Bearing1_3
XJTU-SY-condition_1_35Hz12kN-manual_19-RandomForestRegressor,manual_19,1,Bearing1_3,25,133.0,56.59744182900433,train_Bearing1_1_1_2_1_4_1_5_test_Bearing1_3
XJTU-SY-condition_1_35Hz12kN-manual_19-RandomForestRegressor,manual_19,1,Bearing1_3,26,132.0,50.343086080586076,train_Bearing1_1_1_2_1_4_1_5_test_Bearing1_3
XJTU-SY-condition_1_35Hz12kN-manual_19-RandomForestRegressor,manual_19,1,Bearing1_3,27,131.0,32.687336309523815,train_Bearing1_1_1_2_1_4_1_5_test_Bearing1_3
XJTU-SY-condition_1_35Hz12kN-manual_19-RandomForestRegressor,manual_19,1,Bearing1_3,28,130.0,61.066872294372274,train_Bearing1_1_1_2_1_4_1_5_test_Bearing1_3
XJTU-SY-condition_1_35Hz12kN-manual_19-RandomForestRegressor,manual_19,1,Bearing1_3,29,129.0,47.807489177489174,train_Bearing1_1_1_2_1_4_1_5_test_Bearing1_3
XJTU-SY-condition_1_35Hz12kN-manual_19-RandomForestRegressor,manual_19,1,Bearing1_3,30,128.0,38.379634150571654,train_Bearing1_1_1_2_1_4_1_5_test_Bearing1_3
XJTU-SY-condition_1_35Hz12kN-manual_19-RandomForestRegressor,manual_19,1,Bearing1_3,31,127.0,41.164459325396834,train_Bearing1_1_1_2_1_4_1_5_test_Bearing1_3
XJTU-SY-condition_1_35Hz12kN-manual_19-RandomForestRegressor,manual_19,1,Bearing1_3,32,126.0,37.6843713924964,train_Bearing1_1_1_2_1_4_1_5_test_Bearing1_3
XJTU-SY-condition_1_35Hz12kN-manual_19-RandomForestRegressor,manual_19,1,Bearing1_3,33,125.0,71.03126758658007,train_Bearing1_1_1_2_1_4_1_5_test_Bearing1_3
XJTU-SY-condition_1_35Hz12kN-manual_19-RandomForestRegressor,manual_19,1,Bearing1_3,34,124.0,52.53043154761904,train_Bearing1_1_1_2_1_4_1_5_test_Bearing1_3
XJTU-SY-condition_1_35Hz12kN-manual_19-RandomForestRegressor,manual_19,1,Bearing1_3,35,123.0,82.64764114357864,train_Bearing1_1_1_2_1_4_1_5_test_Bearing1_3
XJTU-SY-condition_1_35Hz12kN-manual_19-RandomForestRegressor,manual_19,1,Bearing1_3,36,122.0,47.154766483516475,train_Bearing1_1_1_2_1_4_1_5_test_Bearing1_3
XJTU-SY-condition_1_35Hz12kN-manual_19-RandomForestRegressor,manual_19,1,Bearing1_3,37,121.0,87.2789696067821,train_Bearing1_1_1_2_1_4_1_5_test_Bearing1_3
XJTU-SY-condition_1_35Hz12kN-manual_19-RandomForestRegressor,manual_19,1,Bearing1_3,38,120.0,65.82337797619047,train_Bearing1_1_1_2_1_4_1_5_test_Bearing1_3
XJTU-SY-condition_1_35Hz12kN-manual_19-RandomForestRegressor,manual_19,1,Bearing1_3,39,119.0,52.91301542207792,train_Bearing1_1_1_2_1_4_1_5_test_Bearing1_3
XJTU-SY-condition_1_35Hz12kN-manual_19-RandomForestRegressor,manual_19,1,Bearing1_3,40,118.0,75.35226686507937,train_Bearing1_1_1_2_1_4_1_5_test_Bearing1_3
XJTU-SY-condition_1_35Hz12kN-manual_19-RandomForestRegressor,manual_19,1,Bearing1_3,41,117.0,60.373819444444436,train_Bearing1_1_1_2_1_4_1_5_test_Bearing1_3
XJTU-SY-condition_1_35Hz12kN-manual_19-RandomForestRegressor,manual_19,1,Bearing1_3,42,116.0,89.6951488095238,train_Bearing1_1_1_2_1_4_1_5_test_Bearing1_3
XJTU-SY-condition_1_35Hz12kN-manual_19-RandomForestRegressor,manual_19,1,Bearing1_3,43,115.0,47.91465773809525,train_Bearing1_1_1_2_1_4_1_5_test_Bearing1_3
XJTU-SY-condition_1_35Hz12kN-manual_19-RandomForestRegressor,manual_19,1,Bearing1_3,44,114.0,93.9962575965701,train_Bearing1_1_1_2_1_4_1_5_test_Bearing1_3
XJTU-SY-condition_1_35Hz12kN-manual_19-RandomForestRegressor,manual_19,1,Bearing1_3,45,113.0,92.59692956349204,train_Bearing1_1_1_2_1_4_1_5_test_Bearing1_3
XJTU-SY-condition_1_35Hz12kN-manual_19-RandomForestRegressor,manual_19,1,Bearing1_3,46,112.0,47.02422834110336,train_Bearing1_1_1_2_1_4_1_5_test_Bearing1_3
XJTU-SY-condition_1_35Hz12kN-manual_19-RandomForestRegressor,manual_19,1,Bearing1_3,47,111.0,56.395456349206356,train_Bearing1_1_1_2_1_4_1_5_test_Bearing1_3
XJTU-SY-condition_1_35Hz12kN-manual_19-RandomForestRegressor,manual_19,1,Bearing1_3,48,110.0,39.125056367243864,train_Bearing1_1_1_2_1_4_1_5_test_Bearing1_3
XJTU-SY-condition_1_35Hz12kN-manual_19-RandomForestRegressor,manual_19,1,Bearing1_3,49,109.0,29.190148809523812,train_Bearing1_1_1_2_1_4_1_5_test_Bearing1_3
XJTU-SY-condition_1_35Hz12kN-manual_19-RandomForestRegressor,manual_19,1,Bearing1_3,50,108.0,35.01119949494951,train_Bearing1_1_1_2_1_4_1_5_test_Bearing1_3
XJTU-SY-condition_1_35Hz12kN-manual_19-RandomForestRegressor,manual_19,1,Bearing1_3,51,107.0,53.407629419191935,train_Bearing1_1_1_2_1_4_1_5_test_Bearing1_3
XJTU-SY-condition_1_35Hz12kN-manual_19-RandomForestRegressor,manual_19,1,Bearing1_3,52,106.0,57.16574134199135,train_Bearing1_1_1_2_1_4_1_5_test_Bearing1_3
XJTU-SY-condition_1_35Hz12kN-manual_19-RandomForestRegressor,manual_19,1,Bearing1_3,53,105.0,52.464431818181836,train_Bearing1_1_1_2_1_4_1_5_test_Bearing1_3
XJTU-SY-condition_1_35Hz12kN-manual_19-RandomForestRegressor,manual_19,1,Bearing1_3,54,104.0,52.61544642857142,train_Bearing1_1_1_2_1_4_1_5_test_Bearing1_3
XJTU-SY-condition_1_35Hz12kN-manual_19-RandomForestRegressor,manual_19,1,Bearing1_3,55,103.0,81.39582341269845,train_Bearing1_1_1_2_1_4_1_5_test_Bearing1_3
XJTU-SY-condition_1_35Hz12kN-manual_19-RandomForestRegressor,manual_19,1,Bearing1_3,56,102.0,57.69034722222223,train_Bearing1_1_1_2_1_4_1_5_test_Bearing1_3
XJTU-SY-condition_1_35Hz12kN-manual_19-RandomForestRegressor,manual_19,1,Bearing1_3,57,101.0,67.1068326118326,train_Bearing1_1_1_2_1_4_1_5_test_Bearing1_3
XJTU-SY-condition_1_35Hz12kN-manual_19-RandomForestRegressor,manual_19,1,Bearing1_3,58,100.0,39.2223556998557,train_Bearing1_1_1_2_1_4_1_5_test_Bearing1_3
XJTU-SY-condition_1_35Hz12kN-manual_19-RandomForestRegressor,manual_19,1,Bearing1_3,59,99.0,83.42312364718616,train_Bearing1_1_1_2_1_4_1_5_test_Bearing1_3
XJTU-SY-condition_1_35Hz12kN-manual_19-RandomForestRegressor,manual_19,1,Bearing1_3,60,98.0,78.38543244949494,train_Bearing1_1_1_2_1_4_1_5_test_Bearing1_3
XJTU-SY-condition_1_35Hz12kN-manual_19-RandomForestRegressor,manual_19,1,Bearing1_3,61,97.0,56.19865079365078,train_Bearing1_1_1_2_1_4_1_5_test_Bearing1_3
XJTU-SY-condition_1_35Hz12kN-manual_19-RandomForestRegressor,manual_19,1,Bearing1_3,62,96.0,49.40124007936508,train_Bearing1_1_1_2_1_4_1_5_test_Bearing1_3
XJTU-SY-condition_1_35Hz12kN-manual_19-RandomForestRegressor,manual_19,1,Bearing1_3,63,95.0,96.19737311299808,train_Bearing1_1_1_2_1_4_1_5_test_Bearing1_3
XJTU-SY-condition_1_35Hz12kN-manual_19-RandomForestRegressor,manual_19,1,Bearing1_3,64,94.0,80.32925099206349,train_Bearing1_1_1_2_1_4_1_5_test_Bearing1_3
XJTU-SY-condition_1_35Hz12kN-manual_19-RandomForestRegressor,manual_19,1,Bearing1_3,65,93.0,30.60917062104562,train_Bearing1_1_1_2_1_4_1_5_test_Bearing1_3
XJTU-SY-condition_1_35Hz12kN-manual_19-RandomForestRegressor,manual_19,1,Bearing1_3,66,92.0,55.1910119047619,train_Bearing1_1_1_2_1_4_1_5_test_Bearing1_3
XJTU-SY-condition_1_35Hz12kN-manual_19-RandomForestRegressor,manual_19,1,Bearing1_3,67,91.0,37.09183802308804,train_Bearing1_1_1_2_1_4_1_5_test_Bearing1_3
XJTU-SY-condition_1_35Hz12kN-manual_19-RandomForestRegressor,manual_19,1,Bearing1_3,68,90.0,53.547569444444456,train_Bearing1_1_1_2_1_4_1_5_test_Bearing1_3
XJTU-SY-condition_1_35Hz12kN-manual_19-RandomForestRegressor,manual_19,1,Bearing1_3,69,89.0,86.32463293650791,train_Bearing1_1_1_2_1_4_1_5_test_Bearing1_3
XJTU-SY-condition_1_35Hz12kN-manual_19-RandomForestRegressor,manual_19,1,Bearing1_3,70,88.0,52.51240485209237,train_Bearing1_1_1_2_1_4_1_5_test_Bearing1_3
XJTU-SY-condition_1_35Hz12kN-manual_19-RandomForestRegressor,manual_19,1,Bearing1_3,71,87.0,38.948722492784995,train_Bearing1_1_1_2_1_4_1_5_test_Bearing1_3
XJTU-SY-condition_1_35Hz12kN-manual_19-RandomForestRegressor,manual_19,1,Bearing1_3,72,86.0,44.99199404761906,train_Bearing1_1_1_2_1_4_1_5_test_Bearing1_3
XJTU-SY-condition_1_35Hz12kN-manual_19-RandomForestRegressor,manual_19,1,Bearing1_3,73,85.0,71.46574404761908,train_Bearing1_1_1_2_1_4_1_5_test_Bearing1_3
XJTU-SY-condition_1_35Hz12kN-manual_19-RandomForestRegressor,manual_19,1,Bearing1_3,74,84.0,66.31036706349205,train_Bearing1_1_1_2_1_4_1_5_test_Bearing1_3
XJTU-SY-condition_1_35Hz12kN-manual_19-RandomForestRegressor,manual_19,1,Bearing1_3,75,83.0,30.272797619047616,train_Bearing1_1_1_2_1_4_1_5_test_Bearing1_3
XJTU-SY-condition_1_35Hz12kN-manual_19-RandomForestRegressor,manual_19,1,Bearing1_3,76,82.0,44.16132440476191,train_Bearing1_1_1_2_1_4_1_5_test_Bearing1_3
XJTU-SY-condition_1_35Hz12kN-manual_19-RandomForestRegressor,manual_19,1,Bearing1_3,77,81.0,27.848670634920644,train_Bearing1_1_1_2_1_4_1_5_test_Bearing1_3
XJTU-SY-condition_1_35Hz12kN-manual_19-RandomForestRegressor,manual_19,1,Bearing1_3,78,80.0,35.840054563492075,train_Bearing1_1_1_2_1_4_1_5_test_Bearing1_3
XJTU-SY-condition_1_35Hz12kN-manual_19-RandomForestRegressor,manual_19,1,Bearing1_3,79,79.0,33.2176902958153,train_Bearing1_1_1_2_1_4_1_5_test_Bearing1_3
XJTU-SY-condition_1_35Hz12kN-manual_19-RandomForestRegressor,manual_19,1,Bearing1_3,80,78.0,84.83640873015874,train_Bearing1_1_1_2_1_4_1_5_test_Bearing1_3
XJTU-SY-condition_1_35Hz12kN-manual_19-RandomForestRegressor,manual_19,1,Bearing1_3,81,77.0,47.48069760101011,train_Bearing1_1_1_2_1_4_1_5_test_Bearing1_3
XJTU-SY-condition_1_35Hz12kN-manual_19-RandomForestRegressor,manual_19,1,Bearing1_3,82,76.0,38.46138392857143,train_Bearing1_1_1_2_1_4_1_5_test_Bearing1_3
XJTU-SY-condition_1_35Hz12kN-manual_19-RandomForestRegressor,manual_19,1,Bearing1_3,83,75.0,40.073154380341876,train_Bearing1_1_1_2_1_4_1_5_test_Bearing1_3
XJTU-SY-condition_1_35Hz12kN-manual_19-RandomForestRegressor,manual_19,1,Bearing1_3,84,74.0,73.12354662698415,train_Bearing1_1_1_2_1_4_1_5_test_Bearing1_3
XJTU-SY-condition_1_35Hz12kN-manual_19-RandomForestRegressor,manual_19,1,Bearing1_3,85,73.0,73.23234352453102,train_Bearing1_1_1_2_1_4_1_5_test_Bearing1_3
XJTU-SY-condition_1_35Hz12kN-manual_19-RandomForestRegressor,manual_19,1,Bearing1_3,86,72.0,81.86712034493283,train_Bearing1_1_1_2_1_4_1_5_test_Bearing1_3
XJTU-SY-condition_1_35Hz12kN-manual_19-RandomForestRegressor,manual_19,1,Bearing1_3,87,71.0,30.0541332972583,train_Bearing1_1_1_2_1_4_1_5_test_Bearing1_3
XJTU-SY-condition_1_35Hz12kN-manual_19-RandomForestRegressor,manual_19,1,Bearing1_3,88,70.0,81.36000496031744,train_Bearing1_1_1_2_1_4_1_5_test_Bearing1_3
XJTU-SY-condition_1_35Hz12kN-manual_19-RandomForestRegressor,manual_19,1,Bearing1_3,89,69.0,48.58623106060605,train_Bearing1_1_1_2_1_4_1_5_test_Bearing1_3
XJTU-SY-condition_1_35Hz12kN-manual_19-RandomForestRegressor,manual_19,1,Bearing1_3,90,68.0,78.20345463564215,train_Bearing1_1_1_2_1_4_1_5_test_Bearing1_3
XJTU-SY-condition_1_35Hz12kN-manual_19-RandomForestRegressor,manual_19,1,Bearing1_3,91,67.0,51.34544191919192,train_Bearing1_1_1_2_1_4_1_5_test_Bearing1_3
XJTU-SY-condition_1_35Hz12kN-manual_19-RandomForestRegressor,manual_19,1,Bearing1_3,92,66.0,62.03185515873016,train_Bearing1_1_1_2_1_4_1_5_test_Bearing1_3
XJTU-SY-condition_1_35Hz12kN-manual_19-RandomForestRegressor,manual_19,1,Bearing1_3,93,65.0,87.3860377816628,train_Bearing1_1_1_2_1_4_1_5_test_Bearing1_3
XJTU-SY-condition_1_35Hz12kN-manual_19-RandomForestRegressor,manual_19,1,Bearing1_3,94,64.0,83.18600083943834,train_Bearing1_1_1_2_1_4_1_5_test_Bearing1_3
XJTU-SY-condition_1_35Hz12kN-manual_19-RandomForestRegressor,manual_19,1,Bearing1_3,95,63.0,82.3322214590965,train_Bearing1_1_1_2_1_4_1_5_test_Bearing1_3
XJTU-SY-condition_1_35Hz12kN-manual_19-RandomForestRegressor,manual_19,1,Bearing1_3,96,62.0,68.23969065656564,train_Bearing1_1_1_2_1_4_1_5_test_Bearing1_3
XJTU-SY-condition_1_35Hz12kN-manual_19-RandomForestRegressor,manual_19,1,Bearing1_3,97,61.0,64.4765489024864,train_Bearing1_1_1_2_1_4_1_5_test_Bearing1_3
XJTU-SY-condition_1_35Hz12kN-manual_19-RandomForestRegressor,manual_19,1,Bearing1_3,98,60.0,60.2862757034632,train_Bearing1_1_1_2_1_4_1_5_test_Bearing1_3
XJTU-SY-condition_1_35Hz12kN-manual_19-RandomForestRegressor,manual_19,1,Bearing1_3,99,59.0,59.06440070346322,train_Bearing1_1_1_2_1_4_1_5_test_Bearing1_3
XJTU-SY-condition_1_35Hz12kN-manual_19-RandomForestRegressor,manual_19,1,Bearing1_3,100,58.0,54.68666914682539,train_Bearing1_1_1_2_1_4_1_5_test_Bearing1_3
XJTU-SY-condition_1_35Hz12kN-manual_19-RandomForestRegressor,manual_19,1,Bearing1_3,101,57.0,68.12057397463647,train_Bearing1_1_1_2_1_4_1_5_test_Bearing1_3
XJTU-SY-condition_1_35Hz12kN-manual_19-RandomForestRegressor,manual_19,1,Bearing1_3,102,56.0,62.61724341630592,train_Bearing1_1_1_2_1_4_1_5_test_Bearing1_3
XJTU-SY-condition_1_35Hz12kN-manual_19-RandomForestRegressor,manual_19,1,Bearing1_3,103,55.0,62.4070038988789,train_Bearing1_1_1_2_1_4_1_5_test_Bearing1_3
XJTU-SY-condition_1_35Hz12kN-manual_19-RandomForestRegressor,manual_19,1,Bearing1_3,104,54.0,61.21698863636361,train_Bearing1_1_1_2_1_4_1_5_test_Bearing1_3
XJTU-SY-condition_1_35Hz12kN-manual_19-RandomForestRegressor,manual_19,1,Bearing1_3,105,53.0,31.335219155844165,train_Bearing1_1_1_2_1_4_1_5_test_Bearing1_3
XJTU-SY-condition_1_35Hz12kN-manual_19-RandomForestRegressor,manual_19,1,Bearing1_3,106,52.0,78.83532242063495,train_Bearing1_1_1_2_1_4_1_5_test_Bearing1_3
XJTU-SY-condition_1_35Hz12kN-manual_19-RandomForestRegressor,manual_19,1,Bearing1_3,107,51.0,70.77667388167387,train_Bearing1_1_1_2_1_4_1_5_test_Bearing1_3
XJTU-SY-condition_1_35Hz12kN-manual_19-RandomForestRegressor,manual_19,1,Bearing1_3,108,50.0,75.74884310134311,train_Bearing1_1_1_2_1_4_1_5_test_Bearing1_3
XJTU-SY-condition_1_35Hz12kN-manual_19-RandomForestRegressor,manual_19,1,Bearing1_3,109,49.0,49.755027507215004,train_Bearing1_1_1_2_1_4_1_5_test_Bearing1_3
XJTU-SY-condition_1_35Hz12kN-manual_19-RandomForestRegressor,manual_19,1,Bearing1_3,110,48.0,50.038637196137195,train_Bearing1_1_1_2_1_4_1_5_test_Bearing1_3
XJTU-SY-condition_1_35Hz12kN-manual_19-RandomForestRegressor,manual_19,1,Bearing1_3,111,47.0,78.68854530885785,train_Bearing1_1_1_2_1_4_1_5_test_Bearing1_3
XJTU-SY-condition_1_35Hz12kN-manual_19-RandomForestRegressor,manual_19,1,Bearing1_3,112,46.0,82.56241338522591,train_Bearing1_1_1_2_1_4_1_5_test_Bearing1_3
XJTU-SY-condition_1_35Hz12kN-manual_19-RandomForestRegressor,manual_19,1,Bearing1_3,113,45.0,66.40090367965368,train_Bearing1_1_1_2_1_4_1_5_test_Bearing1_3
XJTU-SY-condition_1_35Hz12kN-manual_19-RandomForestRegressor,manual_19,1,Bearing1_3,114,44.0,72.27116477272729,train_Bearing1_1_1_2_1_4_1_5_test_Bearing1_3
XJTU-SY-condition_1_35Hz12kN-manual_19-RandomForestRegressor,manual_19,1,Bearing1_3,115,43.0,71.65960546398047,train_Bearing1_1_1_2_1_4_1_5_test_Bearing1_3
XJTU-SY-condition_1_35Hz12kN-manual_19-RandomForestRegressor,manual_19,1,Bearing1_3,116,42.0,69.06541208791211,train_Bearing1_1_1_2_1_4_1_5_test_Bearing1_3
XJTU-SY-condition_1_35Hz12kN-manual_19-RandomForestRegressor,manual_19,1,Bearing1_3,117,41.0,72.45019841269844,train_Bearing1_1_1_2_1_4_1_5_test_Bearing1_3
XJTU-SY-condition_1_35Hz12kN-manual_19-RandomForestRegressor,manual_19,1,Bearing1_3,118,40.0,73.3268672993673,train_Bearing1_1_1_2_1_4_1_5_test_Bearing1_3
XJTU-SY-condition_1_35Hz12kN-manual_19-RandomForestRegressor,manual_19,1,Bearing1_3,119,39.0,43.231687860750355,train_Bearing1_1_1_2_1_4_1_5_test_Bearing1_3
XJTU-SY-condition_1_35Hz12kN-manual_19-RandomForestRegressor,manual_19,1,Bearing1_3,120,38.0,74.00793154761905,train_Bearing1_1_1_2_1_4_1_5_test_Bearing1_3
XJTU-SY-condition_1_35Hz12kN-manual_19-RandomForestRegressor,manual_19,1,Bearing1_3,121,37.0,48.2192013888889,train_Bearing1_1_1_2_1_4_1_5_test_Bearing1_3
XJTU-SY-condition_1_35Hz12kN-manual_19-RandomForestRegressor,manual_19,1,Bearing1_3,122,36.0,66.0698750901876,train_Bearing1_1_1_2_1_4_1_5_test_Bearing1_3
XJTU-SY-condition_1_35Hz12kN-manual_19-RandomForestRegressor,manual_19,1,Bearing1_3,123,35.0,68.55726717726718,train_Bearing1_1_1_2_1_4_1_5_test_Bearing1_3
XJTU-SY-condition_1_35Hz12kN-manual_19-RandomForestRegressor,manual_19,1,Bearing1_3,124,34.0,87.45261949855701,train_Bearing1_1_1_2_1_4_1_5_test_Bearing1_3
XJTU-SY-condition_1_35Hz12kN-manual_19-RandomForestRegressor,manual_19,1,Bearing1_3,125,33.0,78.20872252747253,train_Bearing1_1_1_2_1_4_1_5_test_Bearing1_3
XJTU-SY-condition_1_35Hz12kN-manual_19-RandomForestRegressor,manual_19,1,Bearing1_3,126,32.0,77.73720238095243,train_Bearing1_1_1_2_1_4_1_5_test_Bearing1_3
XJTU-SY-condition_1_35Hz12kN-manual_19-RandomForestRegressor,manual_19,1,Bearing1_3,127,31.0,66.3226697954823,train_Bearing1_1_1_2_1_4_1_5_test_Bearing1_3
XJTU-SY-condition_1_35Hz12kN-manual_19-RandomForestRegressor,manual_19,1,Bearing1_3,128,30.0,83.0144681013431,train_Bearing1_1_1_2_1_4_1_5_test_Bearing1_3
XJTU-SY-condition_1_35Hz12kN-manual_19-RandomForestRegressor,manual_19,1,Bearing1_3,129,29.0,71.3796626984127,train_Bearing1_1_1_2_1_4_1_5_test_Bearing1_3
XJTU-SY-condition_1_35Hz12kN-manual_19-RandomForestRegressor,manual_19,1,Bearing1_3,130,28.0,91.1606500097125,train_Bearing1_1_1_2_1_4_1_5_test_Bearing1_3
XJTU-SY-condition_1_35Hz12kN-manual_19-RandomForestRegressor,manual_19,1,Bearing1_3,131,27.0,71.90380484099236,train_Bearing1_1_1_2_1_4_1_5_test_Bearing1_3
XJTU-SY-condition_1_35Hz12kN-manual_19-RandomForestRegressor,manual_19,1,Bearing1_3,132,26.0,75.24418695887447,train_Bearing1_1_1_2_1_4_1_5_test_Bearing1_3
XJTU-SY-condition_1_35Hz12kN-manual_19-RandomForestRegressor,manual_19,1,Bearing1_3,133,25.0,64.1912729978355,train_Bearing1_1_1_2_1_4_1_5_test_Bearing1_3
XJTU-SY-condition_1_35Hz12kN-manual_19-RandomForestRegressor,manual_19,1,Bearing1_3,134,24.0,57.00791125541127,train_Bearing1_1_1_2_1_4_1_5_test_Bearing1_3
XJTU-SY-condition_1_35Hz12kN-manual_19-RandomForestRegressor,manual_19,1,Bearing1_3,135,23.0,113.39160714285713,train_Bearing1_1_1_2_1_4_1_5_test_Bearing1_3
XJTU-SY-condition_1_35Hz12kN-manual_19-RandomForestRegressor,manual_19,1,Bearing1_3,136,22.0,69.87935155122656,train_Bearing1_1_1_2_1_4_1_5_test_Bearing1_3
XJTU-SY-condition_1_35Hz12kN-manual_19-RandomForestRegressor,manual_19,1,Bearing1_3,137,21.0,75.30158730158733,train_Bearing1_1_1_2_1_4_1_5_test_Bearing1_3
XJTU-SY-condition_1_35Hz12kN-manual_19-RandomForestRegressor,manual_19,1,Bearing1_3,138,20.0,58.84634740259742,train_Bearing1_1_1_2_1_4_1_5_test_Bearing1_3
XJTU-SY-condition_1_35Hz12kN-manual_19-RandomForestRegressor,manual_19,1,Bearing1_3,139,19.0,43.01253201659452,train_Bearing1_1_1_2_1_4_1_5_test_Bearing1_3
XJTU-SY-condition_1_35Hz12kN-manual_19-RandomForestRegressor,manual_19,1,Bearing1_3,140,18.0,81.22232361388612,train_Bearing1_1_1_2_1_4_1_5_test_Bearing1_3
XJTU-SY-condition_1_35Hz12kN-manual_19-RandomForestRegressor,manual_19,1,Bearing1_3,141,17.0,85.93935019841271,train_Bearing1_1_1_2_1_4_1_5_test_Bearing1_3
XJTU-SY-condition_1_35Hz12kN-manual_19-RandomForestRegressor,manual_19,1,Bearing1_3,142,16.0,38.6589669011544,train_Bearing1_1_1_2_1_4_1_5_test_Bearing1_3
XJTU-SY-condition_1_35Hz12kN-manual_19-RandomForestRegressor,manual_19,1,Bearing1_3,143,15.0,101.53137175324676,train_Bearing1_1_1_2_1_4_1_5_test_Bearing1_3
XJTU-SY-condition_1_35Hz12kN-manual_19-RandomForestRegressor,manual_19,1,Bearing1_3,144,14.0,107.23733516483517,train_Bearing1_1_1_2_1_4_1_5_test_Bearing1_3
XJTU-SY-condition_1_35Hz12kN-manual_19-RandomForestRegressor,manual_19,1,Bearing1_3,145,13.0,87.17618780525032,train_Bearing1_1_1_2_1_4_1_5_test_Bearing1_3
XJTU-SY-condition_1_35Hz12kN-manual_19-RandomForestRegressor,manual_19,1,Bearing1_3,146,12.0,73.35237103174603,train_Bearing1_1_1_2_1_4_1_5_test_Bearing1_3
XJTU-SY-condition_1_35Hz12kN-manual_19-RandomForestRegressor,manual_19,1,Bearing1_3,147,11.0,71.79265012765013,train_Bearing1_1_1_2_1_4_1_5_test_Bearing1_3
XJTU-SY-condition_1_35Hz12kN-manual_19-RandomForestRegressor,manual_19,1,Bearing1_3,148,10.0,40.72144435425686,train_Bearing1_1_1_2_1_4_1_5_test_Bearing1_3
XJTU-SY-condition_1_35Hz12kN-manual_19-RandomForestRegressor,manual_19,1,Bearing1_3,149,9.0,78.26817956349207,train_Bearing1_1_1_2_1_4_1_5_test_Bearing1_3
XJTU-SY-condition_1_35Hz12kN-manual_19-RandomForestRegressor,manual_19,1,Bearing1_3,150,8.0,37.669623015873015,train_Bearing1_1_1_2_1_4_1_5_test_Bearing1_3
XJTU-SY-condition_1_35Hz12kN-manual_19-RandomForestRegressor,manual_19,1,Bearing1_3,151,7.0,29.998400523088037,train_Bearing1_1_1_2_1_4_1_5_test_Bearing1_3
XJTU-SY-condition_1_35Hz12kN-manual_19-RandomForestRegressor,manual_19,1,Bearing1_3,152,6.0,32.38647546897547,train_Bearing1_1_1_2_1_4_1_5_test_Bearing1_3
XJTU-SY-condition_1_35Hz12kN-manual_19-RandomForestRegressor,manual_19,1,Bearing1_3,153,5.0,36.903467261904765,train_Bearing1_1_1_2_1_4_1_5_test_Bearing1_3
XJTU-SY-condition_1_35Hz12kN-manual_19-RandomForestRegressor,manual_19,1,Bearing1_3,154,4.0,40.96544597763348,train_Bearing1_1_1_2_1_4_1_5_test_Bearing1_3
XJTU-SY-condition_1_35Hz12kN-manual_19-RandomForestRegressor,manual_19,1,Bearing1_3,155,3.0,58.01241747835502,train_Bearing1_1_1_2_1_4_1_5_test_Bearing1_3
XJTU-SY-condition_1_35Hz12kN-manual_19-RandomForestRegressor,manual_19,1,Bearing1_3,156,2.0,50.769644209956724,train_Bearing1_1_1_2_1_4_1_5_test_Bearing1_3
XJTU-SY-condition_1_35Hz12kN-manual_19-RandomForestRegressor,manual_19,1,Bearing1_3,157,1.0,60.06329725829725,train_Bearing1_1_1_2_1_4_1_5_test_Bearing1_3
XJTU-SY-condition_1_35Hz12kN-manual_19-RandomForestRegressor,manual_19,2,Bearing1_3,1,157.0,46.977956349206345,train_Bearing1_1_1_2_1_4_1_5_test_Bearing1_3
XJTU-SY-condition_1_35Hz12kN-manual_19-RandomForestRegressor,manual_19,2,Bearing1_3,2,156.0,63.62967261904763,train_Bearing1_1_1_2_1_4_1_5_test_Bearing1_3
XJTU-SY-condition_1_35Hz12kN-manual_19-RandomForestRegressor,manual_19,2,Bearing1_3,3,155.0,40.814637896825374,train_Bearing1_1_1_2_1_4_1_5_test_Bearing1_3
XJTU-SY-condition_1_35Hz12kN-manual_19-RandomForestRegressor,manual_19,2,Bearing1_3,4,154.0,45.55350923382173,train_Bearing1_1_1_2_1_4_1_5_test_Bearing1_3
XJTU-SY-condition_1_35Hz12kN-manual_19-RandomForestRegressor,manual_19,2,Bearing1_3,5,153.0,39.907395833333325,train_Bearing1_1_1_2_1_4_1_5_test_Bearing1_3
XJTU-SY-condition_1_35Hz12kN-manual_19-RandomForestRegressor,manual_19,2,Bearing1_3,6,152.0,91.58877886002888,train_Bearing1_1_1_2_1_4_1_5_test_Bearing1_3
XJTU-SY-condition_1_35Hz12kN-manual_19-RandomForestRegressor,manual_19,2,Bearing1_3,7,151.0,88.62474567099568,train_Bearing1_1_1_2_1_4_1_5_test_Bearing1_3
XJTU-SY-condition_1_35Hz12kN-manual_19-RandomForestRegressor,manual_19,2,Bearing1_3,8,150.0,79.13596410533913,train_Bearing1_1_1_2_1_4_1_5_test_Bearing1_3
XJTU-SY-condition_1_35Hz12kN-manual_19-RandomForestRegressor,manual_19,2,Bearing1_3,9,149.0,70.33822240259741,train_Bearing1_1_1_2_1_4_1_5_test_Bearing1_3
XJTU-SY-condition_1_35Hz12kN-manual_19-RandomForestRegressor,manual_19,2,Bearing1_3,10,148.0,95.04865349927853,train_Bearing1_1_1_2_1_4_1_5_test_Bearing1_3
XJTU-SY-condition_1_35Hz12kN-manual_19-RandomForestRegressor,manual_19,2,Bearing1_3,11,147.0,58.84906430375179,train_Bearing1_1_1_2_1_4_1_5_test_Bearing1_3
XJTU-SY-condition_1_35Hz12kN-manual_19-RandomForestRegressor,manual_19,2,Bearing1_3,12,146.0,47.74408098845599,train_Bearing1_1_1_2_1_4_1_5_test_Bearing1_3
XJTU-SY-condition_1_35Hz12kN-manual_19-RandomForestRegressor,manual_19,2,Bearing1_3,13,145.0,71.50557945526694,train_Bearing1_1_1_2_1_4_1_5_test_Bearing1_3
XJTU-SY-condition_1_35Hz12kN-manual_19-RandomForestRegressor,manual_19,2,Bearing1_3,14,144.0,58.68075622294371,train_Bearing1_1_1_2_1_4_1_5_test_Bearing1_3
XJTU-SY-condition_1_35Hz12kN-manual_19-RandomForestRegressor,manual_19,2,Bearing1_3,15,143.0,64.84211174242422,train_Bearing1_1_1_2_1_4_1_5_test_Bearing1_3
XJTU-SY-condition_1_35Hz12kN-manual_19-RandomForestRegressor,manual_19,2,Bearing1_3,16,142.0,55.953467261904756,train_Bearing1_1_1_2_1_4_1_5_test_Bearing1_3
XJTU-SY-condition_1_35Hz12kN-manual_19-RandomForestRegressor,manual_19,2,Bearing1_3,17,141.0,63.52845238095239,train_Bearing1_1_1_2_1_4_1_5_test_Bearing1_3
XJTU-SY-condition_1_35Hz12kN-manual_19-RandomForestRegressor,manual_19,2,Bearing1_3,18,140.0,53.80863095238095,train_Bearing1_1_1_2_1_4_1_5_test_Bearing1_3
XJTU-SY-condition_1_35Hz12kN-manual_19-RandomForestRegressor,manual_19,2,Bearing1_3,19,139.0,60.63436507936508,train_Bearing1_1_1_2_1_4_1_5_test_Bearing1_3
XJTU-SY-condition_1_35Hz12kN-manual_19-RandomForestRegressor,manual_19,2,Bearing1_3,20,138.0,51.52607638888888,train_Bearing1_1_1_2_1_4_1_5_test_Bearing1_3
XJTU-SY-condition_1_35Hz12kN-manual_19-RandomForestRegressor,manual_19,2,Bearing1_3,21,137.0,52.66353892635141,train_Bearing1_1_1_2_1_4_1_5_test_Bearing1_3
XJTU-SY-condition_1_35Hz12kN-manual_19-RandomForestRegressor,manual_19,2,Bearing1_3,22,136.0,46.838684267121764,train_Bearing1_1_1_2_1_4_1_5_test_Bearing1_3
XJTU-SY-condition_1_35Hz12kN-manual_19-RandomForestRegressor,manual_19,2,Bearing1_3,23,135.0,76.95879148629149,train_Bearing1_1_1_2_1_4_1_5_test_Bearing1_3
XJTU-SY-condition_1_35Hz12kN-manual_19-RandomForestRegressor,manual_19,2,Bearing1_3,24,134.0,64.62754825036073,train_Bearing1_1_1_2_1_4_1_5_test_Bearing1_3
XJTU-SY-condition_1_35Hz12kN-manual_19-RandomForestRegressor,manual_19,2,Bearing1_3,25,133.0,53.90623872655124,train_Bearing1_1_1_2_1_4_1_5_test_Bearing1_3
XJTU-SY-condition_1_35Hz12kN-manual_19-RandomForestRegressor,manual_19,2,Bearing1_3,26,132.0,58.983405934343445,train_Bearing1_1_1_2_1_4_1_5_test_Bearing1_3
XJTU-SY-condition_1_35Hz12kN-manual_19-RandomForestRegressor,manual_19,2,Bearing1_3,27,131.0,39.09096955128206,train_Bearing1_1_1_2_1_4_1_5_test_Bearing1_3
XJTU-SY-condition_1_35Hz12kN-manual_19-RandomForestRegressor,manual_19,2,Bearing1_3,28,130.0,59.612081078643584,train_Bearing1_1_1_2_1_4_1_5_test_Bearing1_3
XJTU-SY-condition_1_35Hz12kN-manual_19-RandomForestRegressor,manual_19,2,Bearing1_3,29,129.0,36.63528814935066,train_Bearing1_1_1_2_1_4_1_5_test_Bearing1_3
XJTU-SY-condition_1_35Hz12kN-manual_19-RandomForestRegressor,manual_19,2,Bearing1_3,30,128.0,37.91265463702964,train_Bearing1_1_1_2_1_4_1_5_test_Bearing1_3
XJTU-SY-condition_1_35Hz12kN-manual_19-RandomForestRegressor,manual_19,2,Bearing1_3,31,127.0,41.897264159451666,train_Bearing1_1_1_2_1_4_1_5_test_Bearing1_3
XJTU-SY-condition_1_35Hz12kN-manual_19-RandomForestRegressor,manual_19,2,Bearing1_3,32,126.0,47.377510822510814,train_Bearing1_1_1_2_1_4_1_5_test_Bearing1_3
XJTU-SY-condition_1_35Hz12kN-manual_19-RandomForestRegressor,manual_19,2,Bearing1_3,33,125.0,72.09716765873017,train_Bearing1_1_1_2_1_4_1_5_test_Bearing1_3
XJTU-SY-condition_1_35Hz12kN-manual_19-RandomForestRegressor,manual_19,2,Bearing1_3,34,124.0,54.750386904761925,train_Bearing1_1_1_2_1_4_1_5_test_Bearing1_3
XJTU-SY-condition_1_35Hz12kN-manual_19-RandomForestRegressor,manual_19,2,Bearing1_3,35,123.0,75.3115128968254,train_Bearing1_1_1_2_1_4_1_5_test_Bearing1_3
XJTU-SY-condition_1_35Hz12kN-manual_19-RandomForestRegressor,manual_19,2,Bearing1_3,36,122.0,44.22327113858363,train_Bearing1_1_1_2_1_4_1_5_test_Bearing1_3
XJTU-SY-condition_1_35Hz12kN-manual_19-RandomForestRegressor,manual_19,2,Bearing1_3,37,121.0,83.1310744810745,train_Bearing1_1_1_2_1_4_1_5_test_Bearing1_3
XJTU-SY-condition_1_35Hz12kN-manual_19-RandomForestRegressor,manual_19,2,Bearing1_3,38,120.0,59.20727453102453,train_Bearing1_1_1_2_1_4_1_5_test_Bearing1_3
XJTU-SY-condition_1_35Hz12kN-manual_19-RandomForestRegressor,manual_19,2,Bearing1_3,39,119.0,46.65098214285714,train_Bearing1_1_1_2_1_4_1_5_test_Bearing1_3
XJTU-SY-condition_1_35Hz12kN-manual_19-RandomForestRegressor,manual_19,2,Bearing1_3,40,118.0,63.10751578282826,train_Bearing1_1_1_2_1_4_1_5_test_Bearing1_3
XJTU-SY-condition_1_35Hz12kN-manual_19-RandomForestRegressor,manual_19,2,Bearing1_3,41,117.0,53.367925234487714,train_Bearing1_1_1_2_1_4_1_5_test_Bearing1_3
XJTU-SY-condition_1_35Hz12kN-manual_19-RandomForestRegressor,manual_19,2,Bearing1_3,42,116.0,81.60642361111111,train_Bearing1_1_1_2_1_4_1_5_test_Bearing1_3
XJTU-SY-condition_1_35Hz12kN-manual_19-RandomForestRegressor,manual_19,2,Bearing1_3,43,115.0,51.11319399350648,train_Bearing1_1_1_2_1_4_1_5_test_Bearing1_3
XJTU-SY-condition_1_35Hz12kN-manual_19-RandomForestRegressor,manual_19,2,Bearing1_3,44,114.0,90.51585227272724,train_Bearing1_1_1_2_1_4_1_5_test_Bearing1_3
XJTU-SY-condition_1_35Hz12kN-manual_19-RandomForestRegressor,manual_19,2,Bearing1_3,45,113.0,88.51252389971138,train_Bearing1_1_1_2_1_4_1_5_test_Bearing1_3
XJTU-SY-condition_1_35Hz12kN-manual_19-RandomForestRegressor,manual_19,2,Bearing1_3,46,112.0,43.090054112554114,train_Bearing1_1_1_2_1_4_1_5_test_Bearing1_3
XJTU-SY-condition_1_35Hz12kN-manual_19-RandomForestRegressor,manual_19,2,Bearing1_3,47,111.0,64.37819940476189,train_Bearing1_1_1_2_1_4_1_5_test_Bearing1_3
XJTU-SY-condition_1_35Hz12kN-manual_19-RandomForestRegressor,manual_19,2,Bearing1_3,48,110.0,39.15908730158731,train_Bearing1_1_1_2_1_4_1_5_test_Bearing1_3
XJTU-SY-condition_1_35Hz12kN-manual_19-RandomForestRegressor,manual_19,2,Bearing1_3,49,109.0,41.44560744810743,train_Bearing1_1_1_2_1_4_1_5_test_Bearing1_3
XJTU-SY-condition_1_35Hz12kN-manual_19-RandomForestRegressor,manual_19,2,Bearing1_3,50,108.0,46.50024981962481,train_Bearing1_1_1_2_1_4_1_5_test_Bearing1_3
XJTU-SY-condition_1_35Hz12kN-manual_19-RandomForestRegressor,manual_19,2,Bearing1_3,51,107.0,55.257230339105355,train_Bearing1_1_1_2_1_4_1_5_test_Bearing1_3
XJTU-SY-condition_1_35Hz12kN-manual_19-RandomForestRegressor,manual_19,2,Bearing1_3,52,106.0,50.97233225108227,train_Bearing1_1_1_2_1_4_1_5_test_Bearing1_3
XJTU-SY-condition_1_35Hz12kN-manual_19-RandomForestRegressor,manual_19,2,Bearing1_3,53,105.0,48.409890526140536,train_Bearing1_1_1_2_1_4_1_5_test_Bearing1_3
XJTU-SY-condition_1_35Hz12kN-manual_19-RandomForestRegressor,manual_19,2,Bearing1_3,54,104.0,45.509592386779886,train_Bearing1_1_1_2_1_4_1_5_test_Bearing1_3
XJTU-SY-condition_1_35Hz12kN-manual_19-RandomForestRegressor,manual_19,2,Bearing1_3,55,103.0,70.17684523809524,train_Bearing1_1_1_2_1_4_1_5_test_Bearing1_3
XJTU-SY-condition_1_35Hz12kN-manual_19-RandomForestRegressor,manual_19,2,Bearing1_3,56,102.0,58.94050820707071,train_Bearing1_1_1_2_1_4_1_5_test_Bearing1_3
XJTU-SY-condition_1_35Hz12kN-manual_19-RandomForestRegressor,manual_19,2,Bearing1_3,57,101.0,69.46583694083694,train_Bearing1_1_1_2_1_4_1_5_test_Bearing1_3
XJTU-SY-condition_1_35Hz12kN-manual_19-RandomForestRegressor,manual_19,2,Bearing1_3,58,100.0,38.14139880952381,train_Bearing1_1_1_2_1_4_1_5_test_Bearing1_3
XJTU-SY-condition_1_35Hz12kN-manual_19-RandomForestRegressor,manual_19,2,Bearing1_3,59,99.0,75.07134244227994,train_Bearing1_1_1_2_1_4_1_5_test_Bearing1_3
XJTU-SY-condition_1_35Hz12kN-manual_19-RandomForestRegressor,manual_19,2,Bearing1_3,60,98.0,79.77933847402596,train_Bearing1_1_1_2_1_4_1_5_test_Bearing1_3
XJTU-SY-condition_1_35Hz12kN-manual_19-RandomForestRegressor,manual_19,2,Bearing1_3,61,97.0,50.68021780303029,train_Bearing1_1_1_2_1_4_1_5_test_Bearing1_3
XJTU-SY-condition_1_35Hz12kN-manual_19-RandomForestRegressor,manual_19,2,Bearing1_3,62,96.0,49.905942460317455,train_Bearing1_1_1_2_1_4_1_5_test_Bearing1_3
XJTU-SY-condition_1_35Hz12kN-manual_19-RandomForestRegressor,manual_19,2,Bearing1_3,63,95.0,79.93954500360753,train_Bearing1_1_1_2_1_4_1_5_test_Bearing1_3
XJTU-SY-condition_1_35Hz12kN-manual_19-RandomForestRegressor,manual_19,2,Bearing1_3,64,94.0,76.09028093434341,train_Bearing1_1_1_2_1_4_1_5_test_Bearing1_3
XJTU-SY-condition_1_35Hz12kN-manual_19-RandomForestRegressor,manual_19,2,Bearing1_3,65,93.0,27.48336850649351,train_Bearing1_1_1_2_1_4_1_5_test_Bearing1_3
XJTU-SY-condition_1_35Hz12kN-manual_19-RandomForestRegressor,manual_19,2,Bearing1_3,66,92.0,52.28020517676767,train_Bearing1_1_1_2_1_4_1_5_test_Bearing1_3
XJTU-SY-condition_1_35Hz12kN-manual_19-RandomForestRegressor,manual_19,2,Bearing1_3,67,91.0,42.71879419191917,train_Bearing1_1_1_2_1_4_1_5_test_Bearing1_3
XJTU-SY-condition_1_35Hz12kN-manual_19-RandomForestRegressor,manual_19,2,Bearing1_3,68,90.0,58.25790941697191,train_Bearing1_1_1_2_1_4_1_5_test_Bearing1_3
XJTU-SY-condition_1_35Hz12kN-manual_19-RandomForestRegressor,manual_19,2,Bearing1_3,69,89.0,84.690615981241,train_Bearing1_1_1_2_1_4_1_5_test_Bearing1_3
XJTU-SY-condition_1_35Hz12kN-manual_19-RandomForestRegressor,manual_19,2,Bearing1_3,70,88.0,50.27164186507937,train_Bearing1_1_1_2_1_4_1_5_test_Bearing1_3
XJTU-SY-condition_1_35Hz12kN-manual_19-RandomForestRegressor,manual_19,2,Bearing1_3,71,87.0,38.160923069985564,train_Bearing1_1_1_2_1_4_1_5_test_Bearing1_3
XJTU-SY-condition_1_35Hz12kN-manual_19-RandomForestRegressor,manual_19,2,Bearing1_3,72,86.0,48.9143885281385,train_Bearing1_1_1_2_1_4_1_5_test_Bearing1_3
XJTU-SY-condition_1_35Hz12kN-manual_19-RandomForestRegressor,manual_19,2,Bearing1_3,73,85.0,62.086471375846386,train_Bearing1_1_1_2_1_4_1_5_test_Bearing1_3
XJTU-SY-condition_1_35Hz12kN-manual_19-RandomForestRegressor,manual_19,2,Bearing1_3,74,84.0,72.47130005411256,train_Bearing1_1_1_2_1_4_1_5_test_Bearing1_3
XJTU-SY-condition_1_35Hz12kN-manual_19-RandomForestRegressor,manual_19,2,Bearing1_3,75,83.0,30.740294011544012,train_Bearing1_1_1_2_1_4_1_5_test_Bearing1_3
XJTU-SY-condition_1_35Hz12kN-manual_19-RandomForestRegressor,manual_19,2,Bearing1_3,76,82.0,49.40563988095238,train_Bearing1_1_1_2_1_4_1_5_test_Bearing1_3
XJTU-SY-condition_1_35Hz12kN-manual_19-RandomForestRegressor,manual_19,2,Bearing1_3,77,81.0,33.37380189255189,train_Bearing1_1_1_2_1_4_1_5_test_Bearing1_3
XJTU-SY-condition_1_35Hz12kN-manual_19-RandomForestRegressor,manual_19,2,Bearing1_3,78,80.0,33.4156877150627,train_Bearing1_1_1_2_1_4_1_5_test_Bearing1_3
XJTU-SY-condition_1_35Hz12kN-manual_19-RandomForestRegressor,manual_19,2,Bearing1_3,79,79.0,34.49528273809524,train_Bearing1_1_1_2_1_4_1_5_test_Bearing1_3
XJTU-SY-condition_1_35Hz12kN-manual_19-RandomForestRegressor,manual_19,2,Bearing1_3,80,78.0,82.48159226190475,train_Bearing1_1_1_2_1_4_1_5_test_Bearing1_3
XJTU-SY-condition_1_35Hz12kN-manual_19-RandomForestRegressor,manual_19,2,Bearing1_3,81,77.0,49.22661477411477,train_Bearing1_1_1_2_1_4_1_5_test_Bearing1_3
XJTU-SY-condition_1_35Hz12kN-manual_19-RandomForestRegressor,manual_19,2,Bearing1_3,82,76.0,46.17700896325897,train_Bearing1_1_1_2_1_4_1_5_test_Bearing1_3
XJTU-SY-condition_1_35Hz12kN-manual_19-RandomForestRegressor,manual_19,2,Bearing1_3,83,75.0,44.43129197191696,train_Bearing1_1_1_2_1_4_1_5_test_Bearing1_3
XJTU-SY-condition_1_35Hz12kN-manual_19-RandomForestRegressor,manual_19,2,Bearing1_3,84,74.0,77.49250946969696,train_Bearing1_1_1_2_1_4_1_5_test_Bearing1_3
XJTU-SY-condition_1_35Hz12kN-manual_19-RandomForestRegressor,manual_19,2,Bearing1_3,85,73.0,74.26881042568542,train_Bearing1_1_1_2_1_4_1_5_test_Bearing1_3
XJTU-SY-condition_1_35Hz12kN-manual_19-RandomForestRegressor,manual_19,2,Bearing1_3,86,72.0,83.01246392496391,train_Bearing1_1_1_2_1_4_1_5_test_Bearing1_3
XJTU-SY-condition_1_35Hz12kN-manual_19-RandomForestRegressor,manual_19,2,Bearing1_3,87,71.0,27.808106511544015,train_Bearing1_1_1_2_1_4_1_5_test_Bearing1_3
XJTU-SY-condition_1_35Hz12kN-manual_19-RandomForestRegressor,manual_19,2,Bearing1_3,88,70.0,78.73954077172829,train_Bearing1_1_1_2_1_4_1_5_test_Bearing1_3
XJTU-SY-condition_1_35Hz12kN-manual_19-RandomForestRegressor,manual_19,2,Bearing1_3,89,69.0,60.41854569042067,train_Bearing1_1_1_2_1_4_1_5_test_Bearing1_3
XJTU-SY-condition_1_35Hz12kN-manual_19-RandomForestRegressor,manual_19,2,Bearing1_3,90,68.0,66.79728354978354,train_Bearing1_1_1_2_1_4_1_5_test_Bearing1_3
XJTU-SY-condition_1_35Hz12kN-manual_19-RandomForestRegressor,manual_19,2,Bearing1_3,91,67.0,53.34621888528138,train_Bearing1_1_1_2_1_4_1_5_test_Bearing1_3
XJTU-SY-condition_1_35Hz12kN-manual_19-RandomForestRegressor,manual_19,2,Bearing1_3,92,66.0,68.78523084554334,train_Bearing1_1_1_2_1_4_1_5_test_Bearing1_3
XJTU-SY-condition_1_35Hz12kN-manual_19-RandomForestRegressor,manual_19,2,Bearing1_3,93,65.0,87.75789682539681,train_Bearing1_1_1_2_1_4_1_5_test_Bearing1_3
XJTU-SY-condition_1_35Hz12kN-manual_19-RandomForestRegressor,manual_19,2,Bearing1_3,94,64.0,84.23300189393942,train_Bearing1_1_1_2_1_4_1_5_test_Bearing1_3
XJTU-SY-condition_1_35Hz12kN-manual_19-RandomForestRegressor,manual_19,2,Bearing1_3,95,63.0,82.1927140567766,train_Bearing1_1_1_2_1_4_1_5_test_Bearing1_3
XJTU-SY-condition_1_35Hz12kN-manual_19-RandomForestRegressor,manual_19,2,Bearing1_3,96,62.0,68.85600829725833,train_Bearing1_1_1_2_1_4_1_5_test_Bearing1_3
XJTU-SY-condition_1_35Hz12kN-manual_19-RandomForestRegressor,manual_19,2,Bearing1_3,97,61.0,64.38178255772007,train_Bearing1_1_1_2_1_4_1_5_test_Bearing1_3
XJTU-SY-condition_1_35Hz12kN-manual_19-RandomForestRegressor,manual_19,2,Bearing1_3,98,60.0,52.114258658008644,train_Bearing1_1_1_2_1_4_1_5_test_Bearing1_3
XJTU-SY-condition_1_35Hz12kN-manual_19-RandomForestRegressor,manual_19,2,Bearing1_3,99,59.0,60.76015873015875,train_Bearing1_1_1_2_1_4_1_5_test_Bearing1_3
XJTU-SY-condition_1_35Hz12kN-manual_19-RandomForestRegressor,manual_19,2,Bearing1_3,100,58.0,47.033027597402594,train_Bearing1_1_1_2_1_4_1_5_test_Bearing1_3
XJTU-SY-condition_1_35Hz12kN-manual_19-RandomForestRegressor,manual_19,2,Bearing1_3,101,57.0,69.12603805916308,train_Bearing1_1_1_2_1_4_1_5_test_Bearing1_3
XJTU-SY-condition_1_35Hz12kN-manual_19-RandomForestRegressor,manual_19,2,Bearing1_3,102,56.0,56.47748737373737,train_Bearing1_1_1_2_1_4_1_5_test_Bearing1_3
XJTU-SY-condition_1_35Hz12kN-manual_19-RandomForestRegressor,manual_19,2,Bearing1_3,103,55.0,54.707426497114,train_Bearing1_1_1_2_1_4_1_5_test_Bearing1_3
XJTU-SY-condition_1_35Hz12kN-manual_19-RandomForestRegressor,manual_19,2,Bearing1_3,104,54.0,65.09430916305917,train_Bearing1_1_1_2_1_4_1_5_test_Bearing1_3
XJTU-SY-condition_1_35Hz12kN-manual_19-RandomForestRegressor,manual_19,2,Bearing1_3,105,53.0,28.460065836940835,train_Bearing1_1_1_2_1_4_1_5_test_Bearing1_3
XJTU-SY-condition_1_35Hz12kN-manual_19-RandomForestRegressor,manual_19,2,Bearing1_3,106,52.0,83.50527777777778,train_Bearing1_1_1_2_1_4_1_5_test_Bearing1_3
XJTU-SY-condition_1_35Hz12kN-manual_19-RandomForestRegressor,manual_19,2,Bearing1_3,107,51.0,73.11591810966812,train_Bearing1_1_1_2_1_4_1_5_test_Bearing1_3
XJTU-SY-condition_1_35Hz12kN-manual_19-RandomForestRegressor,manual_19,2,Bearing1_3,108,50.0,88.285625450938,train_Bearing1_1_1_2_1_4_1_5_test_Bearing1_3
XJTU-SY-condition_1_35Hz12kN-manual_19-RandomForestRegressor,manual_19,2,Bearing1_3,109,49.0,39.23721996753246,train_Bearing1_1_1_2_1_4_1_5_test_Bearing1_3
XJTU-SY-condition_1_35Hz12kN-manual_19-RandomForestRegressor,manual_19,2,Bearing1_3,110,48.0,44.74164411976911,train_Bearing1_1_1_2_1_4_1_5_test_Bearing1_3
XJTU-SY-condition_1_35Hz12kN-manual_19-RandomForestRegressor,manual_19,2,Bearing1_3,111,47.0,83.18577380952382,train_Bearing1_1_1_2_1_4_1_5_test_Bearing1_3
XJTU-SY-condition_1_35Hz12kN-manual_19-RandomForestRegressor,manual_19,2,Bearing1_3,112,46.0,74.44872294372291,train_Bearing1_1_1_2_1_4_1_5_test_Bearing1_3
XJTU-SY-condition_1_35Hz12kN-manual_19-RandomForestRegressor,manual_19,2,Bearing1_3,113,45.0,64.51940476190475,train_Bearing1_1_1_2_1_4_1_5_test_Bearing1_3
XJTU-SY-condition_1_35Hz12kN-manual_19-RandomForestRegressor,manual_19,2,Bearing1_3,114,44.0,78.62314574314576,train_Bearing1_1_1_2_1_4_1_5_test_Bearing1_3
XJTU-SY-condition_1_35Hz12kN-manual_19-RandomForestRegressor,manual_19,2,Bearing1_3,115,43.0,74.1732656926407,train_Bearing1_1_1_2_1_4_1_5_test_Bearing1_3
XJTU-SY-condition_1_35Hz12kN-manual_19-RandomForestRegressor,manual_19,2,Bearing1_3,116,42.0,72.97076073232326,train_Bearing1_1_1_2_1_4_1_5_test_Bearing1_3
XJTU-SY-condition_1_35Hz12kN-manual_19-RandomForestRegressor,manual_19,2,Bearing1_3,117,41.0,83.7731782106782,train_Bearing1_1_1_2_1_4_1_5_test_Bearing1_3
XJTU-SY-condition_1_35Hz12kN-manual_19-RandomForestRegressor,manual_19,2,Bearing1_3,118,40.0,87.25602633477635,train_Bearing1_1_1_2_1_4_1_5_test_Bearing1_3
XJTU-SY-condition_1_35Hz12kN-manual_19-RandomForestRegressor,manual_19,2,Bearing1_3,119,39.0,38.26117288961039,train_Bearing1_1_1_2_1_4_1_5_test_Bearing1_3
XJTU-SY-condition_1_35Hz12kN-manual_19-RandomForestRegressor,manual_19,2,Bearing1_3,120,38.0,83.36681953463206,train_Bearing1_1_1_2_1_4_1_5_test_Bearing1_3
XJTU-SY-condition_1_35Hz12kN-manual_19-RandomForestRegressor,manual_19,2,Bearing1_3,121,37.0,49.57806277056276,train_Bearing1_1_1_2_1_4_1_5_test_Bearing1_3
XJTU-SY-condition_1_35Hz12kN-manual_19-RandomForestRegressor,manual_19,2,Bearing1_3,122,36.0,81.94816468253967,train_Bearing1_1_1_2_1_4_1_5_test_Bearing1_3
XJTU-SY-condition_1_35Hz12kN-manual_19-RandomForestRegressor,manual_19,2,Bearing1_3,123,35.0,81.26722267316018,train_Bearing1_1_1_2_1_4_1_5_test_Bearing1_3
XJTU-SY-condition_1_35Hz12kN-manual_19-RandomForestRegressor,manual_19,2,Bearing1_3,124,34.0,86.92539186507936,train_Bearing1_1_1_2_1_4_1_5_test_Bearing1_3
XJTU-SY-condition_1_35Hz12kN-manual_19-RandomForestRegressor,manual_19,2,Bearing1_3,125,33.0,81.65380456349207,train_Bearing1_1_1_2_1_4_1_5_test_Bearing1_3
XJTU-SY-condition_1_35Hz12kN-manual_19-RandomForestRegressor,manual_19,2,Bearing1_3,126,32.0,82.68111066017318,train_Bearing1_1_1_2_1_4_1_5_test_Bearing1_3
XJTU-SY-condition_1_35Hz12kN-manual_19-RandomForestRegressor,manual_19,2,Bearing1_3,127,31.0,66.92035877317126,train_Bearing1_1_1_2_1_4_1_5_test_Bearing1_3
XJTU-SY-condition_1_35Hz12kN-manual_19-RandomForestRegressor,manual_19,2,Bearing1_3,128,30.0,89.06425009018761,train_Bearing1_1_1_2_1_4_1_5_test_Bearing1_3
XJTU-SY-condition_1_35Hz12kN-manual_19-RandomForestRegressor,manual_19,2,Bearing1_3,129,29.0,74.64563988095236,train_Bearing1_1_1_2_1_4_1_5_test_Bearing1_3
XJTU-SY-condition_1_35Hz12kN-manual_19-RandomForestRegressor,manual_19,2,Bearing1_3,130,28.0,93.07055014430014,train_Bearing1_1_1_2_1_4_1_5_test_Bearing1_3
XJTU-SY-condition_1_35Hz12kN-manual_19-RandomForestRegressor,manual_19,2,Bearing1_3,131,27.0,73.12936688311689,train_Bearing1_1_1_2_1_4_1_5_test_Bearing1_3
XJTU-SY-condition_1_35Hz12kN-manual_19-RandomForestRegressor,manual_19,2,Bearing1_3,132,26.0,74.78656142468643,train_Bearing1_1_1_2_1_4_1_5_test_Bearing1_3
XJTU-SY-condition_1_35Hz12kN-manual_19-RandomForestRegressor,manual_19,2,Bearing1_3,133,25.0,61.44959054834055,train_Bearing1_1_1_2_1_4_1_5_test_Bearing1_3
XJTU-SY-condition_1_35Hz12kN-manual_19-RandomForestRegressor,manual_19,2,Bearing1_3,134,24.0,51.76568948412698,train_Bearing1_1_1_2_1_4_1_5_test_Bearing1_3
XJTU-SY-condition_1_35Hz12kN-manual_19-RandomForestRegressor,manual_19,2,Bearing1_3,135,23.0,100.52949123792871,train_Bearing1_1_1_2_1_4_1_5_test_Bearing1_3
XJTU-SY-condition_1_35Hz12kN-manual_19-RandomForestRegressor,manual_19,2,Bearing1_3,136,22.0,72.17428571428573,train_Bearing1_1_1_2_1_4_1_5_test_Bearing1_3
XJTU-SY-condition_1_35Hz12kN-manual_19-RandomForestRegressor,manual_19,2,Bearing1_3,137,21.0,76.19125811688312,train_Bearing1_1_1_2_1_4_1_5_test_Bearing1_3
XJTU-SY-condition_1_35Hz12kN-manual_19-RandomForestRegressor,manual_19,2,Bearing1_3,138,20.0,59.22068226911976,train_Bearing1_1_1_2_1_4_1_5_test_Bearing1_3
XJTU-SY-condition_1_35Hz12kN-manual_19-RandomForestRegressor,manual_19,2,Bearing1_3,139,19.0,42.36572916666665,train_Bearing1_1_1_2_1_4_1_5_test_Bearing1_3
XJTU-SY-condition_1_35Hz12kN-manual_19-RandomForestRegressor,manual_19,2,Bearing1_3,140,18.0,84.75562229437229,train_Bearing1_1_1_2_1_4_1_5_test_Bearing1_3
XJTU-SY-condition_1_35Hz12kN-manual_19-RandomForestRegressor,manual_19,2,Bearing1_3,141,17.0,87.88685966810966,train_Bearing1_1_1_2_1_4_1_5_test_Bearing1_3
XJTU-SY-condition_1_35Hz12kN-manual_19-RandomForestRegressor,manual_19,2,Bearing1_3,142,16.0,43.45529491341993,train_Bearing1_1_1_2_1_4_1_5_test_Bearing1_3
XJTU-SY-condition_1_35Hz12kN-manual_19-RandomForestRegressor,manual_19,2,Bearing1_3,143,15.0,99.65254464285712,train_Bearing1_1_1_2_1_4_1_5_test_Bearing1_3
XJTU-SY-condition_1_35Hz12kN-manual_19-RandomForestRegressor,manual_19,2,Bearing1_3,144,14.0,100.87546626984127,train_Bearing1_1_1_2_1_4_1_5_test_Bearing1_3
XJTU-SY-condition_1_35Hz12kN-manual_19-RandomForestRegressor,manual_19,2,Bearing1_3,145,13.0,85.3857548701299,train_Bearing1_1_1_2_1_4_1_5_test_Bearing1_3
XJTU-SY-condition_1_35Hz12kN-manual_19-RandomForestRegressor,manual_19,2,Bearing1_3,146,12.0,66.82131493506495,train_Bearing1_1_1_2_1_4_1_5_test_Bearing1_3
XJTU-SY-condition_1_35Hz12kN-manual_19-RandomForestRegressor,manual_19,2,Bearing1_3,147,11.0,84.27866206709959,train_Bearing1_1_1_2_1_4_1_5_test_Bearing1_3
XJTU-SY-condition_1_35Hz12kN-manual_19-RandomForestRegressor,manual_19,2,Bearing1_3,148,10.0,36.33237599206349,train_Bearing1_1_1_2_1_4_1_5_test_Bearing1_3
XJTU-SY-condition_1_35Hz12kN-manual_19-RandomForestRegressor,manual_19,2,Bearing1_3,149,9.0,80.73326569264069,train_Bearing1_1_1_2_1_4_1_5_test_Bearing1_3
XJTU-SY-condition_1_35Hz12kN-manual_19-RandomForestRegressor,manual_19,2,Bearing1_3,150,8.0,29.902802579365073,train_Bearing1_1_1_2_1_4_1_5_test_Bearing1_3
XJTU-SY-condition_1_35Hz12kN-manual_19-RandomForestRegressor,manual_19,2,Bearing1_3,151,7.0,27.136418650793644,train_Bearing1_1_1_2_1_4_1_5_test_Bearing1_3
XJTU-SY-condition_1_35Hz12kN-manual_19-RandomForestRegressor,manual_19,2,Bearing1_3,152,6.0,39.9056038059163,train_Bearing1_1_1_2_1_4_1_5_test_Bearing1_3
XJTU-SY-condition_1_35Hz12kN-manual_19-RandomForestRegressor,manual_19,2,Bearing1_3,153,5.0,36.39958829365078,train_Bearing1_1_1_2_1_4_1_5_test_Bearing1_3
XJTU-SY-condition_1_35Hz12kN-manual_19-RandomForestRegressor,manual_19,2,Bearing1_3,154,4.0,37.357153679653685,train_Bearing1_1_1_2_1_4_1_5_test_Bearing1_3
XJTU-SY-condition_1_35Hz12kN-manual_19-RandomForestRegressor,manual_19,2,Bearing1_3,155,3.0,49.62374954906205,train_Bearing1_1_1_2_1_4_1_5_test_Bearing1_3
XJTU-SY-condition_1_35Hz12kN-manual_19-RandomForestRegressor,manual_19,2,Bearing1_3,156,2.0,55.83999503968253,train_Bearing1_1_1_2_1_4_1_5_test_Bearing1_3
XJTU-SY-condition_1_35Hz12kN-manual_19-RandomForestRegressor,manual_19,2,Bearing1_3,157,1.0,64.89779761904762,train_Bearing1_1_1_2_1_4_1_5_test_Bearing1_3
XJTU-SY-condition_1_35Hz12kN-tsfresh_selected-RandomForestRegressor,tsfresh_selected,0,Bearing1_3,1,157.0,65.14401672979797,train_Bearing1_1_1_2_1_4_1_5_test_Bearing1_3
XJTU-SY-condition_1_35Hz12kN-tsfresh_selected-RandomForestRegressor,tsfresh_selected,0,Bearing1_3,2,156.0,85.11941558441558,train_Bearing1_1_1_2_1_4_1_5_test_Bearing1_3
XJTU-SY-condition_1_35Hz12kN-tsfresh_selected-RandomForestRegressor,tsfresh_selected,0,Bearing1_3,3,155.0,65.76916801948052,train_Bearing1_1_1_2_1_4_1_5_test_Bearing1_3
XJTU-SY-condition_1_35Hz12kN-tsfresh_selected-RandomForestRegressor,tsfresh_selected,0,Bearing1_3,4,154.0,58.19065431096684,train_Bearing1_1_1_2_1_4_1_5_test_Bearing1_3
XJTU-SY-condition_1_35Hz12kN-tsfresh_selected-RandomForestRegressor,tsfresh_selected,0,Bearing1_3,5,153.0,61.27588248556998,train_Bearing1_1_1_2_1_4_1_5_test_Bearing1_3
XJTU-SY-condition_1_35Hz12kN-tsfresh_selected-RandomForestRegressor,tsfresh_selected,0,Bearing1_3,6,152.0,88.79379464285716,train_Bearing1_1_1_2_1_4_1_5_test_Bearing1_3
XJTU-SY-condition_1_35Hz12kN-tsfresh_selected-RandomForestRegressor,tsfresh_selected,0,Bearing1_3,7,151.0,74.2045238095238,train_Bearing1_1_1_2_1_4_1_5_test_Bearing1_3
XJTU-SY-condition_1_35Hz12kN-tsfresh_selected-RandomForestRegressor,tsfresh_selected,0,Bearing1_3,8,150.0,74.74810064935063,train_Bearing1_1_1_2_1_4_1_5_test_Bearing1_3
XJTU-SY-condition_1_35Hz12kN-tsfresh_selected-RandomForestRegressor,tsfresh_selected,0,Bearing1_3,9,149.0,78.76834821428571,train_Bearing1_1_1_2_1_4_1_5_test_Bearing1_3
XJTU-SY-condition_1_35Hz12kN-tsfresh_selected-RandomForestRegressor,tsfresh_selected,0,Bearing1_3,10,148.0,33.19776920995672,train_Bearing1_1_1_2_1_4_1_5_test_Bearing1_3
XJTU-SY-condition_1_35Hz12kN-tsfresh_selected-RandomForestRegressor,tsfresh_selected,0,Bearing1_3,11,147.0,72.1474237914863,train_Bearing1_1_1_2_1_4_1_5_test_Bearing1_3
XJTU-SY-condition_1_35Hz12kN-tsfresh_selected-RandomForestRegressor,tsfresh_selected,0,Bearing1_3,12,146.0,69.50929969336221,train_Bearing1_1_1_2_1_4_1_5_test_Bearing1_3
XJTU-SY-condition_1_35Hz12kN-tsfresh_selected-RandomForestRegressor,tsfresh_selected,0,Bearing1_3,13,145.0,36.782846320346316,train_Bearing1_1_1_2_1_4_1_5_test_Bearing1_3
XJTU-SY-condition_1_35Hz12kN-tsfresh_selected-RandomForestRegressor,tsfresh_selected,0,Bearing1_3,14,144.0,51.11146239177491,train_Bearing1_1_1_2_1_4_1_5_test_Bearing1_3
XJTU-SY-condition_1_35Hz12kN-tsfresh_selected-RandomForestRegressor,tsfresh_selected,0,Bearing1_3,15,143.0,63.15084325396826,train_Bearing1_1_1_2_1_4_1_5_test_Bearing1_3
XJTU-SY-condition_1_35Hz12kN-tsfresh_selected-RandomForestRegressor,tsfresh_selected,0,Bearing1_3,16,142.0,38.17234871031746,train_Bearing1_1_1_2_1_4_1_5_test_Bearing1_3
XJTU-SY-condition_1_35Hz12kN-tsfresh_selected-RandomForestRegressor,tsfresh_selected,0,Bearing1_3,17,141.0,53.40358599733601,train_Bearing1_1_1_2_1_4_1_5_test_Bearing1_3
XJTU-SY-condition_1_35Hz12kN-tsfresh_selected-RandomForestRegressor,tsfresh_selected,0,Bearing1_3,18,140.0,55.25407963564214,train_Bearing1_1_1_2_1_4_1_5_test_Bearing1_3
XJTU-SY-condition_1_35Hz12kN-tsfresh_selected-RandomForestRegressor,tsfresh_selected,0,Bearing1_3,19,139.0,85.5498998917749,train_Bearing1_1_1_2_1_4_1_5_test_Bearing1_3
XJTU-SY-condition_1_35Hz12kN-tsfresh_selected-RandomForestRegressor,tsfresh_selected,0,Bearing1_3,20,138.0,64.36221837190587,train_Bearing1_1_1_2_1_4_1_5_test_Bearing1_3
XJTU-SY-condition_1_35Hz12kN-tsfresh_selected-RandomForestRegressor,tsfresh_selected,0,Bearing1_3,21,137.0,76.4190137987013,train_Bearing1_1_1_2_1_4_1_5_test_Bearing1_3
XJTU-SY-condition_1_35Hz12kN-tsfresh_selected-RandomForestRegressor,tsfresh_selected,0,Bearing1_3,22,136.0,71.72726821789321,train_Bearing1_1_1_2_1_4_1_5_test_Bearing1_3
XJTU-SY-condition_1_35Hz12kN-tsfresh_selected-RandomForestRegressor,tsfresh_selected,0,Bearing1_3,23,135.0,66.68589285714286,train_Bearing1_1_1_2_1_4_1_5_test_Bearing1_3
XJTU-SY-condition_1_35Hz12kN-tsfresh_selected-RandomForestRegressor,tsfresh_selected,0,Bearing1_3,24,134.0,75.05032738095238,train_Bearing1_1_1_2_1_4_1_5_test_Bearing1_3
XJTU-SY-condition_1_35Hz12kN-tsfresh_selected-RandomForestRegressor,tsfresh_selected,0,Bearing1_3,25,133.0,61.22199540043289,train_Bearing1_1_1_2_1_4_1_5_test_Bearing1_3
XJTU-SY-condition_1_35Hz12kN-tsfresh_selected-RandomForestRegressor,tsfresh_selected,0,Bearing1_3,26,132.0,77.1614030067155,train_Bearing1_1_1_2_1_4_1_5_test_Bearing1_3
XJTU-SY-condition_1_35Hz12kN-tsfresh_selected-RandomForestRegressor,tsfresh_selected,0,Bearing1_3,27,131.0,76.48464962121211,train_Bearing1_1_1_2_1_4_1_5_test_Bearing1_3
XJTU-SY-condition_1_35Hz12kN-tsfresh_selected-RandomForestRegressor,tsfresh_selected,0,Bearing1_3,28,130.0,59.790778769841246,train_Bearing1_1_1_2_1_4_1_5_test_Bearing1_3
XJTU-SY-condition_1_35Hz12kN-tsfresh_selected-RandomForestRegressor,tsfresh_selected,0,Bearing1_3,29,129.0,61.36265151515151,train_Bearing1_1_1_2_1_4_1_5_test_Bearing1_3
XJTU-SY-condition_1_35Hz12kN-tsfresh_selected-RandomForestRegressor,tsfresh_selected,0,Bearing1_3,30,128.0,73.46565039127539,train_Bearing1_1_1_2_1_4_1_5_test_Bearing1_3
XJTU-SY-condition_1_35Hz12kN-tsfresh_selected-RandomForestRegressor,tsfresh_selected,0,Bearing1_3,31,127.0,59.0840873015873,train_Bearing1_1_1_2_1_4_1_5_test_Bearing1_3
XJTU-SY-condition_1_35Hz12kN-tsfresh_selected-RandomForestRegressor,tsfresh_selected,0,Bearing1_3,32,126.0,77.82455086580086,train_Bearing1_1_1_2_1_4_1_5_test_Bearing1_3
XJTU-SY-condition_1_35Hz12kN-tsfresh_selected-RandomForestRegressor,tsfresh_selected,0,Bearing1_3,33,125.0,72.3289908008658,train_Bearing1_1_1_2_1_4_1_5_test_Bearing1_3
XJTU-SY-condition_1_35Hz12kN-tsfresh_selected-RandomForestRegressor,tsfresh_selected,0,Bearing1_3,34,124.0,73.26535218253969,train_Bearing1_1_1_2_1_4_1_5_test_Bearing1_3
XJTU-SY-condition_1_35Hz12kN-tsfresh_selected-RandomForestRegressor,tsfresh_selected,0,Bearing1_3,35,123.0,73.44601190476195,train_Bearing1_1_1_2_1_4_1_5_test_Bearing1_3
XJTU-SY-condition_1_35Hz12kN-tsfresh_selected-RandomForestRegressor,tsfresh_selected,0,Bearing1_3,36,122.0,47.173630952380954,train_Bearing1_1_1_2_1_4_1_5_test_Bearing1_3
XJTU-SY-condition_1_35Hz12kN-tsfresh_selected-RandomForestRegressor,tsfresh_selected,0,Bearing1_3,37,121.0,71.20869453463203,train_Bearing1_1_1_2_1_4_1_5_test_Bearing1_3
XJTU-SY-condition_1_35Hz12kN-tsfresh_selected-RandomForestRegressor,tsfresh_selected,0,Bearing1_3,38,120.0,65.53105564574317,train_Bearing1_1_1_2_1_4_1_5_test_Bearing1_3
XJTU-SY-condition_1_35Hz12kN-tsfresh_selected-RandomForestRegressor,tsfresh_selected,0,Bearing1_3,39,119.0,33.361737810800314,train_Bearing1_1_1_2_1_4_1_5_test_Bearing1_3
XJTU-SY-condition_1_35Hz12kN-tsfresh_selected-RandomForestRegressor,tsfresh_selected,0,Bearing1_3,40,118.0,20.037994123931625,train_Bearing1_1_1_2_1_4_1_5_test_Bearing1_3
XJTU-SY-condition_1_35Hz12kN-tsfresh_selected-RandomForestRegressor,tsfresh_selected,0,Bearing1_3,41,117.0,52.00198998917748,train_Bearing1_1_1_2_1_4_1_5_test_Bearing1_3
XJTU-SY-condition_1_35Hz12kN-tsfresh_selected-RandomForestRegressor,tsfresh_selected,0,Bearing1_3,42,116.0,74.42539366883118,train_Bearing1_1_1_2_1_4_1_5_test_Bearing1_3
XJTU-SY-condition_1_35Hz12kN-tsfresh_selected-RandomForestRegressor,tsfresh_selected,0,Bearing1_3,43,115.0,66.92801094738594,train_Bearing1_1_1_2_1_4_1_5_test_Bearing1_3
XJTU-SY-condition_1_35Hz12kN-tsfresh_selected-RandomForestRegressor,tsfresh_selected,0,Bearing1_3,44,114.0,69.17356150793651,train_Bearing1_1_1_2_1_4_1_5_test_Bearing1_3
XJTU-SY-condition_1_35Hz12kN-tsfresh_selected-RandomForestRegressor,tsfresh_selected,0,Bearing1_3,45,113.0,59.20108773171272,train_Bearing1_1_1_2_1_4_1_5_test_Bearing1_3
XJTU-SY-condition_1_35Hz12kN-tsfresh_selected-RandomForestRegressor,tsfresh_selected,0,Bearing1_3,46,112.0,66.60194635225885,train_Bearing1_1_1_2_1_4_1_5_test_Bearing1_3
XJTU-SY-condition_1_35Hz12kN-tsfresh_selected-RandomForestRegressor,tsfresh_selected,0,Bearing1_3,47,111.0,84.95913194444445,train_Bearing1_1_1_2_1_4_1_5_test_Bearing1_3
XJTU-SY-condition_1_35Hz12kN-tsfresh_selected-RandomForestRegressor,tsfresh_selected,0,Bearing1_3,48,110.0,70.09711985930736,train_Bearing1_1_1_2_1_4_1_5_test_Bearing1_3
XJTU-SY-condition_1_35Hz12kN-tsfresh_selected-RandomForestRegressor,tsfresh_selected,0,Bearing1_3,49,109.0,55.98543695887446,train_Bearing1_1_1_2_1_4_1_5_test_Bearing1_3
XJTU-SY-condition_1_35Hz12kN-tsfresh_selected-RandomForestRegressor,tsfresh_selected,0,Bearing1_3,50,108.0,67.62353670634921,train_Bearing1_1_1_2_1_4_1_5_test_Bearing1_3
XJTU-SY-condition_1_35Hz12kN-tsfresh_selected-RandomForestRegressor,tsfresh_selected,0,Bearing1_3,51,107.0,35.442889957264946,train_Bearing1_1_1_2_1_4_1_5_test_Bearing1_3
XJTU-SY-condition_1_35Hz12kN-tsfresh_selected-RandomForestRegressor,tsfresh_selected,0,Bearing1_3,52,106.0,71.7379599913975,train_Bearing1_1_1_2_1_4_1_5_test_Bearing1_3
XJTU-SY-condition_1_35Hz12kN-tsfresh_selected-RandomForestRegressor,tsfresh_selected,0,Bearing1_3,53,105.0,63.067843614718605,train_Bearing1_1_1_2_1_4_1_5_test_Bearing1_3
XJTU-SY-condition_1_35Hz12kN-tsfresh_selected-RandomForestRegressor,tsfresh_selected,0,Bearing1_3,54,104.0,60.76291080447329,train_Bearing1_1_1_2_1_4_1_5_test_Bearing1_3
XJTU-SY-condition_1_35Hz12kN-tsfresh_selected-RandomForestRegressor,tsfresh_selected,0,Bearing1_3,55,103.0,58.145132575757586,train_Bearing1_1_1_2_1_4_1_5_test_Bearing1_3
XJTU-SY-condition_1_35Hz12kN-tsfresh_selected-RandomForestRegressor,tsfresh_selected,0,Bearing1_3,56,102.0,80.56384514790763,train_Bearing1_1_1_2_1_4_1_5_test_Bearing1_3
XJTU-SY-condition_1_35Hz12kN-tsfresh_selected-RandomForestRegressor,tsfresh_selected,0,Bearing1_3,57,101.0,69.73604034854036,train_Bearing1_1_1_2_1_4_1_5_test_Bearing1_3
XJTU-SY-condition_1_35Hz12kN-tsfresh_selected-RandomForestRegressor,tsfresh_selected,0,Bearing1_3,58,100.0,72.68666666666665,train_Bearing1_1_1_2_1_4_1_5_test_Bearing1_3
XJTU-SY-condition_1_35Hz12kN-tsfresh_selected-RandomForestRegressor,tsfresh_selected,0,Bearing1_3,59,99.0,57.76111471861469,train_Bearing1_1_1_2_1_4_1_5_test_Bearing1_3
XJTU-SY-condition_1_35Hz12kN-tsfresh_selected-RandomForestRegressor,tsfresh_selected,0,Bearing1_3,60,98.0,61.744717712842714,train_Bearing1_1_1_2_1_4_1_5_test_Bearing1_3
XJTU-SY-condition_1_35Hz12kN-tsfresh_selected-RandomForestRegressor,tsfresh_selected,0,Bearing1_3,61,97.0,56.55971816378068,train_Bearing1_1_1_2_1_4_1_5_test_Bearing1_3
XJTU-SY-condition_1_35Hz12kN-tsfresh_selected-RandomForestRegressor,tsfresh_selected,0,Bearing1_3,62,96.0,73.38878475690976,train_Bearing1_1_1_2_1_4_1_5_test_Bearing1_3
XJTU-SY-condition_1_35Hz12kN-tsfresh_selected-RandomForestRegressor,tsfresh_selected,0,Bearing1_3,63,95.0,58.502583388833386,train_Bearing1_1_1_2_1_4_1_5_test_Bearing1_3
XJTU-SY-condition_1_35Hz12kN-tsfresh_selected-RandomForestRegressor,tsfresh_selected,0,Bearing1_3,64,94.0,63.48473800505051,train_Bearing1_1_1_2_1_4_1_5_test_Bearing1_3
XJTU-SY-condition_1_35Hz12kN-tsfresh_selected-RandomForestRegressor,tsfresh_selected,0,Bearing1_3,65,93.0,82.17405257936507,train_Bearing1_1_1_2_1_4_1_5_test_Bearing1_3
XJTU-SY-condition_1_35Hz12kN-tsfresh_selected-RandomForestRegressor,tsfresh_selected,0,Bearing1_3,66,92.0,77.94521329365081,train_Bearing1_1_1_2_1_4_1_5_test_Bearing1_3
XJTU-SY-condition_1_35Hz12kN-tsfresh_selected-RandomForestRegressor,tsfresh_selected,0,Bearing1_3,67,91.0,44.42791035353535,train_Bearing1_1_1_2_1_4_1_5_test_Bearing1_3
XJTU-SY-condition_1_35Hz12kN-tsfresh_selected-RandomForestRegressor,tsfresh_selected,0,Bearing1_3,68,90.0,35.93846726190476,train_Bearing1_1_1_2_1_4_1_5_test_Bearing1_3
XJTU-SY-condition_1_35Hz12kN-tsfresh_selected-RandomForestRegressor,tsfresh_selected,0,Bearing1_3,69,89.0,54.9799507783883,train_Bearing1_1_1_2_1_4_1_5_test_Bearing1_3
XJTU-SY-condition_1_35Hz12kN-tsfresh_selected-RandomForestRegressor,tsfresh_selected,0,Bearing1_3,70,88.0,59.542921626984125,train_Bearing1_1_1_2_1_4_1_5_test_Bearing1_3
XJTU-SY-condition_1_35Hz12kN-tsfresh_selected-RandomForestRegressor,tsfresh_selected,0,Bearing1_3,71,87.0,65.63509920634922,train_Bearing1_1_1_2_1_4_1_5_test_Bearing1_3
XJTU-SY-condition_1_35Hz12kN-tsfresh_selected-RandomForestRegressor,tsfresh_selected,0,Bearing1_3,72,86.0,49.480572240259754,train_Bearing1_1_1_2_1_4_1_5_test_Bearing1_3
XJTU-SY-condition_1_35Hz12kN-tsfresh_selected-RandomForestRegressor,tsfresh_selected,0,Bearing1_3,73,85.0,69.82016903235653,train_Bearing1_1_1_2_1_4_1_5_test_Bearing1_3
XJTU-SY-condition_1_35Hz12kN-tsfresh_selected-RandomForestRegressor,tsfresh_selected,0,Bearing1_3,74,84.0,51.04422181984682,train_Bearing1_1_1_2_1_4_1_5_test_Bearing1_3
XJTU-SY-condition_1_35Hz12kN-tsfresh_selected-RandomForestRegressor,tsfresh_selected,0,Bearing1_3,75,83.0,56.87588383838384,train_Bearing1_1_1_2_1_4_1_5_test_Bearing1_3
XJTU-SY-condition_1_35Hz12kN-tsfresh_selected-RandomForestRegressor,tsfresh_selected,0,Bearing1_3,76,82.0,65.73950795732044,train_Bearing1_1_1_2_1_4_1_5_test_Bearing1_3
XJTU-SY-condition_1_35Hz12kN-tsfresh_selected-RandomForestRegressor,tsfresh_selected,0,Bearing1_3,77,81.0,77.63144764957262,train_Bearing1_1_1_2_1_4_1_5_test_Bearing1_3
XJTU-SY-condition_1_35Hz12kN-tsfresh_selected-RandomForestRegressor,tsfresh_selected,0,Bearing1_3,78,80.0,65.56361742424244,train_Bearing1_1_1_2_1_4_1_5_test_Bearing1_3
XJTU-SY-condition_1_35Hz12kN-tsfresh_selected-RandomForestRegressor,tsfresh_selected,0,Bearing1_3,79,79.0,64.16133661477411,train_Bearing1_1_1_2_1_4_1_5_test_Bearing1_3
XJTU-SY-condition_1_35Hz12kN-tsfresh_selected-RandomForestRegressor,tsfresh_selected,0,Bearing1_3,80,78.0,63.78926226551228,train_Bearing1_1_1_2_1_4_1_5_test_Bearing1_3
XJTU-SY-condition_1_35Hz12kN-tsfresh_selected-RandomForestRegressor,tsfresh_selected,0,Bearing1_3,81,77.0,85.34056547619046,train_Bearing1_1_1_2_1_4_1_5_test_Bearing1_3
XJTU-SY-condition_1_35Hz12kN-tsfresh_selected-RandomForestRegressor,tsfresh_selected,0,Bearing1_3,82,76.0,81.62801902958157,train_Bearing1_1_1_2_1_4_1_5_test_Bearing1_3
XJTU-SY-condition_1_35Hz12kN-tsfresh_selected-RandomForestRegressor,tsfresh_selected,0,Bearing1_3,83,75.0,63.645130321067825,train_Bearing1_1_1_2_1_4_1_5_test_Bearing1_3
XJTU-SY-condition_1_35Hz12kN-tsfresh_selected-RandomForestRegressor,tsfresh_selected,0,Bearing1_3,84,74.0,88.18750343406595,train_Bearing1_1_1_2_1_4_1_5_test_Bearing1_3
XJTU-SY-condition_1_35Hz12kN-tsfresh_selected-RandomForestRegressor,tsfresh_selected,0,Bearing1_3,85,73.0,82.99191294816293,train_Bearing1_1_1_2_1_4_1_5_test_Bearing1_3
XJTU-SY-condition_1_35Hz12kN-tsfresh_selected-RandomForestRegressor,tsfresh_selected,0,Bearing1_3,86,72.0,32.1835516913642,train_Bearing1_1_1_2_1_4_1_5_test_Bearing1_3
XJTU-SY-condition_1_35Hz12kN-tsfresh_selected-RandomForestRegressor,tsfresh_selected,0,Bearing1_3,87,71.0,30.352417929292926,train_Bearing1_1_1_2_1_4_1_5_test_Bearing1_3
XJTU-SY-condition_1_35Hz12kN-tsfresh_selected-RandomForestRegressor,tsfresh_selected,0,Bearing1_3,88,70.0,53.20878517316017,train_Bearing1_1_1_2_1_4_1_5_test_Bearing1_3
XJTU-SY-condition_1_35Hz12kN-tsfresh_selected-RandomForestRegressor,tsfresh_selected,0,Bearing1_3,89,69.0,71.53409149877902,train_Bearing1_1_1_2_1_4_1_5_test_Bearing1_3
XJTU-SY-condition_1_35Hz12kN-tsfresh_selected-RandomForestRegressor,tsfresh_selected,0,Bearing1_3,90,68.0,66.84391504329005,train_Bearing1_1_1_2_1_4_1_5_test_Bearing1_3
XJTU-SY-condition_1_35Hz12kN-tsfresh_selected-RandomForestRegressor,tsfresh_selected,0,Bearing1_3,91,67.0,49.23588519119769,train_Bearing1_1_1_2_1_4_1_5_test_Bearing1_3
XJTU-SY-condition_1_35Hz12kN-tsfresh_selected-RandomForestRegressor,tsfresh_selected,0,Bearing1_3,92,66.0,72.2024273989899,train_Bearing1_1_1_2_1_4_1_5_test_Bearing1_3
XJTU-SY-condition_1_35Hz12kN-tsfresh_selected-RandomForestRegressor,tsfresh_selected,0,Bearing1_3,93,65.0,72.80422889610388,train_Bearing1_1_1_2_1_4_1_5_test_Bearing1_3
XJTU-SY-condition_1_35Hz12kN-tsfresh_selected-RandomForestRegressor,tsfresh_selected,0,Bearing1_3,94,64.0,37.88803796897547,train_Bearing1_1_1_2_1_4_1_5_test_Bearing1_3
XJTU-SY-condition_1_35Hz12kN-tsfresh_selected-RandomForestRegressor,tsfresh_selected,0,Bearing1_3,95,63.0,73.88267361111109,train_Bearing1_1_1_2_1_4_1_5_test_Bearing1_3
XJTU-SY-condition_1_35Hz12kN-tsfresh_selected-RandomForestRegressor,tsfresh_selected,0,Bearing1_3,96,62.0,78.74581709956709,train_Bearing1_1_1_2_1_4_1_5_test_Bearing1_3
XJTU-SY-condition_1_35Hz12kN-tsfresh_selected-RandomForestRegressor,tsfresh_selected,0,Bearing1_3,97,61.0,74.77419011544012,train_Bearing1_1_1_2_1_4_1_5_test_Bearing1_3
XJTU-SY-condition_1_35Hz12kN-tsfresh_selected-RandomForestRegressor,tsfresh_selected,0,Bearing1_3,98,60.0,66.3423379745255,train_Bearing1_1_1_2_1_4_1_5_test_Bearing1_3
XJTU-SY-condition_1_35Hz12kN-tsfresh_selected-RandomForestRegressor,tsfresh_selected,0,Bearing1_3,99,59.0,82.95098814380063,train_Bearing1_1_1_2_1_4_1_5_test_Bearing1_3
XJTU-SY-condition_1_35Hz12kN-tsfresh_selected-RandomForestRegressor,tsfresh_selected,0,Bearing1_3,100,58.0,30.898159722222225,train_Bearing1_1_1_2_1_4_1_5_test_Bearing1_3
XJTU-SY-condition_1_35Hz12kN-tsfresh_selected-RandomForestRegressor,tsfresh_selected,0,Bearing1_3,101,57.0,75.0872867063492,train_Bearing1_1_1_2_1_4_1_5_test_Bearing1_3
XJTU-SY-condition_1_35Hz12kN-tsfresh_selected-RandomForestRegressor,tsfresh_selected,0,Bearing1_3,102,56.0,72.99294008075256,train_Bearing1_1_1_2_1_4_1_5_test_Bearing1_3
XJTU-SY-condition_1_35Hz12kN-tsfresh_selected-RandomForestRegressor,tsfresh_selected,0,Bearing1_3,103,55.0,77.49883626789878,train_Bearing1_1_1_2_1_4_1_5_test_Bearing1_3
XJTU-SY-condition_1_35Hz12kN-tsfresh_selected-RandomForestRegressor,tsfresh_selected,0,Bearing1_3,104,54.0,70.95324224386724,train_Bearing1_1_1_2_1_4_1_5_test_Bearing1_3
XJTU-SY-condition_1_35Hz12kN-tsfresh_selected-RandomForestRegressor,tsfresh_selected,0,Bearing1_3,105,53.0,72.81339577089577,train_Bearing1_1_1_2_1_4_1_5_test_Bearing1_3
XJTU-SY-condition_1_35Hz12kN-tsfresh_selected-RandomForestRegressor,tsfresh_selected,0,Bearing1_3,106,52.0,51.665620039682565,train_Bearing1_1_1_2_1_4_1_5_test_Bearing1_3
XJTU-SY-condition_1_35Hz12kN-tsfresh_selected-RandomForestRegressor,tsfresh_selected,0,Bearing1_3,107,51.0,73.31148854617605,train_Bearing1_1_1_2_1_4_1_5_test_Bearing1_3
XJTU-SY-condition_1_35Hz12kN-tsfresh_selected-RandomForestRegressor,tsfresh_selected,0,Bearing1_3,108,50.0,36.44529300560551,train_Bearing1_1_1_2_1_4_1_5_test_Bearing1_3
XJTU-SY-condition_1_35Hz12kN-tsfresh_selected-RandomForestRegressor,tsfresh_selected,0,Bearing1_3,109,49.0,68.17366612554112,train_Bearing1_1_1_2_1_4_1_5_test_Bearing1_3
XJTU-SY-condition_1_35Hz12kN-tsfresh_selected-RandomForestRegressor,tsfresh_selected,0,Bearing1_3,110,48.0,81.1079921120546,train_Bearing1_1_1_2_1_4_1_5_test_Bearing1_3
XJTU-SY-condition_1_35Hz12kN-tsfresh_selected-RandomForestRegressor,tsfresh_selected,0,Bearing1_3,111,47.0,31.907987463924975,train_Bearing1_1_1_2_1_4_1_5_test_Bearing1_3
XJTU-SY-condition_1_35Hz12kN-tsfresh_selected-RandomForestRegressor,tsfresh_selected,0,Bearing1_3,112,46.0,70.56983235514487,train_Bearing1_1_1_2_1_4_1_5_test_Bearing1_3
XJTU-SY-condition_1_35Hz12kN-tsfresh_selected-RandomForestRegressor,tsfresh_selected,0,Bearing1_3,113,45.0,90.11479617604618,train_Bearing1_1_1_2_1_4_1_5_test_Bearing1_3
XJTU-SY-condition_1_35Hz12kN-tsfresh_selected-RandomForestRegressor,tsfresh_selected,0,Bearing1_3,114,44.0,67.56062996031744,train_Bearing1_1_1_2_1_4_1_5_test_Bearing1_3
XJTU-SY-condition_1_35Hz12kN-tsfresh_selected-RandomForestRegressor,tsfresh_selected,0,Bearing1_3,115,43.0,44.20825171356422,train_Bearing1_1_1_2_1_4_1_5_test_Bearing1_3
XJTU-SY-condition_1_35Hz12kN-tsfresh_selected-RandomForestRegressor,tsfresh_selected,0,Bearing1_3,116,42.0,55.66053661616162,train_Bearing1_1_1_2_1_4_1_5_test_Bearing1_3
XJTU-SY-condition_1_35Hz12kN-tsfresh_selected-RandomForestRegressor,tsfresh_selected,0,Bearing1_3,117,41.0,70.2816021825397,train_Bearing1_1_1_2_1_4_1_5_test_Bearing1_3
XJTU-SY-condition_1_35Hz12kN-tsfresh_selected-RandomForestRegressor,tsfresh_selected,0,Bearing1_3,118,40.0,69.88394615800864,train_Bearing1_1_1_2_1_4_1_5_test_Bearing1_3
XJTU-SY-condition_1_35Hz12kN-tsfresh_selected-RandomForestRegressor,tsfresh_selected,0,Bearing1_3,119,39.0,78.95556967338214,train_Bearing1_1_1_2_1_4_1_5_test_Bearing1_3
XJTU-SY-condition_1_35Hz12kN-tsfresh_selected-RandomForestRegressor,tsfresh_selected,0,Bearing1_3,120,38.0,56.45226325757575,train_Bearing1_1_1_2_1_4_1_5_test_Bearing1_3
XJTU-SY-condition_1_35Hz12kN-tsfresh_selected-RandomForestRegressor,tsfresh_selected,0,Bearing1_3,121,37.0,69.2378751803752,train_Bearing1_1_1_2_1_4_1_5_test_Bearing1_3
XJTU-SY-condition_1_35Hz12kN-tsfresh_selected-RandomForestRegressor,tsfresh_selected,0,Bearing1_3,122,36.0,48.76746482683982,train_Bearing1_1_1_2_1_4_1_5_test_Bearing1_3
XJTU-SY-condition_1_35Hz12kN-tsfresh_selected-RandomForestRegressor,tsfresh_selected,0,Bearing1_3,123,35.0,51.38442370129868,train_Bearing1_1_1_2_1_4_1_5_test_Bearing1_3
XJTU-SY-condition_1_35Hz12kN-tsfresh_selected-RandomForestRegressor,tsfresh_selected,0,Bearing1_3,124,34.0,62.775652507215014,train_Bearing1_1_1_2_1_4_1_5_test_Bearing1_3
XJTU-SY-condition_1_35Hz12kN-tsfresh_selected-RandomForestRegressor,tsfresh_selected,0,Bearing1_3,125,33.0,69.76858311827061,train_Bearing1_1_1_2_1_4_1_5_test_Bearing1_3
XJTU-SY-condition_1_35Hz12kN-tsfresh_selected-RandomForestRegressor,tsfresh_selected,0,Bearing1_3,126,32.0,51.71134018759018,train_Bearing1_1_1_2_1_4_1_5_test_Bearing1_3
XJTU-SY-condition_1_35Hz12kN-tsfresh_selected-RandomForestRegressor,tsfresh_selected,0,Bearing1_3,127,31.0,52.391858211233206,train_Bearing1_1_1_2_1_4_1_5_test_Bearing1_3
XJTU-SY-condition_1_35Hz12kN-tsfresh_selected-RandomForestRegressor,tsfresh_selected,0,Bearing1_3,128,30.0,50.55554067460317,train_Bearing1_1_1_2_1_4_1_5_test_Bearing1_3
XJTU-SY-condition_1_35Hz12kN-tsfresh_selected-RandomForestRegressor,tsfresh_selected,0,Bearing1_3,129,29.0,65.6957886904762,train_Bearing1_1_1_2_1_4_1_5_test_Bearing1_3
XJTU-SY-condition_1_35Hz12kN-tsfresh_selected-RandomForestRegressor,tsfresh_selected,0,Bearing1_3,130,28.0,58.76000676406926,train_Bearing1_1_1_2_1_4_1_5_test_Bearing1_3
XJTU-SY-condition_1_35Hz12kN-tsfresh_selected-RandomForestRegressor,tsfresh_selected,0,Bearing1_3,131,27.0,26.685395021645025,train_Bearing1_1_1_2_1_4_1_5_test_Bearing1_3
XJTU-SY-condition_1_35Hz12kN-tsfresh_selected-RandomForestRegressor,tsfresh_selected,0,Bearing1_3,132,26.0,46.73764880952381,train_Bearing1_1_1_2_1_4_1_5_test_Bearing1_3
XJTU-SY-condition_1_35Hz12kN-tsfresh_selected-RandomForestRegressor,tsfresh_selected,0,Bearing1_3,133,25.0,66.91500364219114,train_Bearing1_1_1_2_1_4_1_5_test_Bearing1_3
XJTU-SY-condition_1_35Hz12kN-tsfresh_selected-RandomForestRegressor,tsfresh_selected,0,Bearing1_3,134,24.0,72.19634740259741,train_Bearing1_1_1_2_1_4_1_5_test_Bearing1_3
XJTU-SY-condition_1_35Hz12kN-tsfresh_selected-RandomForestRegressor,tsfresh_selected,0,Bearing1_3,135,23.0,37.865888347763345,train_Bearing1_1_1_2_1_4_1_5_test_Bearing1_3
XJTU-SY-condition_1_35Hz12kN-tsfresh_selected-RandomForestRegressor,tsfresh_selected,0,Bearing1_3,136,22.0,48.28684974747475,train_Bearing1_1_1_2_1_4_1_5_test_Bearing1_3
XJTU-SY-condition_1_35Hz12kN-tsfresh_selected-RandomForestRegressor,tsfresh_selected,0,Bearing1_3,137,21.0,74.77997294372298,train_Bearing1_1_1_2_1_4_1_5_test_Bearing1_3
XJTU-SY-condition_1_35Hz12kN-tsfresh_selected-RandomForestRegressor,tsfresh_selected,0,Bearing1_3,138,20.0,26.35276775308025,train_Bearing1_1_1_2_1_4_1_5_test_Bearing1_3
XJTU-SY-condition_1_35Hz12kN-tsfresh_selected-RandomForestRegressor,tsfresh_selected,0,Bearing1_3,139,19.0,54.10109758297257,train_Bearing1_1_1_2_1_4_1_5_test_Bearing1_3
XJTU-SY-condition_1_35Hz12kN-tsfresh_selected-RandomForestRegressor,tsfresh_selected,0,Bearing1_3,140,18.0,47.41979059135309,train_Bearing1_1_1_2_1_4_1_5_test_Bearing1_3
XJTU-SY-condition_1_35Hz12kN-tsfresh_selected-RandomForestRegressor,tsfresh_selected,0,Bearing1_3,141,17.0,106.03363230519486,train_Bearing1_1_1_2_1_4_1_5_test_Bearing1_3
XJTU-SY-condition_1_35Hz12kN-tsfresh_selected-RandomForestRegressor,tsfresh_selected,0,Bearing1_3,142,16.0,23.540363455988462,train_Bearing1_1_1_2_1_4_1_5_test_Bearing1_3
XJTU-SY-condition_1_35Hz12kN-tsfresh_selected-RandomForestRegressor,tsfresh_selected,0,Bearing1_3,143,15.0,33.346779852092354,train_Bearing1_1_1_2_1_4_1_5_test_Bearing1_3
XJTU-SY-condition_1_35Hz12kN-tsfresh_selected-RandomForestRegressor,tsfresh_selected,0,Bearing1_3,144,14.0,61.28250176906424,train_Bearing1_1_1_2_1_4_1_5_test_Bearing1_3
XJTU-SY-condition_1_35Hz12kN-tsfresh_selected-RandomForestRegressor,tsfresh_selected,0,Bearing1_3,145,13.0,34.45611797924299,train_Bearing1_1_1_2_1_4_1_5_test_Bearing1_3
XJTU-SY-condition_1_35Hz12kN-tsfresh_selected-RandomForestRegressor,tsfresh_selected,0,Bearing1_3,146,12.0,77.71620039682539,train_Bearing1_1_1_2_1_4_1_5_test_Bearing1_3
XJTU-SY-condition_1_35Hz12kN-tsfresh_selected-RandomForestRegressor,tsfresh_selected,0,Bearing1_3,147,11.0,75.59742063492062,train_Bearing1_1_1_2_1_4_1_5_test_Bearing1_3
XJTU-SY-condition_1_35Hz12kN-tsfresh_selected-RandomForestRegressor,tsfresh_selected,0,Bearing1_3,148,10.0,83.77353400072153,train_Bearing1_1_1_2_1_4_1_5_test_Bearing1_3
XJTU-SY-condition_1_35Hz12kN-tsfresh_selected-RandomForestRegressor,tsfresh_selected,0,Bearing1_3,149,9.0,87.93973200410701,train_Bearing1_1_1_2_1_4_1_5_test_Bearing1_3
XJTU-SY-condition_1_35Hz12kN-tsfresh_selected-RandomForestRegressor,tsfresh_selected,0,Bearing1_3,150,8.0,63.17902777777776,train_Bearing1_1_1_2_1_4_1_5_test_Bearing1_3
XJTU-SY-condition_1_35Hz12kN-tsfresh_selected-RandomForestRegressor,tsfresh_selected,0,Bearing1_3,151,7.0,69.09107142857144,train_Bearing1_1_1_2_1_4_1_5_test_Bearing1_3
XJTU-SY-condition_1_35Hz12kN-tsfresh_selected-RandomForestRegressor,tsfresh_selected,0,Bearing1_3,152,6.0,61.645853174603154,train_Bearing1_1_1_2_1_4_1_5_test_Bearing1_3
XJTU-SY-condition_1_35Hz12kN-tsfresh_selected-RandomForestRegressor,tsfresh_selected,0,Bearing1_3,153,5.0,53.02653202700077,train_Bearing1_1_1_2_1_4_1_5_test_Bearing1_3
XJTU-SY-condition_1_35Hz12kN-tsfresh_selected-RandomForestRegressor,tsfresh_selected,0,Bearing1_3,154,4.0,42.44161897130647,train_Bearing1_1_1_2_1_4_1_5_test_Bearing1_3
XJTU-SY-condition_1_35Hz12kN-tsfresh_selected-RandomForestRegressor,tsfresh_selected,0,Bearing1_3,155,3.0,69.87498931623932,train_Bearing1_1_1_2_1_4_1_5_test_Bearing1_3
XJTU-SY-condition_1_35Hz12kN-tsfresh_selected-RandomForestRegressor,tsfresh_selected,0,Bearing1_3,156,2.0,74.20349206349208,train_Bearing1_1_1_2_1_4_1_5_test_Bearing1_3
XJTU-SY-condition_1_35Hz12kN-tsfresh_selected-RandomForestRegressor,tsfresh_selected,0,Bearing1_3,157,1.0,81.75278183621933,train_Bearing1_1_1_2_1_4_1_5_test_Bearing1_3
XJTU-SY-condition_1_35Hz12kN-tsfresh_selected-RandomForestRegressor,tsfresh_selected,1,Bearing1_3,1,157.0,66.9647177128427,train_Bearing1_1_1_2_1_4_1_5_test_Bearing1_3
XJTU-SY-condition_1_35Hz12kN-tsfresh_selected-RandomForestRegressor,tsfresh_selected,1,Bearing1_3,2,156.0,83.279095973471,train_Bearing1_1_1_2_1_4_1_5_test_Bearing1_3
XJTU-SY-condition_1_35Hz12kN-tsfresh_selected-RandomForestRegressor,tsfresh_selected,1,Bearing1_3,3,155.0,66.96663745976245,train_Bearing1_1_1_2_1_4_1_5_test_Bearing1_3
XJTU-SY-condition_1_35Hz12kN-tsfresh_selected-RandomForestRegressor,tsfresh_selected,1,Bearing1_3,4,154.0,56.15345418470419,train_Bearing1_1_1_2_1_4_1_5_test_Bearing1_3
XJTU-SY-condition_1_35Hz12kN-tsfresh_selected-RandomForestRegressor,tsfresh_selected,1,Bearing1_3,5,153.0,70.94469155844152,train_Bearing1_1_1_2_1_4_1_5_test_Bearing1_3
XJTU-SY-condition_1_35Hz12kN-tsfresh_selected-RandomForestRegressor,tsfresh_selected,1,Bearing1_3,6,152.0,82.69084505772005,train_Bearing1_1_1_2_1_4_1_5_test_Bearing1_3
XJTU-SY-condition_1_35Hz12kN-tsfresh_selected-RandomForestRegressor,tsfresh_selected,1,Bearing1_3,7,151.0,67.50227678571429,train_Bearing1_1_1_2_1_4_1_5_test_Bearing1_3
XJTU-SY-condition_1_35Hz12kN-tsfresh_selected-RandomForestRegressor,tsfresh_selected,1,Bearing1_3,8,150.0,77.00082702020204,train_Bearing1_1_1_2_1_4_1_5_test_Bearing1_3
XJTU-SY-condition_1_35Hz12kN-tsfresh_selected-RandomForestRegressor,tsfresh_selected,1,Bearing1_3,9,149.0,78.22000856782101,train_Bearing1_1_1_2_1_4_1_5_test_Bearing1_3
XJTU-SY-condition_1_35Hz12kN-tsfresh_selected-RandomForestRegressor,tsfresh_selected,1,Bearing1_3,10,148.0,41.80550775613275,train_Bearing1_1_1_2_1_4_1_5_test_Bearing1_3
XJTU-SY-condition_1_35Hz12kN-tsfresh_selected-RandomForestRegressor,tsfresh_selected,1,Bearing1_3,11,147.0,75.24045770202021,train_Bearing1_1_1_2_1_4_1_5_test_Bearing1_3
XJTU-SY-condition_1_35Hz12kN-tsfresh_selected-RandomForestRegressor,tsfresh_selected,1,Bearing1_3,12,146.0,65.79881646131643,train_Bearing1_1_1_2_1_4_1_5_test_Bearing1_3
XJTU-SY-condition_1_35Hz12kN-tsfresh_selected-RandomForestRegressor,tsfresh_selected,1,Bearing1_3,13,145.0,42.34837544400044,train_Bearing1_1_1_2_1_4_1_5_test_Bearing1_3
XJTU-SY-condition_1_35Hz12kN-tsfresh_selected-RandomForestRegressor,tsfresh_selected,1,Bearing1_3,14,144.0,62.91574134199133,train_Bearing1_1_1_2_1_4_1_5_test_Bearing1_3
XJTU-SY-condition_1_35Hz12kN-tsfresh_selected-RandomForestRegressor,tsfresh_selected,1,Bearing1_3,15,143.0,62.45790133477633,train_Bearing1_1_1_2_1_4_1_5_test_Bearing1_3
XJTU-SY-condition_1_35Hz12kN-tsfresh_selected-RandomForestRegressor,tsfresh_selected,1,Bearing1_3,16,142.0,30.866847943722938,train_Bearing1_1_1_2_1_4_1_5_test_Bearing1_3
XJTU-SY-condition_1_35Hz12kN-tsfresh_selected-RandomForestRegressor,tsfresh_selected,1,Bearing1_3,17,141.0,53.976557990620485,train_Bearing1_1_1_2_1_4_1_5_test_Bearing1_3
XJTU-SY-condition_1_35Hz12kN-tsfresh_selected-RandomForestRegressor,tsfresh_selected,1,Bearing1_3,18,140.0,51.496626533189044,train_Bearing1_1_1_2_1_4_1_5_test_Bearing1_3
XJTU-SY-condition_1_35Hz12kN-tsfresh_selected-RandomForestRegressor,tsfresh_selected,1,Bearing1_3,19,139.0,75.02999007936509,train_Bearing1_1_1_2_1_4_1_5_test_Bearing1_3
XJTU-SY-condition_1_35Hz12kN-tsfresh_selected-RandomForestRegressor,tsfresh_selected,1,Bearing1_3,20,138.0,72.09694215506714,train_Bearing1_1_1_2_1_4_1_5_test_Bearing1_3
XJTU-SY-condition_1_35Hz12kN-tsfresh_selected-RandomForestRegressor,tsfresh_selected,1,Bearing1_3,21,137.0,80.86529276279275,train_Bearing1_1_1_2_1_4_1_5_test_Bearing1_3
XJTU-SY-condition_1_35Hz12kN-tsfresh_selected-RandomForestRegressor,tsfresh_selected,1,Bearing1_3,22,136.0,76.9698483114108,train_Bearing1_1_1_2_1_4_1_5_test_Bearing1_3
XJTU-SY-condition_1_35Hz12kN-tsfresh_selected-RandomForestRegressor,tsfresh_selected,1,Bearing1_3,23,135.0,62.180000312187794,train_Bearing1_1_1_2_1_4_1_5_test_Bearing1_3
XJTU-SY-condition_1_35Hz12kN-tsfresh_selected-RandomForestRegressor,tsfresh_selected,1,Bearing1_3,24,134.0,74.67149260461761,train_Bearing1_1_1_2_1_4_1_5_test_Bearing1_3
XJTU-SY-condition_1_35Hz12kN-tsfresh_selected-RandomForestRegressor,tsfresh_selected,1,Bearing1_3,25,133.0,62.943556547619025,train_Bearing1_1_1_2_1_4_1_5_test_Bearing1_3
XJTU-SY-condition_1_35Hz12kN-tsfresh_selected-RandomForestRegressor,tsfresh_selected,1,Bearing1_3,26,132.0,69.40618922743927,train_Bearing1_1_1_2_1_4_1_5_test_Bearing1_3
XJTU-SY-condition_1_35Hz12kN-tsfresh_selected-RandomForestRegressor,tsfresh_selected,1,Bearing1_3,27,131.0,86.16361832611832,train_Bearing1_1_1_2_1_4_1_5_test_Bearing1_3
XJTU-SY-condition_1_35Hz12kN-tsfresh_selected-RandomForestRegressor,tsfresh_selected,1,Bearing1_3,28,130.0,63.51808576839825,train_Bearing1_1_1_2_1_4_1_5_test_Bearing1_3
XJTU-SY-condition_1_35Hz12kN-tsfresh_selected-RandomForestRegressor,tsfresh_selected,1,Bearing1_3,29,129.0,66.4934483225108,train_Bearing1_1_1_2_1_4_1_5_test_Bearing1_3
XJTU-SY-condition_1_35Hz12kN-tsfresh_selected-RandomForestRegressor,tsfresh_selected,1,Bearing1_3,30,128.0,65.76740575396825,train_Bearing1_1_1_2_1_4_1_5_test_Bearing1_3
XJTU-SY-condition_1_35Hz12kN-tsfresh_selected-RandomForestRegressor,tsfresh_selected,1,Bearing1_3,31,127.0,55.22825261544013,train_Bearing1_1_1_2_1_4_1_5_test_Bearing1_3
XJTU-SY-condition_1_35Hz12kN-tsfresh_selected-RandomForestRegressor,tsfresh_selected,1,Bearing1_3,32,126.0,81.6770278679654,train_Bearing1_1_1_2_1_4_1_5_test_Bearing1_3
XJTU-SY-condition_1_35Hz12kN-tsfresh_selected-RandomForestRegressor,tsfresh_selected,1,Bearing1_3,33,125.0,61.41286248473748,train_Bearing1_1_1_2_1_4_1_5_test_Bearing1_3
XJTU-SY-condition_1_35Hz12kN-tsfresh_selected-RandomForestRegressor,tsfresh_selected,1,Bearing1_3,34,124.0,68.44127771534019,train_Bearing1_1_1_2_1_4_1_5_test_Bearing1_3
XJTU-SY-condition_1_35Hz12kN-tsfresh_selected-RandomForestRegressor,tsfresh_selected,1,Bearing1_3,35,123.0,69.25509424603173,train_Bearing1_1_1_2_1_4_1_5_test_Bearing1_3
XJTU-SY-condition_1_35Hz12kN-tsfresh_selected-RandomForestRegressor,tsfresh_selected,1,Bearing1_3,36,122.0,51.15374479686979,train_Bearing1_1_1_2_1_4_1_5_test_Bearing1_3
XJTU-SY-condition_1_35Hz12kN-tsfresh_selected-RandomForestRegressor,tsfresh_selected,1,Bearing1_3,37,121.0,66.46560817654566,train_Bearing1_1_1_2_1_4_1_5_test_Bearing1_3
XJTU-SY-condition_1_35Hz12kN-tsfresh_selected-RandomForestRegressor,tsfresh_selected,1,Bearing1_3,38,120.0,74.3609659090909,train_Bearing1_1_1_2_1_4_1_5_test_Bearing1_3
XJTU-SY-condition_1_35Hz12kN-tsfresh_selected-RandomForestRegressor,tsfresh_selected,1,Bearing1_3,39,119.0,39.24208829365078,train_Bearing1_1_1_2_1_4_1_5_test_Bearing1_3
XJTU-SY-condition_1_35Hz12kN-tsfresh_selected-RandomForestRegressor,tsfresh_selected,1,Bearing1_3,40,118.0,22.35339240620491,train_Bearing1_1_1_2_1_4_1_5_test_Bearing1_3
XJTU-SY-condition_1_35Hz12kN-tsfresh_selected-RandomForestRegressor,tsfresh_selected,1,Bearing1_3,41,117.0,56.65035759379506,train_Bearing1_1_1_2_1_4_1_5_test_Bearing1_3
XJTU-SY-condition_1_35Hz12kN-tsfresh_selected-RandomForestRegressor,tsfresh_selected,1,Bearing1_3,42,116.0,69.72425009018758,train_Bearing1_1_1_2_1_4_1_5_test_Bearing1_3
XJTU-SY-condition_1_35Hz12kN-tsfresh_selected-RandomForestRegressor,tsfresh_selected,1,Bearing1_3,43,115.0,77.81689276001772,train_Bearing1_1_1_2_1_4_1_5_test_Bearing1_3
XJTU-SY-condition_1_35Hz12kN-tsfresh_selected-RandomForestRegressor,tsfresh_selected,1,Bearing1_3,44,114.0,63.64682224025971,train_Bearing1_1_1_2_1_4_1_5_test_Bearing1_3
XJTU-SY-condition_1_35Hz12kN-tsfresh_selected-RandomForestRegressor,tsfresh_selected,1,Bearing1_3,45,113.0,61.039910714285725,train_Bearing1_1_1_2_1_4_1_5_test_Bearing1_3
XJTU-SY-condition_1_35Hz12kN-tsfresh_selected-RandomForestRegressor,tsfresh_selected,1,Bearing1_3,46,112.0,65.73842757936508,train_Bearing1_1_1_2_1_4_1_5_test_Bearing1_3
XJTU-SY-condition_1_35Hz12kN-tsfresh_selected-RandomForestRegressor,tsfresh_selected,1,Bearing1_3,47,111.0,90.29525859557108,train_Bearing1_1_1_2_1_4_1_5_test_Bearing1_3
XJTU-SY-condition_1_35Hz12kN-tsfresh_selected-RandomForestRegressor,tsfresh_selected,1,Bearing1_3,48,110.0,69.05560210622707,train_Bearing1_1_1_2_1_4_1_5_test_Bearing1_3
XJTU-SY-condition_1_35Hz12kN-tsfresh_selected-RandomForestRegressor,tsfresh_selected,1,Bearing1_3,49,109.0,48.37628472222222,train_Bearing1_1_1_2_1_4_1_5_test_Bearing1_3
XJTU-SY-condition_1_35Hz12kN-tsfresh_selected-RandomForestRegressor,tsfresh_selected,1,Bearing1_3,50,108.0,72.32983901515152,train_Bearing1_1_1_2_1_4_1_5_test_Bearing1_3
XJTU-SY-condition_1_35Hz12kN-tsfresh_selected-RandomForestRegressor,tsfresh_selected,1,Bearing1_3,51,107.0,35.86726190476191,train_Bearing1_1_1_2_1_4_1_5_test_Bearing1_3
XJTU-SY-condition_1_35Hz12kN-tsfresh_selected-RandomForestRegressor,tsfresh_selected,1,Bearing1_3,52,106.0,71.19043706293705,train_Bearing1_1_1_2_1_4_1_5_test_Bearing1_3
XJTU-SY-condition_1_35Hz12kN-tsfresh_selected-RandomForestRegressor,tsfresh_selected,1,Bearing1_3,53,105.0,65.11865079365081,train_Bearing1_1_1_2_1_4_1_5_test_Bearing1_3
XJTU-SY-condition_1_35Hz12kN-tsfresh_selected-RandomForestRegressor,tsfresh_selected,1,Bearing1_3,54,104.0,65.32119994588746,train_Bearing1_1_1_2_1_4_1_5_test_Bearing1_3
XJTU-SY-condition_1_35Hz12kN-tsfresh_selected-RandomForestRegressor,tsfresh_selected,1,Bearing1_3,55,103.0,53.709986922799416,train_Bearing1_1_1_2_1_4_1_5_test_Bearing1_3
XJTU-SY-condition_1_35Hz12kN-tsfresh_selected-RandomForestRegressor,tsfresh_selected,1,Bearing1_3,56,102.0,78.46796581890331,train_Bearing1_1_1_2_1_4_1_5_test_Bearing1_3
XJTU-SY-condition_1_35Hz12kN-tsfresh_selected-RandomForestRegressor,tsfresh_selected,1,Bearing1_3,57,101.0,74.15394227300479,train_Bearing1_1_1_2_1_4_1_5_test_Bearing1_3
XJTU-SY-condition_1_35Hz12kN-tsfresh_selected-RandomForestRegressor,tsfresh_selected,1,Bearing1_3,58,100.0,70.1485091991342,train_Bearing1_1_1_2_1_4_1_5_test_Bearing1_3
XJTU-SY-condition_1_35Hz12kN-tsfresh_selected-RandomForestRegressor,tsfresh_selected,1,Bearing1_3,59,99.0,50.65660579004329,train_Bearing1_1_1_2_1_4_1_5_test_Bearing1_3
XJTU-SY-condition_1_35Hz12kN-tsfresh_selected-RandomForestRegressor,tsfresh_selected,1,Bearing1_3,60,98.0,58.01718389249639,train_Bearing1_1_1_2_1_4_1_5_test_Bearing1_3
XJTU-SY-condition_1_35Hz12kN-tsfresh_selected-RandomForestRegressor,tsfresh_selected,1,Bearing1_3,61,97.0,56.52045229076481,train_Bearing1_1_1_2_1_4_1_5_test_Bearing1_3
XJTU-SY-condition_1_35Hz12kN-tsfresh_selected-RandomForestRegressor,tsfresh_selected,1,Bearing1_3,62,96.0,67.88925324675323,train_Bearing1_1_1_2_1_4_1_5_test_Bearing1_3
XJTU-SY-condition_1_35Hz12kN-tsfresh_selected-RandomForestRegressor,tsfresh_selected,1,Bearing1_3,63,95.0,48.96193948412699,train_Bearing1_1_1_2_1_4_1_5_test_Bearing1_3
XJTU-SY-condition_1_35Hz12kN-tsfresh_selected-RandomForestRegressor,tsfresh_selected,1,Bearing1_3,64,94.0,72.70091630591631,train_Bearing1_1_1_2_1_4_1_5_test_Bearing1_3
XJTU-SY-condition_1_35Hz12kN-tsfresh_selected-RandomForestRegressor,tsfresh_selected,1,Bearing1_3,65,93.0,78.55239042207795,train_Bearing1_1_1_2_1_4_1_5_test_Bearing1_3
XJTU-SY-condition_1_35Hz12kN-tsfresh_selected-RandomForestRegressor,tsfresh_selected,1,Bearing1_3,66,92.0,76.86367243867242,train_Bearing1_1_1_2_1_4_1_5_test_Bearing1_3
XJTU-SY-condition_1_35Hz12kN-tsfresh_selected-RandomForestRegressor,tsfresh_selected,1,Bearing1_3,67,91.0,41.37201343795094,train_Bearing1_1_1_2_1_4_1_5_test_Bearing1_3
XJTU-SY-condition_1_35Hz12kN-tsfresh_selected-RandomForestRegressor,tsfresh_selected,1,Bearing1_3,68,90.0,33.64044237012986,train_Bearing1_1_1_2_1_4_1_5_test_Bearing1_3
XJTU-SY-condition_1_35Hz12kN-tsfresh_selected-RandomForestRegressor,tsfresh_selected,1,Bearing1_3,69,89.0,60.27170905483407,train_Bearing1_1_1_2_1_4_1_5_test_Bearing1_3
XJTU-SY-condition_1_35Hz12kN-tsfresh_selected-RandomForestRegressor,tsfresh_selected,1,Bearing1_3,70,88.0,60.9622470238095,train_Bearing1_1_1_2_1_4_1_5_test_Bearing1_3
XJTU-SY-condition_1_35Hz12kN-tsfresh_selected-RandomForestRegressor,tsfresh_selected,1,Bearing1_3,71,87.0,73.16842126623376,train_Bearing1_1_1_2_1_4_1_5_test_Bearing1_3
XJTU-SY-condition_1_35Hz12kN-tsfresh_selected-RandomForestRegressor,tsfresh_selected,1,Bearing1_3,72,86.0,46.91254774024995,train_Bearing1_1_1_2_1_4_1_5_test_Bearing1_3
XJTU-SY-condition_1_35Hz12kN-tsfresh_selected-RandomForestRegressor,tsfresh_selected,1,Bearing1_3,73,85.0,77.9077683080808,train_Bearing1_1_1_2_1_4_1_5_test_Bearing1_3
XJTU-SY-condition_1_35Hz12kN-tsfresh_selected-RandomForestRegressor,tsfresh_selected,1,Bearing1_3,74,84.0,55.028449224386726,train_Bearing1_1_1_2_1_4_1_5_test_Bearing1_3
XJTU-SY-condition_1_35Hz12kN-tsfresh_selected-RandomForestRegressor,tsfresh_selected,1,Bearing1_3,75,83.0,55.96563492063491,train_Bearing1_1_1_2_1_4_1_5_test_Bearing1_3
XJTU-SY-condition_1_35Hz12kN-tsfresh_selected-RandomForestRegressor,tsfresh_selected,1,Bearing1_3,76,82.0,62.45515602453103,train_Bearing1_1_1_2_1_4_1_5_test_Bearing1_3
XJTU-SY-condition_1_35Hz12kN-tsfresh_selected-RandomForestRegressor,tsfresh_selected,1,Bearing1_3,77,81.0,80.59855609668108,train_Bearing1_1_1_2_1_4_1_5_test_Bearing1_3
XJTU-SY-condition_1_35Hz12kN-tsfresh_selected-RandomForestRegressor,tsfresh_selected,1,Bearing1_3,78,80.0,65.18465277777776,train_Bearing1_1_1_2_1_4_1_5_test_Bearing1_3
XJTU-SY-condition_1_35Hz12kN-tsfresh_selected-RandomForestRegressor,tsfresh_selected,1,Bearing1_3,79,79.0,68.27618173493173,train_Bearing1_1_1_2_1_4_1_5_test_Bearing1_3
XJTU-SY-condition_1_35Hz12kN-tsfresh_selected-RandomForestRegressor,tsfresh_selected,1,Bearing1_3,80,78.0,64.7521326936952,train_Bearing1_1_1_2_1_4_1_5_test_Bearing1_3
XJTU-SY-condition_1_35Hz12kN-tsfresh_selected-RandomForestRegressor,tsfresh_selected,1,Bearing1_3,81,77.0,87.75878815628816,train_Bearing1_1_1_2_1_4_1_5_test_Bearing1_3
XJTU-SY-condition_1_35Hz12kN-tsfresh_selected-RandomForestRegressor,tsfresh_selected,1,Bearing1_3,82,76.0,74.46539977383725,train_Bearing1_1_1_2_1_4_1_5_test_Bearing1_3
XJTU-SY-condition_1_35Hz12kN-tsfresh_selected-RandomForestRegressor,tsfresh_selected,1,Bearing1_3,83,75.0,62.279481074481055,train_Bearing1_1_1_2_1_4_1_5_test_Bearing1_3
XJTU-SY-condition_1_35Hz12kN-tsfresh_selected-RandomForestRegressor,tsfresh_selected,1,Bearing1_3,84,74.0,82.37597718253969,train_Bearing1_1_1_2_1_4_1_5_test_Bearing1_3
XJTU-SY-condition_1_35Hz12kN-tsfresh_selected-RandomForestRegressor,tsfresh_selected,1,Bearing1_3,85,73.0,85.82816332972585,train_Bearing1_1_1_2_1_4_1_5_test_Bearing1_3
XJTU-SY-condition_1_35Hz12kN-tsfresh_selected-RandomForestRegressor,tsfresh_selected,1,Bearing1_3,86,72.0,32.99736201298701,train_Bearing1_1_1_2_1_4_1_5_test_Bearing1_3
XJTU-SY-condition_1_35Hz12kN-tsfresh_selected-RandomForestRegressor,tsfresh_selected,1,Bearing1_3,87,71.0,30.81272501803752,train_Bearing1_1_1_2_1_4_1_5_test_Bearing1_3
XJTU-SY-condition_1_35Hz12kN-tsfresh_selected-RandomForestRegressor,tsfresh_selected,1,Bearing1_3,88,70.0,59.681578907203914,train_Bearing1_1_1_2_1_4_1_5_test_Bearing1_3
XJTU-SY-condition_1_35Hz12kN-tsfresh_selected-RandomForestRegressor,tsfresh_selected,1,Bearing1_3,89,69.0,80.81349893162395,train_Bearing1_1_1_2_1_4_1_5_test_Bearing1_3
XJTU-SY-condition_1_35Hz12kN-tsfresh_selected-RandomForestRegressor,tsfresh_selected,1,Bearing1_3,90,68.0,63.79661706349208,train_Bearing1_1_1_2_1_4_1_5_test_Bearing1_3
XJTU-SY-condition_1_35Hz12kN-tsfresh_selected-RandomForestRegressor,tsfresh_selected,1,Bearing1_3,91,67.0,53.724510905760916,train_Bearing1_1_1_2_1_4_1_5_test_Bearing1_3
XJTU-SY-condition_1_35Hz12kN-tsfresh_selected-RandomForestRegressor,tsfresh_selected,1,Bearing1_3,92,66.0,78.40948457792209,train_Bearing1_1_1_2_1_4_1_5_test_Bearing1_3
XJTU-SY-condition_1_35Hz12kN-tsfresh_selected-RandomForestRegressor,tsfresh_selected,1,Bearing1_3,93,65.0,72.33143814518814,train_Bearing1_1_1_2_1_4_1_5_test_Bearing1_3
XJTU-SY-condition_1_35Hz12kN-tsfresh_selected-RandomForestRegressor,tsfresh_selected,1,Bearing1_3,94,64.0,38.814603174603185,train_Bearing1_1_1_2_1_4_1_5_test_Bearing1_3
XJTU-SY-condition_1_35Hz12kN-tsfresh_selected-RandomForestRegressor,tsfresh_selected,1,Bearing1_3,95,63.0,81.12658528971029,train_Bearing1_1_1_2_1_4_1_5_test_Bearing1_3
XJTU-SY-condition_1_35Hz12kN-tsfresh_selected-RandomForestRegressor,tsfresh_selected,1,Bearing1_3,96,62.0,82.339196983572,train_Bearing1_1_1_2_1_4_1_5_test_Bearing1_3
XJTU-SY-condition_1_35Hz12kN-tsfresh_selected-RandomForestRegressor,tsfresh_selected,1,Bearing1_3,97,61.0,79.28752660533911,train_Bearing1_1_1_2_1_4_1_5_test_Bearing1_3
XJTU-SY-condition_1_35Hz12kN-tsfresh_selected-RandomForestRegressor,tsfresh_selected,1,Bearing1_3,98,60.0,74.02141098484852,train_Bearing1_1_1_2_1_4_1_5_test_Bearing1_3
XJTU-SY-condition_1_35Hz12kN-tsfresh_selected-RandomForestRegressor,tsfresh_selected,1,Bearing1_3,99,59.0,86.42664637445887,train_Bearing1_1_1_2_1_4_1_5_test_Bearing1_3
XJTU-SY-condition_1_35Hz12kN-tsfresh_selected-RandomForestRegressor,tsfresh_selected,1,Bearing1_3,100,58.0,26.96900974025973,train_Bearing1_1_1_2_1_4_1_5_test_Bearing1_3
XJTU-SY-condition_1_35Hz12kN-tsfresh_selected-RandomForestRegressor,tsfresh_selected,1,Bearing1_3,101,57.0,69.10020607864355,train_Bearing1_1_1_2_1_4_1_5_test_Bearing1_3
XJTU-SY-condition_1_35Hz12kN-tsfresh_selected-RandomForestRegressor,tsfresh_selected,1,Bearing1_3,102,56.0,78.12023764430012,train_Bearing1_1_1_2_1_4_1_5_test_Bearing1_3
XJTU-SY-condition_1_35Hz12kN-tsfresh_selected-RandomForestRegressor,tsfresh_selected,1,Bearing1_3,103,55.0,77.15280122655122,train_Bearing1_1_1_2_1_4_1_5_test_Bearing1_3
XJTU-SY-condition_1_35Hz12kN-tsfresh_selected-RandomForestRegressor,tsfresh_selected,1,Bearing1_3,104,54.0,69.59839466089466,train_Bearing1_1_1_2_1_4_1_5_test_Bearing1_3
XJTU-SY-condition_1_35Hz12kN-tsfresh_selected-RandomForestRegressor,tsfresh_selected,1,Bearing1_3,105,53.0,70.1990625,train_Bearing1_1_1_2_1_4_1_5_test_Bearing1_3
XJTU-SY-condition_1_35Hz12kN-tsfresh_selected-RandomForestRegressor,tsfresh_selected,1,Bearing1_3,106,52.0,60.41188492063493,train_Bearing1_1_1_2_1_4_1_5_test_Bearing1_3
XJTU-SY-condition_1_35Hz12kN-tsfresh_selected-RandomForestRegressor,tsfresh_selected,1,Bearing1_3,107,51.0,69.4454825036075,train_Bearing1_1_1_2_1_4_1_5_test_Bearing1_3
XJTU-SY-condition_1_35Hz12kN-tsfresh_selected-RandomForestRegressor,tsfresh_selected,1,Bearing1_3,108,50.0,39.089515692640695,train_Bearing1_1_1_2_1_4_1_5_test_Bearing1_3
XJTU-SY-condition_1_35Hz12kN-tsfresh_selected-RandomForestRegressor,tsfresh_selected,1,Bearing1_3,109,49.0,60.24130345349098,train_Bearing1_1_1_2_1_4_1_5_test_Bearing1_3
XJTU-SY-condition_1_35Hz12kN-tsfresh_selected-RandomForestRegressor,tsfresh_selected,1,Bearing1_3,110,48.0,86.45225333694084,train_Bearing1_1_1_2_1_4_1_5_test_Bearing1_3
XJTU-SY-condition_1_35Hz12kN-tsfresh_selected-RandomForestRegressor,tsfresh_selected,1,Bearing1_3,111,47.0,30.527469856532356,train_Bearing1_1_1_2_1_4_1_5_test_Bearing1_3
XJTU-SY-condition_1_35Hz12kN-tsfresh_selected-RandomForestRegressor,tsfresh_selected,1,Bearing1_3,112,46.0,71.88498196248199,train_Bearing1_1_1_2_1_4_1_5_test_Bearing1_3
XJTU-SY-condition_1_35Hz12kN-tsfresh_selected-RandomForestRegressor,tsfresh_selected,1,Bearing1_3,113,45.0,88.20642687173934,train_Bearing1_1_1_2_1_4_1_5_test_Bearing1_3
XJTU-SY-condition_1_35Hz12kN-tsfresh_selected-RandomForestRegressor,tsfresh_selected,1,Bearing1_3,114,44.0,69.50079365079363,train_Bearing1_1_1_2_1_4_1_5_test_Bearing1_3
XJTU-SY-condition_1_35Hz12kN-tsfresh_selected-RandomForestRegressor,tsfresh_selected,1,Bearing1_3,115,43.0,47.0533878968254,train_Bearing1_1_1_2_1_4_1_5_test_Bearing1_3
XJTU-SY-condition_1_35Hz12kN-tsfresh_selected-RandomForestRegressor,tsfresh_selected,1,Bearing1_3,116,42.0,55.392497745310244,train_Bearing1_1_1_2_1_4_1_5_test_Bearing1_3
XJTU-SY-condition_1_35Hz12kN-tsfresh_selected-RandomForestRegressor,tsfresh_selected,1,Bearing1_3,117,41.0,74.86910173160172,train_Bearing1_1_1_2_1_4_1_5_test_Bearing1_3
XJTU-SY-condition_1_35Hz12kN-tsfresh_selected-RandomForestRegressor,tsfresh_selected,1,Bearing1_3,118,40.0,69.36200712481961,train_Bearing1_1_1_2_1_4_1_5_test_Bearing1_3
XJTU-SY-condition_1_35Hz12kN-tsfresh_selected-RandomForestRegressor,tsfresh_selected,1,Bearing1_3,119,39.0,80.56258928571431,train_Bearing1_1_1_2_1_4_1_5_test_Bearing1_3
XJTU-SY-condition_1_35Hz12kN-tsfresh_selected-RandomForestRegressor,tsfresh_selected,1,Bearing1_3,120,38.0,60.25229093822844,train_Bearing1_1_1_2_1_4_1_5_test_Bearing1_3
XJTU-SY-condition_1_35Hz12kN-tsfresh_selected-RandomForestRegressor,tsfresh_selected,1,Bearing1_3,121,37.0,69.46767676767679,train_Bearing1_1_1_2_1_4_1_5_test_Bearing1_3
XJTU-SY-condition_1_35Hz12kN-tsfresh_selected-RandomForestRegressor,tsfresh_selected,1,Bearing1_3,122,36.0,41.82878923160173,train_Bearing1_1_1_2_1_4_1_5_test_Bearing1_3
XJTU-SY-condition_1_35Hz12kN-tsfresh_selected-RandomForestRegressor,tsfresh_selected,1,Bearing1_3,123,35.0,57.175899343711855,train_Bearing1_1_1_2_1_4_1_5_test_Bearing1_3
XJTU-SY-condition_1_35Hz12kN-tsfresh_selected-RandomForestRegressor,tsfresh_selected,1,Bearing1_3,124,34.0,66.62889880952385,train_Bearing1_1_1_2_1_4_1_5_test_Bearing1_3
XJTU-SY-condition_1_35Hz12kN-tsfresh_selected-RandomForestRegressor,tsfresh_selected,1,Bearing1_3,125,33.0,70.37058993090244,train_Bearing1_1_1_2_1_4_1_5_test_Bearing1_3
XJTU-SY-condition_1_35Hz12kN-tsfresh_selected-RandomForestRegressor,tsfresh_selected,1,Bearing1_3,126,32.0,53.138840638528144,train_Bearing1_1_1_2_1_4_1_5_test_Bearing1_3
XJTU-SY-condition_1_35Hz12kN-tsfresh_selected-RandomForestRegressor,tsfresh_selected,1,Bearing1_3,127,31.0,59.19248015873014,train_Bearing1_1_1_2_1_4_1_5_test_Bearing1_3
XJTU-SY-condition_1_35Hz12kN-tsfresh_selected-RandomForestRegressor,tsfresh_selected,1,Bearing1_3,128,30.0,49.325944715007225,train_Bearing1_1_1_2_1_4_1_5_test_Bearing1_3
XJTU-SY-condition_1_35Hz12kN-tsfresh_selected-RandomForestRegressor,tsfresh_selected,1,Bearing1_3,129,29.0,60.52103174603177,train_Bearing1_1_1_2_1_4_1_5_test_Bearing1_3
XJTU-SY-condition_1_35Hz12kN-tsfresh_selected-RandomForestRegressor,tsfresh_selected,1,Bearing1_3,130,28.0,63.90872610028858,train_Bearing1_1_1_2_1_4_1_5_test_Bearing1_3
XJTU-SY-condition_1_35Hz12kN-tsfresh_selected-RandomForestRegressor,tsfresh_selected,1,Bearing1_3,131,27.0,26.53373241341991,train_Bearing1_1_1_2_1_4_1_5_test_Bearing1_3
XJTU-SY-condition_1_35Hz12kN-tsfresh_selected-RandomForestRegressor,tsfresh_selected,1,Bearing1_3,132,26.0,50.218482142857134,train_Bearing1_1_1_2_1_4_1_5_test_Bearing1_3
XJTU-SY-condition_1_35Hz12kN-tsfresh_selected-RandomForestRegressor,tsfresh_selected,1,Bearing1_3,133,25.0,61.06986607142856,train_Bearing1_1_1_2_1_4_1_5_test_Bearing1_3
XJTU-SY-condition_1_35Hz12kN-tsfresh_selected-RandomForestRegressor,tsfresh_selected,1,Bearing1_3,134,24.0,70.2329761904762,train_Bearing1_1_1_2_1_4_1_5_test_Bearing1_3
XJTU-SY-condition_1_35Hz12kN-tsfresh_selected-RandomForestRegressor,tsfresh_selected,1,Bearing1_3,135,23.0,38.68740755772005,train_Bearing1_1_1_2_1_4_1_5_test_Bearing1_3
XJTU-SY-condition_1_35Hz12kN-tsfresh_selected-RandomForestRegressor,tsfresh_selected,1,Bearing1_3,136,22.0,59.225875721500735,train_Bearing1_1_1_2_1_4_1_5_test_Bearing1_3
XJTU-SY-condition_1_35Hz12kN-tsfresh_selected-RandomForestRegressor,tsfresh_selected,1,Bearing1_3,137,21.0,69.41819895382399,train_Bearing1_1_1_2_1_4_1_5_test_Bearing1_3
XJTU-SY-condition_1_35Hz12kN-tsfresh_selected-RandomForestRegressor,tsfresh_selected,1,Bearing1_3,138,20.0,21.30645652958153,train_Bearing1_1_1_2_1_4_1_5_test_Bearing1_3
XJTU-SY-condition_1_35Hz12kN-tsfresh_selected-RandomForestRegressor,tsfresh_selected,1,Bearing1_3,139,19.0,53.05413194444445,train_Bearing1_1_1_2_1_4_1_5_test_Bearing1_3
XJTU-SY-condition_1_35Hz12kN-tsfresh_selected-RandomForestRegressor,tsfresh_selected,1,Bearing1_3,140,18.0,49.33465610778111,train_Bearing1_1_1_2_1_4_1_5_test_Bearing1_3
XJTU-SY-condition_1_35Hz12kN-tsfresh_selected-RandomForestRegressor,tsfresh_selected,1,Bearing1_3,141,17.0,99.94403454184702,train_Bearing1_1_1_2_1_4_1_5_test_Bearing1_3
XJTU-SY-condition_1_35Hz12kN-tsfresh_selected-RandomForestRegressor,tsfresh_selected,1,Bearing1_3,142,16.0,25.887140602453098,train_Bearing1_1_1_2_1_4_1_5_test_Bearing1_3
XJTU-SY-condition_1_35Hz12kN-tsfresh_selected-RandomForestRegressor,tsfresh_selected,1,Bearing1_3,143,15.0,30.51490034271284,train_Bearing1_1_1_2_1_4_1_5_test_Bearing1_3
XJTU-SY-condition_1_35Hz12kN-tsfresh_selected-RandomForestRegressor,tsfresh_selected,1,Bearing1_3,144,14.0,69.47217352092352,train_Bearing1_1_1_2_1_4_1_5_test_Bearing1_3
XJTU-SY-condition_1_35Hz12kN-tsfresh_selected-RandomForestRegressor,tsfresh_selected,1,Bearing1_3,145,13.0,37.21698683261184,train_Bearing1_1_1_2_1_4_1_5_test_Bearing1_3
XJTU-SY-condition_1_35Hz12kN-tsfresh_selected-RandomForestRegressor,tsfresh_selected,1,Bearing1_3,146,12.0,78.48062499999999,train_Bearing1_1_1_2_1_4_1_5_test_Bearing1_3
XJTU-SY-condition_1_35Hz12kN-tsfresh_selected-RandomForestRegressor,tsfresh_selected,1,Bearing1_3,147,11.0,77.01626488095238,train_Bearing1_1_1_2_1_4_1_5_test_Bearing1_3
XJTU-SY-condition_1_35Hz12kN-tsfresh_selected-RandomForestRegressor,tsfresh_selected,1,Bearing1_3,148,10.0,83.78388233294484,train_Bearing1_1_1_2_1_4_1_5_test_Bearing1_3
XJTU-SY-condition_1_35Hz12kN-tsfresh_selected-RandomForestRegressor,tsfresh_selected,1,Bearing1_3,149,9.0,88.624929480242,train_Bearing1_1_1_2_1_4_1_5_test_Bearing1_3
XJTU-SY-condition_1_35Hz12kN-tsfresh_selected-RandomForestRegressor,tsfresh_selected,1,Bearing1_3,150,8.0,65.38686507936508,train_Bearing1_1_1_2_1_4_1_5_test_Bearing1_3
XJTU-SY-condition_1_35Hz12kN-tsfresh_selected-RandomForestRegressor,tsfresh_selected,1,Bearing1_3,151,7.0,56.38149853618603,train_Bearing1_1_1_2_1_4_1_5_test_Bearing1_3
XJTU-SY-condition_1_35Hz12kN-tsfresh_selected-RandomForestRegressor,tsfresh_selected,1,Bearing1_3,152,6.0,63.568045634920644,train_Bearing1_1_1_2_1_4_1_5_test_Bearing1_3
XJTU-SY-condition_1_35Hz12kN-tsfresh_selected-RandomForestRegressor,tsfresh_selected,1,Bearing1_3,153,5.0,54.457996482683974,train_Bearing1_1_1_2_1_4_1_5_test_Bearing1_3
XJTU-SY-condition_1_35Hz12kN-tsfresh_selected-RandomForestRegressor,tsfresh_selected,1,Bearing1_3,154,4.0,57.06177083333334,train_Bearing1_1_1_2_1_4_1_5_test_Bearing1_3
XJTU-SY-condition_1_35Hz12kN-tsfresh_selected-RandomForestRegressor,tsfresh_selected,1,Bearing1_3,155,3.0,81.56060470779224,train_Bearing1_1_1_2_1_4_1_5_test_Bearing1_3
XJTU-SY-condition_1_35Hz12kN-tsfresh_selected-RandomForestRegressor,tsfresh_selected,1,Bearing1_3,156,2.0,73.27979031385283,train_Bearing1_1_1_2_1_4_1_5_test_Bearing1_3
XJTU-SY-condition_1_35Hz12kN-tsfresh_selected-RandomForestRegressor,tsfresh_selected,1,Bearing1_3,157,1.0,83.3881479978355,train_Bearing1_1_1_2_1_4_1_5_test_Bearing1_3
XJTU-SY-condition_1_35Hz12kN-tsfresh_selected-RandomForestRegressor,tsfresh_selected,2,Bearing1_3,1,157.0,63.782758838383835,train_Bearing1_1_1_2_1_4_1_5_test_Bearing1_3
XJTU-SY-condition_1_35Hz12kN-tsfresh_selected-RandomForestRegressor,tsfresh_selected,2,Bearing1_3,2,156.0,85.95390873015873,train_Bearing1_1_1_2_1_4_1_5_test_Bearing1_3
XJTU-SY-condition_1_35Hz12kN-tsfresh_selected-RandomForestRegressor,tsfresh_selected,2,Bearing1_3,3,155.0,71.01160377816625,train_Bearing1_1_1_2_1_4_1_5_test_Bearing1_3
XJTU-SY-condition_1_35Hz12kN-tsfresh_selected-RandomForestRegressor,tsfresh_selected,2,Bearing1_3,4,154.0,55.33637251637251,train_Bearing1_1_1_2_1_4_1_5_test_Bearing1_3
XJTU-SY-condition_1_35Hz12kN-tsfresh_selected-RandomForestRegressor,tsfresh_selected,2,Bearing1_3,5,153.0,66.86039637445887,train_Bearing1_1_1_2_1_4_1_5_test_Bearing1_3
XJTU-SY-condition_1_35Hz12kN-tsfresh_selected-RandomForestRegressor,tsfresh_selected,2,Bearing1_3,6,152.0,89.95865845959595,train_Bearing1_1_1_2_1_4_1_5_test_Bearing1_3
XJTU-SY-condition_1_35Hz12kN-tsfresh_selected-RandomForestRegressor,tsfresh_selected,2,Bearing1_3,7,151.0,77.65528363997115,train_Bearing1_1_1_2_1_4_1_5_test_Bearing1_3
XJTU-SY-condition_1_35Hz12kN-tsfresh_selected-RandomForestRegressor,tsfresh_selected,2,Bearing1_3,8,150.0,78.08408324314576,train_Bearing1_1_1_2_1_4_1_5_test_Bearing1_3
XJTU-SY-condition_1_35Hz12kN-tsfresh_selected-RandomForestRegressor,tsfresh_selected,2,Bearing1_3,9,149.0,76.34355654761903,train_Bearing1_1_1_2_1_4_1_5_test_Bearing1_3
XJTU-SY-condition_1_35Hz12kN-tsfresh_selected-RandomForestRegressor,tsfresh_selected,2,Bearing1_3,10,148.0,46.1643520021645,train_Bearing1_1_1_2_1_4_1_5_test_Bearing1_3
XJTU-SY-condition_1_35Hz12kN-tsfresh_selected-RandomForestRegressor,tsfresh_selected,2,Bearing1_3,11,147.0,71.1716432178932,train_Bearing1_1_1_2_1_4_1_5_test_Bearing1_3
XJTU-SY-condition_1_35Hz12kN-tsfresh_selected-RandomForestRegressor,tsfresh_selected,2,Bearing1_3,12,146.0,68.72524846681097,train_Bearing1_1_1_2_1_4_1_5_test_Bearing1_3
XJTU-SY-condition_1_35Hz12kN-tsfresh_selected-RandomForestRegressor,tsfresh_selected,2,Bearing1_3,13,145.0,35.453449224386716,train_Bearing1_1_1_2_1_4_1_5_test_Bearing1_3
XJTU-SY-condition_1_35Hz12kN-tsfresh_selected-RandomForestRegressor,tsfresh_selected,2,Bearing1_3,14,144.0,46.634465638528134,train_Bearing1_1_1_2_1_4_1_5_test_Bearing1_3
XJTU-SY-condition_1_35Hz12kN-tsfresh_selected-RandomForestRegressor,tsfresh_selected,2,Bearing1_3,15,143.0,64.57120355339104,train_Bearing1_1_1_2_1_4_1_5_test_Bearing1_3
XJTU-SY-condition_1_35Hz12kN-tsfresh_selected-RandomForestRegressor,tsfresh_selected,2,Bearing1_3,16,142.0,42.56392225829726,train_Bearing1_1_1_2_1_4_1_5_test_Bearing1_3
XJTU-SY-condition_1_35Hz12kN-tsfresh_selected-RandomForestRegressor,tsfresh_selected,2,Bearing1_3,17,141.0,55.974894480519495,train_Bearing1_1_1_2_1_4_1_5_test_Bearing1_3
XJTU-SY-condition_1_35Hz12kN-tsfresh_selected-RandomForestRegressor,tsfresh_selected,2,Bearing1_3,18,140.0,55.300210588023084,train_Bearing1_1_1_2_1_4_1_5_test_Bearing1_3
XJTU-SY-condition_1_35Hz12kN-tsfresh_selected-RandomForestRegressor,tsfresh_selected,2,Bearing1_3,19,139.0,76.2086016414141,train_Bearing1_1_1_2_1_4_1_5_test_Bearing1_3
XJTU-SY-condition_1_35Hz12kN-tsfresh_selected-RandomForestRegressor,tsfresh_selected,2,Bearing1_3,20,138.0,67.67701992451993,train_Bearing1_1_1_2_1_4_1_5_test_Bearing1_3
XJTU-SY-condition_1_35Hz12kN-tsfresh_selected-RandomForestRegressor,tsfresh_selected,2,Bearing1_3,21,137.0,83.22449179292926,train_Bearing1_1_1_2_1_4_1_5_test_Bearing1_3
XJTU-SY-condition_1_35Hz12kN-tsfresh_selected-RandomForestRegressor,tsfresh_selected,2,Bearing1_3,22,136.0,65.32565295815297,train_Bearing1_1_1_2_1_4_1_5_test_Bearing1_3
XJTU-SY-condition_1_35Hz12kN-tsfresh_selected-RandomForestRegressor,tsfresh_selected,2,Bearing1_3,23,135.0,66.36555555555555,train_Bearing1_1_1_2_1_4_1_5_test_Bearing1_3
XJTU-SY-condition_1_35Hz12kN-tsfresh_selected-RandomForestRegressor,tsfresh_selected,2,Bearing1_3,24,134.0,76.9776524170274,train_Bearing1_1_1_2_1_4_1_5_test_Bearing1_3
XJTU-SY-condition_1_35Hz12kN-tsfresh_selected-RandomForestRegressor,tsfresh_selected,2,Bearing1_3,25,133.0,68.39392676767676,train_Bearing1_1_1_2_1_4_1_5_test_Bearing1_3
XJTU-SY-condition_1_35Hz12kN-tsfresh_selected-RandomForestRegressor,tsfresh_selected,2,Bearing1_3,26,132.0,71.9607303113553,train_Bearing1_1_1_2_1_4_1_5_test_Bearing1_3
XJTU-SY-condition_1_35Hz12kN-tsfresh_selected-RandomForestRegressor,tsfresh_selected,2,Bearing1_3,27,131.0,77.47068948412699,train_Bearing1_1_1_2_1_4_1_5_test_Bearing1_3
XJTU-SY-condition_1_35Hz12kN-tsfresh_selected-RandomForestRegressor,tsfresh_selected,2,Bearing1_3,28,130.0,61.18126352813855,train_Bearing1_1_1_2_1_4_1_5_test_Bearing1_3
XJTU-SY-condition_1_35Hz12kN-tsfresh_selected-RandomForestRegressor,tsfresh_selected,2,Bearing1_3,29,129.0,53.489131042568545,train_Bearing1_1_1_2_1_4_1_5_test_Bearing1_3
XJTU-SY-condition_1_35Hz12kN-tsfresh_selected-RandomForestRegressor,tsfresh_selected,2,Bearing1_3,30,128.0,66.90754464285713,train_Bearing1_1_1_2_1_4_1_5_test_Bearing1_3
XJTU-SY-condition_1_35Hz12kN-tsfresh_selected-RandomForestRegressor,tsfresh_selected,2,Bearing1_3,31,127.0,61.16736853424352,train_Bearing1_1_1_2_1_4_1_5_test_Bearing1_3
XJTU-SY-condition_1_35Hz12kN-tsfresh_selected-RandomForestRegressor,tsfresh_selected,2,Bearing1_3,32,126.0,81.5622434163059,train_Bearing1_1_1_2_1_4_1_5_test_Bearing1_3
XJTU-SY-condition_1_35Hz12kN-tsfresh_selected-RandomForestRegressor,tsfresh_selected,2,Bearing1_3,33,125.0,55.1440011724387,train_Bearing1_1_1_2_1_4_1_5_test_Bearing1_3
XJTU-SY-condition_1_35Hz12kN-tsfresh_selected-RandomForestRegressor,tsfresh_selected,2,Bearing1_3,34,124.0,71.0820044191919,train_Bearing1_1_1_2_1_4_1_5_test_Bearing1_3
XJTU-SY-condition_1_35Hz12kN-tsfresh_selected-RandomForestRegressor,tsfresh_selected,2,Bearing1_3,35,123.0,70.59335091991343,train_Bearing1_1_1_2_1_4_1_5_test_Bearing1_3
XJTU-SY-condition_1_35Hz12kN-tsfresh_selected-RandomForestRegressor,tsfresh_selected,2,Bearing1_3,36,122.0,49.167556367243876,train_Bearing1_1_1_2_1_4_1_5_test_Bearing1_3
XJTU-SY-condition_1_35Hz12kN-tsfresh_selected-RandomForestRegressor,tsfresh_selected,2,Bearing1_3,37,121.0,79.20388573232319,train_Bearing1_1_1_2_1_4_1_5_test_Bearing1_3
XJTU-SY-condition_1_35Hz12kN-tsfresh_selected-RandomForestRegressor,tsfresh_selected,2,Bearing1_3,38,120.0,67.21954680735931,train_Bearing1_1_1_2_1_4_1_5_test_Bearing1_3
XJTU-SY-condition_1_35Hz12kN-tsfresh_selected-RandomForestRegressor,tsfresh_selected,2,Bearing1_3,39,119.0,37.74694444444444,train_Bearing1_1_1_2_1_4_1_5_test_Bearing1_3
XJTU-SY-condition_1_35Hz12kN-tsfresh_selected-RandomForestRegressor,tsfresh_selected,2,Bearing1_3,40,118.0,22.563592726717726,train_Bearing1_1_1_2_1_4_1_5_test_Bearing1_3
XJTU-SY-condition_1_35Hz12kN-tsfresh_selected-RandomForestRegressor,tsfresh_selected,2,Bearing1_3,41,117.0,55.77452367077367,train_Bearing1_1_1_2_1_4_1_5_test_Bearing1_3
XJTU-SY-condition_1_35Hz12kN-tsfresh_selected-RandomForestRegressor,tsfresh_selected,2,Bearing1_3,42,116.0,73.05550009018756,train_Bearing1_1_1_2_1_4_1_5_test_Bearing1_3
XJTU-SY-condition_1_35Hz12kN-tsfresh_selected-RandomForestRegressor,tsfresh_selected,2,Bearing1_3,43,115.0,69.01707837301586,train_Bearing1_1_1_2_1_4_1_5_test_Bearing1_3
XJTU-SY-condition_1_35Hz12kN-tsfresh_selected-RandomForestRegressor,tsfresh_selected,2,Bearing1_3,44,114.0,61.95866747835498,train_Bearing1_1_1_2_1_4_1_5_test_Bearing1_3
XJTU-SY-condition_1_35Hz12kN-tsfresh_selected-RandomForestRegressor,tsfresh_selected,2,Bearing1_3,45,113.0,57.89064334970584,train_Bearing1_1_1_2_1_4_1_5_test_Bearing1_3
XJTU-SY-condition_1_35Hz12kN-tsfresh_selected-RandomForestRegressor,tsfresh_selected,2,Bearing1_3,46,112.0,66.2897123015873,train_Bearing1_1_1_2_1_4_1_5_test_Bearing1_3
XJTU-SY-condition_1_35Hz12kN-tsfresh_selected-RandomForestRegressor,tsfresh_selected,2,Bearing1_3,47,111.0,85.47026154401158,train_Bearing1_1_1_2_1_4_1_5_test_Bearing1_3
XJTU-SY-condition_1_35Hz12kN-tsfresh_selected-RandomForestRegressor,tsfresh_selected,2,Bearing1_3,48,110.0,75.39946518759018,train_Bearing1_1_1_2_1_4_1_5_test_Bearing1_3
XJTU-SY-condition_1_35Hz12kN-tsfresh_selected-RandomForestRegressor,tsfresh_selected,2,Bearing1_3,49,109.0,54.98960993867242,train_Bearing1_1_1_2_1_4_1_5_test_Bearing1_3
XJTU-SY-condition_1_35Hz12kN-tsfresh_selected-RandomForestRegressor,tsfresh_selected,2,Bearing1_3,50,108.0,68.18683239962651,train_Bearing1_1_1_2_1_4_1_5_test_Bearing1_3
XJTU-SY-condition_1_35Hz12kN-tsfresh_selected-RandomForestRegressor,tsfresh_selected,2,Bearing1_3,51,107.0,30.43588189588189,train_Bearing1_1_1_2_1_4_1_5_test_Bearing1_3
XJTU-SY-condition_1_35Hz12kN-tsfresh_selected-RandomForestRegressor,tsfresh_selected,2,Bearing1_3,52,106.0,74.06236516955265,train_Bearing1_1_1_2_1_4_1_5_test_Bearing1_3
XJTU-SY-condition_1_35Hz12kN-tsfresh_selected-RandomForestRegressor,tsfresh_selected,2,Bearing1_3,53,105.0,59.972601911976916,train_Bearing1_1_1_2_1_4_1_5_test_Bearing1_3
XJTU-SY-condition_1_35Hz12kN-tsfresh_selected-RandomForestRegressor,tsfresh_selected,2,Bearing1_3,54,104.0,64.05058285464534,train_Bearing1_1_1_2_1_4_1_5_test_Bearing1_3
XJTU-SY-condition_1_35Hz12kN-tsfresh_selected-RandomForestRegressor,tsfresh_selected,2,Bearing1_3,55,103.0,48.91231150793651,train_Bearing1_1_1_2_1_4_1_5_test_Bearing1_3
XJTU-SY-condition_1_35Hz12kN-tsfresh_selected-RandomForestRegressor,tsfresh_selected,2,Bearing1_3,56,102.0,83.72288149350648,train_Bearing1_1_1_2_1_4_1_5_test_Bearing1_3
XJTU-SY-condition_1_35Hz12kN-tsfresh_selected-RandomForestRegressor,tsfresh_selected,2,Bearing1_3,57,101.0,65.74874999999999,train_Bearing1_1_1_2_1_4_1_5_test_Bearing1_3
XJTU-SY-condition_1_35Hz12kN-tsfresh_selected-RandomForestRegressor,tsfresh_selected,2,Bearing1_3,58,100.0,70.31435515873014,train_Bearing1_1_1_2_1_4_1_5_test_Bearing1_3
XJTU-SY-condition_1_35Hz12kN-tsfresh_selected-RandomForestRegressor,tsfresh_selected,2,Bearing1_3,59,99.0,50.79993686868688,train_Bearing1_1_1_2_1_4_1_5_test_Bearing1_3
XJTU-SY-condition_1_35Hz12kN-tsfresh_selected-RandomForestRegressor,tsfresh_selected,2,Bearing1_3,60,98.0,61.288902417027415,train_Bearing1_1_1_2_1_4_1_5_test_Bearing1_3
XJTU-SY-condition_1_35Hz12kN-tsfresh_selected-RandomForestRegressor,tsfresh_selected,2,Bearing1_3,61,97.0,54.99755435536686,train_Bearing1_1_1_2_1_4_1_5_test_Bearing1_3
XJTU-SY-condition_1_35Hz12kN-tsfresh_selected-RandomForestRegressor,tsfresh_selected,2,Bearing1_3,62,96.0,70.83889339826838,train_Bearing1_1_1_2_1_4_1_5_test_Bearing1_3
XJTU-SY-condition_1_35Hz12kN-tsfresh_selected-RandomForestRegressor,tsfresh_selected,2,Bearing1_3,63,95.0,52.69349251443002,train_Bearing1_1_1_2_1_4_1_5_test_Bearing1_3
XJTU-SY-condition_1_35Hz12kN-tsfresh_selected-RandomForestRegressor,tsfresh_selected,2,Bearing1_3,64,94.0,75.9511909271284,train_Bearing1_1_1_2_1_4_1_5_test_Bearing1_3
XJTU-SY-condition_1_35Hz12kN-tsfresh_selected-RandomForestRegressor,tsfresh_selected,2,Bearing1_3,65,93.0,83.23692460317457,train_Bearing1_1_1_2_1_4_1_5_test_Bearing1_3
XJTU-SY-condition_1_35Hz12kN-tsfresh_selected-RandomForestRegressor,tsfresh_selected,2,Bearing1_3,66,92.0,73.85400613275611,train_Bearing1_1_1_2_1_4_1_5_test_Bearing1_3
XJTU-SY-condition_1_35Hz12kN-tsfresh_selected-RandomForestRegressor,tsfresh_selected,2,Bearing1_3,67,91.0,43.59943587662336,train_Bearing1_1_1_2_1_4_1_5_test_Bearing1_3
XJTU-SY-condition_1_35Hz12kN-tsfresh_selected-RandomForestRegressor,tsfresh_selected,2,Bearing1_3,68,90.0,38.24312673437674,train_Bearing1_1_1_2_1_4_1_5_test_Bearing1_3
XJTU-SY-condition_1_35Hz12kN-tsfresh_selected-RandomForestRegressor,tsfresh_selected,2,Bearing1_3,69,89.0,64.13305326617828,train_Bearing1_1_1_2_1_4_1_5_test_Bearing1_3
XJTU-SY-condition_1_35Hz12kN-tsfresh_selected-RandomForestRegressor,tsfresh_selected,2,Bearing1_3,70,88.0,58.069617014929506,train_Bearing1_1_1_2_1_4_1_5_test_Bearing1_3
XJTU-SY-condition_1_35Hz12kN-tsfresh_selected-RandomForestRegressor,tsfresh_selected,2,Bearing1_3,71,87.0,77.47884424603177,train_Bearing1_1_1_2_1_4_1_5_test_Bearing1_3
XJTU-SY-condition_1_35Hz12kN-tsfresh_selected-RandomForestRegressor,tsfresh_selected,2,Bearing1_3,72,86.0,38.9521856962482,train_Bearing1_1_1_2_1_4_1_5_test_Bearing1_3
XJTU-SY-condition_1_35Hz12kN-tsfresh_selected-RandomForestRegressor,tsfresh_selected,2,Bearing1_3,73,85.0,81.49765873015872,train_Bearing1_1_1_2_1_4_1_5_test_Bearing1_3
XJTU-SY-condition_1_35Hz12kN-tsfresh_selected-RandomForestRegressor,tsfresh_selected,2,Bearing1_3,74,84.0,47.2059117965368,train_Bearing1_1_1_2_1_4_1_5_test_Bearing1_3
XJTU-SY-condition_1_35Hz12kN-tsfresh_selected-RandomForestRegressor,tsfresh_selected,2,Bearing1_3,75,83.0,50.96964285714285,train_Bearing1_1_1_2_1_4_1_5_test_Bearing1_3
XJTU-SY-condition_1_35Hz12kN-tsfresh_selected-RandomForestRegressor,tsfresh_selected,2,Bearing1_3,76,82.0,55.65589195526697,train_Bearing1_1_1_2_1_4_1_5_test_Bearing1_3
XJTU-SY-condition_1_35Hz12kN-tsfresh_selected-RandomForestRegressor,tsfresh_selected,2,Bearing1_3,77,81.0,85.55593573093573,train_Bearing1_1_1_2_1_4_1_5_test_Bearing1_3
XJTU-SY-condition_1_35Hz12kN-tsfresh_selected-RandomForestRegressor,tsfresh_selected,2,Bearing1_3,78,80.0,65.4703273809524,train_Bearing1_1_1_2_1_4_1_5_test_Bearing1_3
XJTU-SY-condition_1_35Hz12kN-tsfresh_selected-RandomForestRegressor,tsfresh_selected,2,Bearing1_3,79,79.0,66.980762987013,train_Bearing1_1_1_2_1_4_1_5_test_Bearing1_3
XJTU-SY-condition_1_35Hz12kN-tsfresh_selected-RandomForestRegressor,tsfresh_selected,2,Bearing1_3,80,78.0,64.07949404761905,train_Bearing1_1_1_2_1_4_1_5_test_Bearing1_3
XJTU-SY-condition_1_35Hz12kN-tsfresh_selected-RandomForestRegressor,tsfresh_selected,2,Bearing1_3,81,77.0,93.39282828282829,train_Bearing1_1_1_2_1_4_1_5_test_Bearing1_3
XJTU-SY-condition_1_35Hz12kN-tsfresh_selected-RandomForestRegressor,tsfresh_selected,2,Bearing1_3,82,76.0,85.77677669552666,train_Bearing1_1_1_2_1_4_1_5_test_Bearing1_3
XJTU-SY-condition_1_35Hz12kN-tsfresh_selected-RandomForestRegressor,tsfresh_selected,2,Bearing1_3,83,75.0,68.72208062770564,train_Bearing1_1_1_2_1_4_1_5_test_Bearing1_3
XJTU-SY-condition_1_35Hz12kN-tsfresh_selected-RandomForestRegressor,tsfresh_selected,2,Bearing1_3,84,74.0,88.33475694444444,train_Bearing1_1_1_2_1_4_1_5_test_Bearing1_3
XJTU-SY-condition_1_35Hz12kN-tsfresh_selected-RandomForestRegressor,tsfresh_selected,2,Bearing1_3,85,73.0,88.0387206890332,train_Bearing1_1_1_2_1_4_1_5_test_Bearing1_3
XJTU-SY-condition_1_35Hz12kN-tsfresh_selected-RandomForestRegressor,tsfresh_selected,2,Bearing1_3,86,72.0,34.59594148906649,train_Bearing1_1_1_2_1_4_1_5_test_Bearing1_3
XJTU-SY-condition_1_35Hz12kN-tsfresh_selected-RandomForestRegressor,tsfresh_selected,2,Bearing1_3,87,71.0,29.25317002442003,train_Bearing1_1_1_2_1_4_1_5_test_Bearing1_3
XJTU-SY-condition_1_35Hz12kN-tsfresh_selected-RandomForestRegressor,tsfresh_selected,2,Bearing1_3,88,70.0,57.38302083333333,train_Bearing1_1_1_2_1_4_1_5_test_Bearing1_3
XJTU-SY-condition_1_35Hz12kN-tsfresh_selected-RandomForestRegressor,tsfresh_selected,2,Bearing1_3,89,69.0,71.89565476190478,train_Bearing1_1_1_2_1_4_1_5_test_Bearing1_3
XJTU-SY-condition_1_35Hz12kN-tsfresh_selected-RandomForestRegressor,tsfresh_selected,2,Bearing1_3,90,68.0,70.1541995851371,train_Bearing1_1_1_2_1_4_1_5_test_Bearing1_3
XJTU-SY-condition_1_35Hz12kN-tsfresh_selected-RandomForestRegressor,tsfresh_selected,2,Bearing1_3,91,67.0,48.98836309523809,train_Bearing1_1_1_2_1_4_1_5_test_Bearing1_3
XJTU-SY-condition_1_35Hz12kN-tsfresh_selected-RandomForestRegressor,tsfresh_selected,2,Bearing1_3,92,66.0,77.62534902597403,train_Bearing1_1_1_2_1_4_1_5_test_Bearing1_3
XJTU-SY-condition_1_35Hz12kN-tsfresh_selected-RandomForestRegressor,tsfresh_selected,2,Bearing1_3,93,65.0,77.918850559163,train_Bearing1_1_1_2_1_4_1_5_test_Bearing1_3
XJTU-SY-condition_1_35Hz12kN-tsfresh_selected-RandomForestRegressor,tsfresh_selected,2,Bearing1_3,94,64.0,35.726833062770574,train_Bearing1_1_1_2_1_4_1_5_test_Bearing1_3
XJTU-SY-condition_1_35Hz12kN-tsfresh_selected-RandomForestRegressor,tsfresh_selected,2,Bearing1_3,95,63.0,74.56198412698413,train_Bearing1_1_1_2_1_4_1_5_test_Bearing1_3
XJTU-SY-condition_1_35Hz12kN-tsfresh_selected-RandomForestRegressor,tsfresh_selected,2,Bearing1_3,96,62.0,79.49235119047619,train_Bearing1_1_1_2_1_4_1_5_test_Bearing1_3
XJTU-SY-condition_1_35Hz12kN-tsfresh_selected-RandomForestRegressor,tsfresh_selected,2,Bearing1_3,97,61.0,76.83728490259742,train_Bearing1_1_1_2_1_4_1_5_test_Bearing1_3
XJTU-SY-condition_1_35Hz12kN-tsfresh_selected-RandomForestRegressor,tsfresh_selected,2,Bearing1_3,98,60.0,64.6161927308802,train_Bearing1_1_1_2_1_4_1_5_test_Bearing1_3
XJTU-SY-condition_1_35Hz12kN-tsfresh_selected-RandomForestRegressor,tsfresh_selected,2,Bearing1_3,99,59.0,87.19905257936509,train_Bearing1_1_1_2_1_4_1_5_test_Bearing1_3
XJTU-SY-condition_1_35Hz12kN-tsfresh_selected-RandomForestRegressor,tsfresh_selected,2,Bearing1_3,100,58.0,27.57422393578644,train_Bearing1_1_1_2_1_4_1_5_test_Bearing1_3
XJTU-SY-condition_1_35Hz12kN-tsfresh_selected-RandomForestRegressor,tsfresh_selected,2,Bearing1_3,101,57.0,80.20618551587302,train_Bearing1_1_1_2_1_4_1_5_test_Bearing1_3
XJTU-SY-condition_1_35Hz12kN-tsfresh_selected-RandomForestRegressor,tsfresh_selected,2,Bearing1_3,102,56.0,73.37118055555555,train_Bearing1_1_1_2_1_4_1_5_test_Bearing1_3
XJTU-SY-condition_1_35Hz12kN-tsfresh_selected-RandomForestRegressor,tsfresh_selected,2,Bearing1_3,103,55.0,81.12004214535465,train_Bearing1_1_1_2_1_4_1_5_test_Bearing1_3
XJTU-SY-condition_1_35Hz12kN-tsfresh_selected-RandomForestRegressor,tsfresh_selected,2,Bearing1_3,104,54.0,75.43296630452882,train_Bearing1_1_1_2_1_4_1_5_test_Bearing1_3
XJTU-SY-condition_1_35Hz12kN-tsfresh_selected-RandomForestRegressor,tsfresh_selected,2,Bearing1_3,105,53.0,71.31021915584412,train_Bearing1_1_1_2_1_4_1_5_test_Bearing1_3
XJTU-SY-condition_1_35Hz12kN-tsfresh_selected-RandomForestRegressor,tsfresh_selected,2,Bearing1_3,106,52.0,51.83417162698411,train_Bearing1_1_1_2_1_4_1_5_test_Bearing1_3
XJTU-SY-condition_1_35Hz12kN-tsfresh_selected-RandomForestRegressor,tsfresh_selected,2,Bearing1_3,107,51.0,66.25498376623378,train_Bearing1_1_1_2_1_4_1_5_test_Bearing1_3
XJTU-SY-condition_1_35Hz12kN-tsfresh_selected-RandomForestRegressor,tsfresh_selected,2,Bearing1_3,108,50.0,37.00549558080807,train_Bearing1_1_1_2_1_4_1_5_test_Bearing1_3
XJTU-SY-condition_1_35Hz12kN-tsfresh_selected-RandomForestRegressor,tsfresh_selected,2,Bearing1_3,109,49.0,66.45635055916306,train_Bearing1_1_1_2_1_4_1_5_test_Bearing1_3
XJTU-SY-condition_1_35Hz12kN-tsfresh_selected-RandomForestRegressor,tsfresh_selected,2,Bearing1_3,110,48.0,80.92592712842713,train_Bearing1_1_1_2_1_4_1_5_test_Bearing1_3
XJTU-SY-condition_1_35Hz12kN-tsfresh_selected-RandomForestRegressor,tsfresh_selected,2,Bearing1_3,111,47.0,31.663914592352096,train_Bearing1_1_1_2_1_4_1_5_test_Bearing1_3
XJTU-SY-condition_1_35Hz12kN-tsfresh_selected-RandomForestRegressor,tsfresh_selected,2,Bearing1_3,112,46.0,71.62781746031746,train_Bearing1_1_1_2_1_4_1_5_test_Bearing1_3
XJTU-SY-condition_1_35Hz12kN-tsfresh_selected-RandomForestRegressor,tsfresh_selected,2,Bearing1_3,113,45.0,85.20251488095235,train_Bearing1_1_1_2_1_4_1_5_test_Bearing1_3
XJTU-SY-condition_1_35Hz12kN-tsfresh_selected-RandomForestRegressor,tsfresh_selected,2,Bearing1_3,114,44.0,67.71041666666669,train_Bearing1_1_1_2_1_4_1_5_test_Bearing1_3
XJTU-SY-condition_1_35Hz12kN-tsfresh_selected-RandomForestRegressor,tsfresh_selected,2,Bearing1_3,115,43.0,48.09106376262626,train_Bearing1_1_1_2_1_4_1_5_test_Bearing1_3
XJTU-SY-condition_1_35Hz12kN-tsfresh_selected-RandomForestRegressor,tsfresh_selected,2,Bearing1_3,116,42.0,60.218952471139986,train_Bearing1_1_1_2_1_4_1_5_test_Bearing1_3
XJTU-SY-condition_1_35Hz12kN-tsfresh_selected-RandomForestRegressor,tsfresh_selected,2,Bearing1_3,117,41.0,75.13319444444444,train_Bearing1_1_1_2_1_4_1_5_test_Bearing1_3
XJTU-SY-condition_1_35Hz12kN-tsfresh_selected-RandomForestRegressor,tsfresh_selected,2,Bearing1_3,118,40.0,82.48475198412697,train_Bearing1_1_1_2_1_4_1_5_test_Bearing1_3
XJTU-SY-condition_1_35Hz12kN-tsfresh_selected-RandomForestRegressor,tsfresh_selected,2,Bearing1_3,119,39.0,84.71206886863138,train_Bearing1_1_1_2_1_4_1_5_test_Bearing1_3
XJTU-SY-condition_1_35Hz12kN-tsfresh_selected-RandomForestRegressor,tsfresh_selected,2,Bearing1_3,120,38.0,60.5168786075036,train_Bearing1_1_1_2_1_4_1_5_test_Bearing1_3
XJTU-SY-condition_1_35Hz12kN-tsfresh_selected-RandomForestRegressor,tsfresh_selected,2,Bearing1_3,121,37.0,71.49643713924961,train_Bearing1_1_1_2_1_4_1_5_test_Bearing1_3
XJTU-SY-condition_1_35Hz12kN-tsfresh_selected-RandomForestRegressor,tsfresh_selected,2,Bearing1_3,122,36.0,51.02575555979969,train_Bearing1_1_1_2_1_4_1_5_test_Bearing1_3
XJTU-SY-condition_1_35Hz12kN-tsfresh_selected-RandomForestRegressor,tsfresh_selected,2,Bearing1_3,123,35.0,50.141861471861475,train_Bearing1_1_1_2_1_4_1_5_test_Bearing1_3
XJTU-SY-condition_1_35Hz12kN-tsfresh_selected-RandomForestRegressor,tsfresh_selected,2,Bearing1_3,124,34.0,66.7173363095238,train_Bearing1_1_1_2_1_4_1_5_test_Bearing1_3
XJTU-SY-condition_1_35Hz12kN-tsfresh_selected-RandomForestRegressor,tsfresh_selected,2,Bearing1_3,125,33.0,72.26549603174603,train_Bearing1_1_1_2_1_4_1_5_test_Bearing1_3
XJTU-SY-condition_1_35Hz12kN-tsfresh_selected-RandomForestRegressor,tsfresh_selected,2,Bearing1_3,126,32.0,49.06974702380952,train_Bearing1_1_1_2_1_4_1_5_test_Bearing1_3
XJTU-SY-condition_1_35Hz12kN-tsfresh_selected-RandomForestRegressor,tsfresh_selected,2,Bearing1_3,127,31.0,61.779200487013,train_Bearing1_1_1_2_1_4_1_5_test_Bearing1_3
XJTU-SY-condition_1_35Hz12kN-tsfresh_selected-RandomForestRegressor,tsfresh_selected,2,Bearing1_3,128,30.0,53.77213248556999,train_Bearing1_1_1_2_1_4_1_5_test_Bearing1_3
XJTU-SY-condition_1_35Hz12kN-tsfresh_selected-RandomForestRegressor,tsfresh_selected,2,Bearing1_3,129,29.0,56.591765873015866,train_Bearing1_1_1_2_1_4_1_5_test_Bearing1_3
XJTU-SY-condition_1_35Hz12kN-tsfresh_selected-RandomForestRegressor,tsfresh_selected,2,Bearing1_3,130,28.0,67.59289547258297,train_Bearing1_1_1_2_1_4_1_5_test_Bearing1_3
XJTU-SY-condition_1_35Hz12kN-tsfresh_selected-RandomForestRegressor,tsfresh_selected,2,Bearing1_3,131,27.0,21.773047854922858,train_Bearing1_1_1_2_1_4_1_5_test_Bearing1_3
XJTU-SY-condition_1_35Hz12kN-tsfresh_selected-RandomForestRegressor,tsfresh_selected,2,Bearing1_3,132,26.0,49.44883432539683,train_Bearing1_1_1_2_1_4_1_5_test_Bearing1_3
XJTU-SY-condition_1_35Hz12kN-tsfresh_selected-RandomForestRegressor,tsfresh_selected,2,Bearing1_3,133,25.0,63.88717622655123,train_Bearing1_1_1_2_1_4_1_5_test_Bearing1_3
XJTU-SY-condition_1_35Hz12kN-tsfresh_selected-RandomForestRegressor,tsfresh_selected,2,Bearing1_3,134,24.0,75.09683035714288,train_Bearing1_1_1_2_1_4_1_5_test_Bearing1_3
XJTU-SY-condition_1_35Hz12kN-tsfresh_selected-RandomForestRegressor,tsfresh_selected,2,Bearing1_3,135,23.0,37.107893772893775,train_Bearing1_1_1_2_1_4_1_5_test_Bearing1_3
XJTU-SY-condition_1_35Hz12kN-tsfresh_selected-RandomForestRegressor,tsfresh_selected,2,Bearing1_3,136,22.0,57.98175414862917,train_Bearing1_1_1_2_1_4_1_5_test_Bearing1_3
XJTU-SY-condition_1_35Hz12kN-tsfresh_selected-RandomForestRegressor,tsfresh_selected,2,Bearing1_3,137,21.0,65.36183982683983,train_Bearing1_1_1_2_1_4_1_5_test_Bearing1_3
XJTU-SY-condition_1_35Hz12kN-tsfresh_selected-RandomForestRegressor,tsfresh_selected,2,Bearing1_3,138,20.0,25.582003309190814,train_Bearing1_1_1_2_1_4_1_5_test_Bearing1_3
XJTU-SY-condition_1_35Hz12kN-tsfresh_selected-RandomForestRegressor,tsfresh_selected,2,Bearing1_3,139,19.0,61.091677489177485,train_Bearing1_1_1_2_1_4_1_5_test_Bearing1_3
XJTU-SY-condition_1_35Hz12kN-tsfresh_selected-RandomForestRegressor,tsfresh_selected,2,Bearing1_3,140,18.0,39.96709595959596,train_Bearing1_1_1_2_1_4_1_5_test_Bearing1_3
XJTU-SY-condition_1_35Hz12kN-tsfresh_selected-RandomForestRegressor,tsfresh_selected,2,Bearing1_3,141,17.0,97.14714826839827,train_Bearing1_1_1_2_1_4_1_5_test_Bearing1_3
XJTU-SY-condition_1_35Hz12kN-tsfresh_selected-RandomForestRegressor,tsfresh_selected,2,Bearing1_3,142,16.0,19.883490120990125,train_Bearing1_1_1_2_1_4_1_5_test_Bearing1_3
XJTU-SY-condition_1_35Hz12kN-tsfresh_selected-RandomForestRegressor,tsfresh_selected,2,Bearing1_3,143,15.0,35.567505064380065,train_Bearing1_1_1_2_1_4_1_5_test_Bearing1_3
XJTU-SY-condition_1_35Hz12kN-tsfresh_selected-RandomForestRegressor,tsfresh_selected,2,Bearing1_3,144,14.0,62.07033730158729,train_Bearing1_1_1_2_1_4_1_5_test_Bearing1_3
XJTU-SY-condition_1_35Hz12kN-tsfresh_selected-RandomForestRegressor,tsfresh_selected,2,Bearing1_3,145,13.0,31.082429514929522,train_Bearing1_1_1_2_1_4_1_5_test_Bearing1_3
XJTU-SY-condition_1_35Hz12kN-tsfresh_selected-RandomForestRegressor,tsfresh_selected,2,Bearing1_3,146,12.0,71.46023674242426,train_Bearing1_1_1_2_1_4_1_5_test_Bearing1_3
XJTU-SY-condition_1_35Hz12kN-tsfresh_selected-RandomForestRegressor,tsfresh_selected,2,Bearing1_3,147,11.0,74.24778634559887,train_Bearing1_1_1_2_1_4_1_5_test_Bearing1_3
XJTU-SY-condition_1_35Hz12kN-tsfresh_selected-RandomForestRegressor,tsfresh_selected,2,Bearing1_3,148,10.0,80.34219291125542,train_Bearing1_1_1_2_1_4_1_5_test_Bearing1_3
XJTU-SY-condition_1_35Hz12kN-tsfresh_selected-RandomForestRegressor,tsfresh_selected,2,Bearing1_3,149,9.0,88.84339556277055,train_Bearing1_1_1_2_1_4_1_5_test_Bearing1_3
XJTU-SY-condition_1_35Hz12kN-tsfresh_selected-RandomForestRegressor,tsfresh_selected,2,Bearing1_3,150,8.0,61.713929473304475,train_Bearing1_1_1_2_1_4_1_5_test_Bearing1_3
XJTU-SY-condition_1_35Hz12kN-tsfresh_selected-RandomForestRegressor,tsfresh_selected,2,Bearing1_3,151,7.0,62.70486083361084,train_Bearing1_1_1_2_1_4_1_5_test_Bearing1_3
XJTU-SY-condition_1_35Hz12kN-tsfresh_selected-RandomForestRegressor,tsfresh_selected,2,Bearing1_3,152,6.0,70.88698818542568,train_Bearing1_1_1_2_1_4_1_5_test_Bearing1_3
XJTU-SY-condition_1_35Hz12kN-tsfresh_selected-RandomForestRegressor,tsfresh_selected,2,Bearing1_3,153,5.0,51.387611832611825,train_Bearing1_1_1_2_1_4_1_5_test_Bearing1_3
XJTU-SY-condition_1_35Hz12kN-tsfresh_selected-RandomForestRegressor,tsfresh_selected,2,Bearing1_3,154,4.0,51.96321428571427,train_Bearing1_1_1_2_1_4_1_5_test_Bearing1_3
XJTU-SY-condition_1_35Hz12kN-tsfresh_selected-RandomForestRegressor,tsfresh_selected,2,Bearing1_3,155,3.0,73.61719200937951,train_Bearing1_1_1_2_1_4_1_5_test_Bearing1_3
XJTU-SY-condition_1_35Hz12kN-tsfresh_selected-RandomForestRegressor,tsfresh_selected,2,Bearing1_3,156,2.0,66.81961881868135,train_Bearing1_1_1_2_1_4_1_5_test_Bearing1_3
XJTU-SY-condition_1_35Hz12kN-tsfresh_selected-RandomForestRegressor,tsfresh_selected,2,Bearing1_3,157,1.0,82.26424558080808,train_Bearing1_1_1_2_1_4_1_5_test_Bearing1_3
