protocol,seed,fold_index,split_name,row_index,bearing_id,true_time_minutes,observed_survival_time_minutes,event,predicted_time_minutes,survival_probability
rulsurv_original_25pct_censored_cv,0,0,five_fold_row_level_cv,1,Bearing1_1,121.0,31.0,False,129.0,0.5
rulsurv_original_25pct_censored_cv,0,0,five_fold_row_level_cv,6,Bearing1_1,116.0,6.0,False,132.0,0.5
rulsurv_original_25pct_censored_cv,0,0,five_fold_row_level_cv,8,Bearing1_1,114.0,108.0,False,132.0,0.5
rulsurv_original_25pct_censored_cv,0,0,five_fold_row_level_cv,10,Bearing1_1,112.0,96.0,False,118.0,0.5
rulsurv_original_25pct_censored_cv,0,0,five_fold_row_level_cv,12,Bearing1_1,110.0,37.0,False,116.0,0.5
rulsurv_original_25pct_censored_cv,0,0,five_fold_row_level_cv,14,Bearing1_1,108.0,1.0,False,109.0,0.5
rulsurv_original_25pct_censored_cv,0,0,five_fold_row_level_cv,15,Bearing1_1,107.0,84.0,False,104.0,0.5
rulsurv_original_25pct_censored_cv,0,0,five_fold_row_level_cv,17,Bearing1_1,105.0,40.0,False,100.0,0.5
rulsurv_original_25pct_censored_cv,0,0,five_fold_row_level_cv,21,Bearing1_1,101.0,13.0,False,86.0,0.5
rulsurv_original_25pct_censored_cv,0,0,five_fold_row_level_cv,31,Bearing1_1,91.0,81.0,False,84.0,0.5
rulsurv_original_25pct_censored_cv,0,0,five_fold_row_level_cv,34,Bearing1_1,88.0,82.0,False,81.0,0.5
rulsurv_original_25pct_censored_cv,0,0,five_fold_row_level_cv,37,Bearing1_1,85.0,61.0,False,80.0,0.5
rulsurv_original_25pct_censored_cv,0,0,five_fold_row_level_cv,45,Bearing1_1,77.0,6.0,False,83.0,0.5
rulsurv_original_25pct_censored_cv,0,0,five_fold_row_level_cv,48,Bearing1_1,74.0,20.0,False,84.0,0.5
rulsurv_original_25pct_censored_cv,0,0,five_fold_row_level_cv,50,Bearing1_1,72.0,23.0,False,79.0,0.5
rulsurv_original_25pct_censored_cv,0,0,five_fold_row_level_cv,52,Bearing1_1,70.0,44.0,False,79.0,0.5
rulsurv_original_25pct_censored_cv,0,0,five_fold_row_level_cv,55,Bearing1_1,67.0,20.0,False,76.0,0.5
rulsurv_original_25pct_censored_cv,0,0,five_fold_row_level_cv,62,Bearing1_1,60.0,2.0,False,73.0,0.5
rulsurv_original_25pct_censored_cv,0,0,five_fold_row_level_cv,64,Bearing1_1,58.0,20.0,False,69.0,0.5
rulsurv_original_25pct_censored_cv,0,0,five_fold_row_level_cv,66,Bearing1_1,56.0,34.0,False,66.0,0.5
rulsurv_original_25pct_censored_cv,0,0,five_fold_row_level_cv,75,Bearing1_1,47.0,7.0,False,49.0,0.5
rulsurv_original_25pct_censored_cv,0,0,five_fold_row_level_cv,78,Bearing1_1,44.0,9.0,False,49.0,0.5
rulsurv_original_25pct_censored_cv,0,0,five_fold_row_level_cv,85,Bearing1_1,37.0,26.0,False,40.0,0.5
rulsurv_original_25pct_censored_cv,0,0,five_fold_row_level_cv,92,Bearing1_1,30.0,11.0,False,31.0,0.5
rulsurv_original_25pct_censored_cv,0,0,five_fold_row_level_cv,103,Bearing1_1,19.0,1.0,False,20.0,0.5
rulsurv_original_25pct_censored_cv,0,0,five_fold_row_level_cv,122,Bearing1_2,160.0,134.0,False,132.0,0.5
rulsurv_original_25pct_censored_cv,0,0,five_fold_row_level_cv,127,Bearing1_2,155.0,154.0,False,137.0,0.5
rulsurv_original_25pct_censored_cv,0,0,five_fold_row_level_cv,142,Bearing1_2,140.0,6.0,False,134.0,0.5
rulsurv_original_25pct_censored_cv,0,0,five_fold_row_level_cv,157,Bearing1_2,125.0,104.0,False,112.0,0.5
rulsurv_original_25pct_censored_cv,0,0,five_fold_row_level_cv,165,Bearing1_2,117.0,66.0,False,98.0,0.5
rulsurv_original_25pct_censored_cv,0,0,five_fold_row_level_cv,170,Bearing1_2,112.0,80.0,False,94.0,0.5
rulsurv_original_25pct_censored_cv,0,0,five_fold_row_level_cv,172,Bearing1_2,110.0,3.0,False,97.0,0.5
rulsurv_original_25pct_censored_cv,0,0,five_fold_row_level_cv,178,Bearing1_2,104.0,54.0,False,85.0,0.5
rulsurv_original_25pct_censored_cv,0,0,five_fold_row_level_cv,181,Bearing1_2,101.0,50.0,False,90.0,0.5
rulsurv_original_25pct_censored_cv,0,0,five_fold_row_level_cv,187,Bearing1_2,95.0,37.0,False,86.0,0.5
rulsurv_original_25pct_censored_cv,0,0,five_fold_row_level_cv,190,Bearing1_2,92.0,90.0,False,81.0,0.5
rulsurv_original_25pct_censored_cv,0,0,five_fold_row_level_cv,193,Bearing1_2,89.0,57.0,False,79.0,0.5
rulsurv_original_25pct_censored_cv,0,0,five_fold_row_level_cv,194,Bearing1_2,88.0,2.0,False,79.0,0.5
rulsurv_original_25pct_censored_cv,0,0,five_fold_row_level_cv,196,Bearing1_2,86.0,57.0,False,78.0,0.5
rulsurv_original_25pct_censored_cv,0,0,five_fold_row_level_cv,202,Bearing1_2,80.0,26.0,False,68.0,0.5
rulsurv_original_25pct_censored_cv,0,0,five_fold_row_level_cv,205,Bearing1_2,77.0,42.0,False,55.0,0.5
rulsurv_original_25pct_censored_cv,0,0,five_fold_row_level_cv,206,Bearing1_2,76.0,13.0,False,66.0,0.5
rulsurv_original_25pct_censored_cv,0,0,five_fold_row_level_cv,210,Bearing1_2,72.0,55.0,False,67.0,0.5
rulsurv_original_25pct_censored_cv,0,0,five_fold_row_level_cv,211,Bearing1_2,71.0,28.0,False,65.0,0.5
rulsurv_original_25pct_censored_cv,0,0,five_fold_row_level_cv,222,Bearing1_2,60.0,51.0,False,55.0,0.5
rulsurv_original_25pct_censored_cv,0,0,five_fold_row_level_cv,225,Bearing1_2,57.0,50.0,False,53.0,0.5
rulsurv_original_25pct_censored_cv,0,0,five_fold_row_level_cv,229,Bearing1_2,53.0,20.0,False,45.0,0.5
rulsurv_original_25pct_censored_cv,0,0,five_fold_row_level_cv,233,Bearing1_2,49.0,39.0,False,46.0,0.5
rulsurv_original_25pct_censored_cv,0,0,five_fold_row_level_cv,239,Bearing1_2,43.0,33.0,False,45.0,0.5
rulsurv_original_25pct_censored_cv,0,0,five_fold_row_level_cv,242,Bearing1_2,40.0,26.0,False,31.0,0.5
rulsurv_original_25pct_censored_cv,0,0,five_fold_row_level_cv,243,Bearing1_2,39.0,10.0,False,31.0,0.5
rulsurv_original_25pct_censored_cv,0,0,five_fold_row_level_cv,245,Bearing1_2,37.0,14.0,False,29.0,0.5
rulsurv_original_25pct_censored_cv,0,0,five_fold_row_level_cv,246,Bearing1_2,36.0,17.0,False,26.0,0.5
rulsurv_original_25pct_censored_cv,0,0,five_fold_row_level_cv,249,Bearing1_2,33.0,14.0,False,29.0,0.5
rulsurv_original_25pct_censored_cv,0,0,five_fold_row_level_cv,250,Bearing1_2,32.0,18.0,False,27.0,0.5
rulsurv_original_25pct_censored_cv,0,0,five_fold_row_level_cv,266,Bearing1_2,16.0,9.0,False,17.0,0.5
rulsurv_original_25pct_censored_cv,0,0,five_fold_row_level_cv,268,Bearing1_2,14.0,5.0,False,15.0,0.5
rulsurv_original_25pct_censored_cv,0,0,five_fold_row_level_cv,272,Bearing1_2,10.0,7.0,False,8.0,0.5
rulsurv_original_25pct_censored_cv,0,0,five_fold_row_level_cv,293,Bearing1_3,146.0,94.0,False,131.0,0.5
rulsurv_original_25pct_censored_cv,0,0,five_fold_row_level_cv,294,Bearing1_3,145.0,97.0,False,133.0,0.5
rulsurv_original_25pct_censored_cv,0,0,five_fold_row_level_cv,304,Bearing1_3,135.0,92.0,False,130.0,0.5
rulsurv_original_25pct_censored_cv,0,0,five_fold_row_level_cv,306,Bearing1_3,133.0,2.0,False,131.0,0.5
rulsurv_original_25pct_censored_cv,0,0,five_fold_row_level_cv,308,Bearing1_3,131.0,85.0,False,131.0,0.5
rulsurv_original_25pct_censored_cv,0,0,five_fold_row_level_cv,313,Bearing1_3,126.0,91.0,False,128.0,0.5
rulsurv_original_25pct_censored_cv,0,0,five_fold_row_level_cv,319,Bearing1_3,120.0,80.0,False,122.0,0.5
rulsurv_original_25pct_censored_cv,0,0,five_fold_row_level_cv,320,Bearing1_3,119.0,38.0,False,122.0,0.5
rulsurv_original_25pct_censored_cv,0,0,five_fold_row_level_cv,343,Bearing1_3,96.0,73.0,False,98.0,0.5
rulsurv_original_25pct_censored_cv,0,0,five_fold_row_level_cv,348,Bearing1_3,91.0,77.0,False,92.0,0.5
rulsurv_original_25pct_censored_cv,0,0,five_fold_row_level_cv,350,Bearing1_3,89.0,6.0,False,83.0,0.5
rulsurv_original_25pct_censored_cv,0,0,five_fold_row_level_cv,351,Bearing1_3,88.0,10.0,False,86.0,0.5
rulsurv_original_25pct_censored_cv,0,0,five_fold_row_level_cv,354,Bearing1_3,85.0,1.0,False,77.0,0.5
rulsurv_original_25pct_censored_cv,0,0,five_fold_row_level_cv,355,Bearing1_3,84.0,32.0,False,78.0,0.5
rulsurv_original_25pct_censored_cv,0,0,five_fold_row_level_cv,361,Bearing1_3,78.0,47.0,False,75.0,0.5
rulsurv_original_25pct_censored_cv,0,0,five_fold_row_level_cv,367,Bearing1_3,72.0,19.0,False,70.0,0.5
rulsurv_original_25pct_censored_cv,0,0,five_fold_row_level_cv,372,Bearing1_3,67.0,11.0,False,68.0,0.5
rulsurv_original_25pct_censored_cv,0,0,five_fold_row_level_cv,375,Bearing1_3,64.0,24.0,False,64.0,0.5
rulsurv_original_25pct_censored_cv,0,0,five_fold_row_level_cv,380,Bearing1_3,59.0,4.0,False,58.0,0.5
rulsurv_original_25pct_censored_cv,0,0,five_fold_row_level_cv,384,Bearing1_3,55.0,29.0,False,53.0,0.5
rulsurv_original_25pct_censored_cv,0,0,five_fold_row_level_cv,390,Bearing1_3,49.0,4.0,False,47.0,0.5
rulsurv_original_25pct_censored_cv,0,0,five_fold_row_level_cv,391,Bearing1_3,48.0,12.0,False,44.0,0.5
rulsurv_original_25pct_censored_cv,0,0,five_fold_row_level_cv,394,Bearing1_3,45.0,25.0,False,44.0,0.5
rulsurv_original_25pct_censored_cv,0,0,five_fold_row_level_cv,401,Bearing1_3,38.0,15.0,False,35.0,0.5
rulsurv_original_25pct_censored_cv,0,0,five_fold_row_level_cv,402,Bearing1_3,37.0,8.0,False,40.0,0.5
rulsurv_original_25pct_censored_cv,0,0,five_fold_row_level_cv,403,Bearing1_3,36.0,25.0,False,35.0,0.5
rulsurv_original_25pct_censored_cv,0,0,five_fold_row_level_cv,415,Bearing1_3,24.0,19.0,False,23.0,0.5
rulsurv_original_25pct_censored_cv,0,0,five_fold_row_level_cv,421,Bearing1_3,18.0,17.0,False,21.0,0.5
rulsurv_original_25pct_censored_cv,0,0,five_fold_row_level_cv,427,Bearing1_3,12.0,10.0,False,15.0,0.5
rulsurv_original_25pct_censored_cv,0,0,five_fold_row_level_cv,434,Bearing1_3,5.0,1.0,False,6.0,0.5
rulsurv_original_25pct_censored_cv,0,0,five_fold_row_level_cv,435,Bearing1_3,4.0,2.0,False,7.0,0.5
rulsurv_original_25pct_censored_cv,0,0,five_fold_row_level_cv,436,Bearing1_3,3.0,1.0,False,8.0,0.5
rulsurv_original_25pct_censored_cv,0,0,five_fold_row_level_cv,437,Bearing1_3,2.0,1.0,False,6.0,0.5
rulsurv_original_25pct_censored_cv,0,0,five_fold_row_level_cv,446,Bearing1_4,114.0,72.0,False,118.0,0.5
rulsurv_original_25pct_censored_cv,0,0,five_fold_row_level_cv,455,Bearing1_4,105.0,48.0,False,95.0,0.5
rulsurv_original_25pct_censored_cv,0,0,five_fold_row_level_cv,457,Bearing1_4,103.0,90.0,False,96.0,0.5
rulsurv_original_25pct_censored_cv,0,0,five_fold_row_level_cv,458,Bearing1_4,102.0,86.0,False,96.0,0.5
rulsurv_original_25pct_censored_cv,0,0,five_fold_row_level_cv,463,Bearing1_4,97.0,46.0,False,94.0,0.5
rulsurv_original_25pct_censored_cv,0,0,five_fold_row_level_cv,470,Bearing1_4,90.0,50.0,False,93.0,0.5
rulsurv_original_25pct_censored_cv,0,0,five_fold_row_level_cv,483,Bearing1_4,77.0,40.0,False,82.0,0.5
rulsurv_original_25pct_censored_cv,0,0,five_fold_row_level_cv,484,Bearing1_4,76.0,53.0,False,84.0,0.5
rulsurv_original_25pct_censored_cv,0,0,five_fold_row_level_cv,485,Bearing1_4,75.0,6.0,False,83.0,0.5
rulsurv_original_25pct_censored_cv,0,0,five_fold_row_level_cv,489,Bearing1_4,71.0,35.0,False,85.0,0.5
rulsurv_original_25pct_censored_cv,0,0,five_fold_row_level_cv,491,Bearing1_4,69.0,61.0,False,74.0,0.5
rulsurv_original_25pct_censored_cv,0,0,five_fold_row_level_cv,494,Bearing1_4,66.0,39.0,False,73.0,0.5
rulsurv_original_25pct_censored_cv,0,0,five_fold_row_level_cv,495,Bearing1_4,65.0,59.0,False,68.0,0.5
rulsurv_original_25pct_censored_cv,0,0,five_fold_row_level_cv,500,Bearing1_4,60.0,41.0,False,67.0,0.5
rulsurv_original_25pct_censored_cv,0,0,five_fold_row_level_cv,508,Bearing1_4,52.0,44.0,False,54.0,0.5
rulsurv_original_25pct_censored_cv,0,0,five_fold_row_level_cv,514,Bearing1_4,46.0,32.0,False,51.0,0.5
rulsurv_original_25pct_censored_cv,0,0,five_fold_row_level_cv,526,Bearing1_4,34.0,27.0,False,36.0,0.5
rulsurv_original_25pct_censored_cv,0,0,five_fold_row_level_cv,532,Bearing1_4,28.0,8.0,False,37.0,0.5
rulsurv_original_25pct_censored_cv,0,0,five_fold_row_level_cv,533,Bearing1_4,27.0,13.0,False,35.0,0.5
rulsurv_original_25pct_censored_cv,0,0,five_fold_row_level_cv,534,Bearing1_4,26.0,19.0,False,29.0,0.5
rulsurv_original_25pct_censored_cv,0,0,five_fold_row_level_cv,545,Bearing1_4,15.0,3.0,False,19.0,0.5
rulsurv_original_25pct_censored_cv,0,0,five_fold_row_level_cv,547,Bearing1_4,13.0,4.0,False,11.0,0.5
rulsurv_original_25pct_censored_cv,0,0,five_fold_row_level_cv,553,Bearing1_4,7.0,5.0,False,12.0,0.5
rulsurv_original_25pct_censored_cv,0,0,five_fold_row_level_cv,564,Bearing1_5,47.0,19.0,False,37.0,0.5
rulsurv_original_25pct_censored_cv,0,0,five_fold_row_level_cv,567,Bearing1_5,44.0,27.0,False,39.0,0.5
rulsurv_original_25pct_censored_cv,0,0,five_fold_row_level_cv,573,Bearing1_5,38.0,35.0,False,37.0,0.5
rulsurv_original_25pct_censored_cv,0,0,five_fold_row_level_cv,578,Bearing1_5,33.0,28.0,False,35.0,0.5
rulsurv_original_25pct_censored_cv,0,0,five_fold_row_level_cv,582,Bearing1_5,29.0,9.0,False,34.0,0.5
rulsurv_original_25pct_censored_cv,0,0,five_fold_row_level_cv,589,Bearing1_5,22.0,11.0,False,26.0,0.5
rulsurv_original_25pct_censored_cv,0,0,five_fold_row_level_cv,604,Bearing1_5,7.0,2.0,False,8.0,0.5
rulsurv_original_25pct_censored_cv,0,0,five_fold_row_level_cv,609,Bearing1_5,2.0,1.0,False,6.0,0.5
rulsurv_original_25pct_censored_cv,0,0,five_fold_row_level_cv,610,Bearing1_5,1.0,1.0,False,5.0,0.5
rulsurv_original_25pct_censored_cv,0,1,five_fold_row_level_cv,0,Bearing1_1,122.0,122.0,True,132.0,0.5
rulsurv_original_25pct_censored_cv,0,1,five_fold_row_level_cv,7,Bearing1_1,115.0,115.0,True,134.0,0.5
rulsurv_original_25pct_censored_cv,0,1,five_fold_row_level_cv,18,Bearing1_1,104.0,104.0,True,103.0,0.5
rulsurv_original_25pct_censored_cv,0,1,five_fold_row_level_cv,26,Bearing1_1,96.0,96.0,True,84.0,0.5
rulsurv_original_25pct_censored_cv,0,1,five_fold_row_level_cv,46,Bearing1_1,76.0,76.0,True,78.0,0.5
rulsurv_original_25pct_censored_cv,0,1,five_fold_row_level_cv,65,Bearing1_1,57.0,57.0,True,71.0,0.5
rulsurv_original_25pct_censored_cv,0,1,five_fold_row_level_cv,68,Bearing1_1,54.0,54.0,True,68.0,0.5
rulsurv_original_25pct_censored_cv,0,1,five_fold_row_level_cv,71,Bearing1_1,51.0,51.0,True,63.0,0.5
rulsurv_original_25pct_censored_cv,0,1,five_fold_row_level_cv,76,Bearing1_1,46.0,46.0,True,53.0,0.5
rulsurv_original_25pct_censored_cv,0,1,five_fold_row_level_cv,89,Bearing1_1,33.0,16.0,False,35.0,0.5
rulsurv_original_25pct_censored_cv,0,1,five_fold_row_level_cv,90,Bearing1_1,32.0,31.0,False,29.0,0.5
rulsurv_original_25pct_censored_cv,0,1,five_fold_row_level_cv,96,Bearing1_1,26.0,11.0,False,27.0,0.5
rulsurv_original_25pct_censored_cv,0,1,five_fold_row_level_cv,102,Bearing1_1,20.0,20.0,True,26.0,0.5
rulsurv_original_25pct_censored_cv,0,1,five_fold_row_level_cv,107,Bearing1_1,15.0,15.0,True,18.0,0.5
rulsurv_original_25pct_censored_cv,0,1,five_fold_row_level_cv,108,Bearing1_1,14.0,14.0,True,18.0,0.5
rulsurv_original_25pct_censored_cv,0,1,five_fold_row_level_cv,112,Bearing1_1,10.0,10.0,True,18.0,0.5
rulsurv_original_25pct_censored_cv,0,1,five_fold_row_level_cv,113,Bearing1_1,9.0,9.0,True,7.0,0.5
rulsurv_original_25pct_censored_cv,0,1,five_fold_row_level_cv,118,Bearing1_1,4.0,2.0,False,7.0,0.5
rulsurv_original_25pct_censored_cv,0,1,five_fold_row_level_cv,126,Bearing1_2,156.0,156.0,True,137.0,0.5
rulsurv_original_25pct_censored_cv,0,1,five_fold_row_level_cv,132,Bearing1_2,150.0,54.0,False,137.0,0.5
rulsurv_original_25pct_censored_cv,0,1,five_fold_row_level_cv,134,Bearing1_2,148.0,148.0,True,137.0,0.5
rulsurv_original_25pct_censored_cv,0,1,five_fold_row_level_cv,137,Bearing1_2,145.0,145.0,True,137.0,0.5
rulsurv_original_25pct_censored_cv,0,1,five_fold_row_level_cv,140,Bearing1_2,142.0,142.0,True,137.0,0.5
rulsurv_original_25pct_censored_cv,0,1,five_fold_row_level_cv,144,Bearing1_2,138.0,124.0,False,133.0,0.5
rulsurv_original_25pct_censored_cv,0,1,five_fold_row_level_cv,155,Bearing1_2,127.0,127.0,True,114.0,0.5
rulsurv_original_25pct_censored_cv,0,1,five_fold_row_level_cv,159,Bearing1_2,123.0,123.0,True,109.0,0.5
rulsurv_original_25pct_censored_cv,0,1,five_fold_row_level_cv,162,Bearing1_2,120.0,49.0,False,91.0,0.5
rulsurv_original_25pct_censored_cv,0,1,five_fold_row_level_cv,171,Bearing1_2,111.0,111.0,True,93.0,0.5
rulsurv_original_25pct_censored_cv,0,1,five_fold_row_level_cv,173,Bearing1_2,109.0,109.0,True,87.0,0.5
rulsurv_original_25pct_censored_cv,0,1,five_fold_row_level_cv,175,Bearing1_2,107.0,107.0,True,87.0,0.5
rulsurv_original_25pct_censored_cv,0,1,five_fold_row_level_cv,179,Bearing1_2,103.0,103.0,True,91.0,0.5
rulsurv_original_25pct_censored_cv,0,1,five_fold_row_level_cv,186,Bearing1_2,96.0,96.0,True,90.0,0.5
rulsurv_original_25pct_censored_cv,0,1,five_fold_row_level_cv,188,Bearing1_2,94.0,94.0,True,87.0,0.5
rulsurv_original_25pct_censored_cv,0,1,five_fold_row_level_cv,200,Bearing1_2,82.0,7.0,False,75.0,0.5
rulsurv_original_25pct_censored_cv,0,1,five_fold_row_level_cv,213,Bearing1_2,69.0,29.0,False,66.0,0.5
rulsurv_original_25pct_censored_cv,0,1,five_fold_row_level_cv,224,Bearing1_2,58.0,58.0,True,58.0,0.5
rulsurv_original_25pct_censored_cv,0,1,five_fold_row_level_cv,230,Bearing1_2,52.0,52.0,True,48.0,0.5
rulsurv_original_25pct_censored_cv,0,1,five_fold_row_level_cv,231,Bearing1_2,51.0,51.0,True,48.0,0.5
rulsurv_original_25pct_censored_cv,0,1,five_fold_row_level_cv,235,Bearing1_2,47.0,47.0,True,46.0,0.5
rulsurv_original_25pct_censored_cv,0,1,five_fold_row_level_cv,240,Bearing1_2,42.0,26.0,False,44.0,0.5
rulsurv_original_25pct_censored_cv,0,1,five_fold_row_level_cv,247,Bearing1_2,35.0,17.0,False,8.0,0.5
rulsurv_original_25pct_censored_cv,0,1,five_fold_row_level_cv,252,Bearing1_2,30.0,14.0,False,27.0,0.5
rulsurv_original_25pct_censored_cv,0,1,five_fold_row_level_cv,261,Bearing1_2,21.0,21.0,True,23.0,0.5
rulsurv_original_25pct_censored_cv,0,1,five_fold_row_level_cv,263,Bearing1_2,19.0,17.0,False,20.0,0.5
rulsurv_original_25pct_censored_cv,0,1,five_fold_row_level_cv,264,Bearing1_2,18.0,11.0,False,17.0,0.5
rulsurv_original_25pct_censored_cv,0,1,five_fold_row_level_cv,271,Bearing1_2,11.0,11.0,True,8.0,0.5
rulsurv_original_25pct_censored_cv,0,1,five_fold_row_level_cv,278,Bearing1_2,4.0,4.0,True,5.0,0.5
rulsurv_original_25pct_censored_cv,0,1,five_fold_row_level_cv,279,Bearing1_2,3.0,3.0,True,5.0,0.5
rulsurv_original_25pct_censored_cv,0,1,five_fold_row_level_cv,285,Bearing1_3,154.0,154.0,True,137.0,0.5
rulsurv_original_25pct_censored_cv,0,1,five_fold_row_level_cv,311,Bearing1_3,128.0,128.0,True,132.0,0.5
rulsurv_original_25pct_censored_cv,0,1,five_fold_row_level_cv,312,Bearing1_3,127.0,114.0,False,132.0,0.5
rulsurv_original_25pct_censored_cv,0,1,five_fold_row_level_cv,315,Bearing1_3,124.0,94.0,False,129.0,0.5
rulsurv_original_25pct_censored_cv,0,1,five_fold_row_level_cv,316,Bearing1_3,123.0,5.0,False,124.0,0.5
rulsurv_original_25pct_censored_cv,0,1,five_fold_row_level_cv,318,Bearing1_3,121.0,121.0,True,129.0,0.5
rulsurv_original_25pct_censored_cv,0,1,five_fold_row_level_cv,330,Bearing1_3,109.0,109.0,True,113.0,0.5
rulsurv_original_25pct_censored_cv,0,1,five_fold_row_level_cv,333,Bearing1_3,106.0,106.0,True,111.0,0.5
rulsurv_original_25pct_censored_cv,0,1,five_fold_row_level_cv,337,Bearing1_3,102.0,102.0,True,109.0,0.5
rulsurv_original_25pct_censored_cv,0,1,five_fold_row_level_cv,339,Bearing1_3,100.0,100.0,True,105.0,0.5
rulsurv_original_25pct_censored_cv,0,1,five_fold_row_level_cv,342,Bearing1_3,97.0,97.0,True,99.0,0.5
rulsurv_original_25pct_censored_cv,0,1,five_fold_row_level_cv,344,Bearing1_3,95.0,95.0,True,99.0,0.5
rulsurv_original_25pct_censored_cv,0,1,five_fold_row_level_cv,345,Bearing1_3,94.0,94.0,True,98.0,0.5
rulsurv_original_25pct_censored_cv,0,1,five_fold_row_level_cv,346,Bearing1_3,93.0,93.0,True,98.0,0.5
rulsurv_original_25pct_censored_cv,0,1,five_fold_row_level_cv,356,Bearing1_3,83.0,83.0,True,75.0,0.5
rulsurv_original_25pct_censored_cv,0,1,five_fold_row_level_cv,357,Bearing1_3,82.0,82.0,True,75.0,0.5
rulsurv_original_25pct_censored_cv,0,1,five_fold_row_level_cv,358,Bearing1_3,81.0,81.0,True,75.0,0.5
rulsurv_original_25pct_censored_cv,0,1,five_fold_row_level_cv,365,Bearing1_3,74.0,65.0,False,70.0,0.5
rulsurv_original_25pct_censored_cv,0,1,five_fold_row_level_cv,366,Bearing1_3,73.0,73.0,True,70.0,0.5
rulsurv_original_25pct_censored_cv,0,1,five_fold_row_level_cv,376,Bearing1_3,63.0,12.0,False,64.0,0.5
rulsurv_original_25pct_censored_cv,0,1,five_fold_row_level_cv,379,Bearing1_3,60.0,60.0,True,59.0,0.5
rulsurv_original_25pct_censored_cv,0,1,five_fold_row_level_cv,382,Bearing1_3,57.0,57.0,True,56.0,0.5
rulsurv_original_25pct_censored_cv,0,1,five_fold_row_level_cv,392,Bearing1_3,47.0,47.0,True,44.0,0.5
rulsurv_original_25pct_censored_cv,0,1,five_fold_row_level_cv,395,Bearing1_3,44.0,40.0,False,43.0,0.5
rulsurv_original_25pct_censored_cv,0,1,five_fold_row_level_cv,397,Bearing1_3,42.0,2.0,False,41.0,0.5
rulsurv_original_25pct_censored_cv,0,1,five_fold_row_level_cv,400,Bearing1_3,39.0,11.0,False,41.0,0.5
rulsurv_original_25pct_censored_cv,0,1,five_fold_row_level_cv,404,Bearing1_3,35.0,35.0,True,38.0,0.5
rulsurv_original_25pct_censored_cv,0,1,five_fold_row_level_cv,406,Bearing1_3,33.0,33.0,True,35.0,0.5
rulsurv_original_25pct_censored_cv,0,1,five_fold_row_level_cv,417,Bearing1_3,22.0,22.0,True,26.0,0.5
rulsurv_original_25pct_censored_cv,0,1,five_fold_row_level_cv,418,Bearing1_3,21.0,21.0,True,26.0,0.5
rulsurv_original_25pct_censored_cv,0,1,five_fold_row_level_cv,419,Bearing1_3,20.0,20.0,True,26.0,0.5
rulsurv_original_25pct_censored_cv,0,1,five_fold_row_level_cv,420,Bearing1_3,19.0,19.0,True,27.0,0.5
rulsurv_original_25pct_censored_cv,0,1,five_fold_row_level_cv,422,Bearing1_3,17.0,12.0,False,23.0,0.5
rulsurv_original_25pct_censored_cv,0,1,five_fold_row_level_cv,424,Bearing1_3,15.0,10.0,False,16.0,0.5
rulsurv_original_25pct_censored_cv,0,1,five_fold_row_level_cv,429,Bearing1_3,10.0,10.0,True,14.0,0.5
rulsurv_original_25pct_censored_cv,0,1,five_fold_row_level_cv,440,Bearing1_4,120.0,120.0,True,119.0,0.5
rulsurv_original_25pct_censored_cv,0,1,five_fold_row_level_cv,443,Bearing1_4,117.0,117.0,True,115.0,0.5
rulsurv_original_25pct_censored_cv,0,1,five_fold_row_level_cv,449,Bearing1_4,111.0,105.0,False,98.0,0.5
rulsurv_original_25pct_censored_cv,0,1,five_fold_row_level_cv,452,Bearing1_4,108.0,108.0,True,99.0,0.5
rulsurv_original_25pct_censored_cv,0,1,five_fold_row_level_cv,456,Bearing1_4,104.0,104.0,True,98.0,0.5
rulsurv_original_25pct_censored_cv,0,1,five_fold_row_level_cv,466,Bearing1_4,94.0,94.0,True,96.0,0.5
rulsurv_original_25pct_censored_cv,0,1,five_fold_row_level_cv,468,Bearing1_4,92.0,92.0,True,95.0,0.5
rulsurv_original_25pct_censored_cv,0,1,five_fold_row_level_cv,471,Bearing1_4,89.0,89.0,True,93.0,0.5
rulsurv_original_25pct_censored_cv,0,1,five_fold_row_level_cv,477,Bearing1_4,83.0,83.0,True,86.0,0.5
rulsurv_original_25pct_censored_cv,0,1,five_fold_row_level_cv,479,Bearing1_4,81.0,81.0,True,87.0,0.5
rulsurv_original_25pct_censored_cv,0,1,five_fold_row_level_cv,480,Bearing1_4,80.0,80.0,True,88.0,0.5
rulsurv_original_25pct_censored_cv,0,1,five_fold_row_level_cv,490,Bearing1_4,70.0,70.0,True,78.0,0.5
rulsurv_original_25pct_censored_cv,0,1,five_fold_row_level_cv,493,Bearing1_4,67.0,67.0,True,82.0,0.5
rulsurv_original_25pct_censored_cv,0,1,five_fold_row_level_cv,497,Bearing1_4,63.0,63.0,True,64.0,0.5
rulsurv_original_25pct_censored_cv,0,1,five_fold_row_level_cv,501,Bearing1_4,59.0,59.0,True,61.0,0.5
rulsurv_original_25pct_censored_cv,0,1,five_fold_row_level_cv,503,Bearing1_4,57.0,57.0,True,62.0,0.5
rulsurv_original_25pct_censored_cv,0,1,five_fold_row_level_cv,506,Bearing1_4,54.0,54.0,True,58.0,0.5
rulsurv_original_25pct_censored_cv,0,1,five_fold_row_level_cv,515,Bearing1_4,45.0,45.0,True,44.0,0.5
rulsurv_original_25pct_censored_cv,0,1,five_fold_row_level_cv,529,Bearing1_4,31.0,29.0,False,37.0,0.5
rulsurv_original_25pct_censored_cv,0,1,five_fold_row_level_cv,530,Bearing1_4,30.0,5.0,False,35.0,0.5
rulsurv_original_25pct_censored_cv,0,1,five_fold_row_level_cv,536,Bearing1_4,24.0,24.0,True,32.0,0.5
rulsurv_original_25pct_censored_cv,0,1,five_fold_row_level_cv,546,Bearing1_4,14.0,14.0,True,17.0,0.5
rulsurv_original_25pct_censored_cv,0,1,five_fold_row_level_cv,552,Bearing1_4,8.0,8.0,True,11.0,0.5
rulsurv_original_25pct_censored_cv,0,1,five_fold_row_level_cv,554,Bearing1_4,6.0,6.0,True,12.0,0.5
rulsurv_original_25pct_censored_cv,0,1,five_fold_row_level_cv,556,Bearing1_4,4.0,4.0,True,12.0,0.5
rulsurv_original_25pct_censored_cv,0,1,five_fold_row_level_cv,557,Bearing1_4,3.0,3.0,True,11.0,0.5
rulsurv_original_25pct_censored_cv,0,1,five_fold_row_level_cv,560,Bearing1_5,51.0,10.0,False,35.0,0.5
rulsurv_original_25pct_censored_cv,0,1,five_fold_row_level_cv,561,Bearing1_5,50.0,50.0,True,40.0,0.5
rulsurv_original_25pct_censored_cv,0,1,five_fold_row_level_cv,563,Bearing1_5,48.0,30.0,False,37.0,0.5
rulsurv_original_25pct_censored_cv,0,1,five_fold_row_level_cv,565,Bearing1_5,46.0,46.0,True,42.0,0.5
rulsurv_original_25pct_censored_cv,0,1,five_fold_row_level_cv,568,Bearing1_5,43.0,43.0,True,43.0,0.5
rulsurv_original_25pct_censored_cv,0,1,five_fold_row_level_cv,570,Bearing1_5,41.0,41.0,True,40.0,0.5
rulsurv_original_25pct_censored_cv,0,1,five_fold_row_level_cv,579,Bearing1_5,32.0,32.0,True,35.0,0.5
rulsurv_original_25pct_censored_cv,0,1,five_fold_row_level_cv,590,Bearing1_5,21.0,21.0,True,41.0,0.5
rulsurv_original_25pct_censored_cv,0,1,five_fold_row_level_cv,593,Bearing1_5,18.0,18.0,True,30.0,0.5
rulsurv_original_25pct_censored_cv,0,1,five_fold_row_level_cv,601,Bearing1_5,10.0,10.0,True,23.0,0.5
rulsurv_original_25pct_censored_cv,0,1,five_fold_row_level_cv,603,Bearing1_5,8.0,8.0,True,9.0,0.5
rulsurv_original_25pct_censored_cv,0,1,five_fold_row_level_cv,606,Bearing1_5,5.0,1.0,False,6.0,0.5
rulsurv_original_25pct_censored_cv,0,1,five_fold_row_level_cv,607,Bearing1_5,4.0,4.0,True,7.0,0.5
rulsurv_original_25pct_censored_cv,0,2,five_fold_row_level_cv,2,Bearing1_1,120.0,120.0,True,133.0,0.5
rulsurv_original_25pct_censored_cv,0,2,five_fold_row_level_cv,4,Bearing1_1,118.0,118.0,True,137.0,0.5
rulsurv_original_25pct_censored_cv,0,2,five_fold_row_level_cv,5,Bearing1_1,117.0,117.0,True,131.0,0.5
rulsurv_original_25pct_censored_cv,0,2,five_fold_row_level_cv,20,Bearing1_1,102.0,102.0,True,104.0,0.5
rulsurv_original_25pct_censored_cv,0,2,five_fold_row_level_cv,22,Bearing1_1,100.0,100.0,True,104.0,0.5
rulsurv_original_25pct_censored_cv,0,2,five_fold_row_level_cv,30,Bearing1_1,92.0,92.0,True,90.0,0.5
rulsurv_original_25pct_censored_cv,0,2,five_fold_row_level_cv,38,Bearing1_1,84.0,84.0,True,87.0,0.5
rulsurv_original_25pct_censored_cv,0,2,five_fold_row_level_cv,39,Bearing1_1,83.0,83.0,True,93.0,0.5
rulsurv_original_25pct_censored_cv,0,2,five_fold_row_level_cv,49,Bearing1_1,73.0,73.0,True,89.0,0.5
rulsurv_original_25pct_censored_cv,0,2,five_fold_row_level_cv,51,Bearing1_1,71.0,71.0,True,89.0,0.5
rulsurv_original_25pct_censored_cv,0,2,five_fold_row_level_cv,54,Bearing1_1,68.0,68.0,True,79.0,0.5
rulsurv_original_25pct_censored_cv,0,2,five_fold_row_level_cv,56,Bearing1_1,66.0,66.0,True,80.0,0.5
rulsurv_original_25pct_censored_cv,0,2,five_fold_row_level_cv,59,Bearing1_1,63.0,63.0,True,76.0,0.5
rulsurv_original_25pct_censored_cv,0,2,five_fold_row_level_cv,60,Bearing1_1,62.0,62.0,True,81.0,0.5
rulsurv_original_25pct_censored_cv,0,2,five_fold_row_level_cv,63,Bearing1_1,59.0,59.0,True,81.0,0.5
rulsurv_original_25pct_censored_cv,0,2,five_fold_row_level_cv,69,Bearing1_1,53.0,53.0,True,68.0,0.5
rulsurv_original_25pct_censored_cv,0,2,five_fold_row_level_cv,74,Bearing1_1,48.0,48.0,True,55.0,0.5
rulsurv_original_25pct_censored_cv,0,2,five_fold_row_level_cv,81,Bearing1_1,41.0,41.0,True,46.0,0.5
rulsurv_original_25pct_censored_cv,0,2,five_fold_row_level_cv,93,Bearing1_1,29.0,29.0,True,35.0,0.5
rulsurv_original_25pct_censored_cv,0,2,five_fold_row_level_cv,97,Bearing1_1,25.0,25.0,True,28.0,0.5
rulsurv_original_25pct_censored_cv,0,2,five_fold_row_level_cv,100,Bearing1_1,22.0,22.0,True,27.0,0.5
rulsurv_original_25pct_censored_cv,0,2,five_fold_row_level_cv,101,Bearing1_1,21.0,21.0,True,23.0,0.5
rulsurv_original_25pct_censored_cv,0,2,five_fold_row_level_cv,105,Bearing1_1,17.0,17.0,True,23.0,0.5
rulsurv_original_25pct_censored_cv,0,2,five_fold_row_level_cv,106,Bearing1_1,16.0,16.0,True,22.0,0.5
rulsurv_original_25pct_censored_cv,0,2,five_fold_row_level_cv,114,Bearing1_1,8.0,8.0,True,11.0,0.5
rulsurv_original_25pct_censored_cv,0,2,five_fold_row_level_cv,116,Bearing1_1,6.0,6.0,True,11.0,0.5
rulsurv_original_25pct_censored_cv,0,2,five_fold_row_level_cv,120,Bearing1_1,2.0,2.0,True,9.0,0.5
rulsurv_original_25pct_censored_cv,0,2,five_fold_row_level_cv,124,Bearing1_2,158.0,158.0,True,104.0,0.5
rulsurv_original_25pct_censored_cv,0,2,five_fold_row_level_cv,135,Bearing1_2,147.0,147.0,True,142.0,0.5
rulsurv_original_25pct_censored_cv,0,2,five_fold_row_level_cv,141,Bearing1_2,141.0,141.0,True,135.0,0.5
rulsurv_original_25pct_censored_cv,0,2,five_fold_row_level_cv,145,Bearing1_2,137.0,137.0,True,131.0,0.5
rulsurv_original_25pct_censored_cv,0,2,five_fold_row_level_cv,146,Bearing1_2,136.0,136.0,True,133.0,0.5
rulsurv_original_25pct_censored_cv,0,2,five_fold_row_level_cv,150,Bearing1_2,132.0,132.0,True,133.0,0.5
rulsurv_original_25pct_censored_cv,0,2,five_fold_row_level_cv,153,Bearing1_2,129.0,129.0,True,97.0,0.5
rulsurv_original_25pct_censored_cv,0,2,five_fold_row_level_cv,154,Bearing1_2,128.0,128.0,True,93.0,0.5
rulsurv_original_25pct_censored_cv,0,2,five_fold_row_level_cv,158,Bearing1_2,124.0,124.0,True,98.0,0.5
rulsurv_original_25pct_censored_cv,0,2,five_fold_row_level_cv,160,Bearing1_2,122.0,122.0,True,102.0,0.5
rulsurv_original_25pct_censored_cv,0,2,five_fold_row_level_cv,163,Bearing1_2,119.0,119.0,True,102.0,0.5
rulsurv_original_25pct_censored_cv,0,2,five_fold_row_level_cv,164,Bearing1_2,118.0,118.0,True,104.0,0.5
rulsurv_original_25pct_censored_cv,0,2,five_fold_row_level_cv,167,Bearing1_2,115.0,115.0,True,96.0,0.5
rulsurv_original_25pct_censored_cv,0,2,five_fold_row_level_cv,168,Bearing1_2,114.0,114.0,True,97.0,0.5
rulsurv_original_25pct_censored_cv,0,2,five_fold_row_level_cv,176,Bearing1_2,106.0,106.0,True,96.0,0.5
rulsurv_original_25pct_censored_cv,0,2,five_fold_row_level_cv,185,Bearing1_2,97.0,97.0,True,90.0,0.5
rulsurv_original_25pct_censored_cv,0,2,five_fold_row_level_cv,191,Bearing1_2,91.0,91.0,True,66.0,0.5
rulsurv_original_25pct_censored_cv,0,2,five_fold_row_level_cv,195,Bearing1_2,87.0,87.0,True,70.0,0.5
rulsurv_original_25pct_censored_cv,0,2,five_fold_row_level_cv,198,Bearing1_2,84.0,84.0,True,73.0,0.5
rulsurv_original_25pct_censored_cv,0,2,five_fold_row_level_cv,208,Bearing1_2,74.0,74.0,True,65.0,0.5
rulsurv_original_25pct_censored_cv,0,2,five_fold_row_level_cv,219,Bearing1_2,63.0,63.0,True,59.0,0.5
rulsurv_original_25pct_censored_cv,0,2,five_fold_row_level_cv,220,Bearing1_2,62.0,62.0,True,58.0,0.5
rulsurv_original_25pct_censored_cv,0,2,five_fold_row_level_cv,221,Bearing1_2,61.0,61.0,True,58.0,0.5
rulsurv_original_25pct_censored_cv,0,2,five_fold_row_level_cv,236,Bearing1_2,46.0,46.0,True,47.0,0.5
rulsurv_original_25pct_censored_cv,0,2,five_fold_row_level_cv,238,Bearing1_2,44.0,44.0,True,47.0,0.5
rulsurv_original_25pct_censored_cv,0,2,five_fold_row_level_cv,241,Bearing1_2,41.0,41.0,True,45.0,0.5
rulsurv_original_25pct_censored_cv,0,2,five_fold_row_level_cv,253,Bearing1_2,29.0,29.0,True,27.0,0.5
rulsurv_original_25pct_censored_cv,0,2,five_fold_row_level_cv,262,Bearing1_2,20.0,20.0,True,25.0,0.5
rulsurv_original_25pct_censored_cv,0,2,five_fold_row_level_cv,276,Bearing1_2,6.0,6.0,True,7.0,0.5
rulsurv_original_25pct_censored_cv,0,2,five_fold_row_level_cv,281,Bearing1_2,1.0,1.0,True,4.0,0.5
rulsurv_original_25pct_censored_cv,0,2,five_fold_row_level_cv,282,Bearing1_3,157.0,157.0,True,128.0,0.5
rulsurv_original_25pct_censored_cv,0,2,five_fold_row_level_cv,283,Bearing1_3,156.0,156.0,True,130.0,0.5
rulsurv_original_25pct_censored_cv,0,2,five_fold_row_level_cv,284,Bearing1_3,155.0,155.0,True,134.0,0.5
rulsurv_original_25pct_censored_cv,0,2,five_fold_row_level_cv,289,Bearing1_3,150.0,150.0,True,135.0,0.5
rulsurv_original_25pct_censored_cv,0,2,five_fold_row_level_cv,298,Bearing1_3,141.0,141.0,True,134.0,0.5
rulsurv_original_25pct_censored_cv,0,2,five_fold_row_level_cv,299,Bearing1_3,140.0,140.0,True,131.0,0.5
rulsurv_original_25pct_censored_cv,0,2,five_fold_row_level_cv,301,Bearing1_3,138.0,138.0,True,132.0,0.5
rulsurv_original_25pct_censored_cv,0,2,five_fold_row_level_cv,303,Bearing1_3,136.0,136.0,True,130.0,0.5
rulsurv_original_25pct_censored_cv,0,2,five_fold_row_level_cv,310,Bearing1_3,129.0,129.0,True,130.0,0.5
rulsurv_original_25pct_censored_cv,0,2,five_fold_row_level_cv,322,Bearing1_3,117.0,117.0,True,121.0,0.5
rulsurv_original_25pct_censored_cv,0,2,five_fold_row_level_cv,325,Bearing1_3,114.0,114.0,True,118.0,0.5
rulsurv_original_25pct_censored_cv,0,2,five_fold_row_level_cv,329,Bearing1_3,110.0,110.0,True,115.0,0.5
rulsurv_original_25pct_censored_cv,0,2,five_fold_row_level_cv,332,Bearing1_3,107.0,107.0,True,112.0,0.5
rulsurv_original_25pct_censored_cv,0,2,five_fold_row_level_cv,334,Bearing1_3,105.0,105.0,True,112.0,0.5
rulsurv_original_25pct_censored_cv,0,2,five_fold_row_level_cv,336,Bearing1_3,103.0,103.0,True,109.0,0.5
rulsurv_original_25pct_censored_cv,0,2,five_fold_row_level_cv,338,Bearing1_3,101.0,101.0,True,108.0,0.5
rulsurv_original_25pct_censored_cv,0,2,five_fold_row_level_cv,340,Bearing1_3,99.0,99.0,True,97.0,0.5
rulsurv_original_25pct_censored_cv,0,2,five_fold_row_level_cv,362,Bearing1_3,77.0,77.0,True,73.0,0.5
rulsurv_original_25pct_censored_cv,0,2,five_fold_row_level_cv,369,Bearing1_3,70.0,70.0,True,69.0,0.5
rulsurv_original_25pct_censored_cv,0,2,five_fold_row_level_cv,378,Bearing1_3,61.0,61.0,True,62.0,0.5
rulsurv_original_25pct_censored_cv,0,2,five_fold_row_level_cv,386,Bearing1_3,53.0,53.0,True,54.0,0.5
rulsurv_original_25pct_censored_cv,0,2,five_fold_row_level_cv,389,Bearing1_3,50.0,50.0,True,51.0,0.5
rulsurv_original_25pct_censored_cv,0,2,five_fold_row_level_cv,399,Bearing1_3,40.0,40.0,True,45.0,0.5
rulsurv_original_25pct_censored_cv,0,2,five_fold_row_level_cv,405,Bearing1_3,34.0,34.0,True,38.0,0.5
rulsurv_original_25pct_censored_cv,0,2,five_fold_row_level_cv,407,Bearing1_3,32.0,32.0,True,35.0,0.5
rulsurv_original_25pct_censored_cv,0,2,five_fold_row_level_cv,408,Bearing1_3,31.0,31.0,True,33.0,0.5
rulsurv_original_25pct_censored_cv,0,2,five_fold_row_level_cv,409,Bearing1_3,30.0,30.0,True,35.0,0.5
rulsurv_original_25pct_censored_cv,0,2,five_fold_row_level_cv,414,Bearing1_3,25.0,25.0,True,23.0,0.5
rulsurv_original_25pct_censored_cv,0,2,five_fold_row_level_cv,433,Bearing1_3,6.0,6.0,True,7.0,0.5
rulsurv_original_25pct_censored_cv,0,2,five_fold_row_level_cv,447,Bearing1_4,113.0,113.0,True,106.0,0.5
rulsurv_original_25pct_censored_cv,0,2,five_fold_row_level_cv,453,Bearing1_4,107.0,107.0,True,96.0,0.5
rulsurv_original_25pct_censored_cv,0,2,five_fold_row_level_cv,460,Bearing1_4,100.0,100.0,True,104.0,0.5
rulsurv_original_25pct_censored_cv,0,2,five_fold_row_level_cv,462,Bearing1_4,98.0,98.0,True,95.0,0.5
rulsurv_original_25pct_censored_cv,0,2,five_fold_row_level_cv,467,Bearing1_4,93.0,93.0,True,101.0,0.5
rulsurv_original_25pct_censored_cv,0,2,five_fold_row_level_cv,469,Bearing1_4,91.0,91.0,True,96.0,0.5
rulsurv_original_25pct_censored_cv,0,2,five_fold_row_level_cv,474,Bearing1_4,86.0,86.0,True,92.0,0.5
rulsurv_original_25pct_censored_cv,0,2,five_fold_row_level_cv,476,Bearing1_4,84.0,84.0,True,89.0,0.5
rulsurv_original_25pct_censored_cv,0,2,five_fold_row_level_cv,481,Bearing1_4,79.0,79.0,True,85.0,0.5
rulsurv_original_25pct_censored_cv,0,2,five_fold_row_level_cv,482,Bearing1_4,78.0,78.0,True,85.0,0.5
rulsurv_original_25pct_censored_cv,0,2,five_fold_row_level_cv,487,Bearing1_4,73.0,73.0,True,81.0,0.5
rulsurv_original_25pct_censored_cv,0,2,five_fold_row_level_cv,492,Bearing1_4,68.0,68.0,True,81.0,0.5
rulsurv_original_25pct_censored_cv,0,2,five_fold_row_level_cv,499,Bearing1_4,61.0,61.0,True,64.0,0.5
rulsurv_original_25pct_censored_cv,0,2,five_fold_row_level_cv,502,Bearing1_4,58.0,58.0,True,63.0,0.5
rulsurv_original_25pct_censored_cv,0,2,five_fold_row_level_cv,507,Bearing1_4,53.0,53.0,True,56.0,0.5
rulsurv_original_25pct_censored_cv,0,2,five_fold_row_level_cv,509,Bearing1_4,51.0,51.0,True,55.0,0.5
rulsurv_original_25pct_censored_cv,0,2,five_fold_row_level_cv,524,Bearing1_4,36.0,36.0,True,37.0,0.5
rulsurv_original_25pct_censored_cv,0,2,five_fold_row_level_cv,535,Bearing1_4,25.0,25.0,True,32.0,0.5
rulsurv_original_25pct_censored_cv,0,2,five_fold_row_level_cv,538,Bearing1_4,22.0,22.0,True,24.0,0.5
rulsurv_original_25pct_censored_cv,0,2,five_fold_row_level_cv,541,Bearing1_4,19.0,19.0,True,23.0,0.5
rulsurv_original_25pct_censored_cv,0,2,five_fold_row_level_cv,548,Bearing1_4,12.0,12.0,True,16.0,0.5
rulsurv_original_25pct_censored_cv,0,2,five_fold_row_level_cv,549,Bearing1_4,11.0,11.0,True,14.0,0.5
rulsurv_original_25pct_censored_cv,0,2,five_fold_row_level_cv,555,Bearing1_4,5.0,5.0,True,9.0,0.5
rulsurv_original_25pct_censored_cv,0,2,five_fold_row_level_cv,558,Bearing1_4,2.0,2.0,True,9.0,0.5
rulsurv_original_25pct_censored_cv,0,2,five_fold_row_level_cv,569,Bearing1_5,42.0,42.0,True,40.0,0.5
rulsurv_original_25pct_censored_cv,0,2,five_fold_row_level_cv,571,Bearing1_5,40.0,40.0,True,43.0,0.5
rulsurv_original_25pct_censored_cv,0,2,five_fold_row_level_cv,574,Bearing1_5,37.0,37.0,True,43.0,0.5
rulsurv_original_25pct_censored_cv,0,2,five_fold_row_level_cv,577,Bearing1_5,34.0,34.0,True,36.0,0.5
rulsurv_original_25pct_censored_cv,0,2,five_fold_row_level_cv,586,Bearing1_5,25.0,25.0,True,43.0,0.5
rulsurv_original_25pct_censored_cv,0,2,five_fold_row_level_cv,587,Bearing1_5,24.0,24.0,True,32.0,0.5
rulsurv_original_25pct_censored_cv,0,2,five_fold_row_level_cv,588,Bearing1_5,23.0,23.0,True,35.0,0.5
rulsurv_original_25pct_censored_cv,0,2,five_fold_row_level_cv,594,Bearing1_5,17.0,17.0,True,43.0,0.5
rulsurv_original_25pct_censored_cv,0,2,five_fold_row_level_cv,597,Bearing1_5,14.0,14.0,True,50.0,0.5
rulsurv_original_25pct_censored_cv,0,2,five_fold_row_level_cv,602,Bearing1_5,9.0,9.0,True,9.0,0.5
rulsurv_original_25pct_censored_cv,0,2,five_fold_row_level_cv,605,Bearing1_5,6.0,6.0,True,8.0,0.5
rulsurv_original_25pct_censored_cv,0,2,five_fold_row_level_cv,608,Bearing1_5,3.0,3.0,True,8.0,0.5
rulsurv_original_25pct_censored_cv,0,3,five_fold_row_level_cv,13,Bearing1_1,109.0,109.0,True,104.0,0.5
rulsurv_original_25pct_censored_cv,0,3,five_fold_row_level_cv,16,Bearing1_1,106.0,106.0,True,104.0,0.5
rulsurv_original_25pct_censored_cv,0,3,five_fold_row_level_cv,24,Bearing1_1,98.0,98.0,True,86.0,0.5
rulsurv_original_25pct_censored_cv,0,3,five_fold_row_level_cv,25,Bearing1_1,97.0,97.0,True,86.0,0.5
rulsurv_original_25pct_censored_cv,0,3,five_fold_row_level_cv,27,Bearing1_1,95.0,95.0,True,84.0,0.5
rulsurv_original_25pct_censored_cv,0,3,five_fold_row_level_cv,29,Bearing1_1,93.0,93.0,True,81.0,0.5
rulsurv_original_25pct_censored_cv,0,3,five_fold_row_level_cv,33,Bearing1_1,89.0,89.0,True,83.0,0.5
rulsurv_original_25pct_censored_cv,0,3,five_fold_row_level_cv,35,Bearing1_1,87.0,87.0,True,80.0,0.5
rulsurv_original_25pct_censored_cv,0,3,five_fold_row_level_cv,40,Bearing1_1,82.0,82.0,True,76.0,0.5
rulsurv_original_25pct_censored_cv,0,3,five_fold_row_level_cv,44,Bearing1_1,78.0,78.0,True,76.0,0.5
rulsurv_original_25pct_censored_cv,0,3,five_fold_row_level_cv,61,Bearing1_1,61.0,61.0,True,71.0,0.5
rulsurv_original_25pct_censored_cv,0,3,five_fold_row_level_cv,67,Bearing1_1,55.0,55.0,True,66.0,0.5
rulsurv_original_25pct_censored_cv,0,3,five_fold_row_level_cv,73,Bearing1_1,49.0,49.0,True,59.0,0.5
rulsurv_original_25pct_censored_cv,0,3,five_fold_row_level_cv,79,Bearing1_1,43.0,43.0,True,45.0,0.5
rulsurv_original_25pct_censored_cv,0,3,five_fold_row_level_cv,83,Bearing1_1,39.0,39.0,True,41.0,0.5
rulsurv_original_25pct_censored_cv,0,3,five_fold_row_level_cv,88,Bearing1_1,34.0,34.0,True,36.0,0.5
rulsurv_original_25pct_censored_cv,0,3,five_fold_row_level_cv,104,Bearing1_1,18.0,18.0,True,20.0,0.5
rulsurv_original_25pct_censored_cv,0,3,five_fold_row_level_cv,109,Bearing1_1,13.0,13.0,True,20.0,0.5
rulsurv_original_25pct_censored_cv,0,3,five_fold_row_level_cv,110,Bearing1_1,12.0,12.0,True,14.0,0.5
rulsurv_original_25pct_censored_cv,0,3,five_fold_row_level_cv,111,Bearing1_1,11.0,11.0,True,14.0,0.5
rulsurv_original_25pct_censored_cv,0,3,five_fold_row_level_cv,117,Bearing1_1,5.0,5.0,True,10.0,0.5
rulsurv_original_25pct_censored_cv,0,3,five_fold_row_level_cv,121,Bearing1_1,1.0,1.0,True,8.0,0.5
rulsurv_original_25pct_censored_cv,0,3,five_fold_row_level_cv,129,Bearing1_2,153.0,153.0,True,136.0,0.5
rulsurv_original_25pct_censored_cv,0,3,five_fold_row_level_cv,133,Bearing1_2,149.0,149.0,True,136.0,0.5
rulsurv_original_25pct_censored_cv,0,3,five_fold_row_level_cv,136,Bearing1_2,146.0,146.0,True,136.0,0.5
rulsurv_original_25pct_censored_cv,0,3,five_fold_row_level_cv,138,Bearing1_2,144.0,144.0,True,132.0,0.5
rulsurv_original_25pct_censored_cv,0,3,five_fold_row_level_cv,139,Bearing1_2,143.0,143.0,True,134.0,0.5
rulsurv_original_25pct_censored_cv,0,3,five_fold_row_level_cv,149,Bearing1_2,133.0,133.0,True,134.0,0.5
rulsurv_original_25pct_censored_cv,0,3,five_fold_row_level_cv,152,Bearing1_2,130.0,130.0,True,134.0,0.5
rulsurv_original_25pct_censored_cv,0,3,five_fold_row_level_cv,156,Bearing1_2,126.0,126.0,True,117.0,0.5
rulsurv_original_25pct_censored_cv,0,3,five_fold_row_level_cv,161,Bearing1_2,121.0,121.0,True,114.0,0.5
rulsurv_original_25pct_censored_cv,0,3,five_fold_row_level_cv,166,Bearing1_2,116.0,116.0,True,103.0,0.5
rulsurv_original_25pct_censored_cv,0,3,five_fold_row_level_cv,189,Bearing1_2,93.0,93.0,True,90.0,0.5
rulsurv_original_25pct_censored_cv,0,3,five_fold_row_level_cv,199,Bearing1_2,83.0,83.0,True,84.0,0.5
rulsurv_original_25pct_censored_cv,0,3,five_fold_row_level_cv,204,Bearing1_2,78.0,78.0,True,62.0,0.5
rulsurv_original_25pct_censored_cv,0,3,five_fold_row_level_cv,207,Bearing1_2,75.0,75.0,True,66.0,0.5
rulsurv_original_25pct_censored_cv,0,3,five_fold_row_level_cv,212,Bearing1_2,70.0,70.0,True,81.0,0.5
rulsurv_original_25pct_censored_cv,0,3,five_fold_row_level_cv,214,Bearing1_2,68.0,68.0,True,73.0,0.5
rulsurv_original_25pct_censored_cv,0,3,five_fold_row_level_cv,215,Bearing1_2,67.0,67.0,True,62.0,0.5
rulsurv_original_25pct_censored_cv,0,3,five_fold_row_level_cv,216,Bearing1_2,66.0,66.0,True,58.0,0.5
rulsurv_original_25pct_censored_cv,0,3,five_fold_row_level_cv,217,Bearing1_2,65.0,65.0,True,61.0,0.5
rulsurv_original_25pct_censored_cv,0,3,five_fold_row_level_cv,218,Bearing1_2,64.0,64.0,True,60.0,0.5
rulsurv_original_25pct_censored_cv,0,3,five_fold_row_level_cv,223,Bearing1_2,59.0,59.0,True,55.0,0.5
rulsurv_original_25pct_censored_cv,0,3,five_fold_row_level_cv,228,Bearing1_2,54.0,54.0,True,43.0,0.5
rulsurv_original_25pct_censored_cv,0,3,five_fold_row_level_cv,232,Bearing1_2,50.0,50.0,True,47.0,0.5
rulsurv_original_25pct_censored_cv,0,3,five_fold_row_level_cv,234,Bearing1_2,48.0,48.0,True,44.0,0.5
rulsurv_original_25pct_censored_cv,0,3,five_fold_row_level_cv,237,Bearing1_2,45.0,45.0,True,47.0,0.5
rulsurv_original_25pct_censored_cv,0,3,five_fold_row_level_cv,251,Bearing1_2,31.0,31.0,True,25.0,0.5
rulsurv_original_25pct_censored_cv,0,3,five_fold_row_level_cv,254,Bearing1_2,28.0,28.0,True,26.0,0.5
rulsurv_original_25pct_censored_cv,0,3,five_fold_row_level_cv,255,Bearing1_2,27.0,27.0,True,25.0,0.5
rulsurv_original_25pct_censored_cv,0,3,five_fold_row_level_cv,259,Bearing1_2,23.0,23.0,True,22.0,0.5
rulsurv_original_25pct_censored_cv,0,3,five_fold_row_level_cv,260,Bearing1_2,22.0,22.0,True,20.0,0.5
rulsurv_original_25pct_censored_cv,0,3,five_fold_row_level_cv,267,Bearing1_2,15.0,15.0,True,21.0,0.5
rulsurv_original_25pct_censored_cv,0,3,five_fold_row_level_cv,270,Bearing1_2,12.0,12.0,True,9.0,0.5
rulsurv_original_25pct_censored_cv,0,3,five_fold_row_level_cv,274,Bearing1_2,8.0,8.0,True,7.0,0.5
rulsurv_original_25pct_censored_cv,0,3,five_fold_row_level_cv,287,Bearing1_3,152.0,152.0,True,132.0,0.5
rulsurv_original_25pct_censored_cv,0,3,five_fold_row_level_cv,290,Bearing1_3,149.0,149.0,True,129.0,0.5
rulsurv_original_25pct_censored_cv,0,3,five_fold_row_level_cv,295,Bearing1_3,144.0,144.0,True,132.0,0.5
rulsurv_original_25pct_censored_cv,0,3,five_fold_row_level_cv,297,Bearing1_3,142.0,142.0,True,132.0,0.5
rulsurv_original_25pct_censored_cv,0,3,five_fold_row_level_cv,300,Bearing1_3,139.0,139.0,True,132.0,0.5
rulsurv_original_25pct_censored_cv,0,3,five_fold_row_level_cv,302,Bearing1_3,137.0,137.0,True,132.0,0.5
rulsurv_original_25pct_censored_cv,0,3,five_fold_row_level_cv,309,Bearing1_3,130.0,130.0,True,129.0,0.5
rulsurv_original_25pct_censored_cv,0,3,five_fold_row_level_cv,317,Bearing1_3,122.0,122.0,True,128.0,0.5
rulsurv_original_25pct_censored_cv,0,3,five_fold_row_level_cv,323,Bearing1_3,116.0,116.0,True,117.0,0.5
rulsurv_original_25pct_censored_cv,0,3,five_fold_row_level_cv,326,Bearing1_3,113.0,113.0,True,117.0,0.5
rulsurv_original_25pct_censored_cv,0,3,five_fold_row_level_cv,327,Bearing1_3,112.0,112.0,True,115.0,0.5
rulsurv_original_25pct_censored_cv,0,3,five_fold_row_level_cv,331,Bearing1_3,108.0,108.0,True,111.0,0.5
rulsurv_original_25pct_censored_cv,0,3,five_fold_row_level_cv,341,Bearing1_3,98.0,98.0,True,100.0,0.5
rulsurv_original_25pct_censored_cv,0,3,five_fold_row_level_cv,347,Bearing1_3,92.0,92.0,True,97.0,0.5
rulsurv_original_25pct_censored_cv,0,3,five_fold_row_level_cv,349,Bearing1_3,90.0,90.0,True,94.0,0.5
rulsurv_original_25pct_censored_cv,0,3,five_fold_row_level_cv,352,Bearing1_3,87.0,87.0,True,79.0,0.5
rulsurv_original_25pct_censored_cv,0,3,five_fold_row_level_cv,353,Bearing1_3,86.0,86.0,True,80.0,0.5
rulsurv_original_25pct_censored_cv,0,3,five_fold_row_level_cv,360,Bearing1_3,79.0,79.0,True,77.0,0.5
rulsurv_original_25pct_censored_cv,0,3,five_fold_row_level_cv,364,Bearing1_3,75.0,75.0,True,77.0,0.5
rulsurv_original_25pct_censored_cv,0,3,five_fold_row_level_cv,374,Bearing1_3,65.0,65.0,True,65.0,0.5
rulsurv_original_25pct_censored_cv,0,3,five_fold_row_level_cv,381,Bearing1_3,58.0,58.0,True,56.0,0.5
rulsurv_original_25pct_censored_cv,0,3,five_fold_row_level_cv,385,Bearing1_3,54.0,54.0,True,53.0,0.5
rulsurv_original_25pct_censored_cv,0,3,five_fold_row_level_cv,393,Bearing1_3,46.0,46.0,True,47.0,0.5
rulsurv_original_25pct_censored_cv,0,3,five_fold_row_level_cv,412,Bearing1_3,27.0,27.0,True,34.0,0.5
rulsurv_original_25pct_censored_cv,0,3,five_fold_row_level_cv,413,Bearing1_3,26.0,26.0,True,28.0,0.5
rulsurv_original_25pct_censored_cv,0,3,five_fold_row_level_cv,416,Bearing1_3,23.0,23.0,True,25.0,0.5
rulsurv_original_25pct_censored_cv,0,3,five_fold_row_level_cv,425,Bearing1_3,14.0,14.0,True,20.0,0.5
rulsurv_original_25pct_censored_cv,0,3,five_fold_row_level_cv,426,Bearing1_3,13.0,13.0,True,20.0,0.5
rulsurv_original_25pct_censored_cv,0,3,five_fold_row_level_cv,428,Bearing1_3,11.0,11.0,True,20.0,0.5
rulsurv_original_25pct_censored_cv,0,3,five_fold_row_level_cv,432,Bearing1_3,7.0,7.0,True,6.0,0.5
rulsurv_original_25pct_censored_cv,0,3,five_fold_row_level_cv,438,Bearing1_3,1.0,1.0,True,7.0,0.5
rulsurv_original_25pct_censored_cv,0,3,five_fold_row_level_cv,439,Bearing1_4,121.0,121.0,True,106.0,0.5
rulsurv_original_25pct_censored_cv,0,3,five_fold_row_level_cv,441,Bearing1_4,119.0,119.0,True,118.0,0.5
rulsurv_original_25pct_censored_cv,0,3,five_fold_row_level_cv,445,Bearing1_4,115.0,115.0,True,103.0,0.5
rulsurv_original_25pct_censored_cv,0,3,five_fold_row_level_cv,451,Bearing1_4,109.0,109.0,True,100.0,0.5
rulsurv_original_25pct_censored_cv,0,3,five_fold_row_level_cv,454,Bearing1_4,106.0,106.0,True,98.0,0.5
rulsurv_original_25pct_censored_cv,0,3,five_fold_row_level_cv,461,Bearing1_4,99.0,99.0,True,94.0,0.5
rulsurv_original_25pct_censored_cv,0,3,five_fold_row_level_cv,464,Bearing1_4,96.0,96.0,True,94.0,0.5
rulsurv_original_25pct_censored_cv,0,3,five_fold_row_level_cv,465,Bearing1_4,95.0,95.0,True,94.0,0.5
rulsurv_original_25pct_censored_cv,0,3,five_fold_row_level_cv,473,Bearing1_4,87.0,87.0,True,92.0,0.5
rulsurv_original_25pct_censored_cv,0,3,five_fold_row_level_cv,475,Bearing1_4,85.0,85.0,True,91.0,0.5
rulsurv_original_25pct_censored_cv,0,3,five_fold_row_level_cv,478,Bearing1_4,82.0,82.0,True,89.0,0.5
rulsurv_original_25pct_censored_cv,0,3,five_fold_row_level_cv,498,Bearing1_4,62.0,62.0,True,64.0,0.5
rulsurv_original_25pct_censored_cv,0,3,five_fold_row_level_cv,504,Bearing1_4,56.0,56.0,True,61.0,0.5
rulsurv_original_25pct_censored_cv,0,3,five_fold_row_level_cv,505,Bearing1_4,55.0,55.0,True,58.0,0.5
rulsurv_original_25pct_censored_cv,0,3,five_fold_row_level_cv,511,Bearing1_4,49.0,49.0,True,57.0,0.5
rulsurv_original_25pct_censored_cv,0,3,five_fold_row_level_cv,513,Bearing1_4,47.0,47.0,True,50.0,0.5
rulsurv_original_25pct_censored_cv,0,3,five_fold_row_level_cv,516,Bearing1_4,44.0,44.0,True,53.0,0.5
rulsurv_original_25pct_censored_cv,0,3,five_fold_row_level_cv,517,Bearing1_4,43.0,43.0,True,51.0,0.5
rulsurv_original_25pct_censored_cv,0,3,five_fold_row_level_cv,518,Bearing1_4,42.0,42.0,True,54.0,0.5
rulsurv_original_25pct_censored_cv,0,3,five_fold_row_level_cv,519,Bearing1_4,41.0,41.0,True,51.0,0.5
rulsurv_original_25pct_censored_cv,0,3,five_fold_row_level_cv,520,Bearing1_4,40.0,40.0,True,51.0,0.5
rulsurv_original_25pct_censored_cv,0,3,five_fold_row_level_cv,521,Bearing1_4,39.0,39.0,True,50.0,0.5
rulsurv_original_25pct_censored_cv,0,3,five_fold_row_level_cv,522,Bearing1_4,38.0,38.0,True,52.0,0.5
rulsurv_original_25pct_censored_cv,0,3,five_fold_row_level_cv,523,Bearing1_4,37.0,37.0,True,45.0,0.5
rulsurv_original_25pct_censored_cv,0,3,five_fold_row_level_cv,525,Bearing1_4,35.0,35.0,True,51.0,0.5
rulsurv_original_25pct_censored_cv,0,3,five_fold_row_level_cv,527,Bearing1_4,33.0,33.0,True,70.0,0.5
rulsurv_original_25pct_censored_cv,0,3,five_fold_row_level_cv,528,Bearing1_4,32.0,32.0,True,73.0,0.5
rulsurv_original_25pct_censored_cv,0,3,five_fold_row_level_cv,531,Bearing1_4,29.0,29.0,True,66.0,0.5
rulsurv_original_25pct_censored_cv,0,3,five_fold_row_level_cv,540,Bearing1_4,20.0,20.0,True,17.0,0.5
rulsurv_original_25pct_censored_cv,0,3,five_fold_row_level_cv,542,Bearing1_4,18.0,18.0,True,14.0,0.5
rulsurv_original_25pct_censored_cv,0,3,five_fold_row_level_cv,562,Bearing1_5,49.0,49.0,True,43.0,0.5
rulsurv_original_25pct_censored_cv,0,3,five_fold_row_level_cv,566,Bearing1_5,45.0,45.0,True,45.0,0.5
rulsurv_original_25pct_censored_cv,0,3,five_fold_row_level_cv,580,Bearing1_5,31.0,31.0,True,41.0,0.5
rulsurv_original_25pct_censored_cv,0,3,five_fold_row_level_cv,581,Bearing1_5,30.0,30.0,True,34.0,0.5
rulsurv_original_25pct_censored_cv,0,3,five_fold_row_level_cv,585,Bearing1_5,26.0,26.0,True,35.0,0.5
rulsurv_original_25pct_censored_cv,0,3,five_fold_row_level_cv,592,Bearing1_5,19.0,19.0,True,24.0,0.5
rulsurv_original_25pct_censored_cv,0,4,five_fold_row_level_cv,3,Bearing1_1,119.0,119.0,True,128.0,0.5
rulsurv_original_25pct_censored_cv,0,4,five_fold_row_level_cv,9,Bearing1_1,113.0,113.0,True,119.0,0.5
rulsurv_original_25pct_censored_cv,0,4,five_fold_row_level_cv,11,Bearing1_1,111.0,111.0,True,106.0,0.5
rulsurv_original_25pct_censored_cv,0,4,five_fold_row_level_cv,19,Bearing1_1,103.0,103.0,True,104.0,0.5
rulsurv_original_25pct_censored_cv,0,4,five_fold_row_level_cv,23,Bearing1_1,99.0,99.0,True,98.0,0.5
rulsurv_original_25pct_censored_cv,0,4,five_fold_row_level_cv,28,Bearing1_1,94.0,94.0,True,97.0,0.5
rulsurv_original_25pct_censored_cv,0,4,five_fold_row_level_cv,32,Bearing1_1,90.0,90.0,True,92.0,0.5
rulsurv_original_25pct_censored_cv,0,4,five_fold_row_level_cv,36,Bearing1_1,86.0,86.0,True,95.0,0.5
rulsurv_original_25pct_censored_cv,0,4,five_fold_row_level_cv,41,Bearing1_1,81.0,81.0,True,92.0,0.5
rulsurv_original_25pct_censored_cv,0,4,five_fold_row_level_cv,42,Bearing1_1,80.0,80.0,True,92.0,0.5
rulsurv_original_25pct_censored_cv,0,4,five_fold_row_level_cv,43,Bearing1_1,79.0,79.0,True,97.0,0.5
rulsurv_original_25pct_censored_cv,0,4,five_fold_row_level_cv,47,Bearing1_1,75.0,75.0,True,84.0,0.5
rulsurv_original_25pct_censored_cv,0,4,five_fold_row_level_cv,53,Bearing1_1,69.0,69.0,True,84.0,0.5
rulsurv_original_25pct_censored_cv,0,4,five_fold_row_level_cv,57,Bearing1_1,65.0,65.0,True,89.0,0.5
rulsurv_original_25pct_censored_cv,0,4,five_fold_row_level_cv,58,Bearing1_1,64.0,64.0,True,76.0,0.5
rulsurv_original_25pct_censored_cv,0,4,five_fold_row_level_cv,70,Bearing1_1,52.0,52.0,True,59.0,0.5
rulsurv_original_25pct_censored_cv,0,4,five_fold_row_level_cv,72,Bearing1_1,50.0,50.0,True,57.0,0.5
rulsurv_original_25pct_censored_cv,0,4,five_fold_row_level_cv,77,Bearing1_1,45.0,45.0,True,46.0,0.5
rulsurv_original_25pct_censored_cv,0,4,five_fold_row_level_cv,80,Bearing1_1,42.0,42.0,True,47.0,0.5
rulsurv_original_25pct_censored_cv,0,4,five_fold_row_level_cv,82,Bearing1_1,40.0,40.0,True,46.0,0.5
rulsurv_original_25pct_censored_cv,0,4,five_fold_row_level_cv,84,Bearing1_1,38.0,38.0,True,43.0,0.5
rulsurv_original_25pct_censored_cv,0,4,five_fold_row_level_cv,86,Bearing1_1,36.0,36.0,True,41.0,0.5
rulsurv_original_25pct_censored_cv,0,4,five_fold_row_level_cv,87,Bearing1_1,35.0,35.0,True,41.0,0.5
rulsurv_original_25pct_censored_cv,0,4,five_fold_row_level_cv,91,Bearing1_1,31.0,31.0,True,34.0,0.5
rulsurv_original_25pct_censored_cv,0,4,five_fold_row_level_cv,94,Bearing1_1,28.0,28.0,True,34.0,0.5
rulsurv_original_25pct_censored_cv,0,4,five_fold_row_level_cv,95,Bearing1_1,27.0,27.0,True,32.0,0.5
rulsurv_original_25pct_censored_cv,0,4,five_fold_row_level_cv,98,Bearing1_1,24.0,24.0,True,25.0,0.5
rulsurv_original_25pct_censored_cv,0,4,five_fold_row_level_cv,99,Bearing1_1,23.0,23.0,True,29.0,0.5
rulsurv_original_25pct_censored_cv,0,4,five_fold_row_level_cv,115,Bearing1_1,7.0,7.0,True,10.0,0.5
rulsurv_original_25pct_censored_cv,0,4,five_fold_row_level_cv,119,Bearing1_1,3.0,3.0,True,10.0,0.5
rulsurv_original_25pct_censored_cv,0,4,five_fold_row_level_cv,123,Bearing1_2,159.0,159.0,True,130.0,0.5
rulsurv_original_25pct_censored_cv,0,4,five_fold_row_level_cv,125,Bearing1_2,157.0,157.0,True,136.0,0.5
rulsurv_original_25pct_censored_cv,0,4,five_fold_row_level_cv,128,Bearing1_2,154.0,154.0,True,136.0,0.5
rulsurv_original_25pct_censored_cv,0,4,five_fold_row_level_cv,130,Bearing1_2,152.0,152.0,True,137.0,0.5
rulsurv_original_25pct_censored_cv,0,4,five_fold_row_level_cv,131,Bearing1_2,151.0,151.0,True,136.0,0.5
rulsurv_original_25pct_censored_cv,0,4,five_fold_row_level_cv,143,Bearing1_2,139.0,139.0,True,133.0,0.5
rulsurv_original_25pct_censored_cv,0,4,five_fold_row_level_cv,147,Bearing1_2,135.0,135.0,True,130.0,0.5
rulsurv_original_25pct_censored_cv,0,4,five_fold_row_level_cv,148,Bearing1_2,134.0,134.0,True,130.0,0.5
rulsurv_original_25pct_censored_cv,0,4,five_fold_row_level_cv,151,Bearing1_2,131.0,131.0,True,132.0,0.5
rulsurv_original_25pct_censored_cv,0,4,five_fold_row_level_cv,169,Bearing1_2,113.0,113.0,True,98.0,0.5
rulsurv_original_25pct_censored_cv,0,4,five_fold_row_level_cv,174,Bearing1_2,108.0,108.0,True,93.0,0.5
rulsurv_original_25pct_censored_cv,0,4,five_fold_row_level_cv,177,Bearing1_2,105.0,105.0,True,83.0,0.5
rulsurv_original_25pct_censored_cv,0,4,five_fold_row_level_cv,180,Bearing1_2,102.0,102.0,True,83.0,0.5
rulsurv_original_25pct_censored_cv,0,4,five_fold_row_level_cv,182,Bearing1_2,100.0,100.0,True,67.0,0.5
rulsurv_original_25pct_censored_cv,0,4,five_fold_row_level_cv,183,Bearing1_2,99.0,99.0,True,83.0,0.5
rulsurv_original_25pct_censored_cv,0,4,five_fold_row_level_cv,184,Bearing1_2,98.0,98.0,True,84.0,0.5
rulsurv_original_25pct_censored_cv,0,4,five_fold_row_level_cv,192,Bearing1_2,90.0,90.0,True,62.0,0.5
rulsurv_original_25pct_censored_cv,0,4,five_fold_row_level_cv,197,Bearing1_2,85.0,85.0,True,77.0,0.5
rulsurv_original_25pct_censored_cv,0,4,five_fold_row_level_cv,201,Bearing1_2,81.0,81.0,True,68.0,0.5
rulsurv_original_25pct_censored_cv,0,4,five_fold_row_level_cv,203,Bearing1_2,79.0,79.0,True,62.0,0.5
rulsurv_original_25pct_censored_cv,0,4,five_fold_row_level_cv,209,Bearing1_2,73.0,73.0,True,65.0,0.5
rulsurv_original_25pct_censored_cv,0,4,five_fold_row_level_cv,226,Bearing1_2,56.0,56.0,True,18.0,0.5
rulsurv_original_25pct_censored_cv,0,4,five_fold_row_level_cv,227,Bearing1_2,55.0,55.0,True,50.0,0.5
rulsurv_original_25pct_censored_cv,0,4,five_fold_row_level_cv,244,Bearing1_2,38.0,38.0,True,44.0,0.5
rulsurv_original_25pct_censored_cv,0,4,five_fold_row_level_cv,248,Bearing1_2,34.0,34.0,True,35.0,0.5
rulsurv_original_25pct_censored_cv,0,4,five_fold_row_level_cv,256,Bearing1_2,26.0,26.0,True,27.0,0.5
rulsurv_original_25pct_censored_cv,0,4,five_fold_row_level_cv,257,Bearing1_2,25.0,25.0,True,26.0,0.5
rulsurv_original_25pct_censored_cv,0,4,five_fold_row_level_cv,258,Bearing1_2,24.0,24.0,True,22.0,0.5
rulsurv_original_25pct_censored_cv,0,4,five_fold_row_level_cv,265,Bearing1_2,17.0,17.0,True,20.0,0.5
rulsurv_original_25pct_censored_cv,0,4,five_fold_row_level_cv,269,Bearing1_2,13.0,13.0,True,11.0,0.5
rulsurv_original_25pct_censored_cv,0,4,five_fold_row_level_cv,273,Bearing1_2,9.0,9.0,True,6.0,0.5
rulsurv_original_25pct_censored_cv,0,4,five_fold_row_level_cv,275,Bearing1_2,7.0,7.0,True,6.0,0.5
rulsurv_original_25pct_censored_cv,0,4,five_fold_row_level_cv,277,Bearing1_2,5.0,5.0,True,4.0,0.5
rulsurv_original_25pct_censored_cv,0,4,five_fold_row_level_cv,280,Bearing1_2,2.0,2.0,True,4.0,0.5
rulsurv_original_25pct_censored_cv,0,4,five_fold_row_level_cv,286,Bearing1_3,153.0,153.0,True,129.0,0.5
rulsurv_original_25pct_censored_cv,0,4,five_fold_row_level_cv,288,Bearing1_3,151.0,151.0,True,136.0,0.5
rulsurv_original_25pct_censored_cv,0,4,five_fold_row_level_cv,291,Bearing1_3,148.0,148.0,True,138.0,0.5
rulsurv_original_25pct_censored_cv,0,4,five_fold_row_level_cv,292,Bearing1_3,147.0,147.0,True,138.0,0.5
rulsurv_original_25pct_censored_cv,0,4,five_fold_row_level_cv,296,Bearing1_3,143.0,143.0,True,137.0,0.5
rulsurv_original_25pct_censored_cv,0,4,five_fold_row_level_cv,305,Bearing1_3,134.0,134.0,True,129.0,0.5
rulsurv_original_25pct_censored_cv,0,4,five_fold_row_level_cv,307,Bearing1_3,132.0,132.0,True,129.0,0.5
rulsurv_original_25pct_censored_cv,0,4,five_fold_row_level_cv,314,Bearing1_3,125.0,125.0,True,122.0,0.5
rulsurv_original_25pct_censored_cv,0,4,five_fold_row_level_cv,321,Bearing1_3,118.0,118.0,True,121.0,0.5
rulsurv_original_25pct_censored_cv,0,4,five_fold_row_level_cv,324,Bearing1_3,115.0,115.0,True,117.0,0.5
rulsurv_original_25pct_censored_cv,0,4,five_fold_row_level_cv,328,Bearing1_3,111.0,111.0,True,116.0,0.5
rulsurv_original_25pct_censored_cv,0,4,five_fold_row_level_cv,335,Bearing1_3,104.0,104.0,True,109.0,0.5
rulsurv_original_25pct_censored_cv,0,4,five_fold_row_level_cv,359,Bearing1_3,80.0,80.0,True,78.0,0.5
rulsurv_original_25pct_censored_cv,0,4,five_fold_row_level_cv,363,Bearing1_3,76.0,76.0,True,74.0,0.5
rulsurv_original_25pct_censored_cv,0,4,five_fold_row_level_cv,368,Bearing1_3,71.0,71.0,True,74.0,0.5
rulsurv_original_25pct_censored_cv,0,4,five_fold_row_level_cv,370,Bearing1_3,69.0,69.0,True,70.0,0.5
rulsurv_original_25pct_censored_cv,0,4,five_fold_row_level_cv,371,Bearing1_3,68.0,68.0,True,68.0,0.5
rulsurv_original_25pct_censored_cv,0,4,five_fold_row_level_cv,373,Bearing1_3,66.0,66.0,True,65.0,0.5
rulsurv_original_25pct_censored_cv,0,4,five_fold_row_level_cv,377,Bearing1_3,62.0,62.0,True,63.0,0.5
rulsurv_original_25pct_censored_cv,0,4,five_fold_row_level_cv,383,Bearing1_3,56.0,56.0,True,54.0,0.5
rulsurv_original_25pct_censored_cv,0,4,five_fold_row_level_cv,387,Bearing1_3,52.0,52.0,True,50.0,0.5
rulsurv_original_25pct_censored_cv,0,4,five_fold_row_level_cv,388,Bearing1_3,51.0,51.0,True,50.0,0.5
rulsurv_original_25pct_censored_cv,0,4,five_fold_row_level_cv,396,Bearing1_3,43.0,43.0,True,40.0,0.5
rulsurv_original_25pct_censored_cv,0,4,five_fold_row_level_cv,398,Bearing1_3,41.0,41.0,True,39.0,0.5
rulsurv_original_25pct_censored_cv,0,4,five_fold_row_level_cv,410,Bearing1_3,29.0,29.0,True,33.0,0.5
rulsurv_original_25pct_censored_cv,0,4,five_fold_row_level_cv,411,Bearing1_3,28.0,28.0,True,32.0,0.5
rulsurv_original_25pct_censored_cv,0,4,five_fold_row_level_cv,423,Bearing1_3,16.0,16.0,True,22.0,0.5
rulsurv_original_25pct_censored_cv,0,4,five_fold_row_level_cv,430,Bearing1_3,9.0,9.0,True,14.0,0.5
rulsurv_original_25pct_censored_cv,0,4,five_fold_row_level_cv,431,Bearing1_3,8.0,8.0,True,8.0,0.5
rulsurv_original_25pct_censored_cv,0,4,five_fold_row_level_cv,442,Bearing1_4,118.0,118.0,True,114.0,0.5
rulsurv_original_25pct_censored_cv,0,4,five_fold_row_level_cv,444,Bearing1_4,116.0,116.0,True,115.0,0.5
rulsurv_original_25pct_censored_cv,0,4,five_fold_row_level_cv,448,Bearing1_4,112.0,112.0,True,98.0,0.5
rulsurv_original_25pct_censored_cv,0,4,five_fold_row_level_cv,450,Bearing1_4,110.0,110.0,True,99.0,0.5
rulsurv_original_25pct_censored_cv,0,4,five_fold_row_level_cv,459,Bearing1_4,101.0,101.0,True,96.0,0.5
rulsurv_original_25pct_censored_cv,0,4,five_fold_row_level_cv,472,Bearing1_4,88.0,88.0,True,91.0,0.5
rulsurv_original_25pct_censored_cv,0,4,five_fold_row_level_cv,486,Bearing1_4,74.0,74.0,True,85.0,0.5
rulsurv_original_25pct_censored_cv,0,4,five_fold_row_level_cv,488,Bearing1_4,72.0,72.0,True,83.0,0.5
rulsurv_original_25pct_censored_cv,0,4,five_fold_row_level_cv,496,Bearing1_4,64.0,64.0,True,70.0,0.5
rulsurv_original_25pct_censored_cv,0,4,five_fold_row_level_cv,510,Bearing1_4,50.0,50.0,True,55.0,0.5
rulsurv_original_25pct_censored_cv,0,4,five_fold_row_level_cv,512,Bearing1_4,48.0,48.0,True,51.0,0.5
rulsurv_original_25pct_censored_cv,0,4,five_fold_row_level_cv,537,Bearing1_4,23.0,23.0,True,25.0,0.5
rulsurv_original_25pct_censored_cv,0,4,five_fold_row_level_cv,539,Bearing1_4,21.0,21.0,True,25.0,0.5
rulsurv_original_25pct_censored_cv,0,4,five_fold_row_level_cv,543,Bearing1_4,17.0,17.0,True,20.0,0.5
rulsurv_original_25pct_censored_cv,0,4,five_fold_row_level_cv,544,Bearing1_4,16.0,16.0,True,19.0,0.5
rulsurv_original_25pct_censored_cv,0,4,five_fold_row_level_cv,550,Bearing1_4,10.0,10.0,True,12.0,0.5
rulsurv_original_25pct_censored_cv,0,4,five_fold_row_level_cv,551,Bearing1_4,9.0,9.0,True,18.0,0.5
rulsurv_original_25pct_censored_cv,0,4,five_fold_row_level_cv,559,Bearing1_4,1.0,1.0,True,12.0,0.5
rulsurv_original_25pct_censored_cv,0,4,five_fold_row_level_cv,572,Bearing1_5,39.0,39.0,True,32.0,0.5
rulsurv_original_25pct_censored_cv,0,4,five_fold_row_level_cv,575,Bearing1_5,36.0,36.0,True,34.0,0.5
rulsurv_original_25pct_censored_cv,0,4,five_fold_row_level_cv,576,Bearing1_5,35.0,35.0,True,35.0,0.5
rulsurv_original_25pct_censored_cv,0,4,five_fold_row_level_cv,583,Bearing1_5,28.0,28.0,True,42.0,0.5
rulsurv_original_25pct_censored_cv,0,4,five_fold_row_level_cv,584,Bearing1_5,27.0,27.0,True,32.0,0.5
rulsurv_original_25pct_censored_cv,0,4,five_fold_row_level_cv,591,Bearing1_5,20.0,20.0,True,32.0,0.5
rulsurv_original_25pct_censored_cv,0,4,five_fold_row_level_cv,595,Bearing1_5,16.0,16.0,True,24.0,0.5
rulsurv_original_25pct_censored_cv,0,4,five_fold_row_level_cv,596,Bearing1_5,15.0,15.0,True,24.0,0.5
rulsurv_original_25pct_censored_cv,0,4,five_fold_row_level_cv,598,Bearing1_5,13.0,13.0,True,47.0,0.5
rulsurv_original_25pct_censored_cv,0,4,five_fold_row_level_cv,599,Bearing1_5,12.0,12.0,True,24.0,0.5
rulsurv_original_25pct_censored_cv,0,4,five_fold_row_level_cv,600,Bearing1_5,11.0,11.0,True,8.0,0.5
rulsurv_original_25pct_censored_cv,1,0,five_fold_row_level_cv,0,Bearing1_1,122.0,122.0,True,130.0,0.5
rulsurv_original_25pct_censored_cv,1,0,five_fold_row_level_cv,3,Bearing1_1,119.0,119.0,True,133.0,0.5
rulsurv_original_25pct_censored_cv,1,0,five_fold_row_level_cv,9,Bearing1_1,113.0,113.0,True,118.0,0.5
rulsurv_original_25pct_censored_cv,1,0,five_fold_row_level_cv,13,Bearing1_1,109.0,109.0,True,103.0,0.5
rulsurv_original_25pct_censored_cv,1,0,five_fold_row_level_cv,17,Bearing1_1,105.0,12.0,False,102.0,0.5
rulsurv_original_25pct_censored_cv,1,0,five_fold_row_level_cv,23,Bearing1_1,99.0,99.0,True,98.0,0.5
rulsurv_original_25pct_censored_cv,1,0,five_fold_row_level_cv,29,Bearing1_1,93.0,93.0,True,86.0,0.5
rulsurv_original_25pct_censored_cv,1,0,five_fold_row_level_cv,34,Bearing1_1,88.0,40.0,False,83.0,0.5
rulsurv_original_25pct_censored_cv,1,0,five_fold_row_level_cv,40,Bearing1_1,82.0,82.0,True,81.0,0.5
rulsurv_original_25pct_censored_cv,1,0,five_fold_row_level_cv,41,Bearing1_1,81.0,81.0,True,86.0,0.5
rulsurv_original_25pct_censored_cv,1,0,five_fold_row_level_cv,47,Bearing1_1,75.0,75.0,True,83.0,0.5
rulsurv_original_25pct_censored_cv,1,0,five_fold_row_level_cv,49,Bearing1_1,73.0,73.0,True,94.0,0.5
rulsurv_original_25pct_censored_cv,1,0,five_fold_row_level_cv,59,Bearing1_1,63.0,63.0,True,69.0,0.5
rulsurv_original_25pct_censored_cv,1,0,five_fold_row_level_cv,60,Bearing1_1,62.0,62.0,True,74.0,0.5
rulsurv_original_25pct_censored_cv,1,0,five_fold_row_level_cv,62,Bearing1_1,60.0,8.0,False,73.0,0.5
rulsurv_original_25pct_censored_cv,1,0,five_fold_row_level_cv,65,Bearing1_1,57.0,57.0,True,70.0,0.5
rulsurv_original_25pct_censored_cv,1,0,five_fold_row_level_cv,66,Bearing1_1,56.0,42.0,False,68.0,0.5
rulsurv_original_25pct_censored_cv,1,0,five_fold_row_level_cv,69,Bearing1_1,53.0,53.0,True,65.0,0.5
rulsurv_original_25pct_censored_cv,1,0,five_fold_row_level_cv,80,Bearing1_1,42.0,42.0,True,43.0,0.5
rulsurv_original_25pct_censored_cv,1,0,five_fold_row_level_cv,82,Bearing1_1,40.0,40.0,True,43.0,0.5
rulsurv_original_25pct_censored_cv,1,0,five_fold_row_level_cv,85,Bearing1_1,37.0,28.0,False,39.0,0.5
rulsurv_original_25pct_censored_cv,1,0,five_fold_row_level_cv,88,Bearing1_1,34.0,34.0,True,36.0,0.5
rulsurv_original_25pct_censored_cv,1,0,five_fold_row_level_cv,90,Bearing1_1,32.0,29.0,False,29.0,0.5
rulsurv_original_25pct_censored_cv,1,0,five_fold_row_level_cv,92,Bearing1_1,30.0,16.0,False,29.0,0.5
rulsurv_original_25pct_censored_cv,1,0,five_fold_row_level_cv,107,Bearing1_1,15.0,15.0,True,13.0,0.5
rulsurv_original_25pct_censored_cv,1,0,five_fold_row_level_cv,111,Bearing1_1,11.0,11.0,True,11.0,0.5
rulsurv_original_25pct_censored_cv,1,0,five_fold_row_level_cv,119,Bearing1_1,3.0,3.0,True,9.0,0.5
rulsurv_original_25pct_censored_cv,1,0,five_fold_row_level_cv,120,Bearing1_1,2.0,2.0,True,8.0,0.5
rulsurv_original_25pct_censored_cv,1,0,five_fold_row_level_cv,132,Bearing1_2,150.0,120.0,False,139.0,0.5
rulsurv_original_25pct_censored_cv,1,0,five_fold_row_level_cv,135,Bearing1_2,147.0,147.0,True,139.0,0.5
rulsurv_original_25pct_censored_cv,1,0,five_fold_row_level_cv,147,Bearing1_2,135.0,135.0,True,133.0,0.5
rulsurv_original_25pct_censored_cv,1,0,five_fold_row_level_cv,148,Bearing1_2,134.0,134.0,True,136.0,0.5
rulsurv_original_25pct_censored_cv,1,0,five_fold_row_level_cv,159,Bearing1_2,123.0,123.0,True,108.0,0.5
rulsurv_original_25pct_censored_cv,1,0,five_fold_row_level_cv,160,Bearing1_2,122.0,122.0,True,103.0,0.5
rulsurv_original_25pct_censored_cv,1,0,five_fold_row_level_cv,162,Bearing1_2,120.0,41.0,False,99.0,0.5
rulsurv_original_25pct_censored_cv,1,0,five_fold_row_level_cv,172,Bearing1_2,110.0,86.0,False,96.0,0.5
rulsurv_original_25pct_censored_cv,1,0,five_fold_row_level_cv,173,Bearing1_2,109.0,109.0,True,91.0,0.5
rulsurv_original_25pct_censored_cv,1,0,five_fold_row_level_cv,180,Bearing1_2,102.0,102.0,True,86.0,0.5
rulsurv_original_25pct_censored_cv,1,0,five_fold_row_level_cv,185,Bearing1_2,97.0,97.0,True,91.0,0.5
rulsurv_original_25pct_censored_cv,1,0,five_fold_row_level_cv,187,Bearing1_2,95.0,77.0,False,91.0,0.5
rulsurv_original_25pct_censored_cv,1,0,five_fold_row_level_cv,192,Bearing1_2,90.0,90.0,True,73.0,0.5
rulsurv_original_25pct_censored_cv,1,0,five_fold_row_level_cv,195,Bearing1_2,87.0,87.0,True,73.0,0.5
rulsurv_original_25pct_censored_cv,1,0,five_fold_row_level_cv,197,Bearing1_2,85.0,85.0,True,75.0,0.5
rulsurv_original_25pct_censored_cv,1,0,five_fold_row_level_cv,201,Bearing1_2,81.0,81.0,True,70.0,0.5
rulsurv_original_25pct_censored_cv,1,0,five_fold_row_level_cv,218,Bearing1_2,64.0,64.0,True,61.0,0.5
rulsurv_original_25pct_censored_cv,1,0,five_fold_row_level_cv,223,Bearing1_2,59.0,59.0,True,52.0,0.5
rulsurv_original_25pct_censored_cv,1,0,five_fold_row_level_cv,236,Bearing1_2,46.0,46.0,True,50.0,0.5
rulsurv_original_25pct_censored_cv,1,0,five_fold_row_level_cv,237,Bearing1_2,45.0,45.0,True,48.0,0.5
rulsurv_original_25pct_censored_cv,1,0,five_fold_row_level_cv,242,Bearing1_2,40.0,33.0,False,38.0,0.5
rulsurv_original_25pct_censored_cv,1,0,five_fold_row_level_cv,245,Bearing1_2,37.0,1.0,False,34.0,0.5
rulsurv_original_25pct_censored_cv,1,0,five_fold_row_level_cv,247,Bearing1_2,35.0,31.0,False,10.0,0.5
rulsurv_original_25pct_censored_cv,1,0,five_fold_row_level_cv,262,Bearing1_2,20.0,20.0,True,24.0,0.5
rulsurv_original_25pct_censored_cv,1,0,five_fold_row_level_cv,267,Bearing1_2,15.0,15.0,True,17.0,0.5
rulsurv_original_25pct_censored_cv,1,0,five_fold_row_level_cv,268,Bearing1_2,14.0,10.0,False,16.0,0.5
rulsurv_original_25pct_censored_cv,1,0,five_fold_row_level_cv,273,Bearing1_2,9.0,9.0,True,7.0,0.5
rulsurv_original_25pct_censored_cv,1,0,five_fold_row_level_cv,274,Bearing1_2,8.0,8.0,True,7.0,0.5
rulsurv_original_25pct_censored_cv,1,0,five_fold_row_level_cv,277,Bearing1_2,5.0,5.0,True,4.0,0.5
rulsurv_original_25pct_censored_cv,1,0,five_fold_row_level_cv,285,Bearing1_3,154.0,154.0,True,136.0,0.5
rulsurv_original_25pct_censored_cv,1,0,five_fold_row_level_cv,289,Bearing1_3,150.0,150.0,True,138.0,0.5
rulsurv_original_25pct_censored_cv,1,0,five_fold_row_level_cv,291,Bearing1_3,148.0,148.0,True,139.0,0.5
rulsurv_original_25pct_censored_cv,1,0,five_fold_row_level_cv,295,Bearing1_3,144.0,144.0,True,136.0,0.5
rulsurv_original_25pct_censored_cv,1,0,five_fold_row_level_cv,304,Bearing1_3,135.0,69.0,False,130.0,0.5
rulsurv_original_25pct_censored_cv,1,0,five_fold_row_level_cv,305,Bearing1_3,134.0,134.0,True,131.0,0.5
rulsurv_original_25pct_censored_cv,1,0,five_fold_row_level_cv,306,Bearing1_3,133.0,126.0,False,132.0,0.5
rulsurv_original_25pct_censored_cv,1,0,five_fold_row_level_cv,307,Bearing1_3,132.0,132.0,True,131.0,0.5
rulsurv_original_25pct_censored_cv,1,0,five_fold_row_level_cv,312,Bearing1_3,127.0,126.0,False,130.0,0.5
rulsurv_original_25pct_censored_cv,1,0,five_fold_row_level_cv,318,Bearing1_3,121.0,121.0,True,125.0,0.5
rulsurv_original_25pct_censored_cv,1,0,five_fold_row_level_cv,329,Bearing1_3,110.0,110.0,True,116.0,0.5
rulsurv_original_25pct_censored_cv,1,0,five_fold_row_level_cv,339,Bearing1_3,100.0,100.0,True,104.0,0.5
rulsurv_original_25pct_censored_cv,1,0,five_fold_row_level_cv,346,Bearing1_3,93.0,93.0,True,94.0,0.5
rulsurv_original_25pct_censored_cv,1,0,five_fold_row_level_cv,347,Bearing1_3,92.0,92.0,True,95.0,0.5
rulsurv_original_25pct_censored_cv,1,0,five_fold_row_level_cv,368,Bearing1_3,71.0,71.0,True,75.0,0.5
rulsurv_original_25pct_censored_cv,1,0,five_fold_row_level_cv,370,Bearing1_3,69.0,69.0,True,68.0,0.5
rulsurv_original_25pct_censored_cv,1,0,five_fold_row_level_cv,373,Bearing1_3,66.0,66.0,True,66.0,0.5
rulsurv_original_25pct_censored_cv,1,0,five_fold_row_level_cv,382,Bearing1_3,57.0,57.0,True,54.0,0.5
rulsurv_original_25pct_censored_cv,1,0,five_fold_row_level_cv,383,Bearing1_3,56.0,56.0,True,54.0,0.5
rulsurv_original_25pct_censored_cv,1,0,five_fold_row_level_cv,392,Bearing1_3,47.0,47.0,True,48.0,0.5
rulsurv_original_25pct_censored_cv,1,0,five_fold_row_level_cv,400,Bearing1_3,39.0,32.0,False,41.0,0.5
rulsurv_original_25pct_censored_cv,1,0,five_fold_row_level_cv,403,Bearing1_3,36.0,10.0,False,40.0,0.5
rulsurv_original_25pct_censored_cv,1,0,five_fold_row_level_cv,408,Bearing1_3,31.0,31.0,True,34.0,0.5
rulsurv_original_25pct_censored_cv,1,0,five_fold_row_level_cv,409,Bearing1_3,30.0,30.0,True,34.0,0.5
rulsurv_original_25pct_censored_cv,1,0,five_fold_row_level_cv,415,Bearing1_3,24.0,22.0,False,25.0,0.5
rulsurv_original_25pct_censored_cv,1,0,five_fold_row_level_cv,417,Bearing1_3,22.0,22.0,True,24.0,0.5
rulsurv_original_25pct_censored_cv,1,0,five_fold_row_level_cv,419,Bearing1_3,20.0,20.0,True,23.0,0.5
rulsurv_original_25pct_censored_cv,1,0,five_fold_row_level_cv,428,Bearing1_3,11.0,11.0,True,14.0,0.5
rulsurv_original_25pct_censored_cv,1,0,five_fold_row_level_cv,433,Bearing1_3,6.0,6.0,True,7.0,0.5
rulsurv_original_25pct_censored_cv,1,0,five_fold_row_level_cv,436,Bearing1_3,3.0,1.0,False,7.0,0.5
rulsurv_original_25pct_censored_cv,1,0,five_fold_row_level_cv,437,Bearing1_3,2.0,1.0,False,5.0,0.5
rulsurv_original_25pct_censored_cv,1,0,five_fold_row_level_cv,440,Bearing1_4,120.0,120.0,True,116.0,0.5
rulsurv_original_25pct_censored_cv,1,0,five_fold_row_level_cv,446,Bearing1_4,114.0,73.0,False,117.0,0.5
rulsurv_original_25pct_censored_cv,1,0,five_fold_row_level_cv,453,Bearing1_4,107.0,107.0,True,93.0,0.5
rulsurv_original_25pct_censored_cv,1,0,five_fold_row_level_cv,457,Bearing1_4,103.0,19.0,False,93.0,0.5
rulsurv_original_25pct_censored_cv,1,0,five_fold_row_level_cv,459,Bearing1_4,101.0,101.0,True,93.0,0.5
rulsurv_original_25pct_censored_cv,1,0,five_fold_row_level_cv,460,Bearing1_4,100.0,100.0,True,98.0,0.5
rulsurv_original_25pct_censored_cv,1,0,five_fold_row_level_cv,463,Bearing1_4,97.0,48.0,False,93.0,0.5
rulsurv_original_25pct_censored_cv,1,0,five_fold_row_level_cv,464,Bearing1_4,96.0,96.0,True,93.0,0.5
rulsurv_original_25pct_censored_cv,1,0,five_fold_row_level_cv,465,Bearing1_4,95.0,95.0,True,93.0,0.5
rulsurv_original_25pct_censored_cv,1,0,five_fold_row_level_cv,485,Bearing1_4,75.0,11.0,False,82.0,0.5
rulsurv_original_25pct_censored_cv,1,0,five_fold_row_level_cv,488,Bearing1_4,72.0,72.0,True,80.0,0.5
rulsurv_original_25pct_censored_cv,1,0,five_fold_row_level_cv,496,Bearing1_4,64.0,64.0,True,67.0,0.5
rulsurv_original_25pct_censored_cv,1,0,five_fold_row_level_cv,499,Bearing1_4,61.0,61.0,True,68.0,0.5
rulsurv_original_25pct_censored_cv,1,0,five_fold_row_level_cv,502,Bearing1_4,58.0,58.0,True,59.0,0.5
rulsurv_original_25pct_censored_cv,1,0,five_fold_row_level_cv,504,Bearing1_4,56.0,56.0,True,59.0,0.5
rulsurv_original_25pct_censored_cv,1,0,five_fold_row_level_cv,506,Bearing1_4,54.0,54.0,True,57.0,0.5
rulsurv_original_25pct_censored_cv,1,0,five_fold_row_level_cv,525,Bearing1_4,35.0,35.0,True,38.0,0.5
rulsurv_original_25pct_censored_cv,1,0,five_fold_row_level_cv,528,Bearing1_4,32.0,32.0,True,55.0,0.5
rulsurv_original_25pct_censored_cv,1,0,five_fold_row_level_cv,541,Bearing1_4,19.0,19.0,True,21.0,0.5
rulsurv_original_25pct_censored_cv,1,0,five_fold_row_level_cv,546,Bearing1_4,14.0,14.0,True,17.0,0.5
rulsurv_original_25pct_censored_cv,1,0,five_fold_row_level_cv,552,Bearing1_4,8.0,8.0,True,10.0,0.5
rulsurv_original_25pct_censored_cv,1,0,five_fold_row_level_cv,555,Bearing1_4,5.0,5.0,True,10.0,0.5
rulsurv_original_25pct_censored_cv,1,0,five_fold_row_level_cv,560,Bearing1_5,51.0,10.0,False,37.0,0.5
rulsurv_original_25pct_censored_cv,1,0,five_fold_row_level_cv,564,Bearing1_5,47.0,12.0,False,40.0,0.5
rulsurv_original_25pct_censored_cv,1,0,five_fold_row_level_cv,565,Bearing1_5,46.0,46.0,True,43.0,0.5
rulsurv_original_25pct_censored_cv,1,0,five_fold_row_level_cv,569,Bearing1_5,42.0,42.0,True,40.0,0.5
rulsurv_original_25pct_censored_cv,1,0,five_fold_row_level_cv,576,Bearing1_5,35.0,35.0,True,37.0,0.5
rulsurv_original_25pct_censored_cv,1,0,five_fold_row_level_cv,578,Bearing1_5,33.0,15.0,False,39.0,0.5
rulsurv_original_25pct_censored_cv,1,0,five_fold_row_level_cv,581,Bearing1_5,30.0,30.0,True,36.0,0.5
rulsurv_original_25pct_censored_cv,1,0,five_fold_row_level_cv,584,Bearing1_5,27.0,27.0,True,37.0,0.5
rulsurv_original_25pct_censored_cv,1,0,five_fold_row_level_cv,586,Bearing1_5,25.0,25.0,True,40.0,0.5
rulsurv_original_25pct_censored_cv,1,0,five_fold_row_level_cv,599,Bearing1_5,12.0,12.0,True,19.0,0.5
rulsurv_original_25pct_censored_cv,1,0,five_fold_row_level_cv,602,Bearing1_5,9.0,9.0,True,10.0,0.5
rulsurv_original_25pct_censored_cv,1,0,five_fold_row_level_cv,605,Bearing1_5,6.0,6.0,True,10.0,0.5
rulsurv_original_25pct_censored_cv,1,0,five_fold_row_level_cv,608,Bearing1_5,3.0,3.0,True,9.0,0.5
rulsurv_original_25pct_censored_cv,1,1,five_fold_row_level_cv,4,Bearing1_1,118.0,118.0,True,135.0,0.5
rulsurv_original_25pct_censored_cv,1,1,five_fold_row_level_cv,5,Bearing1_1,117.0,117.0,True,128.0,0.5
rulsurv_original_25pct_censored_cv,1,1,five_fold_row_level_cv,6,Bearing1_1,116.0,93.0,False,132.0,0.5
rulsurv_original_25pct_censored_cv,1,1,five_fold_row_level_cv,11,Bearing1_1,111.0,111.0,True,104.0,0.5
rulsurv_original_25pct_censored_cv,1,1,five_fold_row_level_cv,16,Bearing1_1,106.0,106.0,True,104.0,0.5
rulsurv_original_25pct_censored_cv,1,1,five_fold_row_level_cv,19,Bearing1_1,103.0,103.0,True,102.0,0.5
rulsurv_original_25pct_censored_cv,1,1,five_fold_row_level_cv,31,Bearing1_1,91.0,46.0,False,86.0,0.5
rulsurv_original_25pct_censored_cv,1,1,five_fold_row_level_cv,38,Bearing1_1,84.0,84.0,True,87.0,0.5
rulsurv_original_25pct_censored_cv,1,1,five_fold_row_level_cv,39,Bearing1_1,83.0,83.0,True,90.0,0.5
rulsurv_original_25pct_censored_cv,1,1,five_fold_row_level_cv,42,Bearing1_1,80.0,80.0,True,87.0,0.5
rulsurv_original_25pct_censored_cv,1,1,five_fold_row_level_cv,52,Bearing1_1,70.0,35.0,False,79.0,0.5
rulsurv_original_25pct_censored_cv,1,1,five_fold_row_level_cv,57,Bearing1_1,65.0,65.0,True,82.0,0.5
rulsurv_original_25pct_censored_cv,1,1,five_fold_row_level_cv,58,Bearing1_1,64.0,64.0,True,78.0,0.5
rulsurv_original_25pct_censored_cv,1,1,five_fold_row_level_cv,61,Bearing1_1,61.0,61.0,True,75.0,0.5
rulsurv_original_25pct_censored_cv,1,1,five_fold_row_level_cv,67,Bearing1_1,55.0,55.0,True,71.0,0.5
rulsurv_original_25pct_censored_cv,1,1,five_fold_row_level_cv,68,Bearing1_1,54.0,54.0,True,71.0,0.5
rulsurv_original_25pct_censored_cv,1,1,five_fold_row_level_cv,74,Bearing1_1,48.0,48.0,True,61.0,0.5
rulsurv_original_25pct_censored_cv,1,1,five_fold_row_level_cv,76,Bearing1_1,46.0,46.0,True,56.0,0.5
rulsurv_original_25pct_censored_cv,1,1,five_fold_row_level_cv,78,Bearing1_1,44.0,22.0,False,47.0,0.5
rulsurv_original_25pct_censored_cv,1,1,five_fold_row_level_cv,81,Bearing1_1,41.0,41.0,True,43.0,0.5
rulsurv_original_25pct_censored_cv,1,1,five_fold_row_level_cv,95,Bearing1_1,27.0,27.0,True,29.0,0.5
rulsurv_original_25pct_censored_cv,1,1,five_fold_row_level_cv,102,Bearing1_1,20.0,20.0,True,24.0,0.5
rulsurv_original_25pct_censored_cv,1,1,five_fold_row_level_cv,110,Bearing1_1,12.0,12.0,True,12.0,0.5
rulsurv_original_25pct_censored_cv,1,1,five_fold_row_level_cv,117,Bearing1_1,5.0,5.0,True,11.0,0.5
rulsurv_original_25pct_censored_cv,1,1,five_fold_row_level_cv,121,Bearing1_1,1.0,1.0,True,8.0,0.5
rulsurv_original_25pct_censored_cv,1,1,five_fold_row_level_cv,124,Bearing1_2,158.0,158.0,True,109.0,0.5
rulsurv_original_25pct_censored_cv,1,1,five_fold_row_level_cv,128,Bearing1_2,154.0,154.0,True,135.0,0.5
rulsurv_original_25pct_censored_cv,1,1,five_fold_row_level_cv,133,Bearing1_2,149.0,149.0,True,136.0,0.5
rulsurv_original_25pct_censored_cv,1,1,five_fold_row_level_cv,139,Bearing1_2,143.0,143.0,True,133.0,0.5
rulsurv_original_25pct_censored_cv,1,1,five_fold_row_level_cv,142,Bearing1_2,140.0,7.0,False,133.0,0.5
rulsurv_original_25pct_censored_cv,1,1,five_fold_row_level_cv,146,Bearing1_2,136.0,136.0,True,132.0,0.5
rulsurv_original_25pct_censored_cv,1,1,five_fold_row_level_cv,157,Bearing1_2,125.0,102.0,False,116.0,0.5
rulsurv_original_25pct_censored_cv,1,1,five_fold_row_level_cv,161,Bearing1_2,121.0,121.0,True,116.0,0.5
rulsurv_original_25pct_censored_cv,1,1,five_fold_row_level_cv,165,Bearing1_2,117.0,72.0,False,105.0,0.5
rulsurv_original_25pct_censored_cv,1,1,five_fold_row_level_cv,179,Bearing1_2,103.0,103.0,True,97.0,0.5
rulsurv_original_25pct_censored_cv,1,1,five_fold_row_level_cv,186,Bearing1_2,96.0,96.0,True,90.0,0.5
rulsurv_original_25pct_censored_cv,1,1,five_fold_row_level_cv,189,Bearing1_2,93.0,93.0,True,87.0,0.5
rulsurv_original_25pct_censored_cv,1,1,five_fold_row_level_cv,200,Bearing1_2,82.0,52.0,False,70.0,0.5
rulsurv_original_25pct_censored_cv,1,1,five_fold_row_level_cv,203,Bearing1_2,79.0,79.0,True,55.0,0.5
rulsurv_original_25pct_censored_cv,1,1,five_fold_row_level_cv,207,Bearing1_2,75.0,75.0,True,59.0,0.5
rulsurv_original_25pct_censored_cv,1,1,five_fold_row_level_cv,214,Bearing1_2,68.0,68.0,True,66.0,0.5
rulsurv_original_25pct_censored_cv,1,1,five_fold_row_level_cv,224,Bearing1_2,58.0,58.0,True,55.0,0.5
rulsurv_original_25pct_censored_cv,1,1,five_fold_row_level_cv,232,Bearing1_2,50.0,50.0,True,47.0,0.5
rulsurv_original_25pct_censored_cv,1,1,five_fold_row_level_cv,233,Bearing1_2,49.0,36.0,False,47.0,0.5
rulsurv_original_25pct_censored_cv,1,1,five_fold_row_level_cv,241,Bearing1_2,41.0,41.0,True,46.0,0.5
rulsurv_original_25pct_censored_cv,1,1,five_fold_row_level_cv,250,Bearing1_2,32.0,14.0,False,31.0,0.5
rulsurv_original_25pct_censored_cv,1,1,five_fold_row_level_cv,255,Bearing1_2,27.0,27.0,True,28.0,0.5
rulsurv_original_25pct_censored_cv,1,1,five_fold_row_level_cv,257,Bearing1_2,25.0,25.0,True,26.0,0.5
rulsurv_original_25pct_censored_cv,1,1,five_fold_row_level_cv,259,Bearing1_2,23.0,23.0,True,24.0,0.5
rulsurv_original_25pct_censored_cv,1,1,five_fold_row_level_cv,260,Bearing1_2,22.0,22.0,True,20.0,0.5
rulsurv_original_25pct_censored_cv,1,1,five_fold_row_level_cv,261,Bearing1_2,21.0,21.0,True,22.0,0.5
rulsurv_original_25pct_censored_cv,1,1,five_fold_row_level_cv,283,Bearing1_3,156.0,156.0,True,136.0,0.5
rulsurv_original_25pct_censored_cv,1,1,five_fold_row_level_cv,286,Bearing1_3,153.0,153.0,True,135.0,0.5
rulsurv_original_25pct_censored_cv,1,1,five_fold_row_level_cv,292,Bearing1_3,147.0,147.0,True,139.0,0.5
rulsurv_original_25pct_censored_cv,1,1,five_fold_row_level_cv,293,Bearing1_3,146.0,143.0,False,134.0,0.5
rulsurv_original_25pct_censored_cv,1,1,five_fold_row_level_cv,301,Bearing1_3,138.0,138.0,True,134.0,0.5
rulsurv_original_25pct_censored_cv,1,1,five_fold_row_level_cv,314,Bearing1_3,125.0,125.0,True,129.0,0.5
rulsurv_original_25pct_censored_cv,1,1,five_fold_row_level_cv,323,Bearing1_3,116.0,116.0,True,127.0,0.5
rulsurv_original_25pct_censored_cv,1,1,five_fold_row_level_cv,333,Bearing1_3,106.0,106.0,True,109.0,0.5
rulsurv_original_25pct_censored_cv,1,1,five_fold_row_level_cv,334,Bearing1_3,105.0,105.0,True,109.0,0.5
rulsurv_original_25pct_censored_cv,1,1,five_fold_row_level_cv,335,Bearing1_3,104.0,104.0,True,109.0,0.5
rulsurv_original_25pct_censored_cv,1,1,five_fold_row_level_cv,337,Bearing1_3,102.0,102.0,True,108.0,0.5
rulsurv_original_25pct_censored_cv,1,1,five_fold_row_level_cv,344,Bearing1_3,95.0,95.0,True,98.0,0.5
rulsurv_original_25pct_censored_cv,1,1,five_fold_row_level_cv,349,Bearing1_3,90.0,90.0,True,93.0,0.5
rulsurv_original_25pct_censored_cv,1,1,five_fold_row_level_cv,351,Bearing1_3,88.0,24.0,False,92.0,0.5
rulsurv_original_25pct_censored_cv,1,1,five_fold_row_level_cv,358,Bearing1_3,81.0,81.0,True,74.0,0.5
rulsurv_original_25pct_censored_cv,1,1,five_fold_row_level_cv,359,Bearing1_3,80.0,80.0,True,73.0,0.5
rulsurv_original_25pct_censored_cv,1,1,five_fold_row_level_cv,360,Bearing1_3,79.0,79.0,True,69.0,0.5
rulsurv_original_25pct_censored_cv,1,1,five_fold_row_level_cv,361,Bearing1_3,78.0,64.0,False,71.0,0.5
rulsurv_original_25pct_censored_cv,1,1,five_fold_row_level_cv,362,Bearing1_3,77.0,77.0,True,70.0,0.5
rulsurv_original_25pct_censored_cv,1,1,five_fold_row_level_cv,375,Bearing1_3,64.0,46.0,False,65.0,0.5
rulsurv_original_25pct_censored_cv,1,1,five_fold_row_level_cv,377,Bearing1_3,62.0,62.0,True,63.0,0.5
rulsurv_original_25pct_censored_cv,1,1,five_fold_row_level_cv,380,Bearing1_3,59.0,53.0,False,58.0,0.5
rulsurv_original_25pct_censored_cv,1,1,five_fold_row_level_cv,385,Bearing1_3,54.0,54.0,True,56.0,0.5
rulsurv_original_25pct_censored_cv,1,1,five_fold_row_level_cv,386,Bearing1_3,53.0,53.0,True,53.0,0.5
rulsurv_original_25pct_censored_cv,1,1,five_fold_row_level_cv,391,Bearing1_3,48.0,36.0,False,46.0,0.5
rulsurv_original_25pct_censored_cv,1,1,five_fold_row_level_cv,394,Bearing1_3,45.0,28.0,False,45.0,0.5
rulsurv_original_25pct_censored_cv,1,1,five_fold_row_level_cv,407,Bearing1_3,32.0,32.0,True,35.0,0.5
rulsurv_original_25pct_censored_cv,1,1,five_fold_row_level_cv,410,Bearing1_3,29.0,29.0,True,33.0,0.5
rulsurv_original_25pct_censored_cv,1,1,five_fold_row_level_cv,411,Bearing1_3,28.0,28.0,True,34.0,0.5
rulsurv_original_25pct_censored_cv,1,1,five_fold_row_level_cv,414,Bearing1_3,25.0,25.0,True,25.0,0.5
rulsurv_original_25pct_censored_cv,1,1,five_fold_row_level_cv,423,Bearing1_3,16.0,16.0,True,20.0,0.5
rulsurv_original_25pct_censored_cv,1,1,five_fold_row_level_cv,427,Bearing1_3,12.0,5.0,False,14.0,0.5
rulsurv_original_25pct_censored_cv,1,1,five_fold_row_level_cv,429,Bearing1_3,10.0,10.0,True,14.0,0.5
rulsurv_original_25pct_censored_cv,1,1,five_fold_row_level_cv,434,Bearing1_3,5.0,4.0,False,6.0,0.5
rulsurv_original_25pct_censored_cv,1,1,five_fold_row_level_cv,435,Bearing1_3,4.0,1.0,False,7.0,0.5
rulsurv_original_25pct_censored_cv,1,1,five_fold_row_level_cv,445,Bearing1_4,115.0,115.0,True,95.0,0.5
rulsurv_original_25pct_censored_cv,1,1,five_fold_row_level_cv,447,Bearing1_4,113.0,113.0,True,95.0,0.5
rulsurv_original_25pct_censored_cv,1,1,five_fold_row_level_cv,448,Bearing1_4,112.0,112.0,True,95.0,0.5
rulsurv_original_25pct_censored_cv,1,1,five_fold_row_level_cv,451,Bearing1_4,109.0,109.0,True,96.0,0.5
rulsurv_original_25pct_censored_cv,1,1,five_fold_row_level_cv,455,Bearing1_4,105.0,30.0,False,95.0,0.5
rulsurv_original_25pct_censored_cv,1,1,five_fold_row_level_cv,475,Bearing1_4,85.0,85.0,True,92.0,0.5
rulsurv_original_25pct_censored_cv,1,1,five_fold_row_level_cv,477,Bearing1_4,83.0,83.0,True,89.0,0.5
rulsurv_original_25pct_censored_cv,1,1,five_fold_row_level_cv,479,Bearing1_4,81.0,81.0,True,91.0,0.5
rulsurv_original_25pct_censored_cv,1,1,five_fold_row_level_cv,480,Bearing1_4,80.0,80.0,True,89.0,0.5
rulsurv_original_25pct_censored_cv,1,1,five_fold_row_level_cv,481,Bearing1_4,79.0,79.0,True,87.0,0.5
rulsurv_original_25pct_censored_cv,1,1,five_fold_row_level_cv,482,Bearing1_4,78.0,78.0,True,86.0,0.5
rulsurv_original_25pct_censored_cv,1,1,five_fold_row_level_cv,484,Bearing1_4,76.0,63.0,False,89.0,0.5
rulsurv_original_25pct_censored_cv,1,1,five_fold_row_level_cv,495,Bearing1_4,65.0,27.0,False,64.0,0.5
rulsurv_original_25pct_censored_cv,1,1,five_fold_row_level_cv,498,Bearing1_4,62.0,62.0,True,63.0,0.5
rulsurv_original_25pct_censored_cv,1,1,five_fold_row_level_cv,501,Bearing1_4,59.0,59.0,True,61.0,0.5
rulsurv_original_25pct_censored_cv,1,1,five_fold_row_level_cv,511,Bearing1_4,49.0,49.0,True,55.0,0.5
rulsurv_original_25pct_censored_cv,1,1,five_fold_row_level_cv,518,Bearing1_4,42.0,42.0,True,44.0,0.5
rulsurv_original_25pct_censored_cv,1,1,five_fold_row_level_cv,527,Bearing1_4,33.0,33.0,True,38.0,0.5
rulsurv_original_25pct_censored_cv,1,1,five_fold_row_level_cv,530,Bearing1_4,30.0,1.0,False,37.0,0.5
rulsurv_original_25pct_censored_cv,1,1,five_fold_row_level_cv,531,Bearing1_4,29.0,29.0,True,39.0,0.5
rulsurv_original_25pct_censored_cv,1,1,five_fold_row_level_cv,538,Bearing1_4,22.0,22.0,True,24.0,0.5
rulsurv_original_25pct_censored_cv,1,1,five_fold_row_level_cv,539,Bearing1_4,21.0,21.0,True,23.0,0.5
rulsurv_original_25pct_censored_cv,1,1,five_fold_row_level_cv,549,Bearing1_4,11.0,11.0,True,17.0,0.5
rulsurv_original_25pct_censored_cv,1,1,five_fold_row_level_cv,550,Bearing1_4,10.0,10.0,True,16.0,0.5
rulsurv_original_25pct_censored_cv,1,1,five_fold_row_level_cv,554,Bearing1_4,6.0,6.0,True,17.0,0.5
rulsurv_original_25pct_censored_cv,1,1,five_fold_row_level_cv,556,Bearing1_4,4.0,4.0,True,14.0,0.5
rulsurv_original_25pct_censored_cv,1,1,five_fold_row_level_cv,557,Bearing1_4,3.0,3.0,True,12.0,0.5
rulsurv_original_25pct_censored_cv,1,1,five_fold_row_level_cv,566,Bearing1_5,45.0,45.0,True,49.0,0.5
rulsurv_original_25pct_censored_cv,1,1,five_fold_row_level_cv,575,Bearing1_5,36.0,36.0,True,37.0,0.5
rulsurv_original_25pct_censored_cv,1,1,five_fold_row_level_cv,577,Bearing1_5,34.0,34.0,True,39.0,0.5
rulsurv_original_25pct_censored_cv,1,1,five_fold_row_level_cv,579,Bearing1_5,32.0,32.0,True,31.0,0.5
rulsurv_original_25pct_censored_cv,1,1,five_fold_row_level_cv,585,Bearing1_5,26.0,26.0,True,30.0,0.5
rulsurv_original_25pct_censored_cv,1,1,five_fold_row_level_cv,592,Bearing1_5,19.0,19.0,True,25.0,0.5
rulsurv_original_25pct_censored_cv,1,1,five_fold_row_level_cv,595,Bearing1_5,16.0,16.0,True,23.0,0.5
rulsurv_original_25pct_censored_cv,1,1,five_fold_row_level_cv,596,Bearing1_5,15.0,15.0,True,24.0,0.5
rulsurv_original_25pct_censored_cv,1,1,five_fold_row_level_cv,606,Bearing1_5,5.0,4.0,False,6.0,0.5
rulsurv_original_25pct_censored_cv,1,2,five_fold_row_level_cv,1,Bearing1_1,121.0,90.0,False,130.0,0.5
rulsurv_original_25pct_censored_cv,1,2,five_fold_row_level_cv,2,Bearing1_1,120.0,120.0,True,134.0,0.5
rulsurv_original_25pct_censored_cv,1,2,five_fold_row_level_cv,12,Bearing1_1,110.0,28.0,False,115.0,0.5
rulsurv_original_25pct_censored_cv,1,2,five_fold_row_level_cv,14,Bearing1_1,108.0,6.0,False,109.0,0.5
rulsurv_original_25pct_censored_cv,1,2,five_fold_row_level_cv,18,Bearing1_1,104.0,104.0,True,103.0,0.5
rulsurv_original_25pct_censored_cv,1,2,five_fold_row_level_cv,27,Bearing1_1,95.0,95.0,True,81.0,0.5
rulsurv_original_25pct_censored_cv,1,2,five_fold_row_level_cv,30,Bearing1_1,92.0,92.0,True,82.0,0.5
rulsurv_original_25pct_censored_cv,1,2,five_fold_row_level_cv,36,Bearing1_1,86.0,86.0,True,87.0,0.5
rulsurv_original_25pct_censored_cv,1,2,five_fold_row_level_cv,46,Bearing1_1,76.0,76.0,True,78.0,0.5
rulsurv_original_25pct_censored_cv,1,2,five_fold_row_level_cv,51,Bearing1_1,71.0,71.0,True,83.0,0.5
rulsurv_original_25pct_censored_cv,1,2,five_fold_row_level_cv,70,Bearing1_1,52.0,52.0,True,63.0,0.5
rulsurv_original_25pct_censored_cv,1,2,five_fold_row_level_cv,73,Bearing1_1,49.0,49.0,True,65.0,0.5
rulsurv_original_25pct_censored_cv,1,2,five_fold_row_level_cv,89,Bearing1_1,33.0,19.0,False,36.0,0.5
rulsurv_original_25pct_censored_cv,1,2,five_fold_row_level_cv,91,Bearing1_1,31.0,31.0,True,34.0,0.5
rulsurv_original_25pct_censored_cv,1,2,five_fold_row_level_cv,93,Bearing1_1,29.0,29.0,True,34.0,0.5
rulsurv_original_25pct_censored_cv,1,2,five_fold_row_level_cv,98,Bearing1_1,24.0,24.0,True,28.0,0.5
rulsurv_original_25pct_censored_cv,1,2,five_fold_row_level_cv,101,Bearing1_1,21.0,21.0,True,25.0,0.5
rulsurv_original_25pct_censored_cv,1,2,five_fold_row_level_cv,104,Bearing1_1,18.0,18.0,True,23.0,0.5
rulsurv_original_25pct_censored_cv,1,2,five_fold_row_level_cv,105,Bearing1_1,17.0,17.0,True,25.0,0.5
rulsurv_original_25pct_censored_cv,1,2,five_fold_row_level_cv,106,Bearing1_1,16.0,16.0,True,22.0,0.5
rulsurv_original_25pct_censored_cv,1,2,five_fold_row_level_cv,112,Bearing1_1,10.0,10.0,True,21.0,0.5
rulsurv_original_25pct_censored_cv,1,2,five_fold_row_level_cv,115,Bearing1_1,7.0,7.0,True,9.0,0.5
rulsurv_original_25pct_censored_cv,1,2,five_fold_row_level_cv,122,Bearing1_2,160.0,67.0,False,129.0,0.5
rulsurv_original_25pct_censored_cv,1,2,five_fold_row_level_cv,123,Bearing1_2,159.0,159.0,True,130.0,0.5
rulsurv_original_25pct_censored_cv,1,2,five_fold_row_level_cv,125,Bearing1_2,157.0,157.0,True,136.0,0.5
rulsurv_original_25pct_censored_cv,1,2,five_fold_row_level_cv,127,Bearing1_2,155.0,83.0,False,135.0,0.5
rulsurv_original_25pct_censored_cv,1,2,five_fold_row_level_cv,131,Bearing1_2,151.0,151.0,True,134.0,0.5
rulsurv_original_25pct_censored_cv,1,2,five_fold_row_level_cv,138,Bearing1_2,144.0,144.0,True,131.0,0.5
rulsurv_original_25pct_censored_cv,1,2,five_fold_row_level_cv,143,Bearing1_2,139.0,139.0,True,134.0,0.5
rulsurv_original_25pct_censored_cv,1,2,five_fold_row_level_cv,145,Bearing1_2,137.0,137.0,True,125.0,0.5
rulsurv_original_25pct_censored_cv,1,2,five_fold_row_level_cv,150,Bearing1_2,132.0,132.0,True,133.0,0.5
rulsurv_original_25pct_censored_cv,1,2,five_fold_row_level_cv,153,Bearing1_2,129.0,129.0,True,106.0,0.5
rulsurv_original_25pct_censored_cv,1,2,five_fold_row_level_cv,163,Bearing1_2,119.0,119.0,True,106.0,0.5
rulsurv_original_25pct_censored_cv,1,2,five_fold_row_level_cv,164,Bearing1_2,118.0,118.0,True,107.0,0.5
rulsurv_original_25pct_censored_cv,1,2,five_fold_row_level_cv,167,Bearing1_2,115.0,115.0,True,94.0,0.5
rulsurv_original_25pct_censored_cv,1,2,five_fold_row_level_cv,168,Bearing1_2,114.0,114.0,True,97.0,0.5
rulsurv_original_25pct_censored_cv,1,2,five_fold_row_level_cv,171,Bearing1_2,111.0,111.0,True,90.0,0.5
rulsurv_original_25pct_censored_cv,1,2,five_fold_row_level_cv,174,Bearing1_2,108.0,108.0,True,93.0,0.5
rulsurv_original_25pct_censored_cv,1,2,five_fold_row_level_cv,188,Bearing1_2,94.0,94.0,True,87.0,0.5
rulsurv_original_25pct_censored_cv,1,2,five_fold_row_level_cv,191,Bearing1_2,91.0,91.0,True,83.0,0.5
rulsurv_original_25pct_censored_cv,1,2,five_fold_row_level_cv,204,Bearing1_2,78.0,78.0,True,56.0,0.5
rulsurv_original_25pct_censored_cv,1,2,five_fold_row_level_cv,206,Bearing1_2,76.0,18.0,False,63.0,0.5
rulsurv_original_25pct_censored_cv,1,2,five_fold_row_level_cv,208,Bearing1_2,74.0,74.0,True,63.0,0.5
rulsurv_original_25pct_censored_cv,1,2,five_fold_row_level_cv,213,Bearing1_2,69.0,1.0,False,66.0,0.5
rulsurv_original_25pct_censored_cv,1,2,five_fold_row_level_cv,221,Bearing1_2,61.0,61.0,True,58.0,0.5
rulsurv_original_25pct_censored_cv,1,2,five_fold_row_level_cv,225,Bearing1_2,57.0,30.0,False,55.0,0.5
rulsurv_original_25pct_censored_cv,1,2,five_fold_row_level_cv,230,Bearing1_2,52.0,52.0,True,50.0,0.5
rulsurv_original_25pct_censored_cv,1,2,five_fold_row_level_cv,238,Bearing1_2,44.0,44.0,True,46.0,0.5
rulsurv_original_25pct_censored_cv,1,2,five_fold_row_level_cv,239,Bearing1_2,43.0,29.0,False,47.0,0.5
rulsurv_original_25pct_censored_cv,1,2,five_fold_row_level_cv,240,Bearing1_2,42.0,6.0,False,45.0,0.5
rulsurv_original_25pct_censored_cv,1,2,five_fold_row_level_cv,244,Bearing1_2,38.0,38.0,True,41.0,0.5
rulsurv_original_25pct_censored_cv,1,2,five_fold_row_level_cv,246,Bearing1_2,36.0,1.0,False,29.0,0.5
rulsurv_original_25pct_censored_cv,1,2,five_fold_row_level_cv,249,Bearing1_2,33.0,28.0,False,33.0,0.5
rulsurv_original_25pct_censored_cv,1,2,five_fold_row_level_cv,256,Bearing1_2,26.0,26.0,True,25.0,0.5
rulsurv_original_25pct_censored_cv,1,2,five_fold_row_level_cv,258,Bearing1_2,24.0,24.0,True,23.0,0.5
rulsurv_original_25pct_censored_cv,1,2,five_fold_row_level_cv,265,Bearing1_2,17.0,17.0,True,20.0,0.5
rulsurv_original_25pct_censored_cv,1,2,five_fold_row_level_cv,270,Bearing1_2,12.0,12.0,True,11.0,0.5
rulsurv_original_25pct_censored_cv,1,2,five_fold_row_level_cv,272,Bearing1_2,10.0,4.0,False,8.0,0.5
rulsurv_original_25pct_censored_cv,1,2,five_fold_row_level_cv,284,Bearing1_3,155.0,155.0,True,141.0,0.5
rulsurv_original_25pct_censored_cv,1,2,five_fold_row_level_cv,294,Bearing1_3,145.0,66.0,False,136.0,0.5
rulsurv_original_25pct_censored_cv,1,2,five_fold_row_level_cv,300,Bearing1_3,139.0,139.0,True,134.0,0.5
rulsurv_original_25pct_censored_cv,1,2,five_fold_row_level_cv,308,Bearing1_3,131.0,113.0,False,134.0,0.5
rulsurv_original_25pct_censored_cv,1,2,five_fold_row_level_cv,311,Bearing1_3,128.0,128.0,True,133.0,0.5
rulsurv_original_25pct_censored_cv,1,2,five_fold_row_level_cv,315,Bearing1_3,124.0,85.0,False,129.0,0.5
rulsurv_original_25pct_censored_cv,1,2,five_fold_row_level_cv,324,Bearing1_3,115.0,115.0,True,118.0,0.5
rulsurv_original_25pct_censored_cv,1,2,five_fold_row_level_cv,326,Bearing1_3,113.0,113.0,True,118.0,0.5
rulsurv_original_25pct_censored_cv,1,2,five_fold_row_level_cv,328,Bearing1_3,111.0,111.0,True,116.0,0.5
rulsurv_original_25pct_censored_cv,1,2,five_fold_row_level_cv,341,Bearing1_3,98.0,98.0,True,95.0,0.5
rulsurv_original_25pct_censored_cv,1,2,five_fold_row_level_cv,342,Bearing1_3,97.0,97.0,True,95.0,0.5
rulsurv_original_25pct_censored_cv,1,2,five_fold_row_level_cv,345,Bearing1_3,94.0,94.0,True,93.0,0.5
rulsurv_original_25pct_censored_cv,1,2,five_fold_row_level_cv,350,Bearing1_3,89.0,73.0,False,87.0,0.5
rulsurv_original_25pct_censored_cv,1,2,five_fold_row_level_cv,355,Bearing1_3,84.0,60.0,False,81.0,0.5
rulsurv_original_25pct_censored_cv,1,2,five_fold_row_level_cv,363,Bearing1_3,76.0,76.0,True,71.0,0.5
rulsurv_original_25pct_censored_cv,1,2,five_fold_row_level_cv,364,Bearing1_3,75.0,75.0,True,71.0,0.5
rulsurv_original_25pct_censored_cv,1,2,five_fold_row_level_cv,365,Bearing1_3,74.0,34.0,False,70.0,0.5
rulsurv_original_25pct_censored_cv,1,2,five_fold_row_level_cv,374,Bearing1_3,65.0,65.0,True,65.0,0.5
rulsurv_original_25pct_censored_cv,1,2,five_fold_row_level_cv,376,Bearing1_3,63.0,36.0,False,63.0,0.5
rulsurv_original_25pct_censored_cv,1,2,five_fold_row_level_cv,378,Bearing1_3,61.0,61.0,True,63.0,0.5
rulsurv_original_25pct_censored_cv,1,2,five_fold_row_level_cv,379,Bearing1_3,60.0,60.0,True,58.0,0.5
rulsurv_original_25pct_censored_cv,1,2,five_fold_row_level_cv,388,Bearing1_3,51.0,51.0,True,52.0,0.5
rulsurv_original_25pct_censored_cv,1,2,five_fold_row_level_cv,395,Bearing1_3,44.0,21.0,False,46.0,0.5
rulsurv_original_25pct_censored_cv,1,2,five_fold_row_level_cv,396,Bearing1_3,43.0,43.0,True,45.0,0.5
rulsurv_original_25pct_censored_cv,1,2,five_fold_row_level_cv,404,Bearing1_3,35.0,35.0,True,40.0,0.5
rulsurv_original_25pct_censored_cv,1,2,five_fold_row_level_cv,421,Bearing1_3,18.0,4.0,False,20.0,0.5
rulsurv_original_25pct_censored_cv,1,2,five_fold_row_level_cv,425,Bearing1_3,14.0,14.0,True,16.0,0.5
rulsurv_original_25pct_censored_cv,1,2,five_fold_row_level_cv,426,Bearing1_3,13.0,13.0,True,16.0,0.5
rulsurv_original_25pct_censored_cv,1,2,five_fold_row_level_cv,438,Bearing1_3,1.0,1.0,True,7.0,0.5
rulsurv_original_25pct_censored_cv,1,2,five_fold_row_level_cv,439,Bearing1_4,121.0,121.0,True,100.0,0.5
rulsurv_original_25pct_censored_cv,1,2,five_fold_row_level_cv,442,Bearing1_4,118.0,118.0,True,113.0,0.5
rulsurv_original_25pct_censored_cv,1,2,five_fold_row_level_cv,449,Bearing1_4,111.0,93.0,False,95.0,0.5
rulsurv_original_25pct_censored_cv,1,2,five_fold_row_level_cv,452,Bearing1_4,108.0,108.0,True,99.0,0.5
rulsurv_original_25pct_censored_cv,1,2,five_fold_row_level_cv,462,Bearing1_4,98.0,98.0,True,94.0,0.5
rulsurv_original_25pct_censored_cv,1,2,five_fold_row_level_cv,473,Bearing1_4,87.0,87.0,True,92.0,0.5
rulsurv_original_25pct_censored_cv,1,2,five_fold_row_level_cv,474,Bearing1_4,86.0,86.0,True,91.0,0.5
rulsurv_original_25pct_censored_cv,1,2,five_fold_row_level_cv,483,Bearing1_4,77.0,28.0,False,82.0,0.5
rulsurv_original_25pct_censored_cv,1,2,five_fold_row_level_cv,486,Bearing1_4,74.0,74.0,True,81.0,0.5
rulsurv_original_25pct_censored_cv,1,2,five_fold_row_level_cv,491,Bearing1_4,69.0,46.0,False,78.0,0.5
rulsurv_original_25pct_censored_cv,1,2,five_fold_row_level_cv,493,Bearing1_4,67.0,67.0,True,80.0,0.5
rulsurv_original_25pct_censored_cv,1,2,five_fold_row_level_cv,494,Bearing1_4,66.0,39.0,False,78.0,0.5
rulsurv_original_25pct_censored_cv,1,2,five_fold_row_level_cv,500,Bearing1_4,60.0,9.0,False,63.0,0.5
rulsurv_original_25pct_censored_cv,1,2,five_fold_row_level_cv,505,Bearing1_4,55.0,55.0,True,57.0,0.5
rulsurv_original_25pct_censored_cv,1,2,five_fold_row_level_cv,507,Bearing1_4,53.0,53.0,True,54.0,0.5
rulsurv_original_25pct_censored_cv,1,2,five_fold_row_level_cv,510,Bearing1_4,50.0,50.0,True,57.0,0.5
rulsurv_original_25pct_censored_cv,1,2,five_fold_row_level_cv,516,Bearing1_4,44.0,44.0,True,54.0,0.5
rulsurv_original_25pct_censored_cv,1,2,five_fold_row_level_cv,517,Bearing1_4,43.0,43.0,True,51.0,0.5
rulsurv_original_25pct_censored_cv,1,2,five_fold_row_level_cv,520,Bearing1_4,40.0,40.0,True,41.0,0.5
rulsurv_original_25pct_censored_cv,1,2,five_fold_row_level_cv,522,Bearing1_4,38.0,38.0,True,35.0,0.5
rulsurv_original_25pct_censored_cv,1,2,five_fold_row_level_cv,526,Bearing1_4,34.0,10.0,False,35.0,0.5
rulsurv_original_25pct_censored_cv,1,2,five_fold_row_level_cv,533,Bearing1_4,27.0,20.0,False,32.0,0.5
rulsurv_original_25pct_censored_cv,1,2,five_fold_row_level_cv,535,Bearing1_4,25.0,25.0,True,29.0,0.5
rulsurv_original_25pct_censored_cv,1,2,five_fold_row_level_cv,551,Bearing1_4,9.0,9.0,True,16.0,0.5
rulsurv_original_25pct_censored_cv,1,2,five_fold_row_level_cv,558,Bearing1_4,2.0,2.0,True,8.0,0.5
rulsurv_original_25pct_censored_cv,1,2,five_fold_row_level_cv,563,Bearing1_5,48.0,46.0,False,39.0,0.5
rulsurv_original_25pct_censored_cv,1,2,five_fold_row_level_cv,571,Bearing1_5,40.0,40.0,True,42.0,0.5
rulsurv_original_25pct_censored_cv,1,2,five_fold_row_level_cv,573,Bearing1_5,38.0,1.0,False,41.0,0.5
rulsurv_original_25pct_censored_cv,1,2,five_fold_row_level_cv,574,Bearing1_5,37.0,37.0,True,42.0,0.5
rulsurv_original_25pct_censored_cv,1,2,five_fold_row_level_cv,590,Bearing1_5,21.0,21.0,True,42.0,0.5
rulsurv_original_25pct_censored_cv,1,2,five_fold_row_level_cv,591,Bearing1_5,20.0,20.0,True,36.0,0.5
rulsurv_original_25pct_censored_cv,1,2,five_fold_row_level_cv,597,Bearing1_5,14.0,14.0,True,41.0,0.5
rulsurv_original_25pct_censored_cv,1,2,five_fold_row_level_cv,601,Bearing1_5,10.0,10.0,True,24.0,0.5
rulsurv_original_25pct_censored_cv,1,2,five_fold_row_level_cv,603,Bearing1_5,8.0,8.0,True,9.0,0.5
rulsurv_original_25pct_censored_cv,1,2,five_fold_row_level_cv,610,Bearing1_5,1.0,1.0,False,6.0,0.5
rulsurv_original_25pct_censored_cv,1,3,five_fold_row_level_cv,8,Bearing1_1,114.0,36.0,False,132.0,0.5
rulsurv_original_25pct_censored_cv,1,3,five_fold_row_level_cv,20,Bearing1_1,102.0,102.0,True,104.0,0.5
rulsurv_original_25pct_censored_cv,1,3,five_fold_row_level_cv,21,Bearing1_1,101.0,62.0,False,92.0,0.5
rulsurv_original_25pct_censored_cv,1,3,five_fold_row_level_cv,24,Bearing1_1,98.0,98.0,True,93.0,0.5
rulsurv_original_25pct_censored_cv,1,3,five_fold_row_level_cv,28,Bearing1_1,94.0,94.0,True,93.0,0.5
rulsurv_original_25pct_censored_cv,1,3,five_fold_row_level_cv,32,Bearing1_1,90.0,90.0,True,85.0,0.5
rulsurv_original_25pct_censored_cv,1,3,five_fold_row_level_cv,33,Bearing1_1,89.0,89.0,True,86.0,0.5
rulsurv_original_25pct_censored_cv,1,3,five_fold_row_level_cv,35,Bearing1_1,87.0,87.0,True,81.0,0.5
rulsurv_original_25pct_censored_cv,1,3,five_fold_row_level_cv,44,Bearing1_1,78.0,78.0,True,81.0,0.5
rulsurv_original_25pct_censored_cv,1,3,five_fold_row_level_cv,45,Bearing1_1,77.0,42.0,False,84.0,0.5
rulsurv_original_25pct_censored_cv,1,3,five_fold_row_level_cv,48,Bearing1_1,74.0,64.0,False,84.0,0.5
rulsurv_original_25pct_censored_cv,1,3,five_fold_row_level_cv,50,Bearing1_1,72.0,41.0,False,80.0,0.5
rulsurv_original_25pct_censored_cv,1,3,five_fold_row_level_cv,53,Bearing1_1,69.0,69.0,True,80.0,0.5
rulsurv_original_25pct_censored_cv,1,3,five_fold_row_level_cv,55,Bearing1_1,67.0,2.0,False,79.0,0.5
rulsurv_original_25pct_censored_cv,1,3,five_fold_row_level_cv,56,Bearing1_1,66.0,66.0,True,76.0,0.5
rulsurv_original_25pct_censored_cv,1,3,five_fold_row_level_cv,63,Bearing1_1,59.0,59.0,True,73.0,0.5
rulsurv_original_25pct_censored_cv,1,3,five_fold_row_level_cv,79,Bearing1_1,43.0,43.0,True,46.0,0.5
rulsurv_original_25pct_censored_cv,1,3,five_fold_row_level_cv,83,Bearing1_1,39.0,39.0,True,42.0,0.5
rulsurv_original_25pct_censored_cv,1,3,five_fold_row_level_cv,84,Bearing1_1,38.0,38.0,True,41.0,0.5
rulsurv_original_25pct_censored_cv,1,3,five_fold_row_level_cv,94,Bearing1_1,28.0,28.0,True,31.0,0.5
rulsurv_original_25pct_censored_cv,1,3,five_fold_row_level_cv,97,Bearing1_1,25.0,25.0,True,31.0,0.5
rulsurv_original_25pct_censored_cv,1,3,five_fold_row_level_cv,99,Bearing1_1,23.0,23.0,True,30.0,0.5
rulsurv_original_25pct_censored_cv,1,3,five_fold_row_level_cv,100,Bearing1_1,22.0,22.0,True,24.0,0.5
rulsurv_original_25pct_censored_cv,1,3,five_fold_row_level_cv,108,Bearing1_1,14.0,14.0,True,16.0,0.5
rulsurv_original_25pct_censored_cv,1,3,five_fold_row_level_cv,109,Bearing1_1,13.0,13.0,True,18.0,0.5
rulsurv_original_25pct_censored_cv,1,3,five_fold_row_level_cv,113,Bearing1_1,9.0,9.0,True,12.0,0.5
rulsurv_original_25pct_censored_cv,1,3,five_fold_row_level_cv,114,Bearing1_1,8.0,8.0,True,12.0,0.5
rulsurv_original_25pct_censored_cv,1,3,five_fold_row_level_cv,116,Bearing1_1,6.0,6.0,True,12.0,0.5
rulsurv_original_25pct_censored_cv,1,3,five_fold_row_level_cv,118,Bearing1_1,4.0,2.0,False,12.0,0.5
rulsurv_original_25pct_censored_cv,1,3,five_fold_row_level_cv,134,Bearing1_2,148.0,148.0,True,136.0,0.5
rulsurv_original_25pct_censored_cv,1,3,five_fold_row_level_cv,136,Bearing1_2,146.0,146.0,True,136.0,0.5
rulsurv_original_25pct_censored_cv,1,3,five_fold_row_level_cv,137,Bearing1_2,145.0,145.0,True,136.0,0.5
rulsurv_original_25pct_censored_cv,1,3,five_fold_row_level_cv,154,Bearing1_2,128.0,128.0,True,106.0,0.5
rulsurv_original_25pct_censored_cv,1,3,five_fold_row_level_cv,156,Bearing1_2,126.0,126.0,True,115.0,0.5
rulsurv_original_25pct_censored_cv,1,3,five_fold_row_level_cv,158,Bearing1_2,124.0,124.0,True,111.0,0.5
rulsurv_original_25pct_censored_cv,1,3,five_fold_row_level_cv,169,Bearing1_2,113.0,113.0,True,97.0,0.5
rulsurv_original_25pct_censored_cv,1,3,five_fold_row_level_cv,175,Bearing1_2,107.0,107.0,True,85.0,0.5
rulsurv_original_25pct_censored_cv,1,3,five_fold_row_level_cv,177,Bearing1_2,105.0,105.0,True,84.0,0.5
rulsurv_original_25pct_censored_cv,1,3,five_fold_row_level_cv,181,Bearing1_2,101.0,27.0,False,87.0,0.5
rulsurv_original_25pct_censored_cv,1,3,five_fold_row_level_cv,183,Bearing1_2,99.0,99.0,True,85.0,0.5
rulsurv_original_25pct_censored_cv,1,3,five_fold_row_level_cv,184,Bearing1_2,98.0,98.0,True,87.0,0.5
rulsurv_original_25pct_censored_cv,1,3,five_fold_row_level_cv,199,Bearing1_2,83.0,83.0,True,80.0,0.5
rulsurv_original_25pct_censored_cv,1,3,five_fold_row_level_cv,202,Bearing1_2,80.0,15.0,False,74.0,0.5
rulsurv_original_25pct_censored_cv,1,3,five_fold_row_level_cv,205,Bearing1_2,77.0,34.0,False,52.0,0.5
rulsurv_original_25pct_censored_cv,1,3,five_fold_row_level_cv,211,Bearing1_2,71.0,4.0,False,66.0,0.5
rulsurv_original_25pct_censored_cv,1,3,five_fold_row_level_cv,212,Bearing1_2,70.0,70.0,True,67.0,0.5
rulsurv_original_25pct_censored_cv,1,3,five_fold_row_level_cv,216,Bearing1_2,66.0,66.0,True,62.0,0.5
rulsurv_original_25pct_censored_cv,1,3,five_fold_row_level_cv,217,Bearing1_2,65.0,65.0,True,64.0,0.5
rulsurv_original_25pct_censored_cv,1,3,five_fold_row_level_cv,219,Bearing1_2,63.0,63.0,True,61.0,0.5
rulsurv_original_25pct_censored_cv,1,3,five_fold_row_level_cv,222,Bearing1_2,60.0,8.0,False,58.0,0.5
rulsurv_original_25pct_censored_cv,1,3,five_fold_row_level_cv,226,Bearing1_2,56.0,56.0,True,41.0,0.5
rulsurv_original_25pct_censored_cv,1,3,five_fold_row_level_cv,227,Bearing1_2,55.0,55.0,True,50.0,0.5
rulsurv_original_25pct_censored_cv,1,3,five_fold_row_level_cv,228,Bearing1_2,54.0,54.0,True,44.0,0.5
rulsurv_original_25pct_censored_cv,1,3,five_fold_row_level_cv,229,Bearing1_2,53.0,44.0,False,45.0,0.5
rulsurv_original_25pct_censored_cv,1,3,five_fold_row_level_cv,231,Bearing1_2,51.0,51.0,True,50.0,0.5
rulsurv_original_25pct_censored_cv,1,3,five_fold_row_level_cv,234,Bearing1_2,48.0,48.0,True,46.0,0.5
rulsurv_original_25pct_censored_cv,1,3,five_fold_row_level_cv,248,Bearing1_2,34.0,34.0,True,41.0,0.5
rulsurv_original_25pct_censored_cv,1,3,five_fold_row_level_cv,251,Bearing1_2,31.0,31.0,True,28.0,0.5
rulsurv_original_25pct_censored_cv,1,3,five_fold_row_level_cv,271,Bearing1_2,11.0,11.0,True,8.0,0.5
rulsurv_original_25pct_censored_cv,1,3,five_fold_row_level_cv,275,Bearing1_2,7.0,7.0,True,6.0,0.5
rulsurv_original_25pct_censored_cv,1,3,five_fold_row_level_cv,278,Bearing1_2,4.0,4.0,True,5.0,0.5
rulsurv_original_25pct_censored_cv,1,3,five_fold_row_level_cv,280,Bearing1_2,2.0,2.0,True,5.0,0.5
rulsurv_original_25pct_censored_cv,1,3,five_fold_row_level_cv,287,Bearing1_3,152.0,152.0,True,134.0,0.5
rulsurv_original_25pct_censored_cv,1,3,five_fold_row_level_cv,290,Bearing1_3,149.0,149.0,True,132.0,0.5
rulsurv_original_25pct_censored_cv,1,3,five_fold_row_level_cv,296,Bearing1_3,143.0,143.0,True,136.0,0.5
rulsurv_original_25pct_censored_cv,1,3,five_fold_row_level_cv,298,Bearing1_3,141.0,141.0,True,136.0,0.5
rulsurv_original_25pct_censored_cv,1,3,five_fold_row_level_cv,299,Bearing1_3,140.0,140.0,True,134.0,0.5
rulsurv_original_25pct_censored_cv,1,3,five_fold_row_level_cv,303,Bearing1_3,136.0,136.0,True,132.0,0.5
rulsurv_original_25pct_censored_cv,1,3,five_fold_row_level_cv,309,Bearing1_3,130.0,130.0,True,131.0,0.5
rulsurv_original_25pct_censored_cv,1,3,five_fold_row_level_cv,310,Bearing1_3,129.0,129.0,True,132.0,0.5
rulsurv_original_25pct_censored_cv,1,3,five_fold_row_level_cv,317,Bearing1_3,122.0,122.0,True,130.0,0.5
rulsurv_original_25pct_censored_cv,1,3,five_fold_row_level_cv,320,Bearing1_3,119.0,101.0,False,122.0,0.5
rulsurv_original_25pct_censored_cv,1,3,five_fold_row_level_cv,322,Bearing1_3,117.0,117.0,True,118.0,0.5
rulsurv_original_25pct_censored_cv,1,3,five_fold_row_level_cv,325,Bearing1_3,114.0,114.0,True,118.0,0.5
rulsurv_original_25pct_censored_cv,1,3,five_fold_row_level_cv,330,Bearing1_3,109.0,109.0,True,111.0,0.5
rulsurv_original_25pct_censored_cv,1,3,five_fold_row_level_cv,331,Bearing1_3,108.0,108.0,True,112.0,0.5
rulsurv_original_25pct_censored_cv,1,3,five_fold_row_level_cv,340,Bearing1_3,99.0,99.0,True,95.0,0.5
rulsurv_original_25pct_censored_cv,1,3,five_fold_row_level_cv,343,Bearing1_3,96.0,8.0,False,97.0,0.5
rulsurv_original_25pct_censored_cv,1,3,five_fold_row_level_cv,366,Bearing1_3,73.0,73.0,True,76.0,0.5
rulsurv_original_25pct_censored_cv,1,3,five_fold_row_level_cv,372,Bearing1_3,67.0,30.0,False,68.0,0.5
rulsurv_original_25pct_censored_cv,1,3,five_fold_row_level_cv,384,Bearing1_3,55.0,30.0,False,53.0,0.5
rulsurv_original_25pct_censored_cv,1,3,five_fold_row_level_cv,397,Bearing1_3,42.0,37.0,False,41.0,0.5
rulsurv_original_25pct_censored_cv,1,3,five_fold_row_level_cv,399,Bearing1_3,40.0,40.0,True,45.0,0.5
rulsurv_original_25pct_censored_cv,1,3,five_fold_row_level_cv,402,Bearing1_3,37.0,32.0,False,43.0,0.5
rulsurv_original_25pct_censored_cv,1,3,five_fold_row_level_cv,405,Bearing1_3,34.0,34.0,True,37.0,0.5
rulsurv_original_25pct_censored_cv,1,3,five_fold_row_level_cv,406,Bearing1_3,33.0,33.0,True,41.0,0.5
rulsurv_original_25pct_censored_cv,1,3,five_fold_row_level_cv,412,Bearing1_3,27.0,27.0,True,35.0,0.5
rulsurv_original_25pct_censored_cv,1,3,five_fold_row_level_cv,413,Bearing1_3,26.0,26.0,True,29.0,0.5
rulsurv_original_25pct_censored_cv,1,3,five_fold_row_level_cv,420,Bearing1_3,19.0,19.0,True,22.0,0.5
rulsurv_original_25pct_censored_cv,1,3,five_fold_row_level_cv,422,Bearing1_3,17.0,1.0,False,20.0,0.5
rulsurv_original_25pct_censored_cv,1,3,five_fold_row_level_cv,424,Bearing1_3,15.0,4.0,False,16.0,0.5
rulsurv_original_25pct_censored_cv,1,3,five_fold_row_level_cv,430,Bearing1_3,9.0,9.0,True,14.0,0.5
rulsurv_original_25pct_censored_cv,1,3,five_fold_row_level_cv,432,Bearing1_3,7.0,7.0,True,6.0,0.5
rulsurv_original_25pct_censored_cv,1,3,five_fold_row_level_cv,441,Bearing1_4,119.0,119.0,True,118.0,0.5
rulsurv_original_25pct_censored_cv,1,3,five_fold_row_level_cv,443,Bearing1_4,117.0,117.0,True,109.0,0.5
rulsurv_original_25pct_censored_cv,1,3,five_fold_row_level_cv,444,Bearing1_4,116.0,116.0,True,113.0,0.5
rulsurv_original_25pct_censored_cv,1,3,five_fold_row_level_cv,450,Bearing1_4,110.0,110.0,True,100.0,0.5
rulsurv_original_25pct_censored_cv,1,3,five_fold_row_level_cv,458,Bearing1_4,102.0,37.0,False,96.0,0.5
rulsurv_original_25pct_censored_cv,1,3,five_fold_row_level_cv,467,Bearing1_4,93.0,93.0,True,95.0,0.5
rulsurv_original_25pct_censored_cv,1,3,five_fold_row_level_cv,472,Bearing1_4,88.0,88.0,True,92.0,0.5
rulsurv_original_25pct_censored_cv,1,3,five_fold_row_level_cv,509,Bearing1_4,51.0,51.0,True,53.0,0.5
rulsurv_original_25pct_censored_cv,1,3,five_fold_row_level_cv,521,Bearing1_4,39.0,39.0,True,41.0,0.5
rulsurv_original_25pct_censored_cv,1,3,five_fold_row_level_cv,523,Bearing1_4,37.0,37.0,True,35.0,0.5
rulsurv_original_25pct_censored_cv,1,3,five_fold_row_level_cv,524,Bearing1_4,36.0,36.0,True,38.0,0.5
rulsurv_original_25pct_censored_cv,1,3,five_fold_row_level_cv,529,Bearing1_4,31.0,13.0,False,38.0,0.5
rulsurv_original_25pct_censored_cv,1,3,five_fold_row_level_cv,536,Bearing1_4,24.0,24.0,True,33.0,0.5
rulsurv_original_25pct_censored_cv,1,3,five_fold_row_level_cv,537,Bearing1_4,23.0,23.0,True,25.0,0.5
rulsurv_original_25pct_censored_cv,1,3,five_fold_row_level_cv,540,Bearing1_4,20.0,20.0,True,21.0,0.5
rulsurv_original_25pct_censored_cv,1,3,five_fold_row_level_cv,543,Bearing1_4,17.0,17.0,True,19.0,0.5
rulsurv_original_25pct_censored_cv,1,3,five_fold_row_level_cv,544,Bearing1_4,16.0,16.0,True,18.0,0.5
rulsurv_original_25pct_censored_cv,1,3,five_fold_row_level_cv,547,Bearing1_4,13.0,11.0,False,11.0,0.5
rulsurv_original_25pct_censored_cv,1,3,five_fold_row_level_cv,548,Bearing1_4,12.0,12.0,True,11.0,0.5
rulsurv_original_25pct_censored_cv,1,3,five_fold_row_level_cv,559,Bearing1_4,1.0,1.0,True,11.0,0.5
rulsurv_original_25pct_censored_cv,1,3,five_fold_row_level_cv,568,Bearing1_5,43.0,43.0,True,46.0,0.5
rulsurv_original_25pct_censored_cv,1,3,five_fold_row_level_cv,587,Bearing1_5,24.0,24.0,True,31.0,0.5
rulsurv_original_25pct_censored_cv,1,3,five_fold_row_level_cv,588,Bearing1_5,23.0,23.0,True,34.0,0.5
rulsurv_original_25pct_censored_cv,1,3,five_fold_row_level_cv,589,Bearing1_5,22.0,2.0,False,31.0,0.5
rulsurv_original_25pct_censored_cv,1,3,five_fold_row_level_cv,594,Bearing1_5,17.0,17.0,True,37.0,0.5
rulsurv_original_25pct_censored_cv,1,3,five_fold_row_level_cv,598,Bearing1_5,13.0,13.0,True,53.0,0.5
rulsurv_original_25pct_censored_cv,1,3,five_fold_row_level_cv,600,Bearing1_5,11.0,11.0,True,9.0,0.5
rulsurv_original_25pct_censored_cv,1,3,five_fold_row_level_cv,607,Bearing1_5,4.0,4.0,True,7.0,0.5
rulsurv_original_25pct_censored_cv,1,3,five_fold_row_level_cv,609,Bearing1_5,2.0,1.0,False,6.0,0.5
rulsurv_original_25pct_censored_cv,1,4,five_fold_row_level_cv,7,Bearing1_1,115.0,115.0,True,130.0,0.5
rulsurv_original_25pct_censored_cv,1,4,five_fold_row_level_cv,10,Bearing1_1,112.0,24.0,False,118.0,0.5
rulsurv_original_25pct_censored_cv,1,4,five_fold_row_level_cv,15,Bearing1_1,107.0,93.0,False,104.0,0.5
rulsurv_original_25pct_censored_cv,1,4,five_fold_row_level_cv,22,Bearing1_1,100.0,100.0,True,103.0,0.5
rulsurv_original_25pct_censored_cv,1,4,five_fold_row_level_cv,25,Bearing1_1,97.0,97.0,True,95.0,0.5
rulsurv_original_25pct_censored_cv,1,4,five_fold_row_level_cv,26,Bearing1_1,96.0,96.0,True,83.0,0.5
rulsurv_original_25pct_censored_cv,1,4,five_fold_row_level_cv,37,Bearing1_1,85.0,61.0,False,80.0,0.5
rulsurv_original_25pct_censored_cv,1,4,five_fold_row_level_cv,43,Bearing1_1,79.0,79.0,True,89.0,0.5
rulsurv_original_25pct_censored_cv,1,4,five_fold_row_level_cv,54,Bearing1_1,68.0,68.0,True,77.0,0.5
rulsurv_original_25pct_censored_cv,1,4,five_fold_row_level_cv,64,Bearing1_1,58.0,3.0,False,66.0,0.5
rulsurv_original_25pct_censored_cv,1,4,five_fold_row_level_cv,71,Bearing1_1,51.0,51.0,True,61.0,0.5
rulsurv_original_25pct_censored_cv,1,4,five_fold_row_level_cv,72,Bearing1_1,50.0,50.0,True,61.0,0.5
rulsurv_original_25pct_censored_cv,1,4,five_fold_row_level_cv,75,Bearing1_1,47.0,3.0,False,52.0,0.5
rulsurv_original_25pct_censored_cv,1,4,five_fold_row_level_cv,77,Bearing1_1,45.0,45.0,True,46.0,0.5
rulsurv_original_25pct_censored_cv,1,4,five_fold_row_level_cv,86,Bearing1_1,36.0,36.0,True,38.0,0.5
rulsurv_original_25pct_censored_cv,1,4,five_fold_row_level_cv,87,Bearing1_1,35.0,35.0,True,38.0,0.5
rulsurv_original_25pct_censored_cv,1,4,five_fold_row_level_cv,96,Bearing1_1,26.0,23.0,False,28.0,0.5
rulsurv_original_25pct_censored_cv,1,4,five_fold_row_level_cv,103,Bearing1_1,19.0,7.0,False,20.0,0.5
rulsurv_original_25pct_censored_cv,1,4,five_fold_row_level_cv,126,Bearing1_2,156.0,156.0,True,136.0,0.5
rulsurv_original_25pct_censored_cv,1,4,five_fold_row_level_cv,129,Bearing1_2,153.0,153.0,True,136.0,0.5
rulsurv_original_25pct_censored_cv,1,4,five_fold_row_level_cv,130,Bearing1_2,152.0,152.0,True,136.0,0.5
rulsurv_original_25pct_censored_cv,1,4,five_fold_row_level_cv,140,Bearing1_2,142.0,142.0,True,136.0,0.5
rulsurv_original_25pct_censored_cv,1,4,five_fold_row_level_cv,141,Bearing1_2,141.0,141.0,True,135.0,0.5
rulsurv_original_25pct_censored_cv,1,4,five_fold_row_level_cv,144,Bearing1_2,138.0,56.0,False,128.0,0.5
rulsurv_original_25pct_censored_cv,1,4,five_fold_row_level_cv,149,Bearing1_2,133.0,133.0,True,136.0,0.5
rulsurv_original_25pct_censored_cv,1,4,five_fold_row_level_cv,151,Bearing1_2,131.0,131.0,True,136.0,0.5
rulsurv_original_25pct_censored_cv,1,4,five_fold_row_level_cv,152,Bearing1_2,130.0,130.0,True,135.0,0.5
rulsurv_original_25pct_censored_cv,1,4,five_fold_row_level_cv,155,Bearing1_2,127.0,127.0,True,115.0,0.5
rulsurv_original_25pct_censored_cv,1,4,five_fold_row_level_cv,166,Bearing1_2,116.0,116.0,True,106.0,0.5
rulsurv_original_25pct_censored_cv,1,4,five_fold_row_level_cv,170,Bearing1_2,112.0,24.0,False,95.0,0.5
rulsurv_original_25pct_censored_cv,1,4,five_fold_row_level_cv,176,Bearing1_2,106.0,106.0,True,98.0,0.5
rulsurv_original_25pct_censored_cv,1,4,five_fold_row_level_cv,178,Bearing1_2,104.0,63.0,False,91.0,0.5
rulsurv_original_25pct_censored_cv,1,4,five_fold_row_level_cv,182,Bearing1_2,100.0,100.0,True,76.0,0.5
rulsurv_original_25pct_censored_cv,1,4,five_fold_row_level_cv,190,Bearing1_2,92.0,25.0,False,83.0,0.5
rulsurv_original_25pct_censored_cv,1,4,five_fold_row_level_cv,193,Bearing1_2,89.0,86.0,False,82.0,0.5
rulsurv_original_25pct_censored_cv,1,4,five_fold_row_level_cv,194,Bearing1_2,88.0,66.0,False,81.0,0.5
rulsurv_original_25pct_censored_cv,1,4,five_fold_row_level_cv,196,Bearing1_2,86.0,30.0,False,79.0,0.5
rulsurv_original_25pct_censored_cv,1,4,five_fold_row_level_cv,198,Bearing1_2,84.0,84.0,True,81.0,0.5
rulsurv_original_25pct_censored_cv,1,4,five_fold_row_level_cv,209,Bearing1_2,73.0,73.0,True,60.0,0.5
rulsurv_original_25pct_censored_cv,1,4,five_fold_row_level_cv,210,Bearing1_2,72.0,8.0,False,65.0,0.5
rulsurv_original_25pct_censored_cv,1,4,five_fold_row_level_cv,215,Bearing1_2,67.0,67.0,True,64.0,0.5
rulsurv_original_25pct_censored_cv,1,4,five_fold_row_level_cv,220,Bearing1_2,62.0,62.0,True,55.0,0.5
rulsurv_original_25pct_censored_cv,1,4,five_fold_row_level_cv,235,Bearing1_2,47.0,47.0,True,46.0,0.5
rulsurv_original_25pct_censored_cv,1,4,five_fold_row_level_cv,243,Bearing1_2,39.0,26.0,False,35.0,0.5
rulsurv_original_25pct_censored_cv,1,4,five_fold_row_level_cv,252,Bearing1_2,30.0,23.0,False,25.0,0.5
rulsurv_original_25pct_censored_cv,1,4,five_fold_row_level_cv,253,Bearing1_2,29.0,29.0,True,25.0,0.5
rulsurv_original_25pct_censored_cv,1,4,five_fold_row_level_cv,254,Bearing1_2,28.0,28.0,True,24.0,0.5
rulsurv_original_25pct_censored_cv,1,4,five_fold_row_level_cv,263,Bearing1_2,19.0,12.0,False,18.0,0.5
rulsurv_original_25pct_censored_cv,1,4,five_fold_row_level_cv,264,Bearing1_2,18.0,4.0,False,17.0,0.5
rulsurv_original_25pct_censored_cv,1,4,five_fold_row_level_cv,266,Bearing1_2,16.0,7.0,False,17.0,0.5
rulsurv_original_25pct_censored_cv,1,4,five_fold_row_level_cv,269,Bearing1_2,13.0,13.0,True,12.0,0.5
rulsurv_original_25pct_censored_cv,1,4,five_fold_row_level_cv,276,Bearing1_2,6.0,6.0,True,7.0,0.5
rulsurv_original_25pct_censored_cv,1,4,five_fold_row_level_cv,279,Bearing1_2,3.0,3.0,True,5.0,0.5
rulsurv_original_25pct_censored_cv,1,4,five_fold_row_level_cv,281,Bearing1_2,1.0,1.0,True,5.0,0.5
rulsurv_original_25pct_censored_cv,1,4,five_fold_row_level_cv,282,Bearing1_3,157.0,157.0,True,136.0,0.5
rulsurv_original_25pct_censored_cv,1,4,five_fold_row_level_cv,288,Bearing1_3,151.0,151.0,True,138.0,0.5
rulsurv_original_25pct_censored_cv,1,4,five_fold_row_level_cv,297,Bearing1_3,142.0,142.0,True,136.0,0.5
rulsurv_original_25pct_censored_cv,1,4,five_fold_row_level_cv,302,Bearing1_3,137.0,137.0,True,134.0,0.5
rulsurv_original_25pct_censored_cv,1,4,five_fold_row_level_cv,313,Bearing1_3,126.0,38.0,False,130.0,0.5
rulsurv_original_25pct_censored_cv,1,4,five_fold_row_level_cv,316,Bearing1_3,123.0,103.0,False,122.0,0.5
rulsurv_original_25pct_censored_cv,1,4,five_fold_row_level_cv,319,Bearing1_3,120.0,58.0,False,122.0,0.5
rulsurv_original_25pct_censored_cv,1,4,five_fold_row_level_cv,321,Bearing1_3,118.0,118.0,True,122.0,0.5
rulsurv_original_25pct_censored_cv,1,4,five_fold_row_level_cv,327,Bearing1_3,112.0,112.0,True,117.0,0.5
rulsurv_original_25pct_censored_cv,1,4,five_fold_row_level_cv,332,Bearing1_3,107.0,107.0,True,113.0,0.5
rulsurv_original_25pct_censored_cv,1,4,five_fold_row_level_cv,336,Bearing1_3,103.0,103.0,True,109.0,0.5
rulsurv_original_25pct_censored_cv,1,4,five_fold_row_level_cv,338,Bearing1_3,101.0,101.0,True,106.0,0.5
rulsurv_original_25pct_censored_cv,1,4,five_fold_row_level_cv,348,Bearing1_3,91.0,11.0,False,93.0,0.5
rulsurv_original_25pct_censored_cv,1,4,five_fold_row_level_cv,352,Bearing1_3,87.0,87.0,True,76.0,0.5
rulsurv_original_25pct_censored_cv,1,4,five_fold_row_level_cv,353,Bearing1_3,86.0,86.0,True,75.0,0.5
rulsurv_original_25pct_censored_cv,1,4,five_fold_row_level_cv,354,Bearing1_3,85.0,45.0,False,77.0,0.5
rulsurv_original_25pct_censored_cv,1,4,five_fold_row_level_cv,356,Bearing1_3,83.0,83.0,True,76.0,0.5
rulsurv_original_25pct_censored_cv,1,4,five_fold_row_level_cv,357,Bearing1_3,82.0,82.0,True,76.0,0.5
rulsurv_original_25pct_censored_cv,1,4,five_fold_row_level_cv,367,Bearing1_3,72.0,68.0,False,69.0,0.5
rulsurv_original_25pct_censored_cv,1,4,five_fold_row_level_cv,369,Bearing1_3,70.0,70.0,True,69.0,0.5
rulsurv_original_25pct_censored_cv,1,4,five_fold_row_level_cv,371,Bearing1_3,68.0,68.0,True,66.0,0.5
rulsurv_original_25pct_censored_cv,1,4,five_fold_row_level_cv,381,Bearing1_3,58.0,58.0,True,57.0,0.5
rulsurv_original_25pct_censored_cv,1,4,five_fold_row_level_cv,387,Bearing1_3,52.0,52.0,True,51.0,0.5
rulsurv_original_25pct_censored_cv,1,4,five_fold_row_level_cv,389,Bearing1_3,50.0,50.0,True,46.0,0.5
rulsurv_original_25pct_censored_cv,1,4,five_fold_row_level_cv,390,Bearing1_3,49.0,47.0,False,47.0,0.5
rulsurv_original_25pct_censored_cv,1,4,five_fold_row_level_cv,393,Bearing1_3,46.0,46.0,True,45.0,0.5
rulsurv_original_25pct_censored_cv,1,4,five_fold_row_level_cv,398,Bearing1_3,41.0,41.0,True,40.0,0.5
rulsurv_original_25pct_censored_cv,1,4,five_fold_row_level_cv,401,Bearing1_3,38.0,10.0,False,40.0,0.5
rulsurv_original_25pct_censored_cv,1,4,five_fold_row_level_cv,416,Bearing1_3,23.0,23.0,True,27.0,0.5
rulsurv_original_25pct_censored_cv,1,4,five_fold_row_level_cv,418,Bearing1_3,21.0,21.0,True,24.0,0.5
rulsurv_original_25pct_censored_cv,1,4,five_fold_row_level_cv,431,Bearing1_3,8.0,8.0,True,7.0,0.5
rulsurv_original_25pct_censored_cv,1,4,five_fold_row_level_cv,454,Bearing1_4,106.0,106.0,True,98.0,0.5
rulsurv_original_25pct_censored_cv,1,4,five_fold_row_level_cv,456,Bearing1_4,104.0,104.0,True,98.0,0.5
rulsurv_original_25pct_censored_cv,1,4,five_fold_row_level_cv,461,Bearing1_4,99.0,99.0,True,95.0,0.5
rulsurv_original_25pct_censored_cv,1,4,five_fold_row_level_cv,466,Bearing1_4,94.0,94.0,True,95.0,0.5
rulsurv_original_25pct_censored_cv,1,4,five_fold_row_level_cv,468,Bearing1_4,92.0,92.0,True,95.0,0.5
rulsurv_original_25pct_censored_cv,1,4,five_fold_row_level_cv,469,Bearing1_4,91.0,91.0,True,95.0,0.5
rulsurv_original_25pct_censored_cv,1,4,five_fold_row_level_cv,470,Bearing1_4,90.0,7.0,False,95.0,0.5
rulsurv_original_25pct_censored_cv,1,4,five_fold_row_level_cv,471,Bearing1_4,89.0,89.0,True,95.0,0.5
rulsurv_original_25pct_censored_cv,1,4,five_fold_row_level_cv,476,Bearing1_4,84.0,84.0,True,86.0,0.5
rulsurv_original_25pct_censored_cv,1,4,five_fold_row_level_cv,478,Bearing1_4,82.0,82.0,True,86.0,0.5
rulsurv_original_25pct_censored_cv,1,4,five_fold_row_level_cv,487,Bearing1_4,73.0,73.0,True,80.0,0.5
rulsurv_original_25pct_censored_cv,1,4,five_fold_row_level_cv,489,Bearing1_4,71.0,57.0,False,86.0,0.5
rulsurv_original_25pct_censored_cv,1,4,five_fold_row_level_cv,490,Bearing1_4,70.0,70.0,True,74.0,0.5
rulsurv_original_25pct_censored_cv,1,4,five_fold_row_level_cv,492,Bearing1_4,68.0,68.0,True,74.0,0.5
rulsurv_original_25pct_censored_cv,1,4,five_fold_row_level_cv,497,Bearing1_4,63.0,63.0,True,62.0,0.5
rulsurv_original_25pct_censored_cv,1,4,five_fold_row_level_cv,503,Bearing1_4,57.0,57.0,True,61.0,0.5
rulsurv_original_25pct_censored_cv,1,4,five_fold_row_level_cv,508,Bearing1_4,52.0,17.0,False,54.0,0.5
rulsurv_original_25pct_censored_cv,1,4,five_fold_row_level_cv,512,Bearing1_4,48.0,48.0,True,50.0,0.5
rulsurv_original_25pct_censored_cv,1,4,five_fold_row_level_cv,513,Bearing1_4,47.0,47.0,True,43.0,0.5
rulsurv_original_25pct_censored_cv,1,4,five_fold_row_level_cv,514,Bearing1_4,46.0,45.0,False,53.0,0.5
rulsurv_original_25pct_censored_cv,1,4,five_fold_row_level_cv,515,Bearing1_4,45.0,45.0,True,43.0,0.5
rulsurv_original_25pct_censored_cv,1,4,five_fold_row_level_cv,519,Bearing1_4,41.0,41.0,True,39.0,0.5
rulsurv_original_25pct_censored_cv,1,4,five_fold_row_level_cv,532,Bearing1_4,28.0,5.0,False,35.0,0.5
rulsurv_original_25pct_censored_cv,1,4,five_fold_row_level_cv,534,Bearing1_4,26.0,8.0,False,29.0,0.5
rulsurv_original_25pct_censored_cv,1,4,five_fold_row_level_cv,542,Bearing1_4,18.0,18.0,True,19.0,0.5
rulsurv_original_25pct_censored_cv,1,4,five_fold_row_level_cv,545,Bearing1_4,15.0,11.0,False,20.0,0.5
rulsurv_original_25pct_censored_cv,1,4,five_fold_row_level_cv,553,Bearing1_4,7.0,6.0,False,12.0,0.5
rulsurv_original_25pct_censored_cv,1,4,five_fold_row_level_cv,561,Bearing1_5,50.0,50.0,True,40.0,0.5
rulsurv_original_25pct_censored_cv,1,4,five_fold_row_level_cv,562,Bearing1_5,49.0,49.0,True,43.0,0.5
rulsurv_original_25pct_censored_cv,1,4,five_fold_row_level_cv,567,Bearing1_5,44.0,42.0,False,40.0,0.5
rulsurv_original_25pct_censored_cv,1,4,five_fold_row_level_cv,570,Bearing1_5,41.0,41.0,True,42.0,0.5
rulsurv_original_25pct_censored_cv,1,4,five_fold_row_level_cv,572,Bearing1_5,39.0,39.0,True,32.0,0.5
rulsurv_original_25pct_censored_cv,1,4,five_fold_row_level_cv,580,Bearing1_5,31.0,31.0,True,38.0,0.5
rulsurv_original_25pct_censored_cv,1,4,five_fold_row_level_cv,582,Bearing1_5,29.0,22.0,False,34.0,0.5
rulsurv_original_25pct_censored_cv,1,4,five_fold_row_level_cv,583,Bearing1_5,28.0,28.0,True,39.0,0.5
rulsurv_original_25pct_censored_cv,1,4,five_fold_row_level_cv,593,Bearing1_5,18.0,18.0,True,26.0,0.5
rulsurv_original_25pct_censored_cv,1,4,five_fold_row_level_cv,604,Bearing1_5,7.0,2.0,False,7.0,0.5
rulsurv_original_25pct_censored_cv,2,0,five_fold_row_level_cv,1,Bearing1_1,121.0,118.0,False,123.0,0.5
rulsurv_original_25pct_censored_cv,2,0,five_fold_row_level_cv,3,Bearing1_1,119.0,119.0,True,128.0,0.5
rulsurv_original_25pct_censored_cv,2,0,five_fold_row_level_cv,13,Bearing1_1,109.0,109.0,True,102.0,0.5
rulsurv_original_25pct_censored_cv,2,0,five_fold_row_level_cv,16,Bearing1_1,106.0,106.0,True,103.0,0.5
rulsurv_original_25pct_censored_cv,2,0,five_fold_row_level_cv,18,Bearing1_1,104.0,104.0,True,102.0,0.5
rulsurv_original_25pct_censored_cv,2,0,five_fold_row_level_cv,30,Bearing1_1,92.0,92.0,True,84.0,0.5
rulsurv_original_25pct_censored_cv,2,0,five_fold_row_level_cv,40,Bearing1_1,82.0,82.0,True,81.0,0.5
rulsurv_original_25pct_censored_cv,2,0,five_fold_row_level_cv,55,Bearing1_1,67.0,27.0,False,76.0,0.5
rulsurv_original_25pct_censored_cv,2,0,five_fold_row_level_cv,60,Bearing1_1,62.0,62.0,True,75.0,0.5
rulsurv_original_25pct_censored_cv,2,0,five_fold_row_level_cv,62,Bearing1_1,60.0,48.0,False,75.0,0.5
rulsurv_original_25pct_censored_cv,2,0,five_fold_row_level_cv,65,Bearing1_1,57.0,57.0,True,76.0,0.5
rulsurv_original_25pct_censored_cv,2,0,five_fold_row_level_cv,67,Bearing1_1,55.0,55.0,True,73.0,0.5
rulsurv_original_25pct_censored_cv,2,0,five_fold_row_level_cv,68,Bearing1_1,54.0,54.0,True,73.0,0.5
rulsurv_original_25pct_censored_cv,2,0,five_fold_row_level_cv,72,Bearing1_1,50.0,50.0,True,61.0,0.5
rulsurv_original_25pct_censored_cv,2,0,five_fold_row_level_cv,77,Bearing1_1,45.0,45.0,True,46.0,0.5
rulsurv_original_25pct_censored_cv,2,0,five_fold_row_level_cv,80,Bearing1_1,42.0,42.0,True,47.0,0.5
rulsurv_original_25pct_censored_cv,2,0,five_fold_row_level_cv,84,Bearing1_1,38.0,38.0,True,40.0,0.5
rulsurv_original_25pct_censored_cv,2,0,five_fold_row_level_cv,89,Bearing1_1,33.0,20.0,False,35.0,0.5
rulsurv_original_25pct_censored_cv,2,0,five_fold_row_level_cv,108,Bearing1_1,14.0,14.0,True,15.0,0.5
rulsurv_original_25pct_censored_cv,2,0,five_fold_row_level_cv,109,Bearing1_1,13.0,13.0,True,18.0,0.5
rulsurv_original_25pct_censored_cv,2,0,five_fold_row_level_cv,116,Bearing1_1,6.0,6.0,True,9.0,0.5
rulsurv_original_25pct_censored_cv,2,0,five_fold_row_level_cv,120,Bearing1_1,2.0,2.0,True,8.0,0.5
rulsurv_original_25pct_censored_cv,2,0,five_fold_row_level_cv,123,Bearing1_2,159.0,159.0,True,129.0,0.5
rulsurv_original_25pct_censored_cv,2,0,five_fold_row_level_cv,128,Bearing1_2,154.0,154.0,True,132.0,0.5
rulsurv_original_25pct_censored_cv,2,0,five_fold_row_level_cv,129,Bearing1_2,153.0,153.0,True,132.0,0.5
rulsurv_original_25pct_censored_cv,2,0,five_fold_row_level_cv,130,Bearing1_2,152.0,152.0,True,134.0,0.5
rulsurv_original_25pct_censored_cv,2,0,five_fold_row_level_cv,131,Bearing1_2,151.0,151.0,True,132.0,0.5
rulsurv_original_25pct_censored_cv,2,0,five_fold_row_level_cv,141,Bearing1_2,141.0,141.0,True,132.0,0.5
rulsurv_original_25pct_censored_cv,2,0,five_fold_row_level_cv,142,Bearing1_2,140.0,36.0,False,132.0,0.5
rulsurv_original_25pct_censored_cv,2,0,five_fold_row_level_cv,146,Bearing1_2,136.0,136.0,True,131.0,0.5
rulsurv_original_25pct_censored_cv,2,0,five_fold_row_level_cv,152,Bearing1_2,130.0,130.0,True,131.0,0.5
rulsurv_original_25pct_censored_cv,2,0,five_fold_row_level_cv,155,Bearing1_2,127.0,127.0,True,99.0,0.5
rulsurv_original_25pct_censored_cv,2,0,five_fold_row_level_cv,157,Bearing1_2,125.0,4.0,False,105.0,0.5
rulsurv_original_25pct_censored_cv,2,0,five_fold_row_level_cv,158,Bearing1_2,124.0,124.0,True,98.0,0.5
rulsurv_original_25pct_censored_cv,2,0,five_fold_row_level_cv,161,Bearing1_2,121.0,121.0,True,108.0,0.5
rulsurv_original_25pct_censored_cv,2,0,five_fold_row_level_cv,165,Bearing1_2,117.0,114.0,False,97.0,0.5
rulsurv_original_25pct_censored_cv,2,0,five_fold_row_level_cv,171,Bearing1_2,111.0,111.0,True,94.0,0.5
rulsurv_original_25pct_censored_cv,2,0,five_fold_row_level_cv,172,Bearing1_2,110.0,73.0,False,93.0,0.5
rulsurv_original_25pct_censored_cv,2,0,five_fold_row_level_cv,176,Bearing1_2,106.0,106.0,True,94.0,0.5
rulsurv_original_25pct_censored_cv,2,0,five_fold_row_level_cv,178,Bearing1_2,104.0,67.0,False,91.0,0.5
rulsurv_original_25pct_censored_cv,2,0,five_fold_row_level_cv,180,Bearing1_2,102.0,102.0,True,90.0,0.5
rulsurv_original_25pct_censored_cv,2,0,five_fold_row_level_cv,182,Bearing1_2,100.0,100.0,True,69.0,0.5
rulsurv_original_25pct_censored_cv,2,0,five_fold_row_level_cv,193,Bearing1_2,89.0,9.0,False,79.0,0.5
rulsurv_original_25pct_censored_cv,2,0,five_fold_row_level_cv,199,Bearing1_2,83.0,83.0,True,75.0,0.5
rulsurv_original_25pct_censored_cv,2,0,five_fold_row_level_cv,200,Bearing1_2,82.0,49.0,False,75.0,0.5
rulsurv_original_25pct_censored_cv,2,0,five_fold_row_level_cv,203,Bearing1_2,79.0,79.0,True,54.0,0.5
rulsurv_original_25pct_censored_cv,2,0,five_fold_row_level_cv,212,Bearing1_2,70.0,70.0,True,68.0,0.5
rulsurv_original_25pct_censored_cv,2,0,five_fold_row_level_cv,225,Bearing1_2,57.0,33.0,False,55.0,0.5
rulsurv_original_25pct_censored_cv,2,0,five_fold_row_level_cv,226,Bearing1_2,56.0,56.0,True,19.0,0.5
rulsurv_original_25pct_censored_cv,2,0,five_fold_row_level_cv,231,Bearing1_2,51.0,51.0,True,47.0,0.5
rulsurv_original_25pct_censored_cv,2,0,five_fold_row_level_cv,236,Bearing1_2,46.0,46.0,True,47.0,0.5
rulsurv_original_25pct_censored_cv,2,0,five_fold_row_level_cv,244,Bearing1_2,38.0,38.0,True,41.0,0.5
rulsurv_original_25pct_censored_cv,2,0,five_fold_row_level_cv,247,Bearing1_2,35.0,21.0,False,9.0,0.5
rulsurv_original_25pct_censored_cv,2,0,five_fold_row_level_cv,248,Bearing1_2,34.0,34.0,True,34.0,0.5
rulsurv_original_25pct_censored_cv,2,0,five_fold_row_level_cv,250,Bearing1_2,32.0,15.0,False,28.0,0.5
rulsurv_original_25pct_censored_cv,2,0,five_fold_row_level_cv,258,Bearing1_2,24.0,24.0,True,23.0,0.5
rulsurv_original_25pct_censored_cv,2,0,five_fold_row_level_cv,268,Bearing1_2,14.0,6.0,False,15.0,0.5
rulsurv_original_25pct_censored_cv,2,0,five_fold_row_level_cv,273,Bearing1_2,9.0,9.0,True,7.0,0.5
rulsurv_original_25pct_censored_cv,2,0,five_fold_row_level_cv,276,Bearing1_2,6.0,6.0,True,7.0,0.5
rulsurv_original_25pct_censored_cv,2,0,five_fold_row_level_cv,281,Bearing1_2,1.0,1.0,True,4.0,0.5
rulsurv_original_25pct_censored_cv,2,0,five_fold_row_level_cv,284,Bearing1_3,155.0,155.0,True,137.0,0.5
rulsurv_original_25pct_censored_cv,2,0,five_fold_row_level_cv,292,Bearing1_3,147.0,147.0,True,137.0,0.5
rulsurv_original_25pct_censored_cv,2,0,five_fold_row_level_cv,294,Bearing1_3,145.0,70.0,False,132.0,0.5
rulsurv_original_25pct_censored_cv,2,0,five_fold_row_level_cv,295,Bearing1_3,144.0,144.0,True,131.0,0.5
rulsurv_original_25pct_censored_cv,2,0,five_fold_row_level_cv,297,Bearing1_3,142.0,142.0,True,132.0,0.5
rulsurv_original_25pct_censored_cv,2,0,five_fold_row_level_cv,304,Bearing1_3,135.0,27.0,False,128.0,0.5
rulsurv_original_25pct_censored_cv,2,0,five_fold_row_level_cv,309,Bearing1_3,130.0,130.0,True,126.0,0.5
rulsurv_original_25pct_censored_cv,2,0,five_fold_row_level_cv,312,Bearing1_3,127.0,108.0,False,125.0,0.5
rulsurv_original_25pct_censored_cv,2,0,five_fold_row_level_cv,334,Bearing1_3,105.0,105.0,True,113.0,0.5
rulsurv_original_25pct_censored_cv,2,0,five_fold_row_level_cv,338,Bearing1_3,101.0,101.0,True,107.0,0.5
rulsurv_original_25pct_censored_cv,2,0,five_fold_row_level_cv,343,Bearing1_3,96.0,87.0,False,98.0,0.5
rulsurv_original_25pct_censored_cv,2,0,five_fold_row_level_cv,353,Bearing1_3,86.0,86.0,True,77.0,0.5
rulsurv_original_25pct_censored_cv,2,0,five_fold_row_level_cv,355,Bearing1_3,84.0,77.0,False,76.0,0.5
rulsurv_original_25pct_censored_cv,2,0,five_fold_row_level_cv,365,Bearing1_3,74.0,28.0,False,73.0,0.5
rulsurv_original_25pct_censored_cv,2,0,five_fold_row_level_cv,368,Bearing1_3,71.0,71.0,True,69.0,0.5
rulsurv_original_25pct_censored_cv,2,0,five_fold_row_level_cv,369,Bearing1_3,70.0,70.0,True,68.0,0.5
rulsurv_original_25pct_censored_cv,2,0,five_fold_row_level_cv,382,Bearing1_3,57.0,57.0,True,58.0,0.5
rulsurv_original_25pct_censored_cv,2,0,five_fold_row_level_cv,383,Bearing1_3,56.0,56.0,True,58.0,0.5
rulsurv_original_25pct_censored_cv,2,0,five_fold_row_level_cv,387,Bearing1_3,52.0,52.0,True,53.0,0.5
rulsurv_original_25pct_censored_cv,2,0,five_fold_row_level_cv,397,Bearing1_3,42.0,8.0,False,41.0,0.5
rulsurv_original_25pct_censored_cv,2,0,five_fold_row_level_cv,398,Bearing1_3,41.0,41.0,True,40.0,0.5
rulsurv_original_25pct_censored_cv,2,0,five_fold_row_level_cv,403,Bearing1_3,36.0,16.0,False,40.0,0.5
rulsurv_original_25pct_censored_cv,2,0,five_fold_row_level_cv,409,Bearing1_3,30.0,30.0,True,34.0,0.5
rulsurv_original_25pct_censored_cv,2,0,five_fold_row_level_cv,413,Bearing1_3,26.0,26.0,True,28.0,0.5
rulsurv_original_25pct_censored_cv,2,0,five_fold_row_level_cv,414,Bearing1_3,25.0,25.0,True,23.0,0.5
rulsurv_original_25pct_censored_cv,2,0,five_fold_row_level_cv,417,Bearing1_3,22.0,22.0,True,23.0,0.5
rulsurv_original_25pct_censored_cv,2,0,five_fold_row_level_cv,422,Bearing1_3,17.0,7.0,False,20.0,0.5
rulsurv_original_25pct_censored_cv,2,0,five_fold_row_level_cv,426,Bearing1_3,13.0,13.0,True,17.0,0.5
rulsurv_original_25pct_censored_cv,2,0,five_fold_row_level_cv,429,Bearing1_3,10.0,10.0,True,16.0,0.5
rulsurv_original_25pct_censored_cv,2,0,five_fold_row_level_cv,438,Bearing1_3,1.0,1.0,True,8.0,0.5
rulsurv_original_25pct_censored_cv,2,0,five_fold_row_level_cv,439,Bearing1_4,121.0,121.0,True,102.0,0.5
rulsurv_original_25pct_censored_cv,2,0,five_fold_row_level_cv,445,Bearing1_4,115.0,115.0,True,93.0,0.5
rulsurv_original_25pct_censored_cv,2,0,five_fold_row_level_cv,449,Bearing1_4,111.0,87.0,False,94.0,0.5
rulsurv_original_25pct_censored_cv,2,0,five_fold_row_level_cv,451,Bearing1_4,109.0,109.0,True,89.0,0.5
rulsurv_original_25pct_censored_cv,2,0,five_fold_row_level_cv,452,Bearing1_4,108.0,108.0,True,94.0,0.5
rulsurv_original_25pct_censored_cv,2,0,five_fold_row_level_cv,455,Bearing1_4,105.0,23.0,False,92.0,0.5
rulsurv_original_25pct_censored_cv,2,0,five_fold_row_level_cv,456,Bearing1_4,104.0,104.0,True,94.0,0.5
rulsurv_original_25pct_censored_cv,2,0,five_fold_row_level_cv,457,Bearing1_4,103.0,92.0,False,92.0,0.5
rulsurv_original_25pct_censored_cv,2,0,five_fold_row_level_cv,460,Bearing1_4,100.0,100.0,True,91.0,0.5
rulsurv_original_25pct_censored_cv,2,0,five_fold_row_level_cv,463,Bearing1_4,97.0,3.0,False,93.0,0.5
rulsurv_original_25pct_censored_cv,2,0,five_fold_row_level_cv,472,Bearing1_4,88.0,88.0,True,91.0,0.5
rulsurv_original_25pct_censored_cv,2,0,five_fold_row_level_cv,476,Bearing1_4,84.0,84.0,True,86.0,0.5
rulsurv_original_25pct_censored_cv,2,0,five_fold_row_level_cv,484,Bearing1_4,76.0,59.0,False,86.0,0.5
rulsurv_original_25pct_censored_cv,2,0,five_fold_row_level_cv,494,Bearing1_4,66.0,54.0,False,72.0,0.5
rulsurv_original_25pct_censored_cv,2,0,five_fold_row_level_cv,495,Bearing1_4,65.0,47.0,False,64.0,0.5
rulsurv_original_25pct_censored_cv,2,0,five_fold_row_level_cv,497,Bearing1_4,63.0,63.0,True,64.0,0.5
rulsurv_original_25pct_censored_cv,2,0,five_fold_row_level_cv,499,Bearing1_4,61.0,61.0,True,68.0,0.5
rulsurv_original_25pct_censored_cv,2,0,five_fold_row_level_cv,505,Bearing1_4,55.0,55.0,True,56.0,0.5
rulsurv_original_25pct_censored_cv,2,0,five_fold_row_level_cv,523,Bearing1_4,37.0,37.0,True,36.0,0.5
rulsurv_original_25pct_censored_cv,2,0,five_fold_row_level_cv,525,Bearing1_4,35.0,35.0,True,36.0,0.5
rulsurv_original_25pct_censored_cv,2,0,five_fold_row_level_cv,541,Bearing1_4,19.0,19.0,True,22.0,0.5
rulsurv_original_25pct_censored_cv,2,0,five_fold_row_level_cv,542,Bearing1_4,18.0,18.0,True,20.0,0.5
rulsurv_original_25pct_censored_cv,2,0,five_fold_row_level_cv,544,Bearing1_4,16.0,16.0,True,17.0,0.5
rulsurv_original_25pct_censored_cv,2,0,five_fold_row_level_cv,547,Bearing1_4,13.0,5.0,False,12.0,0.5
rulsurv_original_25pct_censored_cv,2,0,five_fold_row_level_cv,552,Bearing1_4,8.0,8.0,True,10.0,0.5
rulsurv_original_25pct_censored_cv,2,0,five_fold_row_level_cv,554,Bearing1_4,6.0,6.0,True,12.0,0.5
rulsurv_original_25pct_censored_cv,2,0,five_fold_row_level_cv,566,Bearing1_5,45.0,45.0,True,46.0,0.5
rulsurv_original_25pct_censored_cv,2,0,five_fold_row_level_cv,578,Bearing1_5,33.0,27.0,False,36.0,0.5
rulsurv_original_25pct_censored_cv,2,0,five_fold_row_level_cv,581,Bearing1_5,30.0,30.0,True,34.0,0.5
rulsurv_original_25pct_censored_cv,2,0,five_fold_row_level_cv,583,Bearing1_5,28.0,28.0,True,41.0,0.5
rulsurv_original_25pct_censored_cv,2,0,five_fold_row_level_cv,588,Bearing1_5,23.0,23.0,True,34.0,0.5
rulsurv_original_25pct_censored_cv,2,0,five_fold_row_level_cv,602,Bearing1_5,9.0,9.0,True,8.0,0.5
rulsurv_original_25pct_censored_cv,2,0,five_fold_row_level_cv,609,Bearing1_5,2.0,1.0,False,6.0,0.5
rulsurv_original_25pct_censored_cv,2,1,five_fold_row_level_cv,2,Bearing1_1,120.0,120.0,True,136.0,0.5
rulsurv_original_25pct_censored_cv,2,1,five_fold_row_level_cv,7,Bearing1_1,115.0,115.0,True,133.0,0.5
rulsurv_original_25pct_censored_cv,2,1,five_fold_row_level_cv,10,Bearing1_1,112.0,87.0,False,118.0,0.5
rulsurv_original_25pct_censored_cv,2,1,five_fold_row_level_cv,12,Bearing1_1,110.0,54.0,False,116.0,0.5
rulsurv_original_25pct_censored_cv,2,1,five_fold_row_level_cv,14,Bearing1_1,108.0,62.0,False,110.0,0.5
rulsurv_original_25pct_censored_cv,2,1,five_fold_row_level_cv,15,Bearing1_1,107.0,28.0,False,109.0,0.5
rulsurv_original_25pct_censored_cv,2,1,five_fold_row_level_cv,20,Bearing1_1,102.0,102.0,True,106.0,0.5
rulsurv_original_25pct_censored_cv,2,1,five_fold_row_level_cv,23,Bearing1_1,99.0,99.0,True,100.0,0.5
rulsurv_original_25pct_censored_cv,2,1,five_fold_row_level_cv,24,Bearing1_1,98.0,98.0,True,89.0,0.5
rulsurv_original_25pct_censored_cv,2,1,five_fold_row_level_cv,25,Bearing1_1,97.0,97.0,True,96.0,0.5
rulsurv_original_25pct_censored_cv,2,1,five_fold_row_level_cv,28,Bearing1_1,94.0,94.0,True,92.0,0.5
rulsurv_original_25pct_censored_cv,2,1,five_fold_row_level_cv,32,Bearing1_1,90.0,90.0,True,83.0,0.5
rulsurv_original_25pct_censored_cv,2,1,five_fold_row_level_cv,37,Bearing1_1,85.0,66.0,False,80.0,0.5
rulsurv_original_25pct_censored_cv,2,1,five_fold_row_level_cv,38,Bearing1_1,84.0,84.0,True,81.0,0.5
rulsurv_original_25pct_censored_cv,2,1,five_fold_row_level_cv,41,Bearing1_1,81.0,81.0,True,86.0,0.5
rulsurv_original_25pct_censored_cv,2,1,five_fold_row_level_cv,52,Bearing1_1,70.0,18.0,False,76.0,0.5
rulsurv_original_25pct_censored_cv,2,1,five_fold_row_level_cv,53,Bearing1_1,69.0,69.0,True,76.0,0.5
rulsurv_original_25pct_censored_cv,2,1,five_fold_row_level_cv,66,Bearing1_1,56.0,12.0,False,66.0,0.5
rulsurv_original_25pct_censored_cv,2,1,five_fold_row_level_cv,69,Bearing1_1,53.0,53.0,True,64.0,0.5
rulsurv_original_25pct_censored_cv,2,1,five_fold_row_level_cv,73,Bearing1_1,49.0,49.0,True,62.0,0.5
rulsurv_original_25pct_censored_cv,2,1,five_fold_row_level_cv,76,Bearing1_1,46.0,46.0,True,57.0,0.5
rulsurv_original_25pct_censored_cv,2,1,five_fold_row_level_cv,94,Bearing1_1,28.0,28.0,True,31.0,0.5
rulsurv_original_25pct_censored_cv,2,1,five_fold_row_level_cv,100,Bearing1_1,22.0,22.0,True,23.0,0.5
rulsurv_original_25pct_censored_cv,2,1,five_fold_row_level_cv,103,Bearing1_1,19.0,16.0,False,21.0,0.5
rulsurv_original_25pct_censored_cv,2,1,five_fold_row_level_cv,112,Bearing1_1,10.0,10.0,True,16.0,0.5
rulsurv_original_25pct_censored_cv,2,1,five_fold_row_level_cv,117,Bearing1_1,5.0,5.0,True,12.0,0.5
rulsurv_original_25pct_censored_cv,2,1,five_fold_row_level_cv,134,Bearing1_2,148.0,148.0,True,137.0,0.5
rulsurv_original_25pct_censored_cv,2,1,five_fold_row_level_cv,136,Bearing1_2,146.0,146.0,True,137.0,0.5
rulsurv_original_25pct_censored_cv,2,1,five_fold_row_level_cv,137,Bearing1_2,145.0,145.0,True,137.0,0.5
rulsurv_original_25pct_censored_cv,2,1,five_fold_row_level_cv,150,Bearing1_2,132.0,132.0,True,134.0,0.5
rulsurv_original_25pct_censored_cv,2,1,five_fold_row_level_cv,159,Bearing1_2,123.0,123.0,True,111.0,0.5
rulsurv_original_25pct_censored_cv,2,1,five_fold_row_level_cv,160,Bearing1_2,122.0,122.0,True,107.0,0.5
rulsurv_original_25pct_censored_cv,2,1,five_fold_row_level_cv,166,Bearing1_2,116.0,116.0,True,106.0,0.5
rulsurv_original_25pct_censored_cv,2,1,five_fold_row_level_cv,167,Bearing1_2,115.0,115.0,True,100.0,0.5
rulsurv_original_25pct_censored_cv,2,1,five_fold_row_level_cv,173,Bearing1_2,109.0,109.0,True,95.0,0.5
rulsurv_original_25pct_censored_cv,2,1,five_fold_row_level_cv,177,Bearing1_2,105.0,105.0,True,93.0,0.5
rulsurv_original_25pct_censored_cv,2,1,five_fold_row_level_cv,183,Bearing1_2,99.0,99.0,True,91.0,0.5
rulsurv_original_25pct_censored_cv,2,1,five_fold_row_level_cv,188,Bearing1_2,94.0,94.0,True,85.0,0.5
rulsurv_original_25pct_censored_cv,2,1,five_fold_row_level_cv,192,Bearing1_2,90.0,90.0,True,81.0,0.5
rulsurv_original_25pct_censored_cv,2,1,five_fold_row_level_cv,194,Bearing1_2,88.0,30.0,False,81.0,0.5
rulsurv_original_25pct_censored_cv,2,1,five_fold_row_level_cv,198,Bearing1_2,84.0,84.0,True,81.0,0.5
rulsurv_original_25pct_censored_cv,2,1,five_fold_row_level_cv,202,Bearing1_2,80.0,30.0,False,70.0,0.5
rulsurv_original_25pct_censored_cv,2,1,five_fold_row_level_cv,204,Bearing1_2,78.0,78.0,True,54.0,0.5
rulsurv_original_25pct_censored_cv,2,1,five_fold_row_level_cv,205,Bearing1_2,77.0,52.0,False,51.0,0.5
rulsurv_original_25pct_censored_cv,2,1,five_fold_row_level_cv,209,Bearing1_2,73.0,73.0,True,66.0,0.5
rulsurv_original_25pct_censored_cv,2,1,five_fold_row_level_cv,216,Bearing1_2,66.0,66.0,True,63.0,0.5
rulsurv_original_25pct_censored_cv,2,1,five_fold_row_level_cv,221,Bearing1_2,61.0,61.0,True,54.0,0.5
rulsurv_original_25pct_censored_cv,2,1,five_fold_row_level_cv,222,Bearing1_2,60.0,58.0,False,54.0,0.5
rulsurv_original_25pct_censored_cv,2,1,five_fold_row_level_cv,223,Bearing1_2,59.0,59.0,True,52.0,0.5
rulsurv_original_25pct_censored_cv,2,1,five_fold_row_level_cv,227,Bearing1_2,55.0,55.0,True,47.0,0.5
rulsurv_original_25pct_censored_cv,2,1,five_fold_row_level_cv,232,Bearing1_2,50.0,50.0,True,46.0,0.5
rulsurv_original_25pct_censored_cv,2,1,five_fold_row_level_cv,235,Bearing1_2,47.0,47.0,True,46.0,0.5
rulsurv_original_25pct_censored_cv,2,1,five_fold_row_level_cv,239,Bearing1_2,43.0,30.0,False,46.0,0.5
rulsurv_original_25pct_censored_cv,2,1,five_fold_row_level_cv,240,Bearing1_2,42.0,21.0,False,41.0,0.5
rulsurv_original_25pct_censored_cv,2,1,five_fold_row_level_cv,246,Bearing1_2,36.0,18.0,False,27.0,0.5
rulsurv_original_25pct_censored_cv,2,1,five_fold_row_level_cv,251,Bearing1_2,31.0,31.0,True,26.0,0.5
rulsurv_original_25pct_censored_cv,2,1,five_fold_row_level_cv,265,Bearing1_2,17.0,17.0,True,20.0,0.5
rulsurv_original_25pct_censored_cv,2,1,five_fold_row_level_cv,275,Bearing1_2,7.0,7.0,True,7.0,0.5
rulsurv_original_25pct_censored_cv,2,1,five_fold_row_level_cv,280,Bearing1_2,2.0,2.0,True,4.0,0.5
rulsurv_original_25pct_censored_cv,2,1,five_fold_row_level_cv,286,Bearing1_3,153.0,153.0,True,134.0,0.5
rulsurv_original_25pct_censored_cv,2,1,five_fold_row_level_cv,300,Bearing1_3,139.0,139.0,True,135.0,0.5
rulsurv_original_25pct_censored_cv,2,1,five_fold_row_level_cv,307,Bearing1_3,132.0,132.0,True,134.0,0.5
rulsurv_original_25pct_censored_cv,2,1,five_fold_row_level_cv,320,Bearing1_3,119.0,73.0,False,127.0,0.5
rulsurv_original_25pct_censored_cv,2,1,five_fold_row_level_cv,321,Bearing1_3,118.0,118.0,True,125.0,0.5
rulsurv_original_25pct_censored_cv,2,1,five_fold_row_level_cv,322,Bearing1_3,117.0,117.0,True,121.0,0.5
rulsurv_original_25pct_censored_cv,2,1,five_fold_row_level_cv,330,Bearing1_3,109.0,109.0,True,113.0,0.5
rulsurv_original_25pct_censored_cv,2,1,five_fold_row_level_cv,331,Bearing1_3,108.0,108.0,True,113.0,0.5
rulsurv_original_25pct_censored_cv,2,1,five_fold_row_level_cv,335,Bearing1_3,104.0,104.0,True,111.0,0.5
rulsurv_original_25pct_censored_cv,2,1,five_fold_row_level_cv,340,Bearing1_3,99.0,99.0,True,98.0,0.5
rulsurv_original_25pct_censored_cv,2,1,five_fold_row_level_cv,344,Bearing1_3,95.0,95.0,True,98.0,0.5
rulsurv_original_25pct_censored_cv,2,1,five_fold_row_level_cv,345,Bearing1_3,94.0,94.0,True,93.0,0.5
rulsurv_original_25pct_censored_cv,2,1,five_fold_row_level_cv,352,Bearing1_3,87.0,87.0,True,76.0,0.5
rulsurv_original_25pct_censored_cv,2,1,five_fold_row_level_cv,354,Bearing1_3,85.0,12.0,False,79.0,0.5
rulsurv_original_25pct_censored_cv,2,1,five_fold_row_level_cv,362,Bearing1_3,77.0,77.0,True,71.0,0.5
rulsurv_original_25pct_censored_cv,2,1,five_fold_row_level_cv,363,Bearing1_3,76.0,76.0,True,70.0,0.5
rulsurv_original_25pct_censored_cv,2,1,five_fold_row_level_cv,370,Bearing1_3,69.0,69.0,True,70.0,0.5
rulsurv_original_25pct_censored_cv,2,1,five_fold_row_level_cv,371,Bearing1_3,68.0,68.0,True,68.0,0.5
rulsurv_original_25pct_censored_cv,2,1,five_fold_row_level_cv,379,Bearing1_3,60.0,60.0,True,57.0,0.5
rulsurv_original_25pct_censored_cv,2,1,five_fold_row_level_cv,388,Bearing1_3,51.0,51.0,True,52.0,0.5
rulsurv_original_25pct_censored_cv,2,1,five_fold_row_level_cv,395,Bearing1_3,44.0,41.0,False,45.0,0.5
rulsurv_original_25pct_censored_cv,2,1,five_fold_row_level_cv,396,Bearing1_3,43.0,43.0,True,41.0,0.5
rulsurv_original_25pct_censored_cv,2,1,five_fold_row_level_cv,399,Bearing1_3,40.0,40.0,True,44.0,0.5
rulsurv_original_25pct_censored_cv,2,1,five_fold_row_level_cv,407,Bearing1_3,32.0,32.0,True,34.0,0.5
rulsurv_original_25pct_censored_cv,2,1,five_fold_row_level_cv,408,Bearing1_3,31.0,31.0,True,34.0,0.5
rulsurv_original_25pct_censored_cv,2,1,five_fold_row_level_cv,416,Bearing1_3,23.0,23.0,True,26.0,0.5
rulsurv_original_25pct_censored_cv,2,1,five_fold_row_level_cv,418,Bearing1_3,21.0,21.0,True,25.0,0.5
rulsurv_original_25pct_censored_cv,2,1,five_fold_row_level_cv,419,Bearing1_3,20.0,20.0,True,25.0,0.5
rulsurv_original_25pct_censored_cv,2,1,five_fold_row_level_cv,428,Bearing1_3,11.0,11.0,True,14.0,0.5
rulsurv_original_25pct_censored_cv,2,1,five_fold_row_level_cv,440,Bearing1_4,120.0,120.0,True,117.0,0.5
rulsurv_original_25pct_censored_cv,2,1,five_fold_row_level_cv,453,Bearing1_4,107.0,107.0,True,98.0,0.5
rulsurv_original_25pct_censored_cv,2,1,five_fold_row_level_cv,465,Bearing1_4,95.0,95.0,True,98.0,0.5
rulsurv_original_25pct_censored_cv,2,1,five_fold_row_level_cv,467,Bearing1_4,93.0,93.0,True,98.0,0.5
rulsurv_original_25pct_censored_cv,2,1,five_fold_row_level_cv,471,Bearing1_4,89.0,89.0,True,96.0,0.5
rulsurv_original_25pct_censored_cv,2,1,five_fold_row_level_cv,473,Bearing1_4,87.0,87.0,True,92.0,0.5
rulsurv_original_25pct_censored_cv,2,1,five_fold_row_level_cv,480,Bearing1_4,80.0,80.0,True,86.0,0.5
rulsurv_original_25pct_censored_cv,2,1,five_fold_row_level_cv,486,Bearing1_4,74.0,74.0,True,83.0,0.5
rulsurv_original_25pct_censored_cv,2,1,five_fold_row_level_cv,500,Bearing1_4,60.0,6.0,False,67.0,0.5
rulsurv_original_25pct_censored_cv,2,1,five_fold_row_level_cv,502,Bearing1_4,58.0,58.0,True,62.0,0.5
rulsurv_original_25pct_censored_cv,2,1,five_fold_row_level_cv,504,Bearing1_4,56.0,56.0,True,59.0,0.5
rulsurv_original_25pct_censored_cv,2,1,five_fold_row_level_cv,508,Bearing1_4,52.0,22.0,False,54.0,0.5
rulsurv_original_25pct_censored_cv,2,1,five_fold_row_level_cv,518,Bearing1_4,42.0,42.0,True,49.0,0.5
rulsurv_original_25pct_censored_cv,2,1,five_fold_row_level_cv,522,Bearing1_4,38.0,38.0,True,36.0,0.5
rulsurv_original_25pct_censored_cv,2,1,five_fold_row_level_cv,526,Bearing1_4,34.0,20.0,False,36.0,0.5
rulsurv_original_25pct_censored_cv,2,1,five_fold_row_level_cv,529,Bearing1_4,31.0,17.0,False,36.0,0.5
rulsurv_original_25pct_censored_cv,2,1,five_fold_row_level_cv,530,Bearing1_4,30.0,5.0,False,35.0,0.5
rulsurv_original_25pct_censored_cv,2,1,five_fold_row_level_cv,533,Bearing1_4,27.0,2.0,False,35.0,0.5
rulsurv_original_25pct_censored_cv,2,1,five_fold_row_level_cv,546,Bearing1_4,14.0,14.0,True,16.0,0.5
rulsurv_original_25pct_censored_cv,2,1,five_fold_row_level_cv,558,Bearing1_4,2.0,2.0,True,8.0,0.5
rulsurv_original_25pct_censored_cv,2,1,five_fold_row_level_cv,562,Bearing1_5,49.0,49.0,True,45.0,0.5
rulsurv_original_25pct_censored_cv,2,1,five_fold_row_level_cv,569,Bearing1_5,42.0,42.0,True,36.0,0.5
rulsurv_original_25pct_censored_cv,2,1,five_fold_row_level_cv,572,Bearing1_5,39.0,39.0,True,31.0,0.5
rulsurv_original_25pct_censored_cv,2,1,five_fold_row_level_cv,573,Bearing1_5,38.0,24.0,False,40.0,0.5
rulsurv_original_25pct_censored_cv,2,1,five_fold_row_level_cv,574,Bearing1_5,37.0,37.0,True,43.0,0.5
rulsurv_original_25pct_censored_cv,2,1,five_fold_row_level_cv,577,Bearing1_5,34.0,34.0,True,35.0,0.5
rulsurv_original_25pct_censored_cv,2,1,five_fold_row_level_cv,579,Bearing1_5,32.0,32.0,True,35.0,0.5
rulsurv_original_25pct_censored_cv,2,1,five_fold_row_level_cv,585,Bearing1_5,26.0,26.0,True,35.0,0.5
rulsurv_original_25pct_censored_cv,2,1,five_fold_row_level_cv,586,Bearing1_5,25.0,25.0,True,41.0,0.5
rulsurv_original_25pct_censored_cv,2,1,five_fold_row_level_cv,593,Bearing1_5,18.0,18.0,True,31.0,0.5
rulsurv_original_25pct_censored_cv,2,1,five_fold_row_level_cv,596,Bearing1_5,15.0,15.0,True,23.0,0.5
rulsurv_original_25pct_censored_cv,2,1,five_fold_row_level_cv,598,Bearing1_5,13.0,13.0,True,67.0,0.5
rulsurv_original_25pct_censored_cv,2,1,five_fold_row_level_cv,601,Bearing1_5,10.0,10.0,True,24.0,0.5
rulsurv_original_25pct_censored_cv,2,1,five_fold_row_level_cv,610,Bearing1_5,1.0,1.0,False,5.0,0.5
rulsurv_original_25pct_censored_cv,2,2,five_fold_row_level_cv,6,Bearing1_1,116.0,96.0,False,132.0,0.5
rulsurv_original_25pct_censored_cv,2,2,five_fold_row_level_cv,11,Bearing1_1,111.0,111.0,True,104.0,0.5
rulsurv_original_25pct_censored_cv,2,2,five_fold_row_level_cv,17,Bearing1_1,105.0,92.0,False,100.0,0.5
rulsurv_original_25pct_censored_cv,2,2,five_fold_row_level_cv,27,Bearing1_1,95.0,95.0,True,84.0,0.5
rulsurv_original_25pct_censored_cv,2,2,five_fold_row_level_cv,29,Bearing1_1,93.0,93.0,True,81.0,0.5
rulsurv_original_25pct_censored_cv,2,2,five_fold_row_level_cv,33,Bearing1_1,89.0,89.0,True,86.0,0.5
rulsurv_original_25pct_censored_cv,2,2,five_fold_row_level_cv,35,Bearing1_1,87.0,87.0,True,78.0,0.5
rulsurv_original_25pct_censored_cv,2,2,five_fold_row_level_cv,42,Bearing1_1,80.0,80.0,True,83.0,0.5
rulsurv_original_25pct_censored_cv,2,2,five_fold_row_level_cv,54,Bearing1_1,68.0,68.0,True,78.0,0.5
rulsurv_original_25pct_censored_cv,2,2,five_fold_row_level_cv,57,Bearing1_1,65.0,65.0,True,81.0,0.5
rulsurv_original_25pct_censored_cv,2,2,five_fold_row_level_cv,70,Bearing1_1,52.0,52.0,True,62.0,0.5
rulsurv_original_25pct_censored_cv,2,2,five_fold_row_level_cv,74,Bearing1_1,48.0,48.0,True,55.0,0.5
rulsurv_original_25pct_censored_cv,2,2,five_fold_row_level_cv,90,Bearing1_1,32.0,15.0,False,30.0,0.5
rulsurv_original_25pct_censored_cv,2,2,five_fold_row_level_cv,91,Bearing1_1,31.0,31.0,True,31.0,0.5
rulsurv_original_25pct_censored_cv,2,2,five_fold_row_level_cv,92,Bearing1_1,30.0,15.0,False,29.0,0.5
rulsurv_original_25pct_censored_cv,2,2,five_fold_row_level_cv,98,Bearing1_1,24.0,24.0,True,27.0,0.5
rulsurv_original_25pct_censored_cv,2,2,five_fold_row_level_cv,99,Bearing1_1,23.0,23.0,True,28.0,0.5
rulsurv_original_25pct_censored_cv,2,2,five_fold_row_level_cv,106,Bearing1_1,16.0,16.0,True,20.0,0.5
rulsurv_original_25pct_censored_cv,2,2,five_fold_row_level_cv,114,Bearing1_1,8.0,8.0,True,10.0,0.5
rulsurv_original_25pct_censored_cv,2,2,five_fold_row_level_cv,118,Bearing1_1,4.0,1.0,False,9.0,0.5
rulsurv_original_25pct_censored_cv,2,2,five_fold_row_level_cv,119,Bearing1_1,3.0,3.0,True,10.0,0.5
rulsurv_original_25pct_censored_cv,2,2,five_fold_row_level_cv,126,Bearing1_2,156.0,156.0,True,138.0,0.5
rulsurv_original_25pct_censored_cv,2,2,five_fold_row_level_cv,127,Bearing1_2,155.0,72.0,False,138.0,0.5
rulsurv_original_25pct_censored_cv,2,2,five_fold_row_level_cv,144,Bearing1_2,138.0,13.0,False,132.0,0.5
rulsurv_original_25pct_censored_cv,2,2,five_fold_row_level_cv,147,Bearing1_2,135.0,135.0,True,134.0,0.5
rulsurv_original_25pct_censored_cv,2,2,five_fold_row_level_cv,151,Bearing1_2,131.0,131.0,True,134.0,0.5
rulsurv_original_25pct_censored_cv,2,2,five_fold_row_level_cv,154,Bearing1_2,128.0,128.0,True,104.0,0.5
rulsurv_original_25pct_censored_cv,2,2,five_fold_row_level_cv,162,Bearing1_2,120.0,98.0,False,100.0,0.5
rulsurv_original_25pct_censored_cv,2,2,five_fold_row_level_cv,163,Bearing1_2,119.0,119.0,True,109.0,0.5
rulsurv_original_25pct_censored_cv,2,2,five_fold_row_level_cv,169,Bearing1_2,113.0,113.0,True,97.0,0.5
rulsurv_original_25pct_censored_cv,2,2,five_fold_row_level_cv,170,Bearing1_2,112.0,8.0,False,94.0,0.5
rulsurv_original_25pct_censored_cv,2,2,five_fold_row_level_cv,174,Bearing1_2,108.0,108.0,True,87.0,0.5
rulsurv_original_25pct_censored_cv,2,2,five_fold_row_level_cv,175,Bearing1_2,107.0,107.0,True,81.0,0.5
rulsurv_original_25pct_censored_cv,2,2,five_fold_row_level_cv,179,Bearing1_2,103.0,103.0,True,87.0,0.5
rulsurv_original_25pct_censored_cv,2,2,five_fold_row_level_cv,181,Bearing1_2,101.0,100.0,False,84.0,0.5
rulsurv_original_25pct_censored_cv,2,2,five_fold_row_level_cv,186,Bearing1_2,96.0,96.0,True,87.0,0.5
rulsurv_original_25pct_censored_cv,2,2,five_fold_row_level_cv,189,Bearing1_2,93.0,93.0,True,83.0,0.5
rulsurv_original_25pct_censored_cv,2,2,five_fold_row_level_cv,196,Bearing1_2,86.0,38.0,False,81.0,0.5
rulsurv_original_25pct_censored_cv,2,2,five_fold_row_level_cv,214,Bearing1_2,68.0,68.0,True,70.0,0.5
rulsurv_original_25pct_censored_cv,2,2,five_fold_row_level_cv,215,Bearing1_2,67.0,67.0,True,64.0,0.5
rulsurv_original_25pct_censored_cv,2,2,five_fold_row_level_cv,217,Bearing1_2,65.0,65.0,True,64.0,0.5
rulsurv_original_25pct_censored_cv,2,2,five_fold_row_level_cv,228,Bearing1_2,54.0,54.0,True,45.0,0.5
rulsurv_original_25pct_censored_cv,2,2,five_fold_row_level_cv,229,Bearing1_2,53.0,36.0,False,44.0,0.5
rulsurv_original_25pct_censored_cv,2,2,five_fold_row_level_cv,230,Bearing1_2,52.0,52.0,True,43.0,0.5
rulsurv_original_25pct_censored_cv,2,2,five_fold_row_level_cv,237,Bearing1_2,45.0,45.0,True,46.0,0.5
rulsurv_original_25pct_censored_cv,2,2,five_fold_row_level_cv,243,Bearing1_2,39.0,29.0,False,34.0,0.5
rulsurv_original_25pct_censored_cv,2,2,five_fold_row_level_cv,249,Bearing1_2,33.0,19.0,False,31.0,0.5
rulsurv_original_25pct_censored_cv,2,2,five_fold_row_level_cv,254,Bearing1_2,28.0,28.0,True,26.0,0.5
rulsurv_original_25pct_censored_cv,2,2,five_fold_row_level_cv,256,Bearing1_2,26.0,26.0,True,25.0,0.5
rulsurv_original_25pct_censored_cv,2,2,five_fold_row_level_cv,259,Bearing1_2,23.0,23.0,True,24.0,0.5
rulsurv_original_25pct_censored_cv,2,2,five_fold_row_level_cv,260,Bearing1_2,22.0,22.0,True,21.0,0.5
rulsurv_original_25pct_censored_cv,2,2,five_fold_row_level_cv,264,Bearing1_2,18.0,2.0,False,20.0,0.5
rulsurv_original_25pct_censored_cv,2,2,five_fold_row_level_cv,266,Bearing1_2,16.0,11.0,False,20.0,0.5
rulsurv_original_25pct_censored_cv,2,2,five_fold_row_level_cv,267,Bearing1_2,15.0,15.0,True,20.0,0.5
rulsurv_original_25pct_censored_cv,2,2,five_fold_row_level_cv,269,Bearing1_2,13.0,13.0,True,11.0,0.5
rulsurv_original_25pct_censored_cv,2,2,five_fold_row_level_cv,277,Bearing1_2,5.0,5.0,True,4.0,0.5
rulsurv_original_25pct_censored_cv,2,2,five_fold_row_level_cv,282,Bearing1_3,157.0,157.0,True,129.0,0.5
rulsurv_original_25pct_censored_cv,2,2,five_fold_row_level_cv,283,Bearing1_3,156.0,156.0,True,121.0,0.5
rulsurv_original_25pct_censored_cv,2,2,five_fold_row_level_cv,285,Bearing1_3,154.0,154.0,True,133.0,0.5
rulsurv_original_25pct_censored_cv,2,2,five_fold_row_level_cv,291,Bearing1_3,148.0,148.0,True,137.0,0.5
rulsurv_original_25pct_censored_cv,2,2,five_fold_row_level_cv,303,Bearing1_3,136.0,136.0,True,130.0,0.5
rulsurv_original_25pct_censored_cv,2,2,five_fold_row_level_cv,305,Bearing1_3,134.0,134.0,True,132.0,0.5
rulsurv_original_25pct_censored_cv,2,2,five_fold_row_level_cv,306,Bearing1_3,133.0,12.0,False,132.0,0.5
rulsurv_original_25pct_censored_cv,2,2,five_fold_row_level_cv,311,Bearing1_3,128.0,128.0,True,132.0,0.5
rulsurv_original_25pct_censored_cv,2,2,five_fold_row_level_cv,314,Bearing1_3,125.0,125.0,True,122.0,0.5
rulsurv_original_25pct_censored_cv,2,2,five_fold_row_level_cv,317,Bearing1_3,122.0,122.0,True,129.0,0.5
rulsurv_original_25pct_censored_cv,2,2,five_fold_row_level_cv,327,Bearing1_3,112.0,112.0,True,118.0,0.5
rulsurv_original_25pct_censored_cv,2,2,five_fold_row_level_cv,332,Bearing1_3,107.0,107.0,True,115.0,0.5
rulsurv_original_25pct_censored_cv,2,2,five_fold_row_level_cv,333,Bearing1_3,106.0,106.0,True,113.0,0.5
rulsurv_original_25pct_censored_cv,2,2,five_fold_row_level_cv,337,Bearing1_3,102.0,102.0,True,109.0,0.5
rulsurv_original_25pct_censored_cv,2,2,five_fold_row_level_cv,342,Bearing1_3,97.0,97.0,True,100.0,0.5
rulsurv_original_25pct_censored_cv,2,2,five_fold_row_level_cv,347,Bearing1_3,92.0,92.0,True,94.0,0.5
rulsurv_original_25pct_censored_cv,2,2,five_fold_row_level_cv,350,Bearing1_3,89.0,40.0,False,90.0,0.5
rulsurv_original_25pct_censored_cv,2,2,five_fold_row_level_cv,356,Bearing1_3,83.0,83.0,True,79.0,0.5
rulsurv_original_25pct_censored_cv,2,2,five_fold_row_level_cv,372,Bearing1_3,67.0,42.0,False,69.0,0.5
rulsurv_original_25pct_censored_cv,2,2,five_fold_row_level_cv,374,Bearing1_3,65.0,65.0,True,68.0,0.5
rulsurv_original_25pct_censored_cv,2,2,five_fold_row_level_cv,377,Bearing1_3,62.0,62.0,True,66.0,0.5
rulsurv_original_25pct_censored_cv,2,2,five_fold_row_level_cv,378,Bearing1_3,61.0,61.0,True,63.0,0.5
rulsurv_original_25pct_censored_cv,2,2,five_fold_row_level_cv,381,Bearing1_3,58.0,58.0,True,58.0,0.5
rulsurv_original_25pct_censored_cv,2,2,five_fold_row_level_cv,384,Bearing1_3,55.0,15.0,False,53.0,0.5
rulsurv_original_25pct_censored_cv,2,2,five_fold_row_level_cv,389,Bearing1_3,50.0,50.0,True,47.0,0.5
rulsurv_original_25pct_censored_cv,2,2,five_fold_row_level_cv,391,Bearing1_3,48.0,21.0,False,44.0,0.5
rulsurv_original_25pct_censored_cv,2,2,five_fold_row_level_cv,393,Bearing1_3,46.0,46.0,True,46.0,0.5
rulsurv_original_25pct_censored_cv,2,2,five_fold_row_level_cv,394,Bearing1_3,45.0,40.0,False,44.0,0.5
rulsurv_original_25pct_censored_cv,2,2,five_fold_row_level_cv,402,Bearing1_3,37.0,15.0,False,40.0,0.5
rulsurv_original_25pct_censored_cv,2,2,five_fold_row_level_cv,412,Bearing1_3,27.0,27.0,True,31.0,0.5
rulsurv_original_25pct_censored_cv,2,2,five_fold_row_level_cv,425,Bearing1_3,14.0,14.0,True,18.0,0.5
rulsurv_original_25pct_censored_cv,2,2,five_fold_row_level_cv,431,Bearing1_3,8.0,8.0,True,7.0,0.5
rulsurv_original_25pct_censored_cv,2,2,five_fold_row_level_cv,435,Bearing1_3,4.0,2.0,False,7.0,0.5
rulsurv_original_25pct_censored_cv,2,2,five_fold_row_level_cv,436,Bearing1_3,3.0,1.0,False,8.0,0.5
rulsurv_original_25pct_censored_cv,2,2,five_fold_row_level_cv,437,Bearing1_3,2.0,1.0,False,6.0,0.5
rulsurv_original_25pct_censored_cv,2,2,five_fold_row_level_cv,441,Bearing1_4,119.0,119.0,True,118.0,0.5
rulsurv_original_25pct_censored_cv,2,2,five_fold_row_level_cv,458,Bearing1_4,102.0,60.0,False,95.0,0.5
rulsurv_original_25pct_censored_cv,2,2,five_fold_row_level_cv,462,Bearing1_4,98.0,98.0,True,93.0,0.5
rulsurv_original_25pct_censored_cv,2,2,five_fold_row_level_cv,464,Bearing1_4,96.0,96.0,True,94.0,0.5
rulsurv_original_25pct_censored_cv,2,2,five_fold_row_level_cv,468,Bearing1_4,92.0,92.0,True,91.0,0.5
rulsurv_original_25pct_censored_cv,2,2,five_fold_row_level_cv,470,Bearing1_4,90.0,18.0,False,93.0,0.5
rulsurv_original_25pct_censored_cv,2,2,five_fold_row_level_cv,481,Bearing1_4,79.0,79.0,True,84.0,0.5
rulsurv_original_25pct_censored_cv,2,2,five_fold_row_level_cv,490,Bearing1_4,70.0,70.0,True,78.0,0.5
rulsurv_original_25pct_censored_cv,2,2,five_fold_row_level_cv,492,Bearing1_4,68.0,68.0,True,81.0,0.5
rulsurv_original_25pct_censored_cv,2,2,five_fold_row_level_cv,503,Bearing1_4,57.0,57.0,True,61.0,0.5
rulsurv_original_25pct_censored_cv,2,2,five_fold_row_level_cv,507,Bearing1_4,53.0,53.0,True,55.0,0.5
rulsurv_original_25pct_censored_cv,2,2,five_fold_row_level_cv,509,Bearing1_4,51.0,51.0,True,55.0,0.5
rulsurv_original_25pct_censored_cv,2,2,five_fold_row_level_cv,513,Bearing1_4,47.0,47.0,True,45.0,0.5
rulsurv_original_25pct_censored_cv,2,2,five_fold_row_level_cv,514,Bearing1_4,46.0,2.0,False,54.0,0.5
rulsurv_original_25pct_censored_cv,2,2,five_fold_row_level_cv,517,Bearing1_4,43.0,43.0,True,49.0,0.5
rulsurv_original_25pct_censored_cv,2,2,five_fold_row_level_cv,520,Bearing1_4,40.0,40.0,True,44.0,0.5
rulsurv_original_25pct_censored_cv,2,2,five_fold_row_level_cv,521,Bearing1_4,39.0,39.0,True,41.0,0.5
rulsurv_original_25pct_censored_cv,2,2,five_fold_row_level_cv,524,Bearing1_4,36.0,36.0,True,38.0,0.5
rulsurv_original_25pct_censored_cv,2,2,five_fold_row_level_cv,535,Bearing1_4,25.0,25.0,True,33.0,0.5
rulsurv_original_25pct_censored_cv,2,2,five_fold_row_level_cv,536,Bearing1_4,24.0,24.0,True,35.0,0.5
rulsurv_original_25pct_censored_cv,2,2,five_fold_row_level_cv,537,Bearing1_4,23.0,23.0,True,32.0,0.5
rulsurv_original_25pct_censored_cv,2,2,five_fold_row_level_cv,539,Bearing1_4,21.0,21.0,True,26.0,0.5
rulsurv_original_25pct_censored_cv,2,2,five_fold_row_level_cv,543,Bearing1_4,17.0,17.0,True,19.0,0.5
rulsurv_original_25pct_censored_cv,2,2,five_fold_row_level_cv,551,Bearing1_4,9.0,9.0,True,14.0,0.5
rulsurv_original_25pct_censored_cv,2,2,five_fold_row_level_cv,553,Bearing1_4,7.0,5.0,False,16.0,0.5
rulsurv_original_25pct_censored_cv,2,2,five_fold_row_level_cv,556,Bearing1_4,4.0,4.0,True,8.0,0.5
rulsurv_original_25pct_censored_cv,2,2,five_fold_row_level_cv,565,Bearing1_5,46.0,46.0,True,41.0,0.5
rulsurv_original_25pct_censored_cv,2,2,five_fold_row_level_cv,575,Bearing1_5,36.0,36.0,True,34.0,0.5
rulsurv_original_25pct_censored_cv,2,2,five_fold_row_level_cv,589,Bearing1_5,22.0,19.0,False,26.0,0.5
rulsurv_original_25pct_censored_cv,2,2,five_fold_row_level_cv,595,Bearing1_5,16.0,16.0,True,22.0,0.5
rulsurv_original_25pct_censored_cv,2,2,five_fold_row_level_cv,597,Bearing1_5,14.0,14.0,True,39.0,0.5
rulsurv_original_25pct_censored_cv,2,3,five_fold_row_level_cv,4,Bearing1_1,118.0,118.0,True,136.0,0.5
rulsurv_original_25pct_censored_cv,2,3,five_fold_row_level_cv,5,Bearing1_1,117.0,117.0,True,132.0,0.5
rulsurv_original_25pct_censored_cv,2,3,five_fold_row_level_cv,8,Bearing1_1,114.0,54.0,False,134.0,0.5
rulsurv_original_25pct_censored_cv,2,3,five_fold_row_level_cv,9,Bearing1_1,113.0,113.0,True,118.0,0.5
rulsurv_original_25pct_censored_cv,2,3,five_fold_row_level_cv,22,Bearing1_1,100.0,100.0,True,104.0,0.5
rulsurv_original_25pct_censored_cv,2,3,five_fold_row_level_cv,36,Bearing1_1,86.0,86.0,True,90.0,0.5
rulsurv_original_25pct_censored_cv,2,3,five_fold_row_level_cv,39,Bearing1_1,83.0,83.0,True,89.0,0.5
rulsurv_original_25pct_censored_cv,2,3,five_fold_row_level_cv,44,Bearing1_1,78.0,78.0,True,80.0,0.5
rulsurv_original_25pct_censored_cv,2,3,five_fold_row_level_cv,45,Bearing1_1,77.0,24.0,False,92.0,0.5
rulsurv_original_25pct_censored_cv,2,3,five_fold_row_level_cv,48,Bearing1_1,74.0,22.0,False,87.0,0.5
rulsurv_original_25pct_censored_cv,2,3,five_fold_row_level_cv,64,Bearing1_1,58.0,25.0,False,66.0,0.5
rulsurv_original_25pct_censored_cv,2,3,five_fold_row_level_cv,71,Bearing1_1,51.0,51.0,True,61.0,0.5
rulsurv_original_25pct_censored_cv,2,3,five_fold_row_level_cv,79,Bearing1_1,43.0,43.0,True,49.0,0.5
rulsurv_original_25pct_censored_cv,2,3,five_fold_row_level_cv,82,Bearing1_1,40.0,40.0,True,45.0,0.5
rulsurv_original_25pct_censored_cv,2,3,five_fold_row_level_cv,85,Bearing1_1,37.0,31.0,False,41.0,0.5
rulsurv_original_25pct_censored_cv,2,3,five_fold_row_level_cv,87,Bearing1_1,35.0,35.0,True,38.0,0.5
rulsurv_original_25pct_censored_cv,2,3,five_fold_row_level_cv,93,Bearing1_1,29.0,29.0,True,31.0,0.5
rulsurv_original_25pct_censored_cv,2,3,five_fold_row_level_cv,97,Bearing1_1,25.0,25.0,True,30.0,0.5
rulsurv_original_25pct_censored_cv,2,3,five_fold_row_level_cv,101,Bearing1_1,21.0,21.0,True,22.0,0.5
rulsurv_original_25pct_censored_cv,2,3,five_fold_row_level_cv,104,Bearing1_1,18.0,18.0,True,22.0,0.5
rulsurv_original_25pct_censored_cv,2,3,five_fold_row_level_cv,105,Bearing1_1,17.0,17.0,True,23.0,0.5
rulsurv_original_25pct_censored_cv,2,3,five_fold_row_level_cv,107,Bearing1_1,15.0,15.0,True,14.0,0.5
rulsurv_original_25pct_censored_cv,2,3,five_fold_row_level_cv,111,Bearing1_1,11.0,11.0,True,12.0,0.5
rulsurv_original_25pct_censored_cv,2,3,five_fold_row_level_cv,113,Bearing1_1,9.0,9.0,True,10.0,0.5
rulsurv_original_25pct_censored_cv,2,3,five_fold_row_level_cv,115,Bearing1_1,7.0,7.0,True,9.0,0.5
rulsurv_original_25pct_censored_cv,2,3,five_fold_row_level_cv,122,Bearing1_2,160.0,153.0,False,130.0,0.5
rulsurv_original_25pct_censored_cv,2,3,five_fold_row_level_cv,133,Bearing1_2,149.0,149.0,True,134.0,0.5
rulsurv_original_25pct_censored_cv,2,3,five_fold_row_level_cv,135,Bearing1_2,147.0,147.0,True,136.0,0.5
rulsurv_original_25pct_censored_cv,2,3,five_fold_row_level_cv,139,Bearing1_2,143.0,143.0,True,132.0,0.5
rulsurv_original_25pct_censored_cv,2,3,five_fold_row_level_cv,140,Bearing1_2,142.0,142.0,True,135.0,0.5
rulsurv_original_25pct_censored_cv,2,3,five_fold_row_level_cv,143,Bearing1_2,139.0,139.0,True,134.0,0.5
rulsurv_original_25pct_censored_cv,2,3,five_fold_row_level_cv,145,Bearing1_2,137.0,137.0,True,130.0,0.5
rulsurv_original_25pct_censored_cv,2,3,five_fold_row_level_cv,149,Bearing1_2,133.0,133.0,True,134.0,0.5
rulsurv_original_25pct_censored_cv,2,3,five_fold_row_level_cv,153,Bearing1_2,129.0,129.0,True,106.0,0.5
rulsurv_original_25pct_censored_cv,2,3,five_fold_row_level_cv,156,Bearing1_2,126.0,126.0,True,111.0,0.5
rulsurv_original_25pct_censored_cv,2,3,five_fold_row_level_cv,164,Bearing1_2,118.0,118.0,True,109.0,0.5
rulsurv_original_25pct_censored_cv,2,3,five_fold_row_level_cv,184,Bearing1_2,98.0,98.0,True,91.0,0.5
rulsurv_original_25pct_censored_cv,2,3,five_fold_row_level_cv,185,Bearing1_2,97.0,97.0,True,90.0,0.5
rulsurv_original_25pct_censored_cv,2,3,five_fold_row_level_cv,190,Bearing1_2,92.0,63.0,False,84.0,0.5
rulsurv_original_25pct_censored_cv,2,3,five_fold_row_level_cv,197,Bearing1_2,85.0,85.0,True,79.0,0.5
rulsurv_original_25pct_censored_cv,2,3,five_fold_row_level_cv,206,Bearing1_2,76.0,25.0,False,65.0,0.5
rulsurv_original_25pct_censored_cv,2,3,five_fold_row_level_cv,208,Bearing1_2,74.0,74.0,True,65.0,0.5
rulsurv_original_25pct_censored_cv,2,3,five_fold_row_level_cv,210,Bearing1_2,72.0,68.0,False,65.0,0.5
rulsurv_original_25pct_censored_cv,2,3,five_fold_row_level_cv,213,Bearing1_2,69.0,34.0,False,65.0,0.5
rulsurv_original_25pct_censored_cv,2,3,five_fold_row_level_cv,220,Bearing1_2,62.0,62.0,True,56.0,0.5
rulsurv_original_25pct_censored_cv,2,3,five_fold_row_level_cv,233,Bearing1_2,49.0,27.0,False,48.0,0.5
rulsurv_original_25pct_censored_cv,2,3,five_fold_row_level_cv,241,Bearing1_2,41.0,41.0,True,45.0,0.5
rulsurv_original_25pct_censored_cv,2,3,five_fold_row_level_cv,242,Bearing1_2,40.0,10.0,False,41.0,0.5
rulsurv_original_25pct_censored_cv,2,3,five_fold_row_level_cv,252,Bearing1_2,30.0,1.0,False,27.0,0.5
rulsurv_original_25pct_censored_cv,2,3,five_fold_row_level_cv,253,Bearing1_2,29.0,29.0,True,27.0,0.5
rulsurv_original_25pct_censored_cv,2,3,five_fold_row_level_cv,257,Bearing1_2,25.0,25.0,True,25.0,0.5
rulsurv_original_25pct_censored_cv,2,3,five_fold_row_level_cv,261,Bearing1_2,21.0,21.0,True,23.0,0.5
rulsurv_original_25pct_censored_cv,2,3,five_fold_row_level_cv,262,Bearing1_2,20.0,20.0,True,23.0,0.5
rulsurv_original_25pct_censored_cv,2,3,five_fold_row_level_cv,270,Bearing1_2,12.0,12.0,True,10.0,0.5
rulsurv_original_25pct_censored_cv,2,3,five_fold_row_level_cv,274,Bearing1_2,8.0,8.0,True,6.0,0.5
rulsurv_original_25pct_censored_cv,2,3,five_fold_row_level_cv,278,Bearing1_2,4.0,4.0,True,6.0,0.5
rulsurv_original_25pct_censored_cv,2,3,five_fold_row_level_cv,279,Bearing1_2,3.0,3.0,True,5.0,0.5
rulsurv_original_25pct_censored_cv,2,3,five_fold_row_level_cv,289,Bearing1_3,150.0,150.0,True,137.0,0.5
rulsurv_original_25pct_censored_cv,2,3,five_fold_row_level_cv,290,Bearing1_3,149.0,149.0,True,132.0,0.5
rulsurv_original_25pct_censored_cv,2,3,five_fold_row_level_cv,293,Bearing1_3,146.0,113.0,False,130.0,0.5
rulsurv_original_25pct_censored_cv,2,3,five_fold_row_level_cv,298,Bearing1_3,141.0,141.0,True,135.0,0.5
rulsurv_original_25pct_censored_cv,2,3,five_fold_row_level_cv,301,Bearing1_3,138.0,138.0,True,132.0,0.5
rulsurv_original_25pct_censored_cv,2,3,five_fold_row_level_cv,308,Bearing1_3,131.0,106.0,False,132.0,0.5
rulsurv_original_25pct_censored_cv,2,3,five_fold_row_level_cv,310,Bearing1_3,129.0,129.0,True,130.0,0.5
rulsurv_original_25pct_censored_cv,2,3,five_fold_row_level_cv,313,Bearing1_3,126.0,53.0,False,128.0,0.5
rulsurv_original_25pct_censored_cv,2,3,five_fold_row_level_cv,315,Bearing1_3,124.0,34.0,False,125.0,0.5
rulsurv_original_25pct_censored_cv,2,3,five_fold_row_level_cv,318,Bearing1_3,121.0,121.0,True,128.0,0.5
rulsurv_original_25pct_censored_cv,2,3,five_fold_row_level_cv,328,Bearing1_3,111.0,111.0,True,116.0,0.5
rulsurv_original_25pct_censored_cv,2,3,five_fold_row_level_cv,336,Bearing1_3,103.0,103.0,True,107.0,0.5
rulsurv_original_25pct_censored_cv,2,3,five_fold_row_level_cv,339,Bearing1_3,100.0,100.0,True,106.0,0.5
rulsurv_original_25pct_censored_cv,2,3,five_fold_row_level_cv,341,Bearing1_3,98.0,98.0,True,99.0,0.5
rulsurv_original_25pct_censored_cv,2,3,five_fold_row_level_cv,346,Bearing1_3,93.0,93.0,True,94.0,0.5
rulsurv_original_25pct_censored_cv,2,3,five_fold_row_level_cv,348,Bearing1_3,91.0,19.0,False,94.0,0.5
rulsurv_original_25pct_censored_cv,2,3,five_fold_row_level_cv,349,Bearing1_3,90.0,90.0,True,94.0,0.5
rulsurv_original_25pct_censored_cv,2,3,five_fold_row_level_cv,357,Bearing1_3,82.0,82.0,True,78.0,0.5
rulsurv_original_25pct_censored_cv,2,3,five_fold_row_level_cv,358,Bearing1_3,81.0,81.0,True,78.0,0.5
rulsurv_original_25pct_censored_cv,2,3,five_fold_row_level_cv,361,Bearing1_3,78.0,14.0,False,76.0,0.5
rulsurv_original_25pct_censored_cv,2,3,five_fold_row_level_cv,367,Bearing1_3,72.0,21.0,False,69.0,0.5
rulsurv_original_25pct_censored_cv,2,3,five_fold_row_level_cv,373,Bearing1_3,66.0,66.0,True,65.0,0.5
rulsurv_original_25pct_censored_cv,2,3,five_fold_row_level_cv,376,Bearing1_3,63.0,55.0,False,62.0,0.5
rulsurv_original_25pct_censored_cv,2,3,five_fold_row_level_cv,380,Bearing1_3,59.0,22.0,False,58.0,0.5
rulsurv_original_25pct_censored_cv,2,3,five_fold_row_level_cv,386,Bearing1_3,53.0,53.0,True,54.0,0.5
rulsurv_original_25pct_censored_cv,2,3,five_fold_row_level_cv,390,Bearing1_3,49.0,45.0,False,50.0,0.5
rulsurv_original_25pct_censored_cv,2,3,five_fold_row_level_cv,400,Bearing1_3,39.0,1.0,False,43.0,0.5
rulsurv_original_25pct_censored_cv,2,3,five_fold_row_level_cv,410,Bearing1_3,29.0,29.0,True,34.0,0.5
rulsurv_original_25pct_censored_cv,2,3,five_fold_row_level_cv,411,Bearing1_3,28.0,28.0,True,33.0,0.5
rulsurv_original_25pct_censored_cv,2,3,five_fold_row_level_cv,415,Bearing1_3,24.0,13.0,False,24.0,0.5
rulsurv_original_25pct_censored_cv,2,3,five_fold_row_level_cv,420,Bearing1_3,19.0,19.0,True,23.0,0.5
rulsurv_original_25pct_censored_cv,2,3,five_fold_row_level_cv,421,Bearing1_3,18.0,15.0,False,22.0,0.5
rulsurv_original_25pct_censored_cv,2,3,five_fold_row_level_cv,423,Bearing1_3,16.0,16.0,True,21.0,0.5
rulsurv_original_25pct_censored_cv,2,3,five_fold_row_level_cv,430,Bearing1_3,9.0,9.0,True,14.0,0.5
rulsurv_original_25pct_censored_cv,2,3,five_fold_row_level_cv,432,Bearing1_3,7.0,7.0,True,6.0,0.5
rulsurv_original_25pct_censored_cv,2,3,five_fold_row_level_cv,444,Bearing1_4,116.0,116.0,True,117.0,0.5
rulsurv_original_25pct_censored_cv,2,3,five_fold_row_level_cv,447,Bearing1_4,113.0,113.0,True,94.0,0.5
rulsurv_original_25pct_censored_cv,2,3,five_fold_row_level_cv,448,Bearing1_4,112.0,112.0,True,95.0,0.5
rulsurv_original_25pct_censored_cv,2,3,five_fold_row_level_cv,459,Bearing1_4,101.0,101.0,True,95.0,0.5
rulsurv_original_25pct_censored_cv,2,3,five_fold_row_level_cv,469,Bearing1_4,91.0,91.0,True,93.0,0.5
rulsurv_original_25pct_censored_cv,2,3,five_fold_row_level_cv,475,Bearing1_4,85.0,85.0,True,92.0,0.5
rulsurv_original_25pct_censored_cv,2,3,five_fold_row_level_cv,479,Bearing1_4,81.0,81.0,True,87.0,0.5
rulsurv_original_25pct_censored_cv,2,3,five_fold_row_level_cv,488,Bearing1_4,72.0,72.0,True,83.0,0.5
rulsurv_original_25pct_censored_cv,2,3,five_fold_row_level_cv,489,Bearing1_4,71.0,31.0,False,86.0,0.5
rulsurv_original_25pct_censored_cv,2,3,five_fold_row_level_cv,496,Bearing1_4,64.0,64.0,True,67.0,0.5
rulsurv_original_25pct_censored_cv,2,3,five_fold_row_level_cv,501,Bearing1_4,59.0,59.0,True,62.0,0.5
rulsurv_original_25pct_censored_cv,2,3,five_fold_row_level_cv,510,Bearing1_4,50.0,50.0,True,55.0,0.5
rulsurv_original_25pct_censored_cv,2,3,five_fold_row_level_cv,511,Bearing1_4,49.0,49.0,True,55.0,0.5
rulsurv_original_25pct_censored_cv,2,3,five_fold_row_level_cv,512,Bearing1_4,48.0,48.0,True,53.0,0.5
rulsurv_original_25pct_censored_cv,2,3,five_fold_row_level_cv,515,Bearing1_4,45.0,45.0,True,44.0,0.5
rulsurv_original_25pct_censored_cv,2,3,five_fold_row_level_cv,519,Bearing1_4,41.0,41.0,True,39.0,0.5
rulsurv_original_25pct_censored_cv,2,3,five_fold_row_level_cv,532,Bearing1_4,28.0,10.0,False,35.0,0.5
rulsurv_original_25pct_censored_cv,2,3,five_fold_row_level_cv,540,Bearing1_4,20.0,20.0,True,21.0,0.5
rulsurv_original_25pct_censored_cv,2,3,five_fold_row_level_cv,548,Bearing1_4,12.0,12.0,True,11.0,0.5
rulsurv_original_25pct_censored_cv,2,3,five_fold_row_level_cv,557,Bearing1_4,3.0,3.0,True,10.0,0.5
rulsurv_original_25pct_censored_cv,2,3,five_fold_row_level_cv,559,Bearing1_4,1.0,1.0,True,16.0,0.5
rulsurv_original_25pct_censored_cv,2,3,five_fold_row_level_cv,563,Bearing1_5,48.0,29.0,False,40.0,0.5
rulsurv_original_25pct_censored_cv,2,3,five_fold_row_level_cv,576,Bearing1_5,35.0,35.0,True,36.0,0.5
rulsurv_original_25pct_censored_cv,2,3,five_fold_row_level_cv,590,Bearing1_5,21.0,21.0,True,40.0,0.5
rulsurv_original_25pct_censored_cv,2,3,five_fold_row_level_cv,591,Bearing1_5,20.0,20.0,True,40.0,0.5
rulsurv_original_25pct_censored_cv,2,3,five_fold_row_level_cv,592,Bearing1_5,19.0,19.0,True,27.0,0.5
rulsurv_original_25pct_censored_cv,2,3,five_fold_row_level_cv,594,Bearing1_5,17.0,17.0,True,44.0,0.5
rulsurv_original_25pct_censored_cv,2,3,five_fold_row_level_cv,599,Bearing1_5,12.0,12.0,True,24.0,0.5
rulsurv_original_25pct_censored_cv,2,3,five_fold_row_level_cv,606,Bearing1_5,5.0,3.0,False,7.0,0.5
rulsurv_original_25pct_censored_cv,2,3,five_fold_row_level_cv,607,Bearing1_5,4.0,4.0,True,8.0,0.5
rulsurv_original_25pct_censored_cv,2,4,five_fold_row_level_cv,0,Bearing1_1,122.0,122.0,True,130.0,0.5
rulsurv_original_25pct_censored_cv,2,4,five_fold_row_level_cv,19,Bearing1_1,103.0,103.0,True,106.0,0.5
rulsurv_original_25pct_censored_cv,2,4,five_fold_row_level_cv,21,Bearing1_1,101.0,68.0,False,94.0,0.5
rulsurv_original_25pct_censored_cv,2,4,five_fold_row_level_cv,26,Bearing1_1,96.0,96.0,True,87.0,0.5
rulsurv_original_25pct_censored_cv,2,4,five_fold_row_level_cv,31,Bearing1_1,91.0,30.0,False,87.0,0.5
rulsurv_original_25pct_censored_cv,2,4,five_fold_row_level_cv,34,Bearing1_1,88.0,75.0,False,84.0,0.5
rulsurv_original_25pct_censored_cv,2,4,five_fold_row_level_cv,43,Bearing1_1,79.0,79.0,True,95.0,0.5
rulsurv_original_25pct_censored_cv,2,4,five_fold_row_level_cv,46,Bearing1_1,76.0,76.0,True,83.0,0.5
rulsurv_original_25pct_censored_cv,2,4,five_fold_row_level_cv,47,Bearing1_1,75.0,75.0,True,83.0,0.5
rulsurv_original_25pct_censored_cv,2,4,five_fold_row_level_cv,49,Bearing1_1,73.0,73.0,True,95.0,0.5
rulsurv_original_25pct_censored_cv,2,4,five_fold_row_level_cv,50,Bearing1_1,72.0,45.0,False,84.0,0.5
rulsurv_original_25pct_censored_cv,2,4,five_fold_row_level_cv,51,Bearing1_1,71.0,71.0,True,86.0,0.5
rulsurv_original_25pct_censored_cv,2,4,five_fold_row_level_cv,56,Bearing1_1,66.0,66.0,True,82.0,0.5
rulsurv_original_25pct_censored_cv,2,4,five_fold_row_level_cv,58,Bearing1_1,64.0,64.0,True,82.0,0.5
rulsurv_original_25pct_censored_cv,2,4,five_fold_row_level_cv,59,Bearing1_1,63.0,63.0,True,81.0,0.5
rulsurv_original_25pct_censored_cv,2,4,five_fold_row_level_cv,61,Bearing1_1,61.0,61.0,True,82.0,0.5
rulsurv_original_25pct_censored_cv,2,4,five_fold_row_level_cv,63,Bearing1_1,59.0,59.0,True,82.0,0.5
rulsurv_original_25pct_censored_cv,2,4,five_fold_row_level_cv,75,Bearing1_1,47.0,45.0,False,50.0,0.5
rulsurv_original_25pct_censored_cv,2,4,five_fold_row_level_cv,78,Bearing1_1,44.0,23.0,False,52.0,0.5
rulsurv_original_25pct_censored_cv,2,4,five_fold_row_level_cv,81,Bearing1_1,41.0,41.0,True,49.0,0.5
rulsurv_original_25pct_censored_cv,2,4,five_fold_row_level_cv,83,Bearing1_1,39.0,39.0,True,45.0,0.5
rulsurv_original_25pct_censored_cv,2,4,five_fold_row_level_cv,86,Bearing1_1,36.0,36.0,True,42.0,0.5
rulsurv_original_25pct_censored_cv,2,4,five_fold_row_level_cv,88,Bearing1_1,34.0,34.0,True,42.0,0.5
rulsurv_original_25pct_censored_cv,2,4,five_fold_row_level_cv,95,Bearing1_1,27.0,27.0,True,29.0,0.5
rulsurv_original_25pct_censored_cv,2,4,five_fold_row_level_cv,96,Bearing1_1,26.0,19.0,False,28.0,0.5
rulsurv_original_25pct_censored_cv,2,4,five_fold_row_level_cv,102,Bearing1_1,20.0,20.0,True,24.0,0.5
rulsurv_original_25pct_censored_cv,2,4,five_fold_row_level_cv,110,Bearing1_1,12.0,12.0,True,11.0,0.5
rulsurv_original_25pct_censored_cv,2,4,five_fold_row_level_cv,121,Bearing1_1,1.0,1.0,True,8.0,0.5
rulsurv_original_25pct_censored_cv,2,4,five_fold_row_level_cv,124,Bearing1_2,158.0,158.0,True,111.0,0.5
rulsurv_original_25pct_censored_cv,2,4,five_fold_row_level_cv,125,Bearing1_2,157.0,157.0,True,136.0,0.5
rulsurv_original_25pct_censored_cv,2,4,five_fold_row_level_cv,132,Bearing1_2,150.0,73.0,False,136.0,0.5
rulsurv_original_25pct_censored_cv,2,4,five_fold_row_level_cv,138,Bearing1_2,144.0,144.0,True,132.0,0.5
rulsurv_original_25pct_censored_cv,2,4,five_fold_row_level_cv,148,Bearing1_2,134.0,134.0,True,135.0,0.5
rulsurv_original_25pct_censored_cv,2,4,five_fold_row_level_cv,168,Bearing1_2,114.0,114.0,True,102.0,0.5
rulsurv_original_25pct_censored_cv,2,4,five_fold_row_level_cv,187,Bearing1_2,95.0,71.0,False,85.0,0.5
rulsurv_original_25pct_censored_cv,2,4,five_fold_row_level_cv,191,Bearing1_2,91.0,91.0,True,68.0,0.5
rulsurv_original_25pct_censored_cv,2,4,five_fold_row_level_cv,195,Bearing1_2,87.0,87.0,True,70.0,0.5
rulsurv_original_25pct_censored_cv,2,4,five_fold_row_level_cv,201,Bearing1_2,81.0,81.0,True,71.0,0.5
rulsurv_original_25pct_censored_cv,2,4,five_fold_row_level_cv,207,Bearing1_2,75.0,75.0,True,68.0,0.5
rulsurv_original_25pct_censored_cv,2,4,five_fold_row_level_cv,211,Bearing1_2,71.0,37.0,False,67.0,0.5
rulsurv_original_25pct_censored_cv,2,4,five_fold_row_level_cv,218,Bearing1_2,64.0,64.0,True,61.0,0.5
rulsurv_original_25pct_censored_cv,2,4,five_fold_row_level_cv,219,Bearing1_2,63.0,63.0,True,58.0,0.5
rulsurv_original_25pct_censored_cv,2,4,five_fold_row_level_cv,224,Bearing1_2,58.0,58.0,True,53.0,0.5
rulsurv_original_25pct_censored_cv,2,4,five_fold_row_level_cv,234,Bearing1_2,48.0,48.0,True,46.0,0.5
rulsurv_original_25pct_censored_cv,2,4,five_fold_row_level_cv,238,Bearing1_2,44.0,44.0,True,45.0,0.5
rulsurv_original_25pct_censored_cv,2,4,five_fold_row_level_cv,245,Bearing1_2,37.0,12.0,False,34.0,0.5
rulsurv_original_25pct_censored_cv,2,4,five_fold_row_level_cv,255,Bearing1_2,27.0,27.0,True,25.0,0.5
rulsurv_original_25pct_censored_cv,2,4,five_fold_row_level_cv,263,Bearing1_2,19.0,8.0,False,20.0,0.5
rulsurv_original_25pct_censored_cv,2,4,five_fold_row_level_cv,271,Bearing1_2,11.0,11.0,True,8.0,0.5
rulsurv_original_25pct_censored_cv,2,4,five_fold_row_level_cv,272,Bearing1_2,10.0,1.0,False,8.0,0.5
rulsurv_original_25pct_censored_cv,2,4,five_fold_row_level_cv,287,Bearing1_3,152.0,152.0,True,136.0,0.5
rulsurv_original_25pct_censored_cv,2,4,five_fold_row_level_cv,288,Bearing1_3,151.0,151.0,True,135.0,0.5
rulsurv_original_25pct_censored_cv,2,4,five_fold_row_level_cv,296,Bearing1_3,143.0,143.0,True,138.0,0.5
rulsurv_original_25pct_censored_cv,2,4,five_fold_row_level_cv,299,Bearing1_3,140.0,140.0,True,132.0,0.5
rulsurv_original_25pct_censored_cv,2,4,five_fold_row_level_cv,302,Bearing1_3,137.0,137.0,True,133.0,0.5
rulsurv_original_25pct_censored_cv,2,4,five_fold_row_level_cv,316,Bearing1_3,123.0,66.0,False,122.0,0.5
rulsurv_original_25pct_censored_cv,2,4,five_fold_row_level_cv,319,Bearing1_3,120.0,106.0,False,122.0,0.5
rulsurv_original_25pct_censored_cv,2,4,five_fold_row_level_cv,323,Bearing1_3,116.0,116.0,True,119.0,0.5
rulsurv_original_25pct_censored_cv,2,4,five_fold_row_level_cv,324,Bearing1_3,115.0,115.0,True,118.0,0.5
rulsurv_original_25pct_censored_cv,2,4,five_fold_row_level_cv,325,Bearing1_3,114.0,114.0,True,119.0,0.5
rulsurv_original_25pct_censored_cv,2,4,five_fold_row_level_cv,326,Bearing1_3,113.0,113.0,True,119.0,0.5
rulsurv_original_25pct_censored_cv,2,4,five_fold_row_level_cv,329,Bearing1_3,110.0,110.0,True,118.0,0.5
rulsurv_original_25pct_censored_cv,2,4,five_fold_row_level_cv,351,Bearing1_3,88.0,44.0,False,87.0,0.5
rulsurv_original_25pct_censored_cv,2,4,five_fold_row_level_cv,359,Bearing1_3,80.0,80.0,True,76.0,0.5
rulsurv_original_25pct_censored_cv,2,4,five_fold_row_level_cv,360,Bearing1_3,79.0,79.0,True,76.0,0.5
rulsurv_original_25pct_censored_cv,2,4,five_fold_row_level_cv,364,Bearing1_3,75.0,75.0,True,76.0,0.5
rulsurv_original_25pct_censored_cv,2,4,five_fold_row_level_cv,366,Bearing1_3,73.0,73.0,True,71.0,0.5
rulsurv_original_25pct_censored_cv,2,4,five_fold_row_level_cv,375,Bearing1_3,64.0,44.0,False,65.0,0.5
rulsurv_original_25pct_censored_cv,2,4,five_fold_row_level_cv,385,Bearing1_3,54.0,54.0,True,53.0,0.5
rulsurv_original_25pct_censored_cv,2,4,five_fold_row_level_cv,392,Bearing1_3,47.0,47.0,True,48.0,0.5
rulsurv_original_25pct_censored_cv,2,4,five_fold_row_level_cv,401,Bearing1_3,38.0,6.0,False,38.0,0.5
rulsurv_original_25pct_censored_cv,2,4,five_fold_row_level_cv,404,Bearing1_3,35.0,35.0,True,40.0,0.5
rulsurv_original_25pct_censored_cv,2,4,five_fold_row_level_cv,405,Bearing1_3,34.0,34.0,True,36.0,0.5
rulsurv_original_25pct_censored_cv,2,4,five_fold_row_level_cv,406,Bearing1_3,33.0,33.0,True,38.0,0.5
rulsurv_original_25pct_censored_cv,2,4,five_fold_row_level_cv,424,Bearing1_3,15.0,12.0,False,16.0,0.5
rulsurv_original_25pct_censored_cv,2,4,five_fold_row_level_cv,427,Bearing1_3,12.0,6.0,False,14.0,0.5
rulsurv_original_25pct_censored_cv,2,4,five_fold_row_level_cv,433,Bearing1_3,6.0,6.0,True,7.0,0.5
rulsurv_original_25pct_censored_cv,2,4,five_fold_row_level_cv,434,Bearing1_3,5.0,2.0,False,7.0,0.5
rulsurv_original_25pct_censored_cv,2,4,five_fold_row_level_cv,442,Bearing1_4,118.0,118.0,True,111.0,0.5
rulsurv_original_25pct_censored_cv,2,4,five_fold_row_level_cv,443,Bearing1_4,117.0,117.0,True,115.0,0.5
rulsurv_original_25pct_censored_cv,2,4,five_fold_row_level_cv,446,Bearing1_4,114.0,63.0,False,119.0,0.5
rulsurv_original_25pct_censored_cv,2,4,five_fold_row_level_cv,450,Bearing1_4,110.0,110.0,True,100.0,0.5
rulsurv_original_25pct_censored_cv,2,4,five_fold_row_level_cv,454,Bearing1_4,106.0,106.0,True,96.0,0.5
rulsurv_original_25pct_censored_cv,2,4,five_fold_row_level_cv,461,Bearing1_4,99.0,99.0,True,93.0,0.5
rulsurv_original_25pct_censored_cv,2,4,five_fold_row_level_cv,466,Bearing1_4,94.0,94.0,True,95.0,0.5
rulsurv_original_25pct_censored_cv,2,4,five_fold_row_level_cv,474,Bearing1_4,86.0,86.0,True,88.0,0.5
rulsurv_original_25pct_censored_cv,2,4,five_fold_row_level_cv,477,Bearing1_4,83.0,83.0,True,88.0,0.5
rulsurv_original_25pct_censored_cv,2,4,five_fold_row_level_cv,478,Bearing1_4,82.0,82.0,True,89.0,0.5
rulsurv_original_25pct_censored_cv,2,4,five_fold_row_level_cv,482,Bearing1_4,78.0,78.0,True,87.0,0.5
rulsurv_original_25pct_censored_cv,2,4,five_fold_row_level_cv,483,Bearing1_4,77.0,16.0,False,85.0,0.5
rulsurv_original_25pct_censored_cv,2,4,five_fold_row_level_cv,485,Bearing1_4,75.0,7.0,False,87.0,0.5
rulsurv_original_25pct_censored_cv,2,4,five_fold_row_level_cv,487,Bearing1_4,73.0,73.0,True,84.0,0.5
rulsurv_original_25pct_censored_cv,2,4,five_fold_row_level_cv,491,Bearing1_4,69.0,7.0,False,79.0,0.5
rulsurv_original_25pct_censored_cv,2,4,five_fold_row_level_cv,493,Bearing1_4,67.0,67.0,True,79.0,0.5
rulsurv_original_25pct_censored_cv,2,4,five_fold_row_level_cv,498,Bearing1_4,62.0,62.0,True,68.0,0.5
rulsurv_original_25pct_censored_cv,2,4,five_fold_row_level_cv,506,Bearing1_4,54.0,54.0,True,56.0,0.5
rulsurv_original_25pct_censored_cv,2,4,five_fold_row_level_cv,516,Bearing1_4,44.0,44.0,True,50.0,0.5
rulsurv_original_25pct_censored_cv,2,4,five_fold_row_level_cv,527,Bearing1_4,33.0,33.0,True,52.0,0.5
rulsurv_original_25pct_censored_cv,2,4,five_fold_row_level_cv,528,Bearing1_4,32.0,32.0,True,62.0,0.5
rulsurv_original_25pct_censored_cv,2,4,five_fold_row_level_cv,531,Bearing1_4,29.0,29.0,True,62.0,0.5
rulsurv_original_25pct_censored_cv,2,4,five_fold_row_level_cv,534,Bearing1_4,26.0,2.0,False,35.0,0.5
rulsurv_original_25pct_censored_cv,2,4,five_fold_row_level_cv,538,Bearing1_4,22.0,22.0,True,24.0,0.5
rulsurv_original_25pct_censored_cv,2,4,five_fold_row_level_cv,545,Bearing1_4,15.0,6.0,False,20.0,0.5
rulsurv_original_25pct_censored_cv,2,4,five_fold_row_level_cv,549,Bearing1_4,11.0,11.0,True,16.0,0.5
rulsurv_original_25pct_censored_cv,2,4,five_fold_row_level_cv,550,Bearing1_4,10.0,10.0,True,14.0,0.5
rulsurv_original_25pct_censored_cv,2,4,five_fold_row_level_cv,555,Bearing1_4,5.0,5.0,True,8.0,0.5
rulsurv_original_25pct_censored_cv,2,4,five_fold_row_level_cv,560,Bearing1_5,51.0,5.0,False,35.0,0.5
rulsurv_original_25pct_censored_cv,2,4,five_fold_row_level_cv,561,Bearing1_5,50.0,50.0,True,42.0,0.5
rulsurv_original_25pct_censored_cv,2,4,five_fold_row_level_cv,564,Bearing1_5,47.0,8.0,False,37.0,0.5
rulsurv_original_25pct_censored_cv,2,4,five_fold_row_level_cv,567,Bearing1_5,44.0,13.0,False,39.0,0.5
rulsurv_original_25pct_censored_cv,2,4,five_fold_row_level_cv,568,Bearing1_5,43.0,43.0,True,45.0,0.5
rulsurv_original_25pct_censored_cv,2,4,five_fold_row_level_cv,570,Bearing1_5,41.0,41.0,True,42.0,0.5
rulsurv_original_25pct_censored_cv,2,4,five_fold_row_level_cv,571,Bearing1_5,40.0,40.0,True,41.0,0.5
rulsurv_original_25pct_censored_cv,2,4,five_fold_row_level_cv,580,Bearing1_5,31.0,31.0,True,41.0,0.5
rulsurv_original_25pct_censored_cv,2,4,five_fold_row_level_cv,582,Bearing1_5,29.0,16.0,False,35.0,0.5
rulsurv_original_25pct_censored_cv,2,4,five_fold_row_level_cv,584,Bearing1_5,27.0,27.0,True,35.0,0.5
rulsurv_original_25pct_censored_cv,2,4,five_fold_row_level_cv,587,Bearing1_5,24.0,24.0,True,30.0,0.5
rulsurv_original_25pct_censored_cv,2,4,five_fold_row_level_cv,600,Bearing1_5,11.0,11.0,True,10.0,0.5
rulsurv_original_25pct_censored_cv,2,4,five_fold_row_level_cv,603,Bearing1_5,8.0,8.0,True,9.0,0.5
rulsurv_original_25pct_censored_cv,2,4,five_fold_row_level_cv,604,Bearing1_5,7.0,4.0,False,9.0,0.5
rulsurv_original_25pct_censored_cv,2,4,five_fold_row_level_cv,605,Bearing1_5,6.0,6.0,True,9.0,0.5
rulsurv_original_25pct_censored_cv,2,4,five_fold_row_level_cv,608,Bearing1_5,3.0,3.0,True,8.0,0.5
project_bearing1_3_holdout_migration,0,0,train_Bearing1_1_1_2_1_4_1_5_test_Bearing1_3,282,Bearing1_3,157.0,157.0,True,120.0,0.25
project_bearing1_3_holdout_migration,0,0,train_Bearing1_1_1_2_1_4_1_5_test_Bearing1_3,283,Bearing1_3,156.0,156.0,True,120.0,0.25
project_bearing1_3_holdout_migration,0,0,train_Bearing1_1_1_2_1_4_1_5_test_Bearing1_3,284,Bearing1_3,155.0,155.0,True,121.0,0.25
project_bearing1_3_holdout_migration,0,0,train_Bearing1_1_1_2_1_4_1_5_test_Bearing1_3,285,Bearing1_3,154.0,154.0,True,121.0,0.25
project_bearing1_3_holdout_migration,0,0,train_Bearing1_1_1_2_1_4_1_5_test_Bearing1_3,286,Bearing1_3,153.0,153.0,True,121.0,0.25
project_bearing1_3_holdout_migration,0,0,train_Bearing1_1_1_2_1_4_1_5_test_Bearing1_3,287,Bearing1_3,152.0,152.0,True,120.0,0.25
project_bearing1_3_holdout_migration,0,0,train_Bearing1_1_1_2_1_4_1_5_test_Bearing1_3,288,Bearing1_3,151.0,151.0,True,121.0,0.25
project_bearing1_3_holdout_migration,0,0,train_Bearing1_1_1_2_1_4_1_5_test_Bearing1_3,289,Bearing1_3,150.0,150.0,True,121.0,0.25
project_bearing1_3_holdout_migration,0,0,train_Bearing1_1_1_2_1_4_1_5_test_Bearing1_3,290,Bearing1_3,149.0,149.0,True,120.0,0.25
project_bearing1_3_holdout_migration,0,0,train_Bearing1_1_1_2_1_4_1_5_test_Bearing1_3,291,Bearing1_3,148.0,148.0,True,122.0,0.25
project_bearing1_3_holdout_migration,0,0,train_Bearing1_1_1_2_1_4_1_5_test_Bearing1_3,292,Bearing1_3,147.0,147.0,True,120.0,0.25
project_bearing1_3_holdout_migration,0,0,train_Bearing1_1_1_2_1_4_1_5_test_Bearing1_3,293,Bearing1_3,146.0,146.0,True,121.0,0.25
project_bearing1_3_holdout_migration,0,0,train_Bearing1_1_1_2_1_4_1_5_test_Bearing1_3,294,Bearing1_3,145.0,145.0,True,121.0,0.25
project_bearing1_3_holdout_migration,0,0,train_Bearing1_1_1_2_1_4_1_5_test_Bearing1_3,295,Bearing1_3,144.0,144.0,True,121.0,0.25
project_bearing1_3_holdout_migration,0,0,train_Bearing1_1_1_2_1_4_1_5_test_Bearing1_3,296,Bearing1_3,143.0,143.0,True,121.0,0.25
project_bearing1_3_holdout_migration,0,0,train_Bearing1_1_1_2_1_4_1_5_test_Bearing1_3,297,Bearing1_3,142.0,142.0,True,121.0,0.25
project_bearing1_3_holdout_migration,0,0,train_Bearing1_1_1_2_1_4_1_5_test_Bearing1_3,298,Bearing1_3,141.0,141.0,True,121.0,0.25
project_bearing1_3_holdout_migration,0,0,train_Bearing1_1_1_2_1_4_1_5_test_Bearing1_3,299,Bearing1_3,140.0,140.0,True,121.0,0.25
project_bearing1_3_holdout_migration,0,0,train_Bearing1_1_1_2_1_4_1_5_test_Bearing1_3,300,Bearing1_3,139.0,139.0,True,122.0,0.25
project_bearing1_3_holdout_migration,0,0,train_Bearing1_1_1_2_1_4_1_5_test_Bearing1_3,301,Bearing1_3,138.0,138.0,True,122.0,0.25
project_bearing1_3_holdout_migration,0,0,train_Bearing1_1_1_2_1_4_1_5_test_Bearing1_3,302,Bearing1_3,137.0,137.0,True,121.0,0.25
project_bearing1_3_holdout_migration,0,0,train_Bearing1_1_1_2_1_4_1_5_test_Bearing1_3,303,Bearing1_3,136.0,136.0,True,121.0,0.25
project_bearing1_3_holdout_migration,0,0,train_Bearing1_1_1_2_1_4_1_5_test_Bearing1_3,304,Bearing1_3,135.0,135.0,True,121.0,0.25
project_bearing1_3_holdout_migration,0,0,train_Bearing1_1_1_2_1_4_1_5_test_Bearing1_3,305,Bearing1_3,134.0,134.0,True,122.0,0.25
project_bearing1_3_holdout_migration,0,0,train_Bearing1_1_1_2_1_4_1_5_test_Bearing1_3,306,Bearing1_3,133.0,133.0,True,122.0,0.25
project_bearing1_3_holdout_migration,0,0,train_Bearing1_1_1_2_1_4_1_5_test_Bearing1_3,307,Bearing1_3,132.0,132.0,True,121.0,0.25
project_bearing1_3_holdout_migration,0,0,train_Bearing1_1_1_2_1_4_1_5_test_Bearing1_3,308,Bearing1_3,131.0,131.0,True,121.0,0.25
project_bearing1_3_holdout_migration,0,0,train_Bearing1_1_1_2_1_4_1_5_test_Bearing1_3,309,Bearing1_3,130.0,130.0,True,121.0,0.25
project_bearing1_3_holdout_migration,0,0,train_Bearing1_1_1_2_1_4_1_5_test_Bearing1_3,310,Bearing1_3,129.0,129.0,True,122.0,0.25
project_bearing1_3_holdout_migration,0,0,train_Bearing1_1_1_2_1_4_1_5_test_Bearing1_3,311,Bearing1_3,128.0,128.0,True,128.0,0.25
project_bearing1_3_holdout_migration,0,0,train_Bearing1_1_1_2_1_4_1_5_test_Bearing1_3,312,Bearing1_3,127.0,127.0,True,122.0,0.25
project_bearing1_3_holdout_migration,0,0,train_Bearing1_1_1_2_1_4_1_5_test_Bearing1_3,313,Bearing1_3,126.0,126.0,True,122.0,0.25
project_bearing1_3_holdout_migration,0,0,train_Bearing1_1_1_2_1_4_1_5_test_Bearing1_3,314,Bearing1_3,125.0,125.0,True,122.0,0.25
project_bearing1_3_holdout_migration,0,0,train_Bearing1_1_1_2_1_4_1_5_test_Bearing1_3,315,Bearing1_3,124.0,124.0,True,122.0,0.25
project_bearing1_3_holdout_migration,0,0,train_Bearing1_1_1_2_1_4_1_5_test_Bearing1_3,316,Bearing1_3,123.0,123.0,True,120.0,0.25
project_bearing1_3_holdout_migration,0,0,train_Bearing1_1_1_2_1_4_1_5_test_Bearing1_3,317,Bearing1_3,122.0,122.0,True,121.0,0.25
project_bearing1_3_holdout_migration,0,0,train_Bearing1_1_1_2_1_4_1_5_test_Bearing1_3,318,Bearing1_3,121.0,121.0,True,120.0,0.25
project_bearing1_3_holdout_migration,0,0,train_Bearing1_1_1_2_1_4_1_5_test_Bearing1_3,319,Bearing1_3,120.0,120.0,True,120.0,0.25
project_bearing1_3_holdout_migration,0,0,train_Bearing1_1_1_2_1_4_1_5_test_Bearing1_3,320,Bearing1_3,119.0,119.0,True,121.0,0.25
project_bearing1_3_holdout_migration,0,0,train_Bearing1_1_1_2_1_4_1_5_test_Bearing1_3,321,Bearing1_3,118.0,118.0,True,120.0,0.25
project_bearing1_3_holdout_migration,0,0,train_Bearing1_1_1_2_1_4_1_5_test_Bearing1_3,322,Bearing1_3,117.0,117.0,True,120.0,0.25
project_bearing1_3_holdout_migration,0,0,train_Bearing1_1_1_2_1_4_1_5_test_Bearing1_3,323,Bearing1_3,116.0,116.0,True,121.0,0.25
project_bearing1_3_holdout_migration,0,0,train_Bearing1_1_1_2_1_4_1_5_test_Bearing1_3,324,Bearing1_3,115.0,115.0,True,120.0,0.25
project_bearing1_3_holdout_migration,0,0,train_Bearing1_1_1_2_1_4_1_5_test_Bearing1_3,325,Bearing1_3,114.0,114.0,True,120.0,0.25
project_bearing1_3_holdout_migration,0,0,train_Bearing1_1_1_2_1_4_1_5_test_Bearing1_3,326,Bearing1_3,113.0,113.0,True,120.0,0.25
project_bearing1_3_holdout_migration,0,0,train_Bearing1_1_1_2_1_4_1_5_test_Bearing1_3,327,Bearing1_3,112.0,112.0,True,120.0,0.25
project_bearing1_3_holdout_migration,0,0,train_Bearing1_1_1_2_1_4_1_5_test_Bearing1_3,328,Bearing1_3,111.0,111.0,True,119.0,0.25
project_bearing1_3_holdout_migration,0,0,train_Bearing1_1_1_2_1_4_1_5_test_Bearing1_3,329,Bearing1_3,110.0,110.0,True,119.0,0.25
project_bearing1_3_holdout_migration,0,0,train_Bearing1_1_1_2_1_4_1_5_test_Bearing1_3,330,Bearing1_3,109.0,109.0,True,119.0,0.25
project_bearing1_3_holdout_migration,0,0,train_Bearing1_1_1_2_1_4_1_5_test_Bearing1_3,331,Bearing1_3,108.0,108.0,True,119.0,0.25
project_bearing1_3_holdout_migration,0,0,train_Bearing1_1_1_2_1_4_1_5_test_Bearing1_3,332,Bearing1_3,107.0,107.0,True,119.0,0.25
project_bearing1_3_holdout_migration,0,0,train_Bearing1_1_1_2_1_4_1_5_test_Bearing1_3,333,Bearing1_3,106.0,106.0,True,119.0,0.25
project_bearing1_3_holdout_migration,0,0,train_Bearing1_1_1_2_1_4_1_5_test_Bearing1_3,334,Bearing1_3,105.0,105.0,True,119.0,0.25
project_bearing1_3_holdout_migration,0,0,train_Bearing1_1_1_2_1_4_1_5_test_Bearing1_3,335,Bearing1_3,104.0,104.0,True,119.0,0.25
project_bearing1_3_holdout_migration,0,0,train_Bearing1_1_1_2_1_4_1_5_test_Bearing1_3,336,Bearing1_3,103.0,103.0,True,118.0,0.25
project_bearing1_3_holdout_migration,0,0,train_Bearing1_1_1_2_1_4_1_5_test_Bearing1_3,337,Bearing1_3,102.0,102.0,True,118.0,0.25
project_bearing1_3_holdout_migration,0,0,train_Bearing1_1_1_2_1_4_1_5_test_Bearing1_3,338,Bearing1_3,101.0,101.0,True,117.0,0.25
project_bearing1_3_holdout_migration,0,0,train_Bearing1_1_1_2_1_4_1_5_test_Bearing1_3,339,Bearing1_3,100.0,100.0,True,117.0,0.25
project_bearing1_3_holdout_migration,0,0,train_Bearing1_1_1_2_1_4_1_5_test_Bearing1_3,340,Bearing1_3,99.0,99.0,True,121.0,0.25
project_bearing1_3_holdout_migration,0,0,train_Bearing1_1_1_2_1_4_1_5_test_Bearing1_3,341,Bearing1_3,98.0,98.0,True,121.0,0.25
project_bearing1_3_holdout_migration,0,0,train_Bearing1_1_1_2_1_4_1_5_test_Bearing1_3,342,Bearing1_3,97.0,97.0,True,135.0,0.25
project_bearing1_3_holdout_migration,0,0,train_Bearing1_1_1_2_1_4_1_5_test_Bearing1_3,343,Bearing1_3,96.0,96.0,True,130.0,0.25
project_bearing1_3_holdout_migration,0,0,train_Bearing1_1_1_2_1_4_1_5_test_Bearing1_3,344,Bearing1_3,95.0,95.0,True,132.0,0.25
project_bearing1_3_holdout_migration,0,0,train_Bearing1_1_1_2_1_4_1_5_test_Bearing1_3,345,Bearing1_3,94.0,94.0,True,131.0,0.25
project_bearing1_3_holdout_migration,0,0,train_Bearing1_1_1_2_1_4_1_5_test_Bearing1_3,346,Bearing1_3,93.0,93.0,True,131.0,0.25
project_bearing1_3_holdout_migration,0,0,train_Bearing1_1_1_2_1_4_1_5_test_Bearing1_3,347,Bearing1_3,92.0,92.0,True,132.0,0.25
project_bearing1_3_holdout_migration,0,0,train_Bearing1_1_1_2_1_4_1_5_test_Bearing1_3,348,Bearing1_3,91.0,91.0,True,135.0,0.25
project_bearing1_3_holdout_migration,0,0,train_Bearing1_1_1_2_1_4_1_5_test_Bearing1_3,349,Bearing1_3,90.0,90.0,True,132.0,0.25
project_bearing1_3_holdout_migration,0,0,train_Bearing1_1_1_2_1_4_1_5_test_Bearing1_3,350,Bearing1_3,89.0,89.0,True,125.0,0.25
project_bearing1_3_holdout_migration,0,0,train_Bearing1_1_1_2_1_4_1_5_test_Bearing1_3,351,Bearing1_3,88.0,88.0,True,130.0,0.25
project_bearing1_3_holdout_migration,0,0,train_Bearing1_1_1_2_1_4_1_5_test_Bearing1_3,352,Bearing1_3,87.0,87.0,True,118.0,0.25
project_bearing1_3_holdout_migration,0,0,train_Bearing1_1_1_2_1_4_1_5_test_Bearing1_3,353,Bearing1_3,86.0,86.0,True,119.0,0.25
project_bearing1_3_holdout_migration,0,0,train_Bearing1_1_1_2_1_4_1_5_test_Bearing1_3,354,Bearing1_3,85.0,85.0,True,116.0,0.25
project_bearing1_3_holdout_migration,0,0,train_Bearing1_1_1_2_1_4_1_5_test_Bearing1_3,355,Bearing1_3,84.0,84.0,True,114.0,0.25
project_bearing1_3_holdout_migration,0,0,train_Bearing1_1_1_2_1_4_1_5_test_Bearing1_3,356,Bearing1_3,83.0,83.0,True,104.0,0.25
project_bearing1_3_holdout_migration,0,0,train_Bearing1_1_1_2_1_4_1_5_test_Bearing1_3,357,Bearing1_3,82.0,82.0,True,104.0,0.25
project_bearing1_3_holdout_migration,0,0,train_Bearing1_1_1_2_1_4_1_5_test_Bearing1_3,358,Bearing1_3,81.0,81.0,True,109.0,0.25
project_bearing1_3_holdout_migration,0,0,train_Bearing1_1_1_2_1_4_1_5_test_Bearing1_3,359,Bearing1_3,80.0,80.0,True,101.0,0.25
project_bearing1_3_holdout_migration,0,0,train_Bearing1_1_1_2_1_4_1_5_test_Bearing1_3,360,Bearing1_3,79.0,79.0,True,104.0,0.25
project_bearing1_3_holdout_migration,0,0,train_Bearing1_1_1_2_1_4_1_5_test_Bearing1_3,361,Bearing1_3,78.0,78.0,True,93.0,0.25
project_bearing1_3_holdout_migration,0,0,train_Bearing1_1_1_2_1_4_1_5_test_Bearing1_3,362,Bearing1_3,77.0,77.0,True,87.0,0.25
project_bearing1_3_holdout_migration,0,0,train_Bearing1_1_1_2_1_4_1_5_test_Bearing1_3,363,Bearing1_3,76.0,76.0,True,82.0,0.25
project_bearing1_3_holdout_migration,0,0,train_Bearing1_1_1_2_1_4_1_5_test_Bearing1_3,364,Bearing1_3,75.0,75.0,True,87.0,0.25
project_bearing1_3_holdout_migration,0,0,train_Bearing1_1_1_2_1_4_1_5_test_Bearing1_3,365,Bearing1_3,74.0,74.0,True,87.0,0.25
project_bearing1_3_holdout_migration,0,0,train_Bearing1_1_1_2_1_4_1_5_test_Bearing1_3,366,Bearing1_3,73.0,73.0,True,74.0,0.25
project_bearing1_3_holdout_migration,0,0,train_Bearing1_1_1_2_1_4_1_5_test_Bearing1_3,367,Bearing1_3,72.0,72.0,True,73.0,0.25
project_bearing1_3_holdout_migration,0,0,train_Bearing1_1_1_2_1_4_1_5_test_Bearing1_3,368,Bearing1_3,71.0,71.0,True,73.0,0.25
project_bearing1_3_holdout_migration,0,0,train_Bearing1_1_1_2_1_4_1_5_test_Bearing1_3,369,Bearing1_3,70.0,70.0,True,67.0,0.25
project_bearing1_3_holdout_migration,0,0,train_Bearing1_1_1_2_1_4_1_5_test_Bearing1_3,370,Bearing1_3,69.0,69.0,True,70.0,0.25
project_bearing1_3_holdout_migration,0,0,train_Bearing1_1_1_2_1_4_1_5_test_Bearing1_3,371,Bearing1_3,68.0,68.0,True,69.0,0.25
project_bearing1_3_holdout_migration,0,0,train_Bearing1_1_1_2_1_4_1_5_test_Bearing1_3,372,Bearing1_3,67.0,67.0,True,68.0,0.25
project_bearing1_3_holdout_migration,0,0,train_Bearing1_1_1_2_1_4_1_5_test_Bearing1_3,373,Bearing1_3,66.0,66.0,True,60.0,0.25
project_bearing1_3_holdout_migration,0,0,train_Bearing1_1_1_2_1_4_1_5_test_Bearing1_3,374,Bearing1_3,65.0,65.0,True,64.0,0.25
project_bearing1_3_holdout_migration,0,0,train_Bearing1_1_1_2_1_4_1_5_test_Bearing1_3,375,Bearing1_3,64.0,64.0,True,59.0,0.25
project_bearing1_3_holdout_migration,0,0,train_Bearing1_1_1_2_1_4_1_5_test_Bearing1_3,376,Bearing1_3,63.0,63.0,True,58.0,0.25
project_bearing1_3_holdout_migration,0,0,train_Bearing1_1_1_2_1_4_1_5_test_Bearing1_3,377,Bearing1_3,62.0,62.0,True,57.0,0.25
project_bearing1_3_holdout_migration,0,0,train_Bearing1_1_1_2_1_4_1_5_test_Bearing1_3,378,Bearing1_3,61.0,61.0,True,57.0,0.25
project_bearing1_3_holdout_migration,0,0,train_Bearing1_1_1_2_1_4_1_5_test_Bearing1_3,379,Bearing1_3,60.0,60.0,True,52.0,0.25
project_bearing1_3_holdout_migration,0,0,train_Bearing1_1_1_2_1_4_1_5_test_Bearing1_3,380,Bearing1_3,59.0,59.0,True,52.0,0.25
project_bearing1_3_holdout_migration,0,0,train_Bearing1_1_1_2_1_4_1_5_test_Bearing1_3,381,Bearing1_3,58.0,58.0,True,52.0,0.25
project_bearing1_3_holdout_migration,0,0,train_Bearing1_1_1_2_1_4_1_5_test_Bearing1_3,382,Bearing1_3,57.0,57.0,True,51.0,0.25
project_bearing1_3_holdout_migration,0,0,train_Bearing1_1_1_2_1_4_1_5_test_Bearing1_3,383,Bearing1_3,56.0,56.0,True,46.0,0.25
project_bearing1_3_holdout_migration,0,0,train_Bearing1_1_1_2_1_4_1_5_test_Bearing1_3,384,Bearing1_3,55.0,55.0,True,49.0,0.25
project_bearing1_3_holdout_migration,0,0,train_Bearing1_1_1_2_1_4_1_5_test_Bearing1_3,385,Bearing1_3,54.0,54.0,True,48.0,0.25
project_bearing1_3_holdout_migration,0,0,train_Bearing1_1_1_2_1_4_1_5_test_Bearing1_3,386,Bearing1_3,53.0,53.0,True,46.0,0.25
project_bearing1_3_holdout_migration,0,0,train_Bearing1_1_1_2_1_4_1_5_test_Bearing1_3,387,Bearing1_3,52.0,52.0,True,44.0,0.25
project_bearing1_3_holdout_migration,0,0,train_Bearing1_1_1_2_1_4_1_5_test_Bearing1_3,388,Bearing1_3,51.0,51.0,True,43.0,0.25
project_bearing1_3_holdout_migration,0,0,train_Bearing1_1_1_2_1_4_1_5_test_Bearing1_3,389,Bearing1_3,50.0,50.0,True,43.0,0.25
project_bearing1_3_holdout_migration,0,0,train_Bearing1_1_1_2_1_4_1_5_test_Bearing1_3,390,Bearing1_3,49.0,49.0,True,45.0,0.25
project_bearing1_3_holdout_migration,0,0,train_Bearing1_1_1_2_1_4_1_5_test_Bearing1_3,391,Bearing1_3,48.0,48.0,True,44.0,0.25
project_bearing1_3_holdout_migration,0,0,train_Bearing1_1_1_2_1_4_1_5_test_Bearing1_3,392,Bearing1_3,47.0,47.0,True,44.0,0.25
project_bearing1_3_holdout_migration,0,0,train_Bearing1_1_1_2_1_4_1_5_test_Bearing1_3,393,Bearing1_3,46.0,46.0,True,41.0,0.25
project_bearing1_3_holdout_migration,0,0,train_Bearing1_1_1_2_1_4_1_5_test_Bearing1_3,394,Bearing1_3,45.0,45.0,True,42.0,0.25
project_bearing1_3_holdout_migration,0,0,train_Bearing1_1_1_2_1_4_1_5_test_Bearing1_3,395,Bearing1_3,44.0,44.0,True,43.0,0.25
project_bearing1_3_holdout_migration,0,0,train_Bearing1_1_1_2_1_4_1_5_test_Bearing1_3,396,Bearing1_3,43.0,43.0,True,38.0,0.25
project_bearing1_3_holdout_migration,0,0,train_Bearing1_1_1_2_1_4_1_5_test_Bearing1_3,397,Bearing1_3,42.0,42.0,True,39.0,0.25
project_bearing1_3_holdout_migration,0,0,train_Bearing1_1_1_2_1_4_1_5_test_Bearing1_3,398,Bearing1_3,41.0,41.0,True,41.0,0.25
project_bearing1_3_holdout_migration,0,0,train_Bearing1_1_1_2_1_4_1_5_test_Bearing1_3,399,Bearing1_3,40.0,40.0,True,39.0,0.25
project_bearing1_3_holdout_migration,0,0,train_Bearing1_1_1_2_1_4_1_5_test_Bearing1_3,400,Bearing1_3,39.0,39.0,True,42.0,0.25
project_bearing1_3_holdout_migration,0,0,train_Bearing1_1_1_2_1_4_1_5_test_Bearing1_3,401,Bearing1_3,38.0,38.0,True,37.0,0.25
project_bearing1_3_holdout_migration,0,0,train_Bearing1_1_1_2_1_4_1_5_test_Bearing1_3,402,Bearing1_3,37.0,37.0,True,43.0,0.25
project_bearing1_3_holdout_migration,0,0,train_Bearing1_1_1_2_1_4_1_5_test_Bearing1_3,403,Bearing1_3,36.0,36.0,True,37.0,0.25
project_bearing1_3_holdout_migration,0,0,train_Bearing1_1_1_2_1_4_1_5_test_Bearing1_3,404,Bearing1_3,35.0,35.0,True,40.0,0.25
project_bearing1_3_holdout_migration,0,0,train_Bearing1_1_1_2_1_4_1_5_test_Bearing1_3,405,Bearing1_3,34.0,34.0,True,40.0,0.25
project_bearing1_3_holdout_migration,0,0,train_Bearing1_1_1_2_1_4_1_5_test_Bearing1_3,406,Bearing1_3,33.0,33.0,True,42.0,0.25
project_bearing1_3_holdout_migration,0,0,train_Bearing1_1_1_2_1_4_1_5_test_Bearing1_3,407,Bearing1_3,32.0,32.0,True,41.0,0.25
project_bearing1_3_holdout_migration,0,0,train_Bearing1_1_1_2_1_4_1_5_test_Bearing1_3,408,Bearing1_3,31.0,31.0,True,38.0,0.25
project_bearing1_3_holdout_migration,0,0,train_Bearing1_1_1_2_1_4_1_5_test_Bearing1_3,409,Bearing1_3,30.0,30.0,True,38.0,0.25
project_bearing1_3_holdout_migration,0,0,train_Bearing1_1_1_2_1_4_1_5_test_Bearing1_3,410,Bearing1_3,29.0,29.0,True,38.0,0.25
project_bearing1_3_holdout_migration,0,0,train_Bearing1_1_1_2_1_4_1_5_test_Bearing1_3,411,Bearing1_3,28.0,28.0,True,38.0,0.25
project_bearing1_3_holdout_migration,0,0,train_Bearing1_1_1_2_1_4_1_5_test_Bearing1_3,412,Bearing1_3,27.0,27.0,True,38.0,0.25
project_bearing1_3_holdout_migration,0,0,train_Bearing1_1_1_2_1_4_1_5_test_Bearing1_3,413,Bearing1_3,26.0,26.0,True,37.0,0.25
project_bearing1_3_holdout_migration,0,0,train_Bearing1_1_1_2_1_4_1_5_test_Bearing1_3,414,Bearing1_3,25.0,25.0,True,35.0,0.25
project_bearing1_3_holdout_migration,0,0,train_Bearing1_1_1_2_1_4_1_5_test_Bearing1_3,415,Bearing1_3,24.0,24.0,True,37.0,0.25
project_bearing1_3_holdout_migration,0,0,train_Bearing1_1_1_2_1_4_1_5_test_Bearing1_3,416,Bearing1_3,23.0,23.0,True,39.0,0.25
project_bearing1_3_holdout_migration,0,0,train_Bearing1_1_1_2_1_4_1_5_test_Bearing1_3,417,Bearing1_3,22.0,22.0,True,38.0,0.25
project_bearing1_3_holdout_migration,0,0,train_Bearing1_1_1_2_1_4_1_5_test_Bearing1_3,418,Bearing1_3,21.0,21.0,True,37.0,0.25
project_bearing1_3_holdout_migration,0,0,train_Bearing1_1_1_2_1_4_1_5_test_Bearing1_3,419,Bearing1_3,20.0,20.0,True,36.0,0.25
project_bearing1_3_holdout_migration,0,0,train_Bearing1_1_1_2_1_4_1_5_test_Bearing1_3,420,Bearing1_3,19.0,19.0,True,43.0,0.25
project_bearing1_3_holdout_migration,0,0,train_Bearing1_1_1_2_1_4_1_5_test_Bearing1_3,421,Bearing1_3,18.0,18.0,True,41.0,0.25
project_bearing1_3_holdout_migration,0,0,train_Bearing1_1_1_2_1_4_1_5_test_Bearing1_3,422,Bearing1_3,17.0,17.0,True,41.0,0.25
project_bearing1_3_holdout_migration,0,0,train_Bearing1_1_1_2_1_4_1_5_test_Bearing1_3,423,Bearing1_3,16.0,16.0,True,34.0,0.25
project_bearing1_3_holdout_migration,0,0,train_Bearing1_1_1_2_1_4_1_5_test_Bearing1_3,424,Bearing1_3,15.0,15.0,True,40.0,0.25
project_bearing1_3_holdout_migration,0,0,train_Bearing1_1_1_2_1_4_1_5_test_Bearing1_3,425,Bearing1_3,14.0,14.0,True,41.0,0.25
project_bearing1_3_holdout_migration,0,0,train_Bearing1_1_1_2_1_4_1_5_test_Bearing1_3,426,Bearing1_3,13.0,13.0,True,43.0,0.25
project_bearing1_3_holdout_migration,0,0,train_Bearing1_1_1_2_1_4_1_5_test_Bearing1_3,427,Bearing1_3,12.0,12.0,True,46.0,0.25
project_bearing1_3_holdout_migration,0,0,train_Bearing1_1_1_2_1_4_1_5_test_Bearing1_3,428,Bearing1_3,11.0,11.0,True,48.0,0.25
project_bearing1_3_holdout_migration,0,0,train_Bearing1_1_1_2_1_4_1_5_test_Bearing1_3,429,Bearing1_3,10.0,10.0,True,48.0,0.25
project_bearing1_3_holdout_migration,0,0,train_Bearing1_1_1_2_1_4_1_5_test_Bearing1_3,430,Bearing1_3,9.0,9.0,True,49.0,0.25
project_bearing1_3_holdout_migration,0,0,train_Bearing1_1_1_2_1_4_1_5_test_Bearing1_3,431,Bearing1_3,8.0,8.0,True,11.0,0.25
project_bearing1_3_holdout_migration,0,0,train_Bearing1_1_1_2_1_4_1_5_test_Bearing1_3,432,Bearing1_3,7.0,7.0,True,10.0,0.25
project_bearing1_3_holdout_migration,0,0,train_Bearing1_1_1_2_1_4_1_5_test_Bearing1_3,433,Bearing1_3,6.0,6.0,True,9.0,0.25
project_bearing1_3_holdout_migration,0,0,train_Bearing1_1_1_2_1_4_1_5_test_Bearing1_3,434,Bearing1_3,5.0,5.0,True,8.0,0.25
project_bearing1_3_holdout_migration,0,0,train_Bearing1_1_1_2_1_4_1_5_test_Bearing1_3,435,Bearing1_3,4.0,4.0,True,10.0,0.25
project_bearing1_3_holdout_migration,0,0,train_Bearing1_1_1_2_1_4_1_5_test_Bearing1_3,436,Bearing1_3,3.0,3.0,True,12.0,0.25
project_bearing1_3_holdout_migration,0,0,train_Bearing1_1_1_2_1_4_1_5_test_Bearing1_3,437,Bearing1_3,2.0,2.0,True,10.0,0.25
project_bearing1_3_holdout_migration,0,0,train_Bearing1_1_1_2_1_4_1_5_test_Bearing1_3,438,Bearing1_3,1.0,1.0,True,10.0,0.25
project_bearing1_3_holdout_migration,1,0,train_Bearing1_1_1_2_1_4_1_5_test_Bearing1_3,282,Bearing1_3,157.0,157.0,True,120.0,0.25
project_bearing1_3_holdout_migration,1,0,train_Bearing1_1_1_2_1_4_1_5_test_Bearing1_3,283,Bearing1_3,156.0,156.0,True,120.0,0.25
project_bearing1_3_holdout_migration,1,0,train_Bearing1_1_1_2_1_4_1_5_test_Bearing1_3,284,Bearing1_3,155.0,155.0,True,121.0,0.25
project_bearing1_3_holdout_migration,1,0,train_Bearing1_1_1_2_1_4_1_5_test_Bearing1_3,285,Bearing1_3,154.0,154.0,True,120.0,0.25
project_bearing1_3_holdout_migration,1,0,train_Bearing1_1_1_2_1_4_1_5_test_Bearing1_3,286,Bearing1_3,153.0,153.0,True,120.0,0.25
project_bearing1_3_holdout_migration,1,0,train_Bearing1_1_1_2_1_4_1_5_test_Bearing1_3,287,Bearing1_3,152.0,152.0,True,120.0,0.25
project_bearing1_3_holdout_migration,1,0,train_Bearing1_1_1_2_1_4_1_5_test_Bearing1_3,288,Bearing1_3,151.0,151.0,True,121.0,0.25
project_bearing1_3_holdout_migration,1,0,train_Bearing1_1_1_2_1_4_1_5_test_Bearing1_3,289,Bearing1_3,150.0,150.0,True,121.0,0.25
project_bearing1_3_holdout_migration,1,0,train_Bearing1_1_1_2_1_4_1_5_test_Bearing1_3,290,Bearing1_3,149.0,149.0,True,120.0,0.25
project_bearing1_3_holdout_migration,1,0,train_Bearing1_1_1_2_1_4_1_5_test_Bearing1_3,291,Bearing1_3,148.0,148.0,True,122.0,0.25
project_bearing1_3_holdout_migration,1,0,train_Bearing1_1_1_2_1_4_1_5_test_Bearing1_3,292,Bearing1_3,147.0,147.0,True,120.0,0.25
project_bearing1_3_holdout_migration,1,0,train_Bearing1_1_1_2_1_4_1_5_test_Bearing1_3,293,Bearing1_3,146.0,146.0,True,121.0,0.25
project_bearing1_3_holdout_migration,1,0,train_Bearing1_1_1_2_1_4_1_5_test_Bearing1_3,294,Bearing1_3,145.0,145.0,True,120.0,0.25
project_bearing1_3_holdout_migration,1,0,train_Bearing1_1_1_2_1_4_1_5_test_Bearing1_3,295,Bearing1_3,144.0,144.0,True,121.0,0.25
project_bearing1_3_holdout_migration,1,0,train_Bearing1_1_1_2_1_4_1_5_test_Bearing1_3,296,Bearing1_3,143.0,143.0,True,121.0,0.25
project_bearing1_3_holdout_migration,1,0,train_Bearing1_1_1_2_1_4_1_5_test_Bearing1_3,297,Bearing1_3,142.0,142.0,True,121.0,0.25
project_bearing1_3_holdout_migration,1,0,train_Bearing1_1_1_2_1_4_1_5_test_Bearing1_3,298,Bearing1_3,141.0,141.0,True,120.0,0.25
project_bearing1_3_holdout_migration,1,0,train_Bearing1_1_1_2_1_4_1_5_test_Bearing1_3,299,Bearing1_3,140.0,140.0,True,121.0,0.25
project_bearing1_3_holdout_migration,1,0,train_Bearing1_1_1_2_1_4_1_5_test_Bearing1_3,300,Bearing1_3,139.0,139.0,True,121.0,0.25
project_bearing1_3_holdout_migration,1,0,train_Bearing1_1_1_2_1_4_1_5_test_Bearing1_3,301,Bearing1_3,138.0,138.0,True,122.0,0.25
project_bearing1_3_holdout_migration,1,0,train_Bearing1_1_1_2_1_4_1_5_test_Bearing1_3,302,Bearing1_3,137.0,137.0,True,121.0,0.25
project_bearing1_3_holdout_migration,1,0,train_Bearing1_1_1_2_1_4_1_5_test_Bearing1_3,303,Bearing1_3,136.0,136.0,True,121.0,0.25
project_bearing1_3_holdout_migration,1,0,train_Bearing1_1_1_2_1_4_1_5_test_Bearing1_3,304,Bearing1_3,135.0,135.0,True,121.0,0.25
project_bearing1_3_holdout_migration,1,0,train_Bearing1_1_1_2_1_4_1_5_test_Bearing1_3,305,Bearing1_3,134.0,134.0,True,121.0,0.25
project_bearing1_3_holdout_migration,1,0,train_Bearing1_1_1_2_1_4_1_5_test_Bearing1_3,306,Bearing1_3,133.0,133.0,True,131.0,0.25
project_bearing1_3_holdout_migration,1,0,train_Bearing1_1_1_2_1_4_1_5_test_Bearing1_3,307,Bearing1_3,132.0,132.0,True,121.0,0.25
project_bearing1_3_holdout_migration,1,0,train_Bearing1_1_1_2_1_4_1_5_test_Bearing1_3,308,Bearing1_3,131.0,131.0,True,121.0,0.25
project_bearing1_3_holdout_migration,1,0,train_Bearing1_1_1_2_1_4_1_5_test_Bearing1_3,309,Bearing1_3,130.0,130.0,True,121.0,0.25
project_bearing1_3_holdout_migration,1,0,train_Bearing1_1_1_2_1_4_1_5_test_Bearing1_3,310,Bearing1_3,129.0,129.0,True,122.0,0.25
project_bearing1_3_holdout_migration,1,0,train_Bearing1_1_1_2_1_4_1_5_test_Bearing1_3,311,Bearing1_3,128.0,128.0,True,122.0,0.25
project_bearing1_3_holdout_migration,1,0,train_Bearing1_1_1_2_1_4_1_5_test_Bearing1_3,312,Bearing1_3,127.0,127.0,True,125.0,0.25
project_bearing1_3_holdout_migration,1,0,train_Bearing1_1_1_2_1_4_1_5_test_Bearing1_3,313,Bearing1_3,126.0,126.0,True,122.0,0.25
project_bearing1_3_holdout_migration,1,0,train_Bearing1_1_1_2_1_4_1_5_test_Bearing1_3,314,Bearing1_3,125.0,125.0,True,122.0,0.25
project_bearing1_3_holdout_migration,1,0,train_Bearing1_1_1_2_1_4_1_5_test_Bearing1_3,315,Bearing1_3,124.0,124.0,True,122.0,0.25
project_bearing1_3_holdout_migration,1,0,train_Bearing1_1_1_2_1_4_1_5_test_Bearing1_3,316,Bearing1_3,123.0,123.0,True,120.0,0.25
project_bearing1_3_holdout_migration,1,0,train_Bearing1_1_1_2_1_4_1_5_test_Bearing1_3,317,Bearing1_3,122.0,122.0,True,122.0,0.25
project_bearing1_3_holdout_migration,1,0,train_Bearing1_1_1_2_1_4_1_5_test_Bearing1_3,318,Bearing1_3,121.0,121.0,True,120.0,0.25
project_bearing1_3_holdout_migration,1,0,train_Bearing1_1_1_2_1_4_1_5_test_Bearing1_3,319,Bearing1_3,120.0,120.0,True,121.0,0.25
project_bearing1_3_holdout_migration,1,0,train_Bearing1_1_1_2_1_4_1_5_test_Bearing1_3,320,Bearing1_3,119.0,119.0,True,122.0,0.25
project_bearing1_3_holdout_migration,1,0,train_Bearing1_1_1_2_1_4_1_5_test_Bearing1_3,321,Bearing1_3,118.0,118.0,True,120.0,0.25
project_bearing1_3_holdout_migration,1,0,train_Bearing1_1_1_2_1_4_1_5_test_Bearing1_3,322,Bearing1_3,117.0,117.0,True,120.0,0.25
project_bearing1_3_holdout_migration,1,0,train_Bearing1_1_1_2_1_4_1_5_test_Bearing1_3,323,Bearing1_3,116.0,116.0,True,121.0,0.25
project_bearing1_3_holdout_migration,1,0,train_Bearing1_1_1_2_1_4_1_5_test_Bearing1_3,324,Bearing1_3,115.0,115.0,True,120.0,0.25
project_bearing1_3_holdout_migration,1,0,train_Bearing1_1_1_2_1_4_1_5_test_Bearing1_3,325,Bearing1_3,114.0,114.0,True,119.0,0.25
project_bearing1_3_holdout_migration,1,0,train_Bearing1_1_1_2_1_4_1_5_test_Bearing1_3,326,Bearing1_3,113.0,113.0,True,120.0,0.25
project_bearing1_3_holdout_migration,1,0,train_Bearing1_1_1_2_1_4_1_5_test_Bearing1_3,327,Bearing1_3,112.0,112.0,True,119.0,0.25
project_bearing1_3_holdout_migration,1,0,train_Bearing1_1_1_2_1_4_1_5_test_Bearing1_3,328,Bearing1_3,111.0,111.0,True,119.0,0.25
project_bearing1_3_holdout_migration,1,0,train_Bearing1_1_1_2_1_4_1_5_test_Bearing1_3,329,Bearing1_3,110.0,110.0,True,119.0,0.25
project_bearing1_3_holdout_migration,1,0,train_Bearing1_1_1_2_1_4_1_5_test_Bearing1_3,330,Bearing1_3,109.0,109.0,True,120.0,0.25
project_bearing1_3_holdout_migration,1,0,train_Bearing1_1_1_2_1_4_1_5_test_Bearing1_3,331,Bearing1_3,108.0,108.0,True,119.0,0.25
project_bearing1_3_holdout_migration,1,0,train_Bearing1_1_1_2_1_4_1_5_test_Bearing1_3,332,Bearing1_3,107.0,107.0,True,119.0,0.25
project_bearing1_3_holdout_migration,1,0,train_Bearing1_1_1_2_1_4_1_5_test_Bearing1_3,333,Bearing1_3,106.0,106.0,True,118.0,0.25
project_bearing1_3_holdout_migration,1,0,train_Bearing1_1_1_2_1_4_1_5_test_Bearing1_3,334,Bearing1_3,105.0,105.0,True,119.0,0.25
project_bearing1_3_holdout_migration,1,0,train_Bearing1_1_1_2_1_4_1_5_test_Bearing1_3,335,Bearing1_3,104.0,104.0,True,118.0,0.25
project_bearing1_3_holdout_migration,1,0,train_Bearing1_1_1_2_1_4_1_5_test_Bearing1_3,336,Bearing1_3,103.0,103.0,True,118.0,0.25
project_bearing1_3_holdout_migration,1,0,train_Bearing1_1_1_2_1_4_1_5_test_Bearing1_3,337,Bearing1_3,102.0,102.0,True,119.0,0.25
project_bearing1_3_holdout_migration,1,0,train_Bearing1_1_1_2_1_4_1_5_test_Bearing1_3,338,Bearing1_3,101.0,101.0,True,117.0,0.25
project_bearing1_3_holdout_migration,1,0,train_Bearing1_1_1_2_1_4_1_5_test_Bearing1_3,339,Bearing1_3,100.0,100.0,True,117.0,0.25
project_bearing1_3_holdout_migration,1,0,train_Bearing1_1_1_2_1_4_1_5_test_Bearing1_3,340,Bearing1_3,99.0,99.0,True,120.0,0.25
project_bearing1_3_holdout_migration,1,0,train_Bearing1_1_1_2_1_4_1_5_test_Bearing1_3,341,Bearing1_3,98.0,98.0,True,120.0,0.25
project_bearing1_3_holdout_migration,1,0,train_Bearing1_1_1_2_1_4_1_5_test_Bearing1_3,342,Bearing1_3,97.0,97.0,True,133.0,0.25
project_bearing1_3_holdout_migration,1,0,train_Bearing1_1_1_2_1_4_1_5_test_Bearing1_3,343,Bearing1_3,96.0,96.0,True,129.0,0.25
project_bearing1_3_holdout_migration,1,0,train_Bearing1_1_1_2_1_4_1_5_test_Bearing1_3,344,Bearing1_3,95.0,95.0,True,130.0,0.25
project_bearing1_3_holdout_migration,1,0,train_Bearing1_1_1_2_1_4_1_5_test_Bearing1_3,345,Bearing1_3,94.0,94.0,True,131.0,0.25
project_bearing1_3_holdout_migration,1,0,train_Bearing1_1_1_2_1_4_1_5_test_Bearing1_3,346,Bearing1_3,93.0,93.0,True,130.0,0.25
project_bearing1_3_holdout_migration,1,0,train_Bearing1_1_1_2_1_4_1_5_test_Bearing1_3,347,Bearing1_3,92.0,92.0,True,132.0,0.25
project_bearing1_3_holdout_migration,1,0,train_Bearing1_1_1_2_1_4_1_5_test_Bearing1_3,348,Bearing1_3,91.0,91.0,True,134.0,0.25
project_bearing1_3_holdout_migration,1,0,train_Bearing1_1_1_2_1_4_1_5_test_Bearing1_3,349,Bearing1_3,90.0,90.0,True,131.0,0.25
project_bearing1_3_holdout_migration,1,0,train_Bearing1_1_1_2_1_4_1_5_test_Bearing1_3,350,Bearing1_3,89.0,89.0,True,121.0,0.25
project_bearing1_3_holdout_migration,1,0,train_Bearing1_1_1_2_1_4_1_5_test_Bearing1_3,351,Bearing1_3,88.0,88.0,True,128.0,0.25
project_bearing1_3_holdout_migration,1,0,train_Bearing1_1_1_2_1_4_1_5_test_Bearing1_3,352,Bearing1_3,87.0,87.0,True,110.0,0.25
project_bearing1_3_holdout_migration,1,0,train_Bearing1_1_1_2_1_4_1_5_test_Bearing1_3,353,Bearing1_3,86.0,86.0,True,105.0,0.25
project_bearing1_3_holdout_migration,1,0,train_Bearing1_1_1_2_1_4_1_5_test_Bearing1_3,354,Bearing1_3,85.0,85.0,True,110.0,0.25
project_bearing1_3_holdout_migration,1,0,train_Bearing1_1_1_2_1_4_1_5_test_Bearing1_3,355,Bearing1_3,84.0,84.0,True,110.0,0.25
project_bearing1_3_holdout_migration,1,0,train_Bearing1_1_1_2_1_4_1_5_test_Bearing1_3,356,Bearing1_3,83.0,83.0,True,82.0,0.25
project_bearing1_3_holdout_migration,1,0,train_Bearing1_1_1_2_1_4_1_5_test_Bearing1_3,357,Bearing1_3,82.0,82.0,True,90.0,0.25
project_bearing1_3_holdout_migration,1,0,train_Bearing1_1_1_2_1_4_1_5_test_Bearing1_3,358,Bearing1_3,81.0,81.0,True,93.0,0.25
project_bearing1_3_holdout_migration,1,0,train_Bearing1_1_1_2_1_4_1_5_test_Bearing1_3,359,Bearing1_3,80.0,80.0,True,93.0,0.25
project_bearing1_3_holdout_migration,1,0,train_Bearing1_1_1_2_1_4_1_5_test_Bearing1_3,360,Bearing1_3,79.0,79.0,True,100.0,0.25
project_bearing1_3_holdout_migration,1,0,train_Bearing1_1_1_2_1_4_1_5_test_Bearing1_3,361,Bearing1_3,78.0,78.0,True,80.0,0.25
project_bearing1_3_holdout_migration,1,0,train_Bearing1_1_1_2_1_4_1_5_test_Bearing1_3,362,Bearing1_3,77.0,77.0,True,83.0,0.25
project_bearing1_3_holdout_migration,1,0,train_Bearing1_1_1_2_1_4_1_5_test_Bearing1_3,363,Bearing1_3,76.0,76.0,True,75.0,0.25
project_bearing1_3_holdout_migration,1,0,train_Bearing1_1_1_2_1_4_1_5_test_Bearing1_3,364,Bearing1_3,75.0,75.0,True,83.0,0.25
project_bearing1_3_holdout_migration,1,0,train_Bearing1_1_1_2_1_4_1_5_test_Bearing1_3,365,Bearing1_3,74.0,74.0,True,81.0,0.25
project_bearing1_3_holdout_migration,1,0,train_Bearing1_1_1_2_1_4_1_5_test_Bearing1_3,366,Bearing1_3,73.0,73.0,True,76.0,0.25
project_bearing1_3_holdout_migration,1,0,train_Bearing1_1_1_2_1_4_1_5_test_Bearing1_3,367,Bearing1_3,72.0,72.0,True,71.0,0.25
project_bearing1_3_holdout_migration,1,0,train_Bearing1_1_1_2_1_4_1_5_test_Bearing1_3,368,Bearing1_3,71.0,71.0,True,68.0,0.25
project_bearing1_3_holdout_migration,1,0,train_Bearing1_1_1_2_1_4_1_5_test_Bearing1_3,369,Bearing1_3,70.0,70.0,True,60.0,0.25
project_bearing1_3_holdout_migration,1,0,train_Bearing1_1_1_2_1_4_1_5_test_Bearing1_3,370,Bearing1_3,69.0,69.0,True,60.0,0.25
project_bearing1_3_holdout_migration,1,0,train_Bearing1_1_1_2_1_4_1_5_test_Bearing1_3,371,Bearing1_3,68.0,68.0,True,61.0,0.25
project_bearing1_3_holdout_migration,1,0,train_Bearing1_1_1_2_1_4_1_5_test_Bearing1_3,372,Bearing1_3,67.0,67.0,True,58.0,0.25
project_bearing1_3_holdout_migration,1,0,train_Bearing1_1_1_2_1_4_1_5_test_Bearing1_3,373,Bearing1_3,66.0,66.0,True,56.0,0.25
project_bearing1_3_holdout_migration,1,0,train_Bearing1_1_1_2_1_4_1_5_test_Bearing1_3,374,Bearing1_3,65.0,65.0,True,58.0,0.25
project_bearing1_3_holdout_migration,1,0,train_Bearing1_1_1_2_1_4_1_5_test_Bearing1_3,375,Bearing1_3,64.0,64.0,True,56.0,0.25
project_bearing1_3_holdout_migration,1,0,train_Bearing1_1_1_2_1_4_1_5_test_Bearing1_3,376,Bearing1_3,63.0,63.0,True,56.0,0.25
project_bearing1_3_holdout_migration,1,0,train_Bearing1_1_1_2_1_4_1_5_test_Bearing1_3,377,Bearing1_3,62.0,62.0,True,53.0,0.25
project_bearing1_3_holdout_migration,1,0,train_Bearing1_1_1_2_1_4_1_5_test_Bearing1_3,378,Bearing1_3,61.0,61.0,True,52.0,0.25
project_bearing1_3_holdout_migration,1,0,train_Bearing1_1_1_2_1_4_1_5_test_Bearing1_3,379,Bearing1_3,60.0,60.0,True,50.0,0.25
project_bearing1_3_holdout_migration,1,0,train_Bearing1_1_1_2_1_4_1_5_test_Bearing1_3,380,Bearing1_3,59.0,59.0,True,52.0,0.25
project_bearing1_3_holdout_migration,1,0,train_Bearing1_1_1_2_1_4_1_5_test_Bearing1_3,381,Bearing1_3,58.0,58.0,True,50.0,0.25
project_bearing1_3_holdout_migration,1,0,train_Bearing1_1_1_2_1_4_1_5_test_Bearing1_3,382,Bearing1_3,57.0,57.0,True,49.0,0.25
project_bearing1_3_holdout_migration,1,0,train_Bearing1_1_1_2_1_4_1_5_test_Bearing1_3,383,Bearing1_3,56.0,56.0,True,46.0,0.25
project_bearing1_3_holdout_migration,1,0,train_Bearing1_1_1_2_1_4_1_5_test_Bearing1_3,384,Bearing1_3,55.0,55.0,True,51.0,0.25
project_bearing1_3_holdout_migration,1,0,train_Bearing1_1_1_2_1_4_1_5_test_Bearing1_3,385,Bearing1_3,54.0,54.0,True,47.0,0.25
project_bearing1_3_holdout_migration,1,0,train_Bearing1_1_1_2_1_4_1_5_test_Bearing1_3,386,Bearing1_3,53.0,53.0,True,46.0,0.25
project_bearing1_3_holdout_migration,1,0,train_Bearing1_1_1_2_1_4_1_5_test_Bearing1_3,387,Bearing1_3,52.0,52.0,True,41.0,0.25
project_bearing1_3_holdout_migration,1,0,train_Bearing1_1_1_2_1_4_1_5_test_Bearing1_3,388,Bearing1_3,51.0,51.0,True,41.0,0.25
project_bearing1_3_holdout_migration,1,0,train_Bearing1_1_1_2_1_4_1_5_test_Bearing1_3,389,Bearing1_3,50.0,50.0,True,41.0,0.25
project_bearing1_3_holdout_migration,1,0,train_Bearing1_1_1_2_1_4_1_5_test_Bearing1_3,390,Bearing1_3,49.0,49.0,True,42.0,0.25
project_bearing1_3_holdout_migration,1,0,train_Bearing1_1_1_2_1_4_1_5_test_Bearing1_3,391,Bearing1_3,48.0,48.0,True,42.0,0.25
project_bearing1_3_holdout_migration,1,0,train_Bearing1_1_1_2_1_4_1_5_test_Bearing1_3,392,Bearing1_3,47.0,47.0,True,43.0,0.25
project_bearing1_3_holdout_migration,1,0,train_Bearing1_1_1_2_1_4_1_5_test_Bearing1_3,393,Bearing1_3,46.0,46.0,True,38.0,0.25
project_bearing1_3_holdout_migration,1,0,train_Bearing1_1_1_2_1_4_1_5_test_Bearing1_3,394,Bearing1_3,45.0,45.0,True,39.0,0.25
project_bearing1_3_holdout_migration,1,0,train_Bearing1_1_1_2_1_4_1_5_test_Bearing1_3,395,Bearing1_3,44.0,44.0,True,39.0,0.25
project_bearing1_3_holdout_migration,1,0,train_Bearing1_1_1_2_1_4_1_5_test_Bearing1_3,396,Bearing1_3,43.0,43.0,True,37.0,0.25
project_bearing1_3_holdout_migration,1,0,train_Bearing1_1_1_2_1_4_1_5_test_Bearing1_3,397,Bearing1_3,42.0,42.0,True,38.0,0.25
project_bearing1_3_holdout_migration,1,0,train_Bearing1_1_1_2_1_4_1_5_test_Bearing1_3,398,Bearing1_3,41.0,41.0,True,40.0,0.25
project_bearing1_3_holdout_migration,1,0,train_Bearing1_1_1_2_1_4_1_5_test_Bearing1_3,399,Bearing1_3,40.0,40.0,True,39.0,0.25
project_bearing1_3_holdout_migration,1,0,train_Bearing1_1_1_2_1_4_1_5_test_Bearing1_3,400,Bearing1_3,39.0,39.0,True,39.0,0.25
project_bearing1_3_holdout_migration,1,0,train_Bearing1_1_1_2_1_4_1_5_test_Bearing1_3,401,Bearing1_3,38.0,38.0,True,39.0,0.25
project_bearing1_3_holdout_migration,1,0,train_Bearing1_1_1_2_1_4_1_5_test_Bearing1_3,402,Bearing1_3,37.0,37.0,True,43.0,0.25
project_bearing1_3_holdout_migration,1,0,train_Bearing1_1_1_2_1_4_1_5_test_Bearing1_3,403,Bearing1_3,36.0,36.0,True,36.0,0.25
project_bearing1_3_holdout_migration,1,0,train_Bearing1_1_1_2_1_4_1_5_test_Bearing1_3,404,Bearing1_3,35.0,35.0,True,42.0,0.25
project_bearing1_3_holdout_migration,1,0,train_Bearing1_1_1_2_1_4_1_5_test_Bearing1_3,405,Bearing1_3,34.0,34.0,True,38.0,0.25
project_bearing1_3_holdout_migration,1,0,train_Bearing1_1_1_2_1_4_1_5_test_Bearing1_3,406,Bearing1_3,33.0,33.0,True,41.0,0.25
project_bearing1_3_holdout_migration,1,0,train_Bearing1_1_1_2_1_4_1_5_test_Bearing1_3,407,Bearing1_3,32.0,32.0,True,40.0,0.25
project_bearing1_3_holdout_migration,1,0,train_Bearing1_1_1_2_1_4_1_5_test_Bearing1_3,408,Bearing1_3,31.0,31.0,True,37.0,0.25
project_bearing1_3_holdout_migration,1,0,train_Bearing1_1_1_2_1_4_1_5_test_Bearing1_3,409,Bearing1_3,30.0,30.0,True,37.0,0.25
project_bearing1_3_holdout_migration,1,0,train_Bearing1_1_1_2_1_4_1_5_test_Bearing1_3,410,Bearing1_3,29.0,29.0,True,38.0,0.25
project_bearing1_3_holdout_migration,1,0,train_Bearing1_1_1_2_1_4_1_5_test_Bearing1_3,411,Bearing1_3,28.0,28.0,True,36.0,0.25
project_bearing1_3_holdout_migration,1,0,train_Bearing1_1_1_2_1_4_1_5_test_Bearing1_3,412,Bearing1_3,27.0,27.0,True,37.0,0.25
project_bearing1_3_holdout_migration,1,0,train_Bearing1_1_1_2_1_4_1_5_test_Bearing1_3,413,Bearing1_3,26.0,26.0,True,37.0,0.25
project_bearing1_3_holdout_migration,1,0,train_Bearing1_1_1_2_1_4_1_5_test_Bearing1_3,414,Bearing1_3,25.0,25.0,True,34.0,0.25
project_bearing1_3_holdout_migration,1,0,train_Bearing1_1_1_2_1_4_1_5_test_Bearing1_3,415,Bearing1_3,24.0,24.0,True,37.0,0.25
project_bearing1_3_holdout_migration,1,0,train_Bearing1_1_1_2_1_4_1_5_test_Bearing1_3,416,Bearing1_3,23.0,23.0,True,38.0,0.25
project_bearing1_3_holdout_migration,1,0,train_Bearing1_1_1_2_1_4_1_5_test_Bearing1_3,417,Bearing1_3,22.0,22.0,True,37.0,0.25
project_bearing1_3_holdout_migration,1,0,train_Bearing1_1_1_2_1_4_1_5_test_Bearing1_3,418,Bearing1_3,21.0,21.0,True,36.0,0.25
project_bearing1_3_holdout_migration,1,0,train_Bearing1_1_1_2_1_4_1_5_test_Bearing1_3,419,Bearing1_3,20.0,20.0,True,34.0,0.25
project_bearing1_3_holdout_migration,1,0,train_Bearing1_1_1_2_1_4_1_5_test_Bearing1_3,420,Bearing1_3,19.0,19.0,True,43.0,0.25
project_bearing1_3_holdout_migration,1,0,train_Bearing1_1_1_2_1_4_1_5_test_Bearing1_3,421,Bearing1_3,18.0,18.0,True,41.0,0.25
project_bearing1_3_holdout_migration,1,0,train_Bearing1_1_1_2_1_4_1_5_test_Bearing1_3,422,Bearing1_3,17.0,17.0,True,41.0,0.25
project_bearing1_3_holdout_migration,1,0,train_Bearing1_1_1_2_1_4_1_5_test_Bearing1_3,423,Bearing1_3,16.0,16.0,True,34.0,0.25
project_bearing1_3_holdout_migration,1,0,train_Bearing1_1_1_2_1_4_1_5_test_Bearing1_3,424,Bearing1_3,15.0,15.0,True,41.0,0.25
project_bearing1_3_holdout_migration,1,0,train_Bearing1_1_1_2_1_4_1_5_test_Bearing1_3,425,Bearing1_3,14.0,14.0,True,41.0,0.25
project_bearing1_3_holdout_migration,1,0,train_Bearing1_1_1_2_1_4_1_5_test_Bearing1_3,426,Bearing1_3,13.0,13.0,True,45.0,0.25
project_bearing1_3_holdout_migration,1,0,train_Bearing1_1_1_2_1_4_1_5_test_Bearing1_3,427,Bearing1_3,12.0,12.0,True,47.0,0.25
project_bearing1_3_holdout_migration,1,0,train_Bearing1_1_1_2_1_4_1_5_test_Bearing1_3,428,Bearing1_3,11.0,11.0,True,49.0,0.25
project_bearing1_3_holdout_migration,1,0,train_Bearing1_1_1_2_1_4_1_5_test_Bearing1_3,429,Bearing1_3,10.0,10.0,True,48.0,0.25
project_bearing1_3_holdout_migration,1,0,train_Bearing1_1_1_2_1_4_1_5_test_Bearing1_3,430,Bearing1_3,9.0,9.0,True,49.0,0.25
project_bearing1_3_holdout_migration,1,0,train_Bearing1_1_1_2_1_4_1_5_test_Bearing1_3,431,Bearing1_3,8.0,8.0,True,11.0,0.25
project_bearing1_3_holdout_migration,1,0,train_Bearing1_1_1_2_1_4_1_5_test_Bearing1_3,432,Bearing1_3,7.0,7.0,True,10.0,0.25
project_bearing1_3_holdout_migration,1,0,train_Bearing1_1_1_2_1_4_1_5_test_Bearing1_3,433,Bearing1_3,6.0,6.0,True,9.0,0.25
project_bearing1_3_holdout_migration,1,0,train_Bearing1_1_1_2_1_4_1_5_test_Bearing1_3,434,Bearing1_3,5.0,5.0,True,8.0,0.25
project_bearing1_3_holdout_migration,1,0,train_Bearing1_1_1_2_1_4_1_5_test_Bearing1_3,435,Bearing1_3,4.0,4.0,True,10.0,0.25
project_bearing1_3_holdout_migration,1,0,train_Bearing1_1_1_2_1_4_1_5_test_Bearing1_3,436,Bearing1_3,3.0,3.0,True,13.0,0.25
project_bearing1_3_holdout_migration,1,0,train_Bearing1_1_1_2_1_4_1_5_test_Bearing1_3,437,Bearing1_3,2.0,2.0,True,10.0,0.25
project_bearing1_3_holdout_migration,1,0,train_Bearing1_1_1_2_1_4_1_5_test_Bearing1_3,438,Bearing1_3,1.0,1.0,True,10.0,0.25
project_bearing1_3_holdout_migration,2,0,train_Bearing1_1_1_2_1_4_1_5_test_Bearing1_3,282,Bearing1_3,157.0,157.0,True,121.0,0.25
project_bearing1_3_holdout_migration,2,0,train_Bearing1_1_1_2_1_4_1_5_test_Bearing1_3,283,Bearing1_3,156.0,156.0,True,120.0,0.25
project_bearing1_3_holdout_migration,2,0,train_Bearing1_1_1_2_1_4_1_5_test_Bearing1_3,284,Bearing1_3,155.0,155.0,True,121.0,0.25
project_bearing1_3_holdout_migration,2,0,train_Bearing1_1_1_2_1_4_1_5_test_Bearing1_3,285,Bearing1_3,154.0,154.0,True,121.0,0.25
project_bearing1_3_holdout_migration,2,0,train_Bearing1_1_1_2_1_4_1_5_test_Bearing1_3,286,Bearing1_3,153.0,153.0,True,121.0,0.25
project_bearing1_3_holdout_migration,2,0,train_Bearing1_1_1_2_1_4_1_5_test_Bearing1_3,287,Bearing1_3,152.0,152.0,True,121.0,0.25
project_bearing1_3_holdout_migration,2,0,train_Bearing1_1_1_2_1_4_1_5_test_Bearing1_3,288,Bearing1_3,151.0,151.0,True,122.0,0.25
project_bearing1_3_holdout_migration,2,0,train_Bearing1_1_1_2_1_4_1_5_test_Bearing1_3,289,Bearing1_3,150.0,150.0,True,122.0,0.25
project_bearing1_3_holdout_migration,2,0,train_Bearing1_1_1_2_1_4_1_5_test_Bearing1_3,290,Bearing1_3,149.0,149.0,True,121.0,0.25
project_bearing1_3_holdout_migration,2,0,train_Bearing1_1_1_2_1_4_1_5_test_Bearing1_3,291,Bearing1_3,148.0,148.0,True,126.0,0.25
project_bearing1_3_holdout_migration,2,0,train_Bearing1_1_1_2_1_4_1_5_test_Bearing1_3,292,Bearing1_3,147.0,147.0,True,121.0,0.25
project_bearing1_3_holdout_migration,2,0,train_Bearing1_1_1_2_1_4_1_5_test_Bearing1_3,293,Bearing1_3,146.0,146.0,True,122.0,0.25
project_bearing1_3_holdout_migration,2,0,train_Bearing1_1_1_2_1_4_1_5_test_Bearing1_3,294,Bearing1_3,145.0,145.0,True,121.0,0.25
project_bearing1_3_holdout_migration,2,0,train_Bearing1_1_1_2_1_4_1_5_test_Bearing1_3,295,Bearing1_3,144.0,144.0,True,122.0,0.25
project_bearing1_3_holdout_migration,2,0,train_Bearing1_1_1_2_1_4_1_5_test_Bearing1_3,296,Bearing1_3,143.0,143.0,True,122.0,0.25
project_bearing1_3_holdout_migration,2,0,train_Bearing1_1_1_2_1_4_1_5_test_Bearing1_3,297,Bearing1_3,142.0,142.0,True,122.0,0.25
project_bearing1_3_holdout_migration,2,0,train_Bearing1_1_1_2_1_4_1_5_test_Bearing1_3,298,Bearing1_3,141.0,141.0,True,121.0,0.25
project_bearing1_3_holdout_migration,2,0,train_Bearing1_1_1_2_1_4_1_5_test_Bearing1_3,299,Bearing1_3,140.0,140.0,True,121.0,0.25
project_bearing1_3_holdout_migration,2,0,train_Bearing1_1_1_2_1_4_1_5_test_Bearing1_3,300,Bearing1_3,139.0,139.0,True,122.0,0.25
project_bearing1_3_holdout_migration,2,0,train_Bearing1_1_1_2_1_4_1_5_test_Bearing1_3,301,Bearing1_3,138.0,138.0,True,124.0,0.25
project_bearing1_3_holdout_migration,2,0,train_Bearing1_1_1_2_1_4_1_5_test_Bearing1_3,302,Bearing1_3,137.0,137.0,True,122.0,0.25
project_bearing1_3_holdout_migration,2,0,train_Bearing1_1_1_2_1_4_1_5_test_Bearing1_3,303,Bearing1_3,136.0,136.0,True,122.0,0.25
project_bearing1_3_holdout_migration,2,0,train_Bearing1_1_1_2_1_4_1_5_test_Bearing1_3,304,Bearing1_3,135.0,135.0,True,121.0,0.25
project_bearing1_3_holdout_migration,2,0,train_Bearing1_1_1_2_1_4_1_5_test_Bearing1_3,305,Bearing1_3,134.0,134.0,True,122.0,0.25
project_bearing1_3_holdout_migration,2,0,train_Bearing1_1_1_2_1_4_1_5_test_Bearing1_3,306,Bearing1_3,133.0,133.0,True,131.0,0.25
project_bearing1_3_holdout_migration,2,0,train_Bearing1_1_1_2_1_4_1_5_test_Bearing1_3,307,Bearing1_3,132.0,132.0,True,122.0,0.25
project_bearing1_3_holdout_migration,2,0,train_Bearing1_1_1_2_1_4_1_5_test_Bearing1_3,308,Bearing1_3,131.0,131.0,True,121.0,0.25
project_bearing1_3_holdout_migration,2,0,train_Bearing1_1_1_2_1_4_1_5_test_Bearing1_3,309,Bearing1_3,130.0,130.0,True,122.0,0.25
project_bearing1_3_holdout_migration,2,0,train_Bearing1_1_1_2_1_4_1_5_test_Bearing1_3,310,Bearing1_3,129.0,129.0,True,126.0,0.25
project_bearing1_3_holdout_migration,2,0,train_Bearing1_1_1_2_1_4_1_5_test_Bearing1_3,311,Bearing1_3,128.0,128.0,True,128.0,0.25
project_bearing1_3_holdout_migration,2,0,train_Bearing1_1_1_2_1_4_1_5_test_Bearing1_3,312,Bearing1_3,127.0,127.0,True,125.0,0.25
project_bearing1_3_holdout_migration,2,0,train_Bearing1_1_1_2_1_4_1_5_test_Bearing1_3,313,Bearing1_3,126.0,126.0,True,125.0,0.25
project_bearing1_3_holdout_migration,2,0,train_Bearing1_1_1_2_1_4_1_5_test_Bearing1_3,314,Bearing1_3,125.0,125.0,True,125.0,0.25
project_bearing1_3_holdout_migration,2,0,train_Bearing1_1_1_2_1_4_1_5_test_Bearing1_3,315,Bearing1_3,124.0,124.0,True,122.0,0.25
project_bearing1_3_holdout_migration,2,0,train_Bearing1_1_1_2_1_4_1_5_test_Bearing1_3,316,Bearing1_3,123.0,123.0,True,121.0,0.25
project_bearing1_3_holdout_migration,2,0,train_Bearing1_1_1_2_1_4_1_5_test_Bearing1_3,317,Bearing1_3,122.0,122.0,True,122.0,0.25
project_bearing1_3_holdout_migration,2,0,train_Bearing1_1_1_2_1_4_1_5_test_Bearing1_3,318,Bearing1_3,121.0,121.0,True,121.0,0.25
project_bearing1_3_holdout_migration,2,0,train_Bearing1_1_1_2_1_4_1_5_test_Bearing1_3,319,Bearing1_3,120.0,120.0,True,121.0,0.25
project_bearing1_3_holdout_migration,2,0,train_Bearing1_1_1_2_1_4_1_5_test_Bearing1_3,320,Bearing1_3,119.0,119.0,True,122.0,0.25
project_bearing1_3_holdout_migration,2,0,train_Bearing1_1_1_2_1_4_1_5_test_Bearing1_3,321,Bearing1_3,118.0,118.0,True,120.0,0.25
project_bearing1_3_holdout_migration,2,0,train_Bearing1_1_1_2_1_4_1_5_test_Bearing1_3,322,Bearing1_3,117.0,117.0,True,121.0,0.25
project_bearing1_3_holdout_migration,2,0,train_Bearing1_1_1_2_1_4_1_5_test_Bearing1_3,323,Bearing1_3,116.0,116.0,True,121.0,0.25
project_bearing1_3_holdout_migration,2,0,train_Bearing1_1_1_2_1_4_1_5_test_Bearing1_3,324,Bearing1_3,115.0,115.0,True,121.0,0.25
project_bearing1_3_holdout_migration,2,0,train_Bearing1_1_1_2_1_4_1_5_test_Bearing1_3,325,Bearing1_3,114.0,114.0,True,120.0,0.25
project_bearing1_3_holdout_migration,2,0,train_Bearing1_1_1_2_1_4_1_5_test_Bearing1_3,326,Bearing1_3,113.0,113.0,True,121.0,0.25
project_bearing1_3_holdout_migration,2,0,train_Bearing1_1_1_2_1_4_1_5_test_Bearing1_3,327,Bearing1_3,112.0,112.0,True,121.0,0.25
project_bearing1_3_holdout_migration,2,0,train_Bearing1_1_1_2_1_4_1_5_test_Bearing1_3,328,Bearing1_3,111.0,111.0,True,120.0,0.25
project_bearing1_3_holdout_migration,2,0,train_Bearing1_1_1_2_1_4_1_5_test_Bearing1_3,329,Bearing1_3,110.0,110.0,True,120.0,0.25
project_bearing1_3_holdout_migration,2,0,train_Bearing1_1_1_2_1_4_1_5_test_Bearing1_3,330,Bearing1_3,109.0,109.0,True,121.0,0.25
project_bearing1_3_holdout_migration,2,0,train_Bearing1_1_1_2_1_4_1_5_test_Bearing1_3,331,Bearing1_3,108.0,108.0,True,120.0,0.25
project_bearing1_3_holdout_migration,2,0,train_Bearing1_1_1_2_1_4_1_5_test_Bearing1_3,332,Bearing1_3,107.0,107.0,True,120.0,0.25
project_bearing1_3_holdout_migration,2,0,train_Bearing1_1_1_2_1_4_1_5_test_Bearing1_3,333,Bearing1_3,106.0,106.0,True,120.0,0.25
project_bearing1_3_holdout_migration,2,0,train_Bearing1_1_1_2_1_4_1_5_test_Bearing1_3,334,Bearing1_3,105.0,105.0,True,120.0,0.25
project_bearing1_3_holdout_migration,2,0,train_Bearing1_1_1_2_1_4_1_5_test_Bearing1_3,335,Bearing1_3,104.0,104.0,True,120.0,0.25
project_bearing1_3_holdout_migration,2,0,train_Bearing1_1_1_2_1_4_1_5_test_Bearing1_3,336,Bearing1_3,103.0,103.0,True,119.0,0.25
project_bearing1_3_holdout_migration,2,0,train_Bearing1_1_1_2_1_4_1_5_test_Bearing1_3,337,Bearing1_3,102.0,102.0,True,120.0,0.25
project_bearing1_3_holdout_migration,2,0,train_Bearing1_1_1_2_1_4_1_5_test_Bearing1_3,338,Bearing1_3,101.0,101.0,True,119.0,0.25
project_bearing1_3_holdout_migration,2,0,train_Bearing1_1_1_2_1_4_1_5_test_Bearing1_3,339,Bearing1_3,100.0,100.0,True,119.0,0.25
project_bearing1_3_holdout_migration,2,0,train_Bearing1_1_1_2_1_4_1_5_test_Bearing1_3,340,Bearing1_3,99.0,99.0,True,120.0,0.25
project_bearing1_3_holdout_migration,2,0,train_Bearing1_1_1_2_1_4_1_5_test_Bearing1_3,341,Bearing1_3,98.0,98.0,True,120.0,0.25
project_bearing1_3_holdout_migration,2,0,train_Bearing1_1_1_2_1_4_1_5_test_Bearing1_3,342,Bearing1_3,97.0,97.0,True,133.0,0.25
project_bearing1_3_holdout_migration,2,0,train_Bearing1_1_1_2_1_4_1_5_test_Bearing1_3,343,Bearing1_3,96.0,96.0,True,132.0,0.25
project_bearing1_3_holdout_migration,2,0,train_Bearing1_1_1_2_1_4_1_5_test_Bearing1_3,344,Bearing1_3,95.0,95.0,True,133.0,0.25
project_bearing1_3_holdout_migration,2,0,train_Bearing1_1_1_2_1_4_1_5_test_Bearing1_3,345,Bearing1_3,94.0,94.0,True,131.0,0.25
project_bearing1_3_holdout_migration,2,0,train_Bearing1_1_1_2_1_4_1_5_test_Bearing1_3,346,Bearing1_3,93.0,93.0,True,130.0,0.25
project_bearing1_3_holdout_migration,2,0,train_Bearing1_1_1_2_1_4_1_5_test_Bearing1_3,347,Bearing1_3,92.0,92.0,True,132.0,0.25
project_bearing1_3_holdout_migration,2,0,train_Bearing1_1_1_2_1_4_1_5_test_Bearing1_3,348,Bearing1_3,91.0,91.0,True,135.0,0.25
project_bearing1_3_holdout_migration,2,0,train_Bearing1_1_1_2_1_4_1_5_test_Bearing1_3,349,Bearing1_3,90.0,90.0,True,131.0,0.25
project_bearing1_3_holdout_migration,2,0,train_Bearing1_1_1_2_1_4_1_5_test_Bearing1_3,350,Bearing1_3,89.0,89.0,True,122.0,0.25
project_bearing1_3_holdout_migration,2,0,train_Bearing1_1_1_2_1_4_1_5_test_Bearing1_3,351,Bearing1_3,88.0,88.0,True,128.0,0.25
project_bearing1_3_holdout_migration,2,0,train_Bearing1_1_1_2_1_4_1_5_test_Bearing1_3,352,Bearing1_3,87.0,87.0,True,115.0,0.25
project_bearing1_3_holdout_migration,2,0,train_Bearing1_1_1_2_1_4_1_5_test_Bearing1_3,353,Bearing1_3,86.0,86.0,True,114.0,0.25
project_bearing1_3_holdout_migration,2,0,train_Bearing1_1_1_2_1_4_1_5_test_Bearing1_3,354,Bearing1_3,85.0,85.0,True,112.0,0.25
project_bearing1_3_holdout_migration,2,0,train_Bearing1_1_1_2_1_4_1_5_test_Bearing1_3,355,Bearing1_3,84.0,84.0,True,111.0,0.25
project_bearing1_3_holdout_migration,2,0,train_Bearing1_1_1_2_1_4_1_5_test_Bearing1_3,356,Bearing1_3,83.0,83.0,True,106.0,0.25
project_bearing1_3_holdout_migration,2,0,train_Bearing1_1_1_2_1_4_1_5_test_Bearing1_3,357,Bearing1_3,82.0,82.0,True,101.0,0.25
project_bearing1_3_holdout_migration,2,0,train_Bearing1_1_1_2_1_4_1_5_test_Bearing1_3,358,Bearing1_3,81.0,81.0,True,108.0,0.25
project_bearing1_3_holdout_migration,2,0,train_Bearing1_1_1_2_1_4_1_5_test_Bearing1_3,359,Bearing1_3,80.0,80.0,True,106.0,0.25
project_bearing1_3_holdout_migration,2,0,train_Bearing1_1_1_2_1_4_1_5_test_Bearing1_3,360,Bearing1_3,79.0,79.0,True,102.0,0.25
project_bearing1_3_holdout_migration,2,0,train_Bearing1_1_1_2_1_4_1_5_test_Bearing1_3,361,Bearing1_3,78.0,78.0,True,93.0,0.25
project_bearing1_3_holdout_migration,2,0,train_Bearing1_1_1_2_1_4_1_5_test_Bearing1_3,362,Bearing1_3,77.0,77.0,True,100.0,0.25
project_bearing1_3_holdout_migration,2,0,train_Bearing1_1_1_2_1_4_1_5_test_Bearing1_3,363,Bearing1_3,76.0,76.0,True,77.0,0.25
project_bearing1_3_holdout_migration,2,0,train_Bearing1_1_1_2_1_4_1_5_test_Bearing1_3,364,Bearing1_3,75.0,75.0,True,78.0,0.25
project_bearing1_3_holdout_migration,2,0,train_Bearing1_1_1_2_1_4_1_5_test_Bearing1_3,365,Bearing1_3,74.0,74.0,True,78.0,0.25
project_bearing1_3_holdout_migration,2,0,train_Bearing1_1_1_2_1_4_1_5_test_Bearing1_3,366,Bearing1_3,73.0,73.0,True,72.0,0.25
project_bearing1_3_holdout_migration,2,0,train_Bearing1_1_1_2_1_4_1_5_test_Bearing1_3,367,Bearing1_3,72.0,72.0,True,64.0,0.25
project_bearing1_3_holdout_migration,2,0,train_Bearing1_1_1_2_1_4_1_5_test_Bearing1_3,368,Bearing1_3,71.0,71.0,True,60.0,0.25
project_bearing1_3_holdout_migration,2,0,train_Bearing1_1_1_2_1_4_1_5_test_Bearing1_3,369,Bearing1_3,70.0,70.0,True,59.0,0.25
project_bearing1_3_holdout_migration,2,0,train_Bearing1_1_1_2_1_4_1_5_test_Bearing1_3,370,Bearing1_3,69.0,69.0,True,67.0,0.25
project_bearing1_3_holdout_migration,2,0,train_Bearing1_1_1_2_1_4_1_5_test_Bearing1_3,371,Bearing1_3,68.0,68.0,True,68.0,0.25
project_bearing1_3_holdout_migration,2,0,train_Bearing1_1_1_2_1_4_1_5_test_Bearing1_3,372,Bearing1_3,67.0,67.0,True,62.0,0.25
project_bearing1_3_holdout_migration,2,0,train_Bearing1_1_1_2_1_4_1_5_test_Bearing1_3,373,Bearing1_3,66.0,66.0,True,58.0,0.25
project_bearing1_3_holdout_migration,2,0,train_Bearing1_1_1_2_1_4_1_5_test_Bearing1_3,374,Bearing1_3,65.0,65.0,True,57.0,0.25
project_bearing1_3_holdout_migration,2,0,train_Bearing1_1_1_2_1_4_1_5_test_Bearing1_3,375,Bearing1_3,64.0,64.0,True,56.0,0.25
project_bearing1_3_holdout_migration,2,0,train_Bearing1_1_1_2_1_4_1_5_test_Bearing1_3,376,Bearing1_3,63.0,63.0,True,56.0,0.25
project_bearing1_3_holdout_migration,2,0,train_Bearing1_1_1_2_1_4_1_5_test_Bearing1_3,377,Bearing1_3,62.0,62.0,True,54.0,0.25
project_bearing1_3_holdout_migration,2,0,train_Bearing1_1_1_2_1_4_1_5_test_Bearing1_3,378,Bearing1_3,61.0,61.0,True,54.0,0.25
project_bearing1_3_holdout_migration,2,0,train_Bearing1_1_1_2_1_4_1_5_test_Bearing1_3,379,Bearing1_3,60.0,60.0,True,52.0,0.25
project_bearing1_3_holdout_migration,2,0,train_Bearing1_1_1_2_1_4_1_5_test_Bearing1_3,380,Bearing1_3,59.0,59.0,True,53.0,0.25
project_bearing1_3_holdout_migration,2,0,train_Bearing1_1_1_2_1_4_1_5_test_Bearing1_3,381,Bearing1_3,58.0,58.0,True,53.0,0.25
project_bearing1_3_holdout_migration,2,0,train_Bearing1_1_1_2_1_4_1_5_test_Bearing1_3,382,Bearing1_3,57.0,57.0,True,52.0,0.25
project_bearing1_3_holdout_migration,2,0,train_Bearing1_1_1_2_1_4_1_5_test_Bearing1_3,383,Bearing1_3,56.0,56.0,True,49.0,0.25
project_bearing1_3_holdout_migration,2,0,train_Bearing1_1_1_2_1_4_1_5_test_Bearing1_3,384,Bearing1_3,55.0,55.0,True,51.0,0.25
project_bearing1_3_holdout_migration,2,0,train_Bearing1_1_1_2_1_4_1_5_test_Bearing1_3,385,Bearing1_3,54.0,54.0,True,48.0,0.25
project_bearing1_3_holdout_migration,2,0,train_Bearing1_1_1_2_1_4_1_5_test_Bearing1_3,386,Bearing1_3,53.0,53.0,True,45.0,0.25
project_bearing1_3_holdout_migration,2,0,train_Bearing1_1_1_2_1_4_1_5_test_Bearing1_3,387,Bearing1_3,52.0,52.0,True,42.0,0.25
project_bearing1_3_holdout_migration,2,0,train_Bearing1_1_1_2_1_4_1_5_test_Bearing1_3,388,Bearing1_3,51.0,51.0,True,43.0,0.25
project_bearing1_3_holdout_migration,2,0,train_Bearing1_1_1_2_1_4_1_5_test_Bearing1_3,389,Bearing1_3,50.0,50.0,True,41.0,0.25
project_bearing1_3_holdout_migration,2,0,train_Bearing1_1_1_2_1_4_1_5_test_Bearing1_3,390,Bearing1_3,49.0,49.0,True,43.0,0.25
project_bearing1_3_holdout_migration,2,0,train_Bearing1_1_1_2_1_4_1_5_test_Bearing1_3,391,Bearing1_3,48.0,48.0,True,44.0,0.25
project_bearing1_3_holdout_migration,2,0,train_Bearing1_1_1_2_1_4_1_5_test_Bearing1_3,392,Bearing1_3,47.0,47.0,True,42.0,0.25
project_bearing1_3_holdout_migration,2,0,train_Bearing1_1_1_2_1_4_1_5_test_Bearing1_3,393,Bearing1_3,46.0,46.0,True,39.0,0.25
project_bearing1_3_holdout_migration,2,0,train_Bearing1_1_1_2_1_4_1_5_test_Bearing1_3,394,Bearing1_3,45.0,45.0,True,39.0,0.25
project_bearing1_3_holdout_migration,2,0,train_Bearing1_1_1_2_1_4_1_5_test_Bearing1_3,395,Bearing1_3,44.0,44.0,True,38.0,0.25
project_bearing1_3_holdout_migration,2,0,train_Bearing1_1_1_2_1_4_1_5_test_Bearing1_3,396,Bearing1_3,43.0,43.0,True,36.0,0.25
project_bearing1_3_holdout_migration,2,0,train_Bearing1_1_1_2_1_4_1_5_test_Bearing1_3,397,Bearing1_3,42.0,42.0,True,35.0,0.25
project_bearing1_3_holdout_migration,2,0,train_Bearing1_1_1_2_1_4_1_5_test_Bearing1_3,398,Bearing1_3,41.0,41.0,True,38.0,0.25
project_bearing1_3_holdout_migration,2,0,train_Bearing1_1_1_2_1_4_1_5_test_Bearing1_3,399,Bearing1_3,40.0,40.0,True,37.0,0.25
project_bearing1_3_holdout_migration,2,0,train_Bearing1_1_1_2_1_4_1_5_test_Bearing1_3,400,Bearing1_3,39.0,39.0,True,38.0,0.25
project_bearing1_3_holdout_migration,2,0,train_Bearing1_1_1_2_1_4_1_5_test_Bearing1_3,401,Bearing1_3,38.0,38.0,True,37.0,0.25
project_bearing1_3_holdout_migration,2,0,train_Bearing1_1_1_2_1_4_1_5_test_Bearing1_3,402,Bearing1_3,37.0,37.0,True,38.0,0.25
project_bearing1_3_holdout_migration,2,0,train_Bearing1_1_1_2_1_4_1_5_test_Bearing1_3,403,Bearing1_3,36.0,36.0,True,36.0,0.25
project_bearing1_3_holdout_migration,2,0,train_Bearing1_1_1_2_1_4_1_5_test_Bearing1_3,404,Bearing1_3,35.0,35.0,True,39.0,0.25
project_bearing1_3_holdout_migration,2,0,train_Bearing1_1_1_2_1_4_1_5_test_Bearing1_3,405,Bearing1_3,34.0,34.0,True,38.0,0.25
project_bearing1_3_holdout_migration,2,0,train_Bearing1_1_1_2_1_4_1_5_test_Bearing1_3,406,Bearing1_3,33.0,33.0,True,41.0,0.25
project_bearing1_3_holdout_migration,2,0,train_Bearing1_1_1_2_1_4_1_5_test_Bearing1_3,407,Bearing1_3,32.0,32.0,True,39.0,0.25
project_bearing1_3_holdout_migration,2,0,train_Bearing1_1_1_2_1_4_1_5_test_Bearing1_3,408,Bearing1_3,31.0,31.0,True,36.0,0.25
project_bearing1_3_holdout_migration,2,0,train_Bearing1_1_1_2_1_4_1_5_test_Bearing1_3,409,Bearing1_3,30.0,30.0,True,36.0,0.25
project_bearing1_3_holdout_migration,2,0,train_Bearing1_1_1_2_1_4_1_5_test_Bearing1_3,410,Bearing1_3,29.0,29.0,True,37.0,0.25
project_bearing1_3_holdout_migration,2,0,train_Bearing1_1_1_2_1_4_1_5_test_Bearing1_3,411,Bearing1_3,28.0,28.0,True,37.0,0.25
project_bearing1_3_holdout_migration,2,0,train_Bearing1_1_1_2_1_4_1_5_test_Bearing1_3,412,Bearing1_3,27.0,27.0,True,36.0,0.25
project_bearing1_3_holdout_migration,2,0,train_Bearing1_1_1_2_1_4_1_5_test_Bearing1_3,413,Bearing1_3,26.0,26.0,True,37.0,0.25
project_bearing1_3_holdout_migration,2,0,train_Bearing1_1_1_2_1_4_1_5_test_Bearing1_3,414,Bearing1_3,25.0,25.0,True,34.0,0.25
project_bearing1_3_holdout_migration,2,0,train_Bearing1_1_1_2_1_4_1_5_test_Bearing1_3,415,Bearing1_3,24.0,24.0,True,36.0,0.25
project_bearing1_3_holdout_migration,2,0,train_Bearing1_1_1_2_1_4_1_5_test_Bearing1_3,416,Bearing1_3,23.0,23.0,True,37.0,0.25
project_bearing1_3_holdout_migration,2,0,train_Bearing1_1_1_2_1_4_1_5_test_Bearing1_3,417,Bearing1_3,22.0,22.0,True,38.0,0.25
project_bearing1_3_holdout_migration,2,0,train_Bearing1_1_1_2_1_4_1_5_test_Bearing1_3,418,Bearing1_3,21.0,21.0,True,36.0,0.25
project_bearing1_3_holdout_migration,2,0,train_Bearing1_1_1_2_1_4_1_5_test_Bearing1_3,419,Bearing1_3,20.0,20.0,True,35.0,0.25
project_bearing1_3_holdout_migration,2,0,train_Bearing1_1_1_2_1_4_1_5_test_Bearing1_3,420,Bearing1_3,19.0,19.0,True,43.0,0.25
project_bearing1_3_holdout_migration,2,0,train_Bearing1_1_1_2_1_4_1_5_test_Bearing1_3,421,Bearing1_3,18.0,18.0,True,39.0,0.25
project_bearing1_3_holdout_migration,2,0,train_Bearing1_1_1_2_1_4_1_5_test_Bearing1_3,422,Bearing1_3,17.0,17.0,True,43.0,0.25
project_bearing1_3_holdout_migration,2,0,train_Bearing1_1_1_2_1_4_1_5_test_Bearing1_3,423,Bearing1_3,16.0,16.0,True,36.0,0.25
project_bearing1_3_holdout_migration,2,0,train_Bearing1_1_1_2_1_4_1_5_test_Bearing1_3,424,Bearing1_3,15.0,15.0,True,41.0,0.25
project_bearing1_3_holdout_migration,2,0,train_Bearing1_1_1_2_1_4_1_5_test_Bearing1_3,425,Bearing1_3,14.0,14.0,True,42.0,0.25
project_bearing1_3_holdout_migration,2,0,train_Bearing1_1_1_2_1_4_1_5_test_Bearing1_3,426,Bearing1_3,13.0,13.0,True,42.0,0.25
project_bearing1_3_holdout_migration,2,0,train_Bearing1_1_1_2_1_4_1_5_test_Bearing1_3,427,Bearing1_3,12.0,12.0,True,47.0,0.25
project_bearing1_3_holdout_migration,2,0,train_Bearing1_1_1_2_1_4_1_5_test_Bearing1_3,428,Bearing1_3,11.0,11.0,True,48.0,0.25
project_bearing1_3_holdout_migration,2,0,train_Bearing1_1_1_2_1_4_1_5_test_Bearing1_3,429,Bearing1_3,10.0,10.0,True,48.0,0.25
project_bearing1_3_holdout_migration,2,0,train_Bearing1_1_1_2_1_4_1_5_test_Bearing1_3,430,Bearing1_3,9.0,9.0,True,49.0,0.25
project_bearing1_3_holdout_migration,2,0,train_Bearing1_1_1_2_1_4_1_5_test_Bearing1_3,431,Bearing1_3,8.0,8.0,True,10.0,0.25
project_bearing1_3_holdout_migration,2,0,train_Bearing1_1_1_2_1_4_1_5_test_Bearing1_3,432,Bearing1_3,7.0,7.0,True,10.0,0.25
project_bearing1_3_holdout_migration,2,0,train_Bearing1_1_1_2_1_4_1_5_test_Bearing1_3,433,Bearing1_3,6.0,6.0,True,9.0,0.25
project_bearing1_3_holdout_migration,2,0,train_Bearing1_1_1_2_1_4_1_5_test_Bearing1_3,434,Bearing1_3,5.0,5.0,True,8.0,0.25
project_bearing1_3_holdout_migration,2,0,train_Bearing1_1_1_2_1_4_1_5_test_Bearing1_3,435,Bearing1_3,4.0,4.0,True,10.0,0.25
project_bearing1_3_holdout_migration,2,0,train_Bearing1_1_1_2_1_4_1_5_test_Bearing1_3,436,Bearing1_3,3.0,3.0,True,13.0,0.25
project_bearing1_3_holdout_migration,2,0,train_Bearing1_1_1_2_1_4_1_5_test_Bearing1_3,437,Bearing1_3,2.0,2.0,True,10.0,0.25
project_bearing1_3_holdout_migration,2,0,train_Bearing1_1_1_2_1_4_1_5_test_Bearing1_3,438,Bearing1_3,1.0,1.0,True,9.0,0.25
