bearing,window_index,true_rul,pred_rul
Bearing1_3,0,0.9869418740272522,0.8731698989868164
Bearing1_3,1,0.9865206480026245,0.8652032017707825
Bearing1_3,2,0.9860994219779968,0.8577682375907898
Bearing1_3,3,0.9856781959533691,0.8550133109092712
Bearing1_3,4,0.9852569699287415,0.8467775583267212
Bearing1_3,5,0.9848357439041138,0.8483150005340576
Bearing1_3,6,0.9844145178794861,0.8472406268119812
Bearing1_3,7,0.9839932322502136,0.8437902927398682
Bearing1_3,8,0.9835720062255859,0.8442537188529968
Bearing1_3,9,0.9831507802009583,0.8542698621749878
Bearing1_3,10,0.9827295541763306,0.8425158858299255
Bearing1_3,11,0.9823083281517029,0.8411586880683899
Bearing1_3,12,0.9818871021270752,0.8423476219177246
Bearing1_3,13,0.9814658761024475,0.8466498851776123
Bearing1_3,14,0.9810446500778198,0.8461768627166748
Bearing1_3,15,0.9806234240531921,0.8418306708335876
Bearing1_3,16,0.9802021980285645,0.8465462327003479
Bearing1_3,17,0.9797809720039368,0.8506473898887634
Bearing1_3,18,0.9793597459793091,0.8449677228927612
Bearing1_3,19,0.9789385199546814,0.8440192937850952
Bearing1_3,20,0.9785172939300537,0.8419185876846313
Bearing1_3,21,0.978096067905426,0.8430347442626953
Bearing1_3,22,0.9776747822761536,0.8394920229911804
Bearing1_3,23,0.9772535562515259,0.8339430093765259
Bearing1_3,24,0.9768323302268982,0.8382800221443176
Bearing1_3,25,0.9764111042022705,0.8417479395866394
Bearing1_3,26,0.9759898781776428,0.8421751856803894
Bearing1_3,27,0.9755686521530151,0.8372771143913269
Bearing1_3,28,0.9751474261283875,0.8355605006217957
Bearing1_3,29,0.9747262001037598,0.8369519710540771
Bearing1_3,30,0.9743049740791321,0.8380401730537415
Bearing1_3,31,0.9738837480545044,0.8436635136604309
Bearing1_3,32,0.9734625220298767,0.8439605236053467
Bearing1_3,33,0.973041296005249,0.8491549491882324
Bearing1_3,34,0.9726200699806213,0.8466362357139587
Bearing1_3,35,0.9721988439559937,0.8467452526092529
Bearing1_3,36,0.971777617931366,0.8549156188964844
Bearing1_3,37,0.9713563323020935,0.8465670943260193
Bearing1_3,38,0.9709351062774658,0.8498460054397583
Bearing1_3,39,0.9705138802528381,0.8506258726119995
Bearing1_3,40,0.9700926542282104,0.8552047610282898
Bearing1_3,41,0.9696714282035828,0.8560988903045654
Bearing1_3,42,0.9692502021789551,0.8639554381370544
Bearing1_3,43,0.9688289761543274,0.8536396026611328
Bearing1_3,44,0.9684077501296997,0.8627710342407227
Bearing1_3,45,0.967986524105072,0.8623031377792358
Bearing1_3,46,0.9675652980804443,0.8664575815200806
Bearing1_3,47,0.9671440720558167,0.8699808716773987
Bearing1_3,48,0.966722846031189,0.8688386678695679
Bearing1_3,49,0.9663016200065613,0.8699806332588196
Bearing1_3,50,0.9658803939819336,0.868139922618866
Bearing1_3,51,0.9654591679573059,0.8690161108970642
Bearing1_3,52,0.9650378823280334,0.8762074112892151
Bearing1_3,53,0.9646166563034058,0.8747550845146179
Bearing1_3,54,0.9641954302787781,0.8694396615028381
Bearing1_3,55,0.9637742042541504,0.8772446513175964
Bearing1_3,56,0.9633529782295227,0.8685656785964966
Bearing1_3,57,0.962931752204895,0.8693999648094177
Bearing1_3,58,0.9625105261802673,0.8610188364982605
Bearing1_3,59,0.9620893001556396,0.8687103986740112
Bearing1_3,60,0.961668074131012,0.8673283457756042
Bearing1_3,61,0.9612468481063843,0.8587992787361145
Bearing1_3,62,0.9608256220817566,0.869733989238739
Bearing1_3,63,0.9604043960571289,0.860149085521698
Bearing1_3,64,0.9599831700325012,0.8585748672485352
Bearing1_3,65,0.9595619440078735,0.8617938160896301
Bearing1_3,66,0.9591407179832458,0.8646450042724609
Bearing1_3,67,0.9587194323539734,0.867710530757904
Bearing1_3,68,0.9582982063293457,0.8563714623451233
Bearing1_3,69,0.957876980304718,0.8634971380233765
Bearing1_3,70,0.9574557542800903,0.8642956614494324
Bearing1_3,71,0.9570345282554626,0.8587896227836609
Bearing1_3,72,0.956613302230835,0.8625854253768921
Bearing1_3,73,0.9561920762062073,0.8631697297096252
Bearing1_3,74,0.9557708501815796,0.856691837310791
Bearing1_3,75,0.9553496241569519,0.8586565852165222
Bearing1_3,76,0.9549283981323242,0.8535636067390442
Bearing1_3,77,0.9545071721076965,0.8479887843132019
Bearing1_3,78,0.9540859460830688,0.854316234588623
Bearing1_3,79,0.9536647200584412,0.8499618172645569
Bearing1_3,80,0.9532434940338135,0.8584490418434143
Bearing1_3,81,0.9528222680091858,0.8563709259033203
Bearing1_3,82,0.9524009823799133,0.8493623733520508
Bearing1_3,83,0.9519797563552856,0.8399975895881653
Bearing1_3,84,0.951558530330658,0.8431706428527832
Bearing1_3,85,0.9511373043060303,0.8427520990371704
Bearing1_3,86,0.9507160782814026,0.8405098915100098
Bearing1_3,87,0.9502948522567749,0.8413873314857483
Bearing1_3,88,0.9498736262321472,0.8445410132408142
Bearing1_3,89,0.9494524002075195,0.8259696364402771
Bearing1_3,90,0.9490311741828918,0.8333877921104431
Bearing1_3,91,0.9486099481582642,0.8304985165596008
Bearing1_3,92,0.9481887221336365,0.817238450050354
Bearing1_3,93,0.9477674961090088,0.8389056921005249
Bearing1_3,94,0.9473462700843811,0.8209058046340942
Bearing1_3,95,0.9469250440597534,0.8288003206253052
Bearing1_3,96,0.9465038180351257,0.8270924091339111
Bearing1_3,97,0.9460825324058533,0.8218833804130554
Bearing1_3,98,0.9456613063812256,0.8204379677772522
Bearing1_3,99,0.9452400803565979,0.815991997718811
Bearing1_3,100,0.9448188543319702,0.8154844641685486
Bearing1_3,101,0.9443976283073425,0.8190294504165649
Bearing1_3,102,0.9439764022827148,0.8251033425331116
Bearing1_3,103,0.9435551762580872,0.8214861154556274
Bearing1_3,104,0.9431339502334595,0.8136336207389832
Bearing1_3,105,0.9427127242088318,0.8085556626319885
Bearing1_3,106,0.9422914981842041,0.8173258304595947
Bearing1_3,107,0.9418702721595764,0.8134428858757019
Bearing1_3,108,0.9414490461349487,0.8244212865829468
Bearing1_3,109,0.941027820110321,0.8228448629379272
Bearing1_3,110,0.9406065940856934,0.8239476680755615
Bearing1_3,111,0.9401853680610657,0.8362449407577515
Bearing1_3,112,0.9397640824317932,0.8367676138877869
Bearing1_3,113,0.9393428564071655,0.8343316912651062
Bearing1_3,114,0.9389216303825378,0.8404099941253662
Bearing1_3,115,0.9385004043579102,0.8532634377479553
Bearing1_3,116,0.9380791783332825,0.8484340310096741
Bearing1_3,117,0.9376579523086548,0.8568397164344788
Bearing1_3,118,0.9372367262840271,0.8511676788330078
Bearing1_3,119,0.9368155002593994,0.8518432974815369
Bearing1_3,120,0.9363942742347717,0.8508976101875305
Bearing1_3,121,0.935973048210144,0.8543729782104492
Bearing1_3,122,0.9355518221855164,0.8540006875991821
Bearing1_3,123,0.9351305961608887,0.8527705073356628
Bearing1_3,124,0.934709370136261,0.8573619723320007
Bearing1_3,125,0.9342881441116333,0.8486497402191162
Bearing1_3,126,0.9338669180870056,0.8475930690765381
Bearing1_3,127,0.9334456324577332,0.8428598046302795
Bearing1_3,128,0.9330244064331055,0.8528187274932861
Bearing1_3,129,0.9326031804084778,0.8521975874900818
Bearing1_3,130,0.9321819543838501,0.8517211079597473
Bearing1_3,131,0.9317607283592224,0.858920693397522
Bearing1_3,132,0.9313395023345947,0.8524105548858643
Bearing1_3,133,0.930918276309967,0.8566451668739319
Bearing1_3,134,0.9304970502853394,0.8539243936538696
Bearing1_3,135,0.9300758242607117,0.8565656542778015
Bearing1_3,136,0.929654598236084,0.8566262125968933
Bearing1_3,137,0.9292333722114563,0.8679067492485046
Bearing1_3,138,0.9288121461868286,0.8547718524932861
Bearing1_3,139,0.9283909201622009,0.8548203706741333
Bearing1_3,140,0.9279696941375732,0.8504267930984497
Bearing1_3,141,0.9275484681129456,0.8576420545578003
Bearing1_3,142,0.9271271824836731,0.8533996343612671
Bearing1_3,143,0.9267059564590454,0.853603720664978
Bearing1_3,144,0.9262847304344177,0.857733428478241
Bearing1_3,145,0.92586350440979,0.8623660802841187
Bearing1_3,146,0.9254422783851624,0.8553937673568726
Bearing1_3,147,0.9250210523605347,0.8511319756507874
Bearing1_3,148,0.924599826335907,0.8501439094543457
Bearing1_3,149,0.9241786003112793,0.8549449443817139
Bearing1_3,150,0.9237573742866516,0.8601690530776978
Bearing1_3,151,0.9233361482620239,0.8630620837211609
Bearing1_3,152,0.9229149222373962,0.8685386180877686
Bearing1_3,153,0.9224936962127686,0.8747748732566833
Bearing1_3,154,0.9220724701881409,0.8686180114746094
Bearing1_3,155,0.9216512441635132,0.861966073513031
Bearing1_3,156,0.9212300181388855,0.8562275767326355
Bearing1_3,157,0.920808732509613,0.8632665276527405
Bearing1_3,158,0.9203875064849854,0.865536630153656
Bearing1_3,159,0.9199662804603577,0.8712875247001648
Bearing1_3,160,0.91954505443573,0.8682742118835449
Bearing1_3,161,0.9191238284111023,0.8713390827178955
Bearing1_3,162,0.9187026023864746,0.8679847121238708
Bearing1_3,163,0.9182813763618469,0.869292676448822
Bearing1_3,164,0.9178601503372192,0.8790795803070068
Bearing1_3,165,0.9174389243125916,0.8744683861732483
Bearing1_3,166,0.9170176982879639,0.8695152401924133
Bearing1_3,167,0.9165964722633362,0.8687842488288879
Bearing1_3,168,0.9161752462387085,0.8730211853981018
Bearing1_3,169,0.9157540202140808,0.871006429195404
Bearing1_3,170,0.9153327941894531,0.877061665058136
Bearing1_3,171,0.9149115681648254,0.8763483762741089
Bearing1_3,172,0.914490282535553,0.8797945380210876
Bearing1_3,173,0.9140690565109253,0.8791579008102417
Bearing1_3,174,0.9136478304862976,0.8841539025306702
Bearing1_3,175,0.9132266044616699,0.8832741975784302
Bearing1_3,176,0.9128053784370422,0.884943425655365
Bearing1_3,177,0.9123841524124146,0.8826351165771484
Bearing1_3,178,0.9119629263877869,0.8774179816246033
Bearing1_3,179,0.9115417003631592,0.879840612411499
Bearing1_3,180,0.9111204743385315,0.8836103677749634
Bearing1_3,181,0.9106992483139038,0.8770309686660767
Bearing1_3,182,0.9102780222892761,0.8712877631187439
Bearing1_3,183,0.9098567962646484,0.8767790198326111
Bearing1_3,184,0.9094355702400208,0.8675605058670044
Bearing1_3,185,0.9090143442153931,0.8642762899398804
Bearing1_3,186,0.9085931181907654,0.8591604232788086
Bearing1_3,187,0.9081718325614929,0.8664135932922363
Bearing1_3,188,0.9077506065368652,0.8663336038589478
Bearing1_3,189,0.9073293805122375,0.8470483422279358
Bearing1_3,190,0.9069081544876099,0.8608625531196594
Bearing1_3,191,0.9064869284629822,0.8556017875671387
Bearing1_3,192,0.9060657024383545,0.8485885858535767
Bearing1_3,193,0.9056444764137268,0.8527677655220032
Bearing1_3,194,0.9052232503890991,0.8594080209732056
Bearing1_3,195,0.9048020243644714,0.8622677326202393
Bearing1_3,196,0.9043807983398438,0.8461033701896667
Bearing1_3,197,0.9039595723152161,0.8471683263778687
Bearing1_3,198,0.9035383462905884,0.8501889705657959
Bearing1_3,199,0.9031171202659607,0.8439173698425293
Bearing1_3,200,0.902695894241333,0.8461745381355286
Bearing1_3,201,0.9022746682167053,0.850574254989624
Bearing1_3,202,0.9018533825874329,0.8460986018180847
Bearing1_3,203,0.9014321565628052,0.8517163395881653
Bearing1_3,204,0.9010109305381775,0.848832368850708
Bearing1_3,205,0.9005897045135498,0.8424241542816162
Bearing1_3,206,0.9001684784889221,0.8465083837509155
Bearing1_3,207,0.8997472524642944,0.848717987537384
Bearing1_3,208,0.8993260264396667,0.8618119955062866
Bearing1_3,209,0.8989048004150391,0.861723005771637
Bearing1_3,210,0.8984835743904114,0.8655419945716858
Bearing1_3,211,0.8980623483657837,0.8572401404380798
Bearing1_3,212,0.897641122341156,0.8669741749763489
Bearing1_3,213,0.8972198963165283,0.8736459612846375
Bearing1_3,214,0.8967986702919006,0.8701983690261841
Bearing1_3,215,0.896377444267273,0.8769388794898987
Bearing1_3,216,0.8959562182426453,0.87692791223526
Bearing1_3,217,0.8955349326133728,0.8681049346923828
Bearing1_3,218,0.8951137065887451,0.8733441829681396
Bearing1_3,219,0.8946924805641174,0.8777881860733032
Bearing1_3,220,0.8942712545394897,0.8702815175056458
Bearing1_3,221,0.8938500285148621,0.8833023905754089
Bearing1_3,222,0.8934288024902344,0.8814926743507385
Bearing1_3,223,0.8930075764656067,0.8826954364776611
Bearing1_3,224,0.892586350440979,0.8804859519004822
Bearing1_3,225,0.8921651244163513,0.886021614074707
Bearing1_3,226,0.8917438983917236,0.8779935240745544
Bearing1_3,227,0.891322672367096,0.8814321160316467
Bearing1_3,228,0.8909014463424683,0.8838308453559875
Bearing1_3,229,0.8904802203178406,0.8826786279678345
Bearing1_3,230,0.8900589942932129,0.8849685192108154
Bearing1_3,231,0.8896377682685852,0.8807740211486816
Bearing1_3,232,0.8892164826393127,0.8773379325866699
Bearing1_3,233,0.8887952566146851,0.8821826577186584
Bearing1_3,234,0.8883740305900574,0.8817002177238464
Bearing1_3,235,0.8879528045654297,0.8787103891372681
Bearing1_3,236,0.887531578540802,0.8851314187049866
Bearing1_3,237,0.8871103525161743,0.8843410611152649
Bearing1_3,238,0.8866891264915466,0.883481502532959
Bearing1_3,239,0.886267900466919,0.8855556845664978
Bearing1_3,240,0.8858466744422913,0.8794686794281006
Bearing1_3,241,0.8854254484176636,0.8808879852294922
Bearing1_3,242,0.8850042223930359,0.8792091012001038
Bearing1_3,243,0.8845829963684082,0.8849108815193176
Bearing1_3,244,0.8841617703437805,0.8803173899650574
Bearing1_3,245,0.8837405443191528,0.883289635181427
Bearing1_3,246,0.8833193182945251,0.8783671259880066
Bearing1_3,247,0.8828980326652527,0.874832808971405
Bearing1_3,248,0.882476806640625,0.869727611541748
Bearing1_3,249,0.8820555806159973,0.8755061626434326
Bearing1_3,250,0.8816343545913696,0.8711036443710327
Bearing1_3,251,0.8812131285667419,0.8634506464004517
Bearing1_3,252,0.8807919025421143,0.8643335103988647
Bearing1_3,253,0.8803706765174866,0.8606417775154114
Bearing1_3,254,0.8799494504928589,0.8570421934127808
Bearing1_3,255,0.8795282244682312,0.8476966619491577
Bearing1_3,256,0.8791069984436035,0.85694420337677
Bearing1_3,257,0.8786857724189758,0.8473674654960632
Bearing1_3,258,0.8782645463943481,0.8494358658790588
Bearing1_3,259,0.8778433203697205,0.8487923741340637
Bearing1_3,260,0.8774220943450928,0.8476082682609558
Bearing1_3,261,0.8770008683204651,0.8537275195121765
Bearing1_3,262,0.8765795826911926,0.852655291557312
Bearing1_3,263,0.8761583566665649,0.8502891063690186
Bearing1_3,264,0.8757371306419373,0.8500138521194458
Bearing1_3,265,0.8753159046173096,0.8592002391815186
Bearing1_3,266,0.8748946785926819,0.853863537311554
Bearing1_3,267,0.8744734525680542,0.8501005172729492
Bearing1_3,268,0.8740522265434265,0.8425870537757874
Bearing1_3,269,0.8736310005187988,0.8481011986732483
Bearing1_3,270,0.8732097744941711,0.84717857837677
Bearing1_3,271,0.8727885484695435,0.8381121754646301
Bearing1_3,272,0.8723673224449158,0.846907377243042
Bearing1_3,273,0.8719460964202881,0.8551055788993835
Bearing1_3,274,0.8715248703956604,0.8500058054924011
Bearing1_3,275,0.8711036443710327,0.8522055149078369
Bearing1_3,276,0.870682418346405,0.8483215570449829
Bearing1_3,277,0.8702611923217773,0.852357029914856
Bearing1_3,278,0.8698399066925049,0.851990818977356
Bearing1_3,279,0.8694186806678772,0.8507430553436279
Bearing1_3,280,0.8689974546432495,0.853590190410614
Bearing1_3,281,0.8685762286186218,0.8552542328834534
Bearing1_3,282,0.8681550025939941,0.8531842231750488
Bearing1_3,283,0.8677337765693665,0.8481088280677795
Bearing1_3,284,0.8673125505447388,0.8481870293617249
Bearing1_3,285,0.8668913245201111,0.8461304903030396
Bearing1_3,286,0.8664700984954834,0.8461390137672424
Bearing1_3,287,0.8660488724708557,0.850212037563324
Bearing1_3,288,0.865627646446228,0.8448358178138733
Bearing1_3,289,0.8652064204216003,0.8522475361824036
Bearing1_3,290,0.8647851943969727,0.8487895727157593
Bearing1_3,291,0.864363968372345,0.8558761477470398
Bearing1_3,292,0.8639427423477173,0.8571547865867615
Bearing1_3,293,0.8635214567184448,0.8473019003868103
Bearing1_3,294,0.8631002306938171,0.8451001644134521
Bearing1_3,295,0.8626790046691895,0.8433801531791687
Bearing1_3,296,0.8622577786445618,0.8479453325271606
Bearing1_3,297,0.8618365526199341,0.8482772707939148
Bearing1_3,298,0.8614153265953064,0.8503472805023193
Bearing1_3,299,0.8609941005706787,0.8478374481201172
Bearing1_3,300,0.860572874546051,0.8514479398727417
Bearing1_3,301,0.8601516485214233,0.85365229845047
Bearing1_3,302,0.8597304224967957,0.8548933267593384
Bearing1_3,303,0.859309196472168,0.8518198132514954
Bearing1_3,304,0.8588879704475403,0.8453224301338196
Bearing1_3,305,0.8584667444229126,0.844018280506134
Bearing1_3,306,0.8580455183982849,0.84547358751297
Bearing1_3,307,0.8576242923736572,0.8430642485618591
Bearing1_3,308,0.8572030067443848,0.8537375330924988
Bearing1_3,309,0.8567817807197571,0.8569285273551941
Bearing1_3,310,0.8563605546951294,0.8502066135406494
Bearing1_3,311,0.8559393286705017,0.8606008887290955
Bearing1_3,312,0.855518102645874,0.8547990322113037
Bearing1_3,313,0.8550968766212463,0.8584536910057068
Bearing1_3,314,0.8546756505966187,0.8513151407241821
Bearing1_3,315,0.854254424571991,0.8620001673698425
Bearing1_3,316,0.8538331985473633,0.866718590259552
Bearing1_3,317,0.8534119725227356,0.85196453332901
Bearing1_3,318,0.8529907464981079,0.8721768856048584
Bearing1_3,319,0.8525695204734802,0.8683865666389465
Bearing1_3,320,0.8521482944488525,0.8680564761161804
Bearing1_3,321,0.8517270684242249,0.8742256760597229
Bearing1_3,322,0.8513058423995972,0.8716108798980713
Bearing1_3,323,0.8508845567703247,0.8657811284065247
Bearing1_3,324,0.850463330745697,0.8578798174858093
Bearing1_3,325,0.8500421047210693,0.8674220442771912
Bearing1_3,326,0.8496208786964417,0.8655237555503845
Bearing1_3,327,0.849199652671814,0.8617374897003174
Bearing1_3,328,0.8487784266471863,0.8593301177024841
Bearing1_3,329,0.8483572006225586,0.857761025428772
Bearing1_3,330,0.8479359745979309,0.853498101234436
Bearing1_3,331,0.8475147485733032,0.8565924167633057
Bearing1_3,332,0.8470935225486755,0.8576322197914124
Bearing1_3,333,0.8466722965240479,0.8531835079193115
Bearing1_3,334,0.8462510704994202,0.8594473004341125
Bearing1_3,335,0.8458298444747925,0.8562952876091003
Bearing1_3,336,0.8454086184501648,0.8694169521331787
Bearing1_3,337,0.8449873924255371,0.8614161014556885
Bearing1_3,338,0.8445661067962646,0.8609893321990967
Bearing1_3,339,0.844144880771637,0.848404049873352
Bearing1_3,340,0.8437236547470093,0.857269287109375
Bearing1_3,341,0.8433024287223816,0.8571203947067261
Bearing1_3,342,0.8428812026977539,0.85809725522995
Bearing1_3,343,0.8424599766731262,0.8558981418609619
Bearing1_3,344,0.8420387506484985,0.8557118773460388
Bearing1_3,345,0.8416175246238708,0.8397852182388306
Bearing1_3,346,0.8411962985992432,0.8494842648506165
Bearing1_3,347,0.8407750725746155,0.844348669052124
Bearing1_3,348,0.8403538465499878,0.8304278254508972
Bearing1_3,349,0.8399326205253601,0.8473602533340454
Bearing1_3,350,0.8395113945007324,0.8433270454406738
Bearing1_3,351,0.8390901684761047,0.8471168279647827
Bearing1_3,352,0.838668942451477,0.8472564220428467
Bearing1_3,353,0.8382476568222046,0.8352866768836975
Bearing1_3,354,0.8378264307975769,0.8428583145141602
Bearing1_3,355,0.8374052047729492,0.8489545583724976
Bearing1_3,356,0.8369839787483215,0.8506890535354614
Bearing1_3,357,0.8365627527236938,0.8479805588722229
Bearing1_3,358,0.8361415266990662,0.8577914237976074
Bearing1_3,359,0.8357203006744385,0.848670482635498
Bearing1_3,360,0.8352990746498108,0.8429648876190186
Bearing1_3,361,0.8348778486251831,0.8495907783508301
Bearing1_3,362,0.8344566226005554,0.8523484468460083
Bearing1_3,363,0.8340353965759277,0.8454824686050415
Bearing1_3,364,0.8336141705513,0.847052276134491
Bearing1_3,365,0.8331929445266724,0.8314480781555176
Bearing1_3,366,0.8327717185020447,0.827363908290863
Bearing1_3,367,0.832350492477417,0.8373014330863953
Bearing1_3,368,0.8319292068481445,0.8327851295471191
Bearing1_3,369,0.8315079808235168,0.837106466293335
Bearing1_3,370,0.8310867547988892,0.8339316248893738
Bearing1_3,371,0.8306655287742615,0.8472188115119934
Bearing1_3,372,0.8302443027496338,0.8422724008560181
Bearing1_3,373,0.8298230767250061,0.8542885780334473
Bearing1_3,374,0.8294018507003784,0.8543490171432495
Bearing1_3,375,0.8289806246757507,0.8584819436073303
Bearing1_3,376,0.828559398651123,0.8610993027687073
Bearing1_3,377,0.8281381726264954,0.860016405582428
Bearing1_3,378,0.8277169466018677,0.8580275177955627
Bearing1_3,379,0.82729572057724,0.8586268424987793
Bearing1_3,380,0.8268744945526123,0.8583745956420898
Bearing1_3,381,0.8264532685279846,0.8519138097763062
Bearing1_3,382,0.8260320425033569,0.8476524949073792
Bearing1_3,383,0.8256107568740845,0.8430057168006897
Bearing1_3,384,0.8251895308494568,0.8475576043128967
Bearing1_3,385,0.8247683048248291,0.8447316288948059
Bearing1_3,386,0.8243470788002014,0.8400756120681763
Bearing1_3,387,0.8239258527755737,0.8423712849617004
Bearing1_3,388,0.823504626750946,0.841297447681427
Bearing1_3,389,0.8230834007263184,0.8453952074050903
Bearing1_3,390,0.8226621747016907,0.8399904370307922
Bearing1_3,391,0.822240948677063,0.8396731615066528
Bearing1_3,392,0.8218197226524353,0.8435440063476562
Bearing1_3,393,0.8213984966278076,0.849278450012207
Bearing1_3,394,0.8209772706031799,0.844577431678772
Bearing1_3,395,0.8205560445785522,0.8384379148483276
Bearing1_3,396,0.8201348185539246,0.8273833394050598
Bearing1_3,397,0.8197135925292969,0.833163321018219
Bearing1_3,398,0.8192923069000244,0.8179090023040771
Bearing1_3,399,0.8188710808753967,0.8103317022323608
Bearing1_3,400,0.818449854850769,0.8161603808403015
Bearing1_3,401,0.8180286288261414,0.8210261464118958
Bearing1_3,402,0.8176074028015137,0.8137220740318298
Bearing1_3,403,0.817186176776886,0.8199325799942017
Bearing1_3,404,0.8167649507522583,0.820110559463501
Bearing1_3,405,0.8163437247276306,0.8206267356872559
Bearing1_3,406,0.8159224987030029,0.8241514563560486
Bearing1_3,407,0.8155012726783752,0.8189911842346191
Bearing1_3,408,0.8150800466537476,0.8233433961868286
Bearing1_3,409,0.8146588206291199,0.8422622680664062
Bearing1_3,410,0.8142375946044922,0.8352903723716736
Bearing1_3,411,0.8138163685798645,0.8456531763076782
Bearing1_3,412,0.8133951425552368,0.8437642455101013
Bearing1_3,413,0.8129738569259644,0.8498994708061218
Bearing1_3,414,0.8125526309013367,0.8545679450035095
Bearing1_3,415,0.812131404876709,0.8595882058143616
Bearing1_3,416,0.8117101788520813,0.8549941182136536
Bearing1_3,417,0.8112889528274536,0.8595706820487976
Bearing1_3,418,0.8108677268028259,0.8607720732688904
Bearing1_3,419,0.8104465007781982,0.8605825901031494
Bearing1_3,420,0.8100252747535706,0.8638207912445068
Bearing1_3,421,0.8096040487289429,0.8607016205787659
Bearing1_3,422,0.8091828227043152,0.8587496280670166
Bearing1_3,423,0.8087615966796875,0.8572527170181274
Bearing1_3,424,0.8083403706550598,0.8600987792015076
Bearing1_3,425,0.8079191446304321,0.8628742694854736
Bearing1_3,426,0.8074979186058044,0.8631262183189392
Bearing1_3,427,0.8070766925811768,0.8602041006088257
Bearing1_3,428,0.8066554069519043,0.8638641238212585
Bearing1_3,429,0.8062341809272766,0.8612266182899475
Bearing1_3,430,0.8058129549026489,0.8672666549682617
Bearing1_3,431,0.8053917288780212,0.863503098487854
Bearing1_3,432,0.8049705028533936,0.8592215776443481
Bearing1_3,433,0.8045492768287659,0.8514876961708069
Bearing1_3,434,0.8041280508041382,0.8528527021408081
Bearing1_3,435,0.8037068247795105,0.8384466767311096
Bearing1_3,436,0.8032855987548828,0.8407189846038818
Bearing1_3,437,0.8028643727302551,0.838801920413971
Bearing1_3,438,0.8024431467056274,0.8277531266212463
Bearing1_3,439,0.8020219206809998,0.8357642292976379
Bearing1_3,440,0.8016006946563721,0.8288021087646484
Bearing1_3,441,0.8011794686317444,0.8311647772789001
Bearing1_3,442,0.8007582426071167,0.8219125270843506
Bearing1_3,443,0.8003369569778442,0.833754301071167
Bearing1_3,444,0.7999157309532166,0.8148404359817505
Bearing1_3,445,0.7994945049285889,0.805860698223114
Bearing1_3,446,0.7990732789039612,0.8162884712219238
Bearing1_3,447,0.7986520528793335,0.8137035369873047
Bearing1_3,448,0.7982308268547058,0.8082122802734375
Bearing1_3,449,0.7978096008300781,0.8046491146087646
Bearing1_3,450,0.7973883748054504,0.8091243505477905
Bearing1_3,451,0.7969671487808228,0.809685468673706
Bearing1_3,452,0.7965459227561951,0.7956457734107971
Bearing1_3,453,0.7961246967315674,0.8067681789398193
Bearing1_3,454,0.7957034707069397,0.8167067170143127
Bearing1_3,455,0.795282244682312,0.8171290755271912
Bearing1_3,456,0.7948610186576843,0.8200676441192627
Bearing1_3,457,0.7944397926330566,0.8223073482513428
Bearing1_3,458,0.7940185070037842,0.8232488632202148
Bearing1_3,459,0.7935972809791565,0.8300754427909851
Bearing1_3,460,0.7931760549545288,0.8417931795120239
Bearing1_3,461,0.7927548289299011,0.8311713933944702
Bearing1_3,462,0.7923336029052734,0.8300753831863403
Bearing1_3,463,0.7919123768806458,0.8309016227722168
Bearing1_3,464,0.7914911508560181,0.8371044993400574
Bearing1_3,465,0.7910699248313904,0.8323588967323303
Bearing1_3,466,0.7906486988067627,0.8218132853507996
Bearing1_3,467,0.790227472782135,0.8211119174957275
Bearing1_3,468,0.7898062467575073,0.8220246434211731
Bearing1_3,469,0.7893850207328796,0.8302537202835083
Bearing1_3,470,0.788963794708252,0.8226009607315063
Bearing1_3,471,0.7885425686836243,0.8249650001525879
Bearing1_3,472,0.7881213426589966,0.8258993029594421
Bearing1_3,473,0.7877000570297241,0.8052701354026794
Bearing1_3,474,0.7872788310050964,0.8169834017753601
Bearing1_3,475,0.7868576049804688,0.8139359354972839
Bearing1_3,476,0.7864363789558411,0.8117424845695496
Bearing1_3,477,0.7860151529312134,0.8273960947990417
Bearing1_3,478,0.7855939269065857,0.8176763653755188
Bearing1_3,479,0.785172700881958,0.8226578235626221
Bearing1_3,480,0.7847514748573303,0.8309926986694336
Bearing1_3,481,0.7843302488327026,0.8327299356460571
Bearing1_3,482,0.783909022808075,0.8345238566398621
Bearing1_3,483,0.7834877967834473,0.8358630537986755
Bearing1_3,484,0.7830665707588196,0.8424301743507385
Bearing1_3,485,0.7826453447341919,0.8387126922607422
Bearing1_3,486,0.7822241187095642,0.8428419828414917
Bearing1_3,487,0.7818028926849365,0.841399073600769
Bearing1_3,488,0.7813816070556641,0.8254702687263489
Bearing1_3,489,0.7809603810310364,0.8329634070396423
Bearing1_3,490,0.7805391550064087,0.8332344889640808
Bearing1_3,491,0.780117928981781,0.8349663615226746
Bearing1_3,492,0.7796967029571533,0.8393227458000183
Bearing1_3,493,0.7792754769325256,0.8364740610122681
Bearing1_3,494,0.778854250907898,0.8356741070747375
Bearing1_3,495,0.7784330248832703,0.8449979424476624
Bearing1_3,496,0.7780117988586426,0.8449758291244507
Bearing1_3,497,0.7775905728340149,0.8484299182891846
Bearing1_3,498,0.7771693468093872,0.8434820771217346
Bearing1_3,499,0.7767481207847595,0.843429684638977
Bearing1_3,500,0.7763268947601318,0.8391842246055603
Bearing1_3,501,0.7759056687355042,0.8396932482719421
Bearing1_3,502,0.7754844427108765,0.8397137522697449
Bearing1_3,503,0.775063157081604,0.8444646000862122
Bearing1_3,504,0.7746419310569763,0.8431048393249512
Bearing1_3,505,0.7742207050323486,0.8418459296226501
Bearing1_3,506,0.773799479007721,0.8387475609779358
Bearing1_3,507,0.7733782529830933,0.8378733396530151
Bearing1_3,508,0.7729570269584656,0.8411356806755066
Bearing1_3,509,0.7725358009338379,0.836317241191864
Bearing1_3,510,0.7721145749092102,0.8325096964836121
Bearing1_3,511,0.7716933488845825,0.8247618079185486
Bearing1_3,512,0.7712721228599548,0.830873429775238
Bearing1_3,513,0.7708508968353271,0.831939160823822
Bearing1_3,514,0.7704296708106995,0.8270924091339111
Bearing1_3,515,0.7700084447860718,0.8355550169944763
Bearing1_3,516,0.7695872187614441,0.8338214159011841
Bearing1_3,517,0.7691659927368164,0.8375975489616394
Bearing1_3,518,0.768744707107544,0.8329593539237976
Bearing1_3,519,0.7683234810829163,0.8294959664344788
Bearing1_3,520,0.7679022550582886,0.8273141384124756
Bearing1_3,521,0.7674810290336609,0.8378711938858032
Bearing1_3,522,0.7670598030090332,0.8353357911109924
Bearing1_3,523,0.7666385769844055,0.8319424390792847
Bearing1_3,524,0.7662173509597778,0.8247095942497253
Bearing1_3,525,0.7657961249351501,0.8322277069091797
Bearing1_3,526,0.7653748989105225,0.8195639848709106
Bearing1_3,527,0.7649536728858948,0.7923738360404968
Bearing1_3,528,0.7645324468612671,0.7967541217803955
Bearing1_3,529,0.7641112208366394,0.8028443455696106
Bearing1_3,530,0.7636899948120117,0.7895946502685547
Bearing1_3,531,0.763268768787384,0.7865456342697144
Bearing1_3,532,0.7628475427627563,0.7856422662734985
Bearing1_3,533,0.7624262571334839,0.7909588813781738
Bearing1_3,534,0.7620050311088562,0.7900564074516296
Bearing1_3,535,0.7615838050842285,0.7836479544639587
Bearing1_3,536,0.7611625790596008,0.7829549312591553
Bearing1_3,537,0.7607413530349731,0.789199948310852
Bearing1_3,538,0.7603201270103455,0.7819163799285889
Bearing1_3,539,0.7598989009857178,0.7865108251571655
Bearing1_3,540,0.7594776749610901,0.7783899307250977
Bearing1_3,541,0.7590564489364624,0.7810333371162415
Bearing1_3,542,0.7586352229118347,0.7847970128059387
Bearing1_3,543,0.758213996887207,0.7919554114341736
Bearing1_3,544,0.7577927708625793,0.7879681587219238
Bearing1_3,545,0.7573715448379517,0.7867831587791443
Bearing1_3,546,0.756950318813324,0.7893315553665161
Bearing1_3,547,0.7565290927886963,0.794346272945404
Bearing1_3,548,0.7561078071594238,0.8046453595161438
Bearing1_3,549,0.7556865811347961,0.7987273931503296
Bearing1_3,550,0.7552653551101685,0.7980763912200928
Bearing1_3,551,0.7548441290855408,0.797786295413971
Bearing1_3,552,0.7544229030609131,0.8050902485847473
Bearing1_3,553,0.7540016770362854,0.807910680770874
Bearing1_3,554,0.7535804510116577,0.8038510084152222
Bearing1_3,555,0.75315922498703,0.8044698238372803
Bearing1_3,556,0.7527379989624023,0.8079105019569397
Bearing1_3,557,0.7523167729377747,0.8102768063545227
Bearing1_3,558,0.751895546913147,0.8102285265922546
Bearing1_3,559,0.7514743208885193,0.8108853101730347
Bearing1_3,560,0.7510530948638916,0.7994183897972107
Bearing1_3,561,0.7506318688392639,0.7917230129241943
Bearing1_3,562,0.7502106428146362,0.7928950786590576
Bearing1_3,563,0.7497893571853638,0.7870741486549377
Bearing1_3,564,0.7493681311607361,0.7946524024009705
Bearing1_3,565,0.7489469051361084,0.7937989234924316
Bearing1_3,566,0.7485256791114807,0.7909529209136963
Bearing1_3,567,0.748104453086853,0.7994562387466431
Bearing1_3,568,0.7476832270622253,0.7916104197502136
Bearing1_3,569,0.7472620010375977,0.791328489780426
Bearing1_3,570,0.74684077501297,0.7842493057250977
Bearing1_3,571,0.7464195489883423,0.7934980988502502
Bearing1_3,572,0.7459983229637146,0.7902168035507202
Bearing1_3,573,0.7455770969390869,0.7776854634284973
Bearing1_3,574,0.7451558709144592,0.7833095192909241
Bearing1_3,575,0.7447346448898315,0.7773576378822327
Bearing1_3,576,0.7443134188652039,0.7738527655601501
Bearing1_3,577,0.7438921928405762,0.7716675996780396
Bearing1_3,578,0.7434709072113037,0.7701851725578308
Bearing1_3,579,0.743049681186676,0.7722383141517639
Bearing1_3,580,0.7426284551620483,0.7654937505722046
Bearing1_3,581,0.7422072291374207,0.7661634087562561
Bearing1_3,582,0.741786003112793,0.771574079990387
Bearing1_3,583,0.7413647770881653,0.7738287448883057
Bearing1_3,584,0.7409435510635376,0.7747150659561157
Bearing1_3,585,0.7405223250389099,0.7799477577209473
Bearing1_3,586,0.7401010990142822,0.7827286124229431
Bearing1_3,587,0.7396798729896545,0.7833706736564636
Bearing1_3,588,0.7392586469650269,0.7890443801879883
Bearing1_3,589,0.7388374209403992,0.7852278351783752
Bearing1_3,590,0.7384161949157715,0.7975918054580688
Bearing1_3,591,0.7379949688911438,0.7979500889778137
Bearing1_3,592,0.7375737428665161,0.8093839287757874
Bearing1_3,593,0.7371524572372437,0.813917338848114
Bearing1_3,594,0.736731231212616,0.8078383803367615
Bearing1_3,595,0.7363100051879883,0.8114206790924072
Bearing1_3,596,0.7358887791633606,0.8061425089836121
Bearing1_3,597,0.7354675531387329,0.8186172842979431
Bearing1_3,598,0.7350463271141052,0.8146356344223022
Bearing1_3,599,0.7346251010894775,0.8228853940963745
Bearing1_3,600,0.7342038750648499,0.8327049612998962
Bearing1_3,601,0.7337826490402222,0.8260219693183899
Bearing1_3,602,0.7333614230155945,0.8346632719039917
Bearing1_3,603,0.7329401969909668,0.8367936015129089
Bearing1_3,604,0.7325189709663391,0.8323811888694763
Bearing1_3,605,0.7320977449417114,0.8427173495292664
Bearing1_3,606,0.7316765189170837,0.8370677828788757
Bearing1_3,607,0.731255292892456,0.8419401049613953
Bearing1_3,608,0.7308340072631836,0.8444119691848755
Bearing1_3,609,0.7304127812385559,0.8472516536712646
Bearing1_3,610,0.7299915552139282,0.8435723781585693
Bearing1_3,611,0.7295703291893005,0.8412292003631592
Bearing1_3,612,0.7291491031646729,0.8389644026756287
Bearing1_3,613,0.7287278771400452,0.8364578485488892
Bearing1_3,614,0.7283066511154175,0.8411229848861694
Bearing1_3,615,0.7278854250907898,0.8312773704528809
Bearing1_3,616,0.7274641990661621,0.8261342644691467
Bearing1_3,617,0.7270429730415344,0.8315889835357666
Bearing1_3,618,0.7266217470169067,0.8345173597335815
Bearing1_3,619,0.726200520992279,0.8373191356658936
Bearing1_3,620,0.7257792949676514,0.8282673954963684
Bearing1_3,621,0.7253580689430237,0.8263357281684875
Bearing1_3,622,0.724936842918396,0.8263127207756042
Bearing1_3,623,0.7245155572891235,0.8278515934944153
Bearing1_3,624,0.7240943312644958,0.8297844529151917
Bearing1_3,625,0.7236731052398682,0.8310030698776245
Bearing1_3,626,0.7232518792152405,0.8242100477218628
Bearing1_3,627,0.7228306531906128,0.8326060771942139
Bearing1_3,628,0.7224094271659851,0.8278467655181885
Bearing1_3,629,0.7219882011413574,0.8355759978294373
Bearing1_3,630,0.7215669751167297,0.8273372054100037
Bearing1_3,631,0.721145749092102,0.8270967602729797
Bearing1_3,632,0.7207245230674744,0.8245715498924255
Bearing1_3,633,0.7203032970428467,0.8203644752502441
Bearing1_3,634,0.719882071018219,0.8225697875022888
Bearing1_3,635,0.7194608449935913,0.8233736157417297
Bearing1_3,636,0.7190396189689636,0.8261292576789856
Bearing1_3,637,0.7186183929443359,0.8269604444503784
Bearing1_3,638,0.7181971073150635,0.8248618841171265
Bearing1_3,639,0.7177758812904358,0.8186745643615723
Bearing1_3,640,0.7173546552658081,0.8264741897583008
Bearing1_3,641,0.7169334292411804,0.8226537704467773
Bearing1_3,642,0.7165122032165527,0.822634756565094
Bearing1_3,643,0.716090977191925,0.8350257873535156
Bearing1_3,644,0.7156697511672974,0.835134744644165
Bearing1_3,645,0.7152485251426697,0.8410196900367737
Bearing1_3,646,0.714827299118042,0.8395912647247314
Bearing1_3,647,0.7144060730934143,0.840628981590271
Bearing1_3,648,0.7139848470687866,0.8430550694465637
Bearing1_3,649,0.7135636210441589,0.8485299944877625
Bearing1_3,650,0.7131423950195312,0.8399968147277832
Bearing1_3,651,0.7127211689949036,0.8412206768989563
Bearing1_3,652,0.7122999429702759,0.8453821539878845
Bearing1_3,653,0.7118786573410034,0.8484736680984497
Bearing1_3,654,0.7114574313163757,0.847252607345581
Bearing1_3,655,0.711036205291748,0.8424521088600159
Bearing1_3,656,0.7106149792671204,0.8458201885223389
Bearing1_3,657,0.7101937532424927,0.8444773554801941
Bearing1_3,658,0.709772527217865,0.8435878157615662
Bearing1_3,659,0.7093513011932373,0.8432149291038513
Bearing1_3,660,0.7089300751686096,0.8376901149749756
Bearing1_3,661,0.7085088491439819,0.8385025858879089
Bearing1_3,662,0.7080876231193542,0.8368709087371826
Bearing1_3,663,0.7076663970947266,0.8336446285247803
Bearing1_3,664,0.7072451710700989,0.8328524231910706
Bearing1_3,665,0.7068239450454712,0.8390929698944092
Bearing1_3,666,0.7064027190208435,0.8324740529060364
Bearing1_3,667,0.7059814929962158,0.8284990191459656
Bearing1_3,668,0.7055602073669434,0.8286626935005188
Bearing1_3,669,0.7051389813423157,0.8249245882034302
Bearing1_3,670,0.704717755317688,0.8220666646957397
Bearing1_3,671,0.7042965292930603,0.827637791633606
Bearing1_3,672,0.7038753032684326,0.8228580951690674
Bearing1_3,673,0.7034540772438049,0.8211519718170166
Bearing1_3,674,0.7030328512191772,0.8120113015174866
Bearing1_3,675,0.7026116251945496,0.809997022151947
Bearing1_3,676,0.7021903991699219,0.7979925870895386
Bearing1_3,677,0.7017691731452942,0.7883574366569519
Bearing1_3,678,0.7013479471206665,0.7895640730857849
Bearing1_3,679,0.7009267210960388,0.7853681445121765
Bearing1_3,680,0.7005054950714111,0.7724350094795227
Bearing1_3,681,0.7000842690467834,0.7831076383590698
Bearing1_3,682,0.6996630430221558,0.7855212092399597
Bearing1_3,683,0.6992417573928833,0.7762933969497681
Bearing1_3,684,0.6988205313682556,0.7721769213676453
Bearing1_3,685,0.6983993053436279,0.775770902633667
Bearing1_3,686,0.6979780793190002,0.7739916443824768
Bearing1_3,687,0.6975568532943726,0.7688316106796265
Bearing1_3,688,0.6971356272697449,0.769158661365509
Bearing1_3,689,0.6967144012451172,0.7691704630851746
Bearing1_3,690,0.6962931752204895,0.7654709815979004
Bearing1_3,691,0.6958719491958618,0.7581783533096313
Bearing1_3,692,0.6954507231712341,0.7656862139701843
Bearing1_3,693,0.6950294971466064,0.7649202346801758
Bearing1_3,694,0.6946082711219788,0.7548921704292297
Bearing1_3,695,0.6941870450973511,0.7673928737640381
Bearing1_3,696,0.6937658190727234,0.7554045915603638
Bearing1_3,697,0.6933445930480957,0.7561886310577393
Bearing1_3,698,0.6929233074188232,0.7462260127067566
Bearing1_3,699,0.6925020813941956,0.7499815821647644
Bearing1_3,700,0.6920808553695679,0.7605873942375183
Bearing1_3,701,0.6916596293449402,0.7503034472465515
Bearing1_3,702,0.6912384033203125,0.765291690826416
Bearing1_3,703,0.6908171772956848,0.7679035663604736
Bearing1_3,704,0.6903959512710571,0.7649201154708862
Bearing1_3,705,0.6899747252464294,0.7736833095550537
Bearing1_3,706,0.6895534992218018,0.7752571702003479
Bearing1_3,707,0.6891322731971741,0.790057897567749
Bearing1_3,708,0.6887110471725464,0.7869077324867249
Bearing1_3,709,0.6882898211479187,0.7894663214683533
Bearing1_3,710,0.687868595123291,0.7864806652069092
Bearing1_3,711,0.6874473690986633,0.7928812503814697
Bearing1_3,712,0.6870261430740356,0.7936843037605286
Bearing1_3,713,0.6866048574447632,0.789793074131012
Bearing1_3,714,0.6861836314201355,0.7835440039634705
Bearing1_3,715,0.6857624053955078,0.7885748147964478
Bearing1_3,716,0.6853411793708801,0.7947903275489807
Bearing1_3,717,0.6849199533462524,0.7871816754341125
Bearing1_3,718,0.6844987273216248,0.7906908988952637
Bearing1_3,719,0.6840775012969971,0.7959098219871521
Bearing1_3,720,0.6836562752723694,0.7982009053230286
Bearing1_3,721,0.6832350492477417,0.8052869439125061
Bearing1_3,722,0.682813823223114,0.8067347407341003
Bearing1_3,723,0.6823925971984863,0.8040916323661804
Bearing1_3,724,0.6819713711738586,0.8050016164779663
Bearing1_3,725,0.681550145149231,0.8136261105537415
Bearing1_3,726,0.6811289191246033,0.8166710138320923
Bearing1_3,727,0.6807076930999756,0.8169965147972107
Bearing1_3,728,0.6802864074707031,0.8170258402824402
Bearing1_3,729,0.6798651814460754,0.8065377473831177
Bearing1_3,730,0.6794439554214478,0.8227996826171875
Bearing1_3,731,0.6790227293968201,0.8260369896888733
Bearing1_3,732,0.6786015033721924,0.8092215061187744
Bearing1_3,733,0.6781802773475647,0.82281494140625
Bearing1_3,734,0.677759051322937,0.8127580881118774
Bearing1_3,735,0.6773378252983093,0.8137936592102051
Bearing1_3,736,0.6769165992736816,0.8196883797645569
Bearing1_3,737,0.676495373249054,0.8161307573318481
Bearing1_3,738,0.6760741472244263,0.8124263882637024
Bearing1_3,739,0.6756529211997986,0.8117238283157349
Bearing1_3,740,0.6752316951751709,0.811503529548645
Bearing1_3,741,0.6748104691505432,0.8141934871673584
Bearing1_3,742,0.6743892431259155,0.8204931616783142
Bearing1_3,743,0.6739679574966431,0.8152847290039062
Bearing1_3,744,0.6735467314720154,0.8095989227294922
Bearing1_3,745,0.6731255054473877,0.8234795331954956
Bearing1_3,746,0.67270427942276,0.827336311340332
Bearing1_3,747,0.6722830533981323,0.8304762244224548
Bearing1_3,748,0.6718618273735046,0.8283899426460266
Bearing1_3,749,0.671440601348877,0.8261783719062805
Bearing1_3,750,0.6710193753242493,0.8294141292572021
Bearing1_3,751,0.6705981492996216,0.8300670981407166
Bearing1_3,752,0.6701769232749939,0.8285793662071228
Bearing1_3,753,0.6697556972503662,0.8308258652687073
Bearing1_3,754,0.6693344712257385,0.830718994140625
Bearing1_3,755,0.6689132452011108,0.8392458558082581
Bearing1_3,756,0.6684920191764832,0.83144611120224
Bearing1_3,757,0.6680707931518555,0.8376796841621399
Bearing1_3,758,0.667649507522583,0.835593044757843
Bearing1_3,759,0.6672282814979553,0.8378326296806335
Bearing1_3,760,0.6668070554733276,0.8406120538711548
Bearing1_3,761,0.6663858294487,0.8361733555793762
Bearing1_3,762,0.6659646034240723,0.8319278359413147
Bearing1_3,763,0.6655433773994446,0.8325204849243164
Bearing1_3,764,0.6651221513748169,0.831803023815155
Bearing1_3,765,0.6647009253501892,0.8284702897071838
Bearing1_3,766,0.6642796993255615,0.8344800472259521
Bearing1_3,767,0.6638584733009338,0.82709139585495
Bearing1_3,768,0.6634372472763062,0.8286048173904419
Bearing1_3,769,0.6630160212516785,0.8233778476715088
Bearing1_3,770,0.6625947952270508,0.8198202848434448
Bearing1_3,771,0.6621735692024231,0.8244485855102539
Bearing1_3,772,0.6617523431777954,0.8207337260246277
Bearing1_3,773,0.661331057548523,0.8180238604545593
Bearing1_3,774,0.6609098315238953,0.8168986439704895
Bearing1_3,775,0.6604886054992676,0.8128100633621216
Bearing1_3,776,0.6600673794746399,0.8154600262641907
Bearing1_3,777,0.6596461534500122,0.8200478553771973
Bearing1_3,778,0.6592249274253845,0.8129465579986572
Bearing1_3,779,0.6588037014007568,0.8121404051780701
Bearing1_3,780,0.6583824753761292,0.8074858784675598
Bearing1_3,781,0.6579612493515015,0.8117107152938843
Bearing1_3,782,0.6575400233268738,0.8063839077949524
Bearing1_3,783,0.6571187973022461,0.8008166551589966
Bearing1_3,784,0.6566975712776184,0.8092710375785828
Bearing1_3,785,0.6562763452529907,0.8092088103294373
Bearing1_3,786,0.655855119228363,0.8016819953918457
Bearing1_3,787,0.6554338932037354,0.8003406524658203
Bearing1_3,788,0.6550126075744629,0.795525074005127
Bearing1_3,789,0.6545913815498352,0.7930152416229248
Bearing1_3,790,0.6541701555252075,0.7962681651115417
Bearing1_3,791,0.6537489295005798,0.7888506650924683
Bearing1_3,792,0.6533277034759521,0.7898451685905457
Bearing1_3,793,0.6529064774513245,0.7963977456092834
Bearing1_3,794,0.6524852514266968,0.794757604598999
Bearing1_3,795,0.6520640254020691,0.7947096228599548
Bearing1_3,796,0.6516427993774414,0.7915335893630981
Bearing1_3,797,0.6512215733528137,0.7898529767990112
Bearing1_3,798,0.650800347328186,0.7849749326705933
Bearing1_3,799,0.6503791213035583,0.7981409430503845
Bearing1_3,800,0.6499578952789307,0.7958693504333496
Bearing1_3,801,0.649536669254303,0.7964967489242554
Bearing1_3,802,0.6491154432296753,0.7969359755516052
Bearing1_3,803,0.6486941576004028,0.7977030873298645
Bearing1_3,804,0.6482729315757751,0.8017175197601318
Bearing1_3,805,0.6478517055511475,0.7953450083732605
Bearing1_3,806,0.6474304795265198,0.7976661324501038
Bearing1_3,807,0.6470092535018921,0.7950568795204163
Bearing1_3,808,0.6465880274772644,0.7922585606575012
Bearing1_3,809,0.6461668014526367,0.790550947189331
Bearing1_3,810,0.645745575428009,0.7877972722053528
Bearing1_3,811,0.6453243494033813,0.7870069742202759
Bearing1_3,812,0.6449031233787537,0.7874158024787903
Bearing1_3,813,0.644481897354126,0.7910506725311279
Bearing1_3,814,0.6440606713294983,0.7873560786247253
Bearing1_3,815,0.6436394453048706,0.7859339118003845
Bearing1_3,816,0.6432182192802429,0.7853215932846069
Bearing1_3,817,0.6427969932556152,0.7833623886108398
Bearing1_3,818,0.6423757076263428,0.7870500683784485
Bearing1_3,819,0.6419544816017151,0.784063458442688
Bearing1_3,820,0.6415332555770874,0.7827833890914917
Bearing1_3,821,0.6411120295524597,0.7887183427810669
Bearing1_3,822,0.640690803527832,0.7821808457374573
Bearing1_3,823,0.6402695775032043,0.7906585931777954
Bearing1_3,824,0.6398483514785767,0.7848173379898071
Bearing1_3,825,0.639427125453949,0.7876883149147034
Bearing1_3,826,0.6390058994293213,0.7768064141273499
Bearing1_3,827,0.6385846734046936,0.7817849516868591
Bearing1_3,828,0.6381634473800659,0.7791762948036194
Bearing1_3,829,0.6377422213554382,0.7772858738899231
Bearing1_3,830,0.6373209953308105,0.7817574739456177
Bearing1_3,831,0.6368997693061829,0.7798552513122559
Bearing1_3,832,0.6364785432815552,0.7817102670669556
Bearing1_3,833,0.6360572576522827,0.782983124256134
Bearing1_3,834,0.635636031627655,0.7759520411491394
Bearing1_3,835,0.6352148056030273,0.7820335030555725
Bearing1_3,836,0.6347935795783997,0.7846576571464539
Bearing1_3,837,0.634372353553772,0.7870694994926453
Bearing1_3,838,0.6339511275291443,0.7877477407455444
Bearing1_3,839,0.6335299015045166,0.7888289093971252
Bearing1_3,840,0.6331086754798889,0.7889928817749023
Bearing1_3,841,0.6326874494552612,0.788277804851532
Bearing1_3,842,0.6322662234306335,0.7812692523002625
Bearing1_3,843,0.6318449974060059,0.7814191579818726
Bearing1_3,844,0.6314237713813782,0.7852450609207153
Bearing1_3,845,0.6310025453567505,0.7747753858566284
Bearing1_3,846,0.6305813193321228,0.7807533144950867
Bearing1_3,847,0.6301600933074951,0.7784238457679749
Bearing1_3,848,0.6297388076782227,0.7700090408325195
Bearing1_3,849,0.629317581653595,0.7675338983535767
Bearing1_3,850,0.6288963556289673,0.764227569103241
Bearing1_3,851,0.6284751296043396,0.7654768824577332
Bearing1_3,852,0.6280539035797119,0.7622929215431213
Bearing1_3,853,0.6276326775550842,0.760254442691803
Bearing1_3,854,0.6272114515304565,0.762749969959259
Bearing1_3,855,0.6267902255058289,0.7574152946472168
Bearing1_3,856,0.6263689994812012,0.7594113349914551
Bearing1_3,857,0.6259477734565735,0.7403750419616699
Bearing1_3,858,0.6255265474319458,0.7603171467781067
Bearing1_3,859,0.6251053214073181,0.7504807114601135
Bearing1_3,860,0.6246840953826904,0.7468253970146179
Bearing1_3,861,0.6242628693580627,0.7564711570739746
Bearing1_3,862,0.6238416433334351,0.748509407043457
Bearing1_3,863,0.6234204173088074,0.7565523386001587
Bearing1_3,864,0.6229991316795349,0.7601509094238281
Bearing1_3,865,0.6225779056549072,0.7491151690483093
Bearing1_3,866,0.6221566796302795,0.7574481964111328
Bearing1_3,867,0.6217354536056519,0.7609812021255493
Bearing1_3,868,0.6213142275810242,0.7551282644271851
Bearing1_3,869,0.6208930015563965,0.7626215219497681
Bearing1_3,870,0.6204717755317688,0.7675555348396301
Bearing1_3,871,0.6200505495071411,0.7657900452613831
Bearing1_3,872,0.6196293234825134,0.7539011836051941
Bearing1_3,873,0.6192080974578857,0.7623857259750366
Bearing1_3,874,0.6187868714332581,0.7671712636947632
Bearing1_3,875,0.6183656454086304,0.7687093019485474
Bearing1_3,876,0.6179444193840027,0.7653945088386536
Bearing1_3,877,0.617523193359375,0.7665491700172424
Bearing1_3,878,0.6171019673347473,0.7736853361129761
Bearing1_3,879,0.6166806817054749,0.7723138928413391
Bearing1_3,880,0.6162594556808472,0.7795010805130005
Bearing1_3,881,0.6158382296562195,0.778054416179657
Bearing1_3,882,0.6154170036315918,0.7754870653152466
Bearing1_3,883,0.6149957776069641,0.7716344594955444
Bearing1_3,884,0.6145745515823364,0.7678576707839966
Bearing1_3,885,0.6141533255577087,0.7763431072235107
Bearing1_3,886,0.613732099533081,0.7624562978744507
Bearing1_3,887,0.6133108735084534,0.763875424861908
Bearing1_3,888,0.6128896474838257,0.7652015089988708
Bearing1_3,889,0.612468421459198,0.7575943470001221
Bearing1_3,890,0.6120471954345703,0.7615609765052795
Bearing1_3,891,0.6116259694099426,0.7574005722999573
Bearing1_3,892,0.6112047433853149,0.7556528449058533
Bearing1_3,893,0.6107835173606873,0.7511968612670898
Bearing1_3,894,0.6103622317314148,0.7464654445648193
Bearing1_3,895,0.6099410057067871,0.7530947923660278
Bearing1_3,896,0.6095197796821594,0.7477665543556213
Bearing1_3,897,0.6090985536575317,0.7372658848762512
Bearing1_3,898,0.608677327632904,0.7307226061820984
Bearing1_3,899,0.6082561016082764,0.7261396050453186
Bearing1_3,900,0.6078348755836487,0.7215597033500671
Bearing1_3,901,0.607413649559021,0.724929690361023
Bearing1_3,902,0.6069924235343933,0.7211851477622986
Bearing1_3,903,0.6065711975097656,0.721651017665863
Bearing1_3,904,0.6061499714851379,0.7214431762695312
Bearing1_3,905,0.6057287454605103,0.7232168912887573
Bearing1_3,906,0.6053075194358826,0.7284895181655884
Bearing1_3,907,0.6048862934112549,0.7236739993095398
Bearing1_3,908,0.6044650673866272,0.7130556702613831
Bearing1_3,909,0.6040437817573547,0.7172296643257141
Bearing1_3,910,0.603622555732727,0.7116376161575317
Bearing1_3,911,0.6032013297080994,0.7134779095649719
Bearing1_3,912,0.6027801036834717,0.7159185409545898
Bearing1_3,913,0.602358877658844,0.7340508103370667
Bearing1_3,914,0.6019376516342163,0.727935254573822
Bearing1_3,915,0.6015164256095886,0.7326687574386597
Bearing1_3,916,0.6010951995849609,0.7327680587768555
Bearing1_3,917,0.6006739735603333,0.7273627519607544
Bearing1_3,918,0.6002527475357056,0.7376638650894165
Bearing1_3,919,0.5998315215110779,0.7345787286758423
Bearing1_3,920,0.5994102954864502,0.7355858683586121
Bearing1_3,921,0.5989890694618225,0.7404825091362
Bearing1_3,922,0.5985678434371948,0.7357690930366516
Bearing1_3,923,0.5981466174125671,0.7471872568130493
Bearing1_3,924,0.5977253317832947,0.7524418234825134
Bearing1_3,925,0.597304105758667,0.7481195330619812
Bearing1_3,926,0.5968828797340393,0.7428439259529114
Bearing1_3,927,0.5964616537094116,0.750491201877594
Bearing1_3,928,0.5960404276847839,0.7514832615852356
Bearing1_3,929,0.5956192016601562,0.7492602467536926
Bearing1_3,930,0.5951979756355286,0.7538012862205505
Bearing1_3,931,0.5947767496109009,0.7633183598518372
Bearing1_3,932,0.5943555235862732,0.7636590600013733
Bearing1_3,933,0.5939342975616455,0.7518608570098877
Bearing1_3,934,0.5935130715370178,0.7534643411636353
Bearing1_3,935,0.5930918455123901,0.7558910846710205
Bearing1_3,936,0.5926706194877625,0.7561004757881165
Bearing1_3,937,0.5922493934631348,0.7641695737838745
Bearing1_3,938,0.5918281674385071,0.7632576823234558
Bearing1_3,939,0.5914068818092346,0.7712246179580688
Bearing1_3,940,0.5909856557846069,0.7591607570648193
Bearing1_3,941,0.5905644297599792,0.7623942494392395
Bearing1_3,942,0.5901432037353516,0.7611978650093079
Bearing1_3,943,0.5897219777107239,0.7629022002220154
Bearing1_3,944,0.5893007516860962,0.7475793957710266
Bearing1_3,945,0.5888795256614685,0.7512229084968567
Bearing1_3,946,0.5884582996368408,0.7556304931640625
Bearing1_3,947,0.5880370736122131,0.7599907517433167
Bearing1_3,948,0.5876158475875854,0.7657557725906372
Bearing1_3,949,0.5871946215629578,0.7735906839370728
Bearing1_3,950,0.5867733955383301,0.7769729495048523
Bearing1_3,951,0.5863521695137024,0.7799006104469299
Bearing1_3,952,0.5859309434890747,0.7721370458602905
Bearing1_3,953,0.585509717464447,0.7734007835388184
Bearing1_3,954,0.5850884318351746,0.7746961116790771
Bearing1_3,955,0.5846672058105469,0.7727162837982178
Bearing1_3,956,0.5842459797859192,0.769881546497345
Bearing1_3,957,0.5838247537612915,0.7617961168289185
Bearing1_3,958,0.5834035277366638,0.7628092765808105
Bearing1_3,959,0.5829823017120361,0.7568970918655396
Bearing1_3,960,0.5825610756874084,0.7603505849838257
Bearing1_3,961,0.5821398496627808,0.7676780223846436
Bearing1_3,962,0.5817186236381531,0.768464982509613
Bearing1_3,963,0.5812973976135254,0.7739537954330444
Bearing1_3,964,0.5808761715888977,0.7698315382003784
Bearing1_3,965,0.58045494556427,0.7601199746131897
Bearing1_3,966,0.5800337195396423,0.757692277431488
Bearing1_3,967,0.5796124935150146,0.75157231092453
Bearing1_3,968,0.579191267490387,0.7377886772155762
Bearing1_3,969,0.5787699818611145,0.7428615093231201
Bearing1_3,970,0.5783487558364868,0.7339037656784058
Bearing1_3,971,0.5779275298118591,0.7302235960960388
Bearing1_3,972,0.5775063037872314,0.7373948097229004
Bearing1_3,973,0.5770850777626038,0.731857419013977
Bearing1_3,974,0.5766638517379761,0.7314835786819458
Bearing1_3,975,0.5762426257133484,0.7321856617927551
Bearing1_3,976,0.5758213996887207,0.7291595935821533
Bearing1_3,977,0.575400173664093,0.7212077379226685
Bearing1_3,978,0.5749789476394653,0.717679500579834
Bearing1_3,979,0.5745577216148376,0.7181375622749329
Bearing1_3,980,0.57413649559021,0.7108931541442871
Bearing1_3,981,0.5737152695655823,0.7085788249969482
Bearing1_3,982,0.5732940435409546,0.7077744603157043
Bearing1_3,983,0.5728728175163269,0.7087849974632263
Bearing1_3,984,0.5724515318870544,0.7123363614082336
Bearing1_3,985,0.5720303058624268,0.701788067817688
Bearing1_3,986,0.5716090798377991,0.7090964317321777
Bearing1_3,987,0.5711878538131714,0.7030362486839294
Bearing1_3,988,0.5707666277885437,0.6936351656913757
Bearing1_3,989,0.570345401763916,0.7022920846939087
Bearing1_3,990,0.5699241757392883,0.6951586008071899
Bearing1_3,991,0.5695029497146606,0.7035890221595764
Bearing1_3,992,0.569081723690033,0.7069750428199768
Bearing1_3,993,0.5686604976654053,0.7019451260566711
Bearing1_3,994,0.5682392716407776,0.7024379372596741
Bearing1_3,995,0.5678180456161499,0.7022652626037598
Bearing1_3,996,0.5673968195915222,0.7010350823402405
Bearing1_3,997,0.5669755935668945,0.7123017311096191
Bearing1_3,998,0.5665543675422668,0.713459849357605
Bearing1_3,999,0.5661330819129944,0.7134642601013184
Bearing1_3,1000,0.5657118558883667,0.7194023728370667
Bearing1_3,1001,0.565290629863739,0.7229908108711243
Bearing1_3,1002,0.5648694038391113,0.7360527515411377
Bearing1_3,1003,0.5644481778144836,0.7349539995193481
Bearing1_3,1004,0.564026951789856,0.7430958151817322
Bearing1_3,1005,0.5636057257652283,0.7365447282791138
Bearing1_3,1006,0.5631844997406006,0.7359853386878967
Bearing1_3,1007,0.5627632737159729,0.7345364093780518
Bearing1_3,1008,0.5623420476913452,0.7459701299667358
Bearing1_3,1009,0.5619208216667175,0.752979576587677
Bearing1_3,1010,0.5614995956420898,0.7503246665000916
Bearing1_3,1011,0.5610783696174622,0.752202033996582
Bearing1_3,1012,0.5606571435928345,0.7576150894165039
Bearing1_3,1013,0.5602359175682068,0.762270987033844
Bearing1_3,1014,0.5598146319389343,0.7472726702690125
Bearing1_3,1015,0.5593934059143066,0.7547520995140076
Bearing1_3,1016,0.558972179889679,0.7634907364845276
Bearing1_3,1017,0.5585509538650513,0.761687695980072
Bearing1_3,1018,0.5581297278404236,0.7692400813102722
Bearing1_3,1019,0.5577085018157959,0.76540207862854
Bearing1_3,1020,0.5572872757911682,0.7754838466644287
Bearing1_3,1021,0.5568660497665405,0.7671420574188232
Bearing1_3,1022,0.5564448237419128,0.7555895447731018
Bearing1_3,1023,0.5560235977172852,0.7691304087638855
Bearing1_3,1024,0.5556023716926575,0.7679981589317322
Bearing1_3,1025,0.5551811456680298,0.7586833834648132
Bearing1_3,1026,0.5547599196434021,0.7503354549407959
Bearing1_3,1027,0.5543386936187744,0.761231005191803
Bearing1_3,1028,0.5539174675941467,0.7559534311294556
Bearing1_3,1029,0.5534961819648743,0.7545258402824402
Bearing1_3,1030,0.5530749559402466,0.7462722063064575
Bearing1_3,1031,0.5526537299156189,0.7447385191917419
Bearing1_3,1032,0.5522325038909912,0.7441534996032715
Bearing1_3,1033,0.5518112778663635,0.7492741346359253
Bearing1_3,1034,0.5513900518417358,0.7474305629730225
Bearing1_3,1035,0.5509688258171082,0.7345749139785767
Bearing1_3,1036,0.5505475997924805,0.7350496053695679
Bearing1_3,1037,0.5501263737678528,0.7391736507415771
Bearing1_3,1038,0.5497051477432251,0.7286410927772522
Bearing1_3,1039,0.5492839217185974,0.730409562587738
Bearing1_3,1040,0.5488626956939697,0.7114733457565308
Bearing1_3,1041,0.548441469669342,0.7180517315864563
Bearing1_3,1042,0.5480202436447144,0.7176388502120972
Bearing1_3,1043,0.5475990176200867,0.7224412560462952
Bearing1_3,1044,0.5471777319908142,0.717905580997467
Bearing1_3,1045,0.5467565059661865,0.7205228209495544
Bearing1_3,1046,0.5463352799415588,0.7263848185539246
Bearing1_3,1047,0.5459140539169312,0.7216401696205139
Bearing1_3,1048,0.5454928278923035,0.7157195806503296
Bearing1_3,1049,0.5450716018676758,0.7196677327156067
Bearing1_3,1050,0.5446503758430481,0.7109166979789734
Bearing1_3,1051,0.5442291498184204,0.7196770906448364
Bearing1_3,1052,0.5438079237937927,0.7210535407066345
Bearing1_3,1053,0.543386697769165,0.7201626300811768
Bearing1_3,1054,0.5429654717445374,0.7129263877868652
Bearing1_3,1055,0.5425442457199097,0.7145143747329712
Bearing1_3,1056,0.542123019695282,0.7154908776283264
Bearing1_3,1057,0.5417017936706543,0.7113918662071228
Bearing1_3,1058,0.5412805676460266,0.712639570236206
Bearing1_3,1059,0.5408592820167542,0.7110307216644287
Bearing1_3,1060,0.5404380559921265,0.7152977585792542
Bearing1_3,1061,0.5400168299674988,0.7059746980667114
Bearing1_3,1062,0.5395956039428711,0.7073409557342529
Bearing1_3,1063,0.5391743779182434,0.7119500041007996
Bearing1_3,1064,0.5387531518936157,0.7053784728050232
Bearing1_3,1065,0.538331925868988,0.7095859050750732
Bearing1_3,1066,0.5379106998443604,0.7046838402748108
Bearing1_3,1067,0.5374894738197327,0.7149913907051086
Bearing1_3,1068,0.537068247795105,0.7059975862503052
Bearing1_3,1069,0.5366470217704773,0.7055370807647705
Bearing1_3,1070,0.5362257957458496,0.7057891488075256
Bearing1_3,1071,0.5358045697212219,0.6999024748802185
Bearing1_3,1072,0.5353833436965942,0.7007169723510742
Bearing1_3,1073,0.5349621176719666,0.7001700401306152
Bearing1_3,1074,0.5345408320426941,0.701526403427124
Bearing1_3,1075,0.5341196060180664,0.7010911703109741
Bearing1_3,1076,0.5336983799934387,0.6996777057647705
Bearing1_3,1077,0.533277153968811,0.6957345604896545
Bearing1_3,1078,0.5328559279441833,0.6994451284408569
Bearing1_3,1079,0.5324347019195557,0.6934160590171814
Bearing1_3,1080,0.532013475894928,0.6912656426429749
Bearing1_3,1081,0.5315922498703003,0.693091869354248
Bearing1_3,1082,0.5311710238456726,0.6943615078926086
Bearing1_3,1083,0.5307497978210449,0.6870589852333069
Bearing1_3,1084,0.5303285717964172,0.6908358931541443
Bearing1_3,1085,0.5299073457717896,0.7066038846969604
Bearing1_3,1086,0.5294861197471619,0.6964898109436035
Bearing1_3,1087,0.5290648937225342,0.6888325810432434
Bearing1_3,1088,0.5286436676979065,0.6901273727416992
Bearing1_3,1089,0.528222382068634,0.6894437074661255
Bearing1_3,1090,0.5278011560440063,0.6971030235290527
Bearing1_3,1091,0.5273799300193787,0.7006927132606506
Bearing1_3,1092,0.526958703994751,0.6958792805671692
Bearing1_3,1093,0.5265374779701233,0.6991230845451355
Bearing1_3,1094,0.5261162519454956,0.6929683685302734
Bearing1_3,1095,0.5256950259208679,0.6914326548576355
Bearing1_3,1096,0.5252737998962402,0.692916214466095
Bearing1_3,1097,0.5248525738716125,0.7050517201423645
Bearing1_3,1098,0.5244313478469849,0.6975626945495605
Bearing1_3,1099,0.5240101218223572,0.6952577233314514
Bearing1_3,1100,0.5235888957977295,0.7001573443412781
Bearing1_3,1101,0.5231676697731018,0.7010338306427002
Bearing1_3,1102,0.5227464437484741,0.6942539215087891
Bearing1_3,1103,0.5223252177238464,0.7001568078994751
Bearing1_3,1104,0.521903932094574,0.6874009370803833
Bearing1_3,1105,0.5214827060699463,0.6963602900505066
Bearing1_3,1106,0.5210614800453186,0.6955525875091553
Bearing1_3,1107,0.5206402540206909,0.6940228343009949
Bearing1_3,1108,0.5202190279960632,0.6927185654640198
Bearing1_3,1109,0.5197978019714355,0.6841855049133301
Bearing1_3,1110,0.5193765759468079,0.6871270537376404
Bearing1_3,1111,0.5189553499221802,0.6834238767623901
Bearing1_3,1112,0.5185341238975525,0.6824551224708557
Bearing1_3,1113,0.5181128978729248,0.669364333152771
Bearing1_3,1114,0.5176916718482971,0.6805144548416138
Bearing1_3,1115,0.5172704458236694,0.6789937615394592
Bearing1_3,1116,0.5168492197990417,0.6798408627510071
Bearing1_3,1117,0.5164279937744141,0.6849319338798523
Bearing1_3,1118,0.5160067677497864,0.6853777170181274
Bearing1_3,1119,0.5155854821205139,0.6955518126487732
Bearing1_3,1120,0.5151642560958862,0.7015141248703003
Bearing1_3,1121,0.5147430300712585,0.6906540393829346
Bearing1_3,1122,0.5143218040466309,0.6908055543899536
Bearing1_3,1123,0.5139005780220032,0.6902162432670593
Bearing1_3,1124,0.5134793519973755,0.6845465898513794
Bearing1_3,1125,0.5130581259727478,0.6870461106300354
Bearing1_3,1126,0.5126368999481201,0.678268551826477
Bearing1_3,1127,0.5122156739234924,0.6777146458625793
Bearing1_3,1128,0.5117944478988647,0.6787837743759155
Bearing1_3,1129,0.5113732218742371,0.676471471786499
Bearing1_3,1130,0.5109519958496094,0.6730753183364868
Bearing1_3,1131,0.5105307698249817,0.675959050655365
Bearing1_3,1132,0.510109543800354,0.6722668409347534
Bearing1_3,1133,0.5096883177757263,0.6762201189994812
Bearing1_3,1134,0.5092670321464539,0.6946606040000916
Bearing1_3,1135,0.5088458061218262,0.6741737723350525
Bearing1_3,1136,0.5084245800971985,0.6782013177871704
Bearing1_3,1137,0.5080033540725708,0.6759448647499084
Bearing1_3,1138,0.5075821280479431,0.6728165149688721
Bearing1_3,1139,0.5071609020233154,0.6725597977638245
Bearing1_3,1140,0.5067396759986877,0.6752592921257019
Bearing1_3,1141,0.5063184499740601,0.6694850921630859
Bearing1_3,1142,0.5058972239494324,0.6554886102676392
Bearing1_3,1143,0.5054759979248047,0.6683646440505981
Bearing1_3,1144,0.505054771900177,0.6787697076797485
Bearing1_3,1145,0.5046335458755493,0.668274998664856
Bearing1_3,1146,0.5042123198509216,0.6812921762466431
Bearing1_3,1147,0.503791093826294,0.6662513613700867
Bearing1_3,1148,0.5033698678016663,0.6752894520759583
Bearing1_3,1149,0.5029485821723938,0.6552797555923462
Bearing1_3,1150,0.5025273561477661,0.6578274965286255
Bearing1_3,1151,0.5021061301231384,0.6815586090087891
Bearing1_3,1152,0.5016849040985107,0.6686485409736633
Bearing1_3,1153,0.5012636780738831,0.6663982272148132
Bearing1_3,1154,0.5008424520492554,0.6621531248092651
Bearing1_3,1155,0.5004212260246277,0.6664202809333801
Bearing1_3,1156,0.5,0.6711274981498718
Bearing1_3,1157,0.4995787739753723,0.6736950874328613
Bearing1_3,1158,0.49915754795074463,0.688096821308136
Bearing1_3,1159,0.49873632192611694,0.6843535900115967
Bearing1_3,1160,0.49831506609916687,0.6780979633331299
Bearing1_3,1161,0.4978938400745392,0.6753650307655334
Bearing1_3,1162,0.4974726140499115,0.6791900992393494
Bearing1_3,1163,0.4970513880252838,0.6720680594444275
Bearing1_3,1164,0.49663016200065613,0.6723335981369019
Bearing1_3,1165,0.49620893597602844,0.6764246821403503
Bearing1_3,1166,0.49578770995140076,0.6639938950538635
Bearing1_3,1167,0.49536648392677307,0.6745607852935791
Bearing1_3,1168,0.494945228099823,0.652101457118988
Bearing1_3,1169,0.4945240020751953,0.6644617915153503
Bearing1_3,1170,0.4941027760505676,0.6562899947166443
Bearing1_3,1171,0.49368155002593994,0.6614469885826111
Bearing1_3,1172,0.49326032400131226,0.6657951474189758
Bearing1_3,1173,0.49283909797668457,0.6509919762611389
Bearing1_3,1174,0.4924178719520569,0.6636327505111694
Bearing1_3,1175,0.4919966161251068,0.655561089515686
Bearing1_3,1176,0.4915753901004791,0.6506648659706116
Bearing1_3,1177,0.49115416407585144,0.6541690826416016
Bearing1_3,1178,0.49073293805122375,0.6565017104148865
Bearing1_3,1179,0.49031171202659607,0.6564594507217407
Bearing1_3,1180,0.4898904860019684,0.6560817360877991
Bearing1_3,1181,0.4894692599773407,0.6629661917686462
Bearing1_3,1182,0.489048033952713,0.6560126543045044
Bearing1_3,1183,0.48862677812576294,0.660033643245697
Bearing1_3,1184,0.48820555210113525,0.6620774865150452
Bearing1_3,1185,0.48778432607650757,0.6641986966133118
Bearing1_3,1186,0.4873631000518799,0.6677698493003845
Bearing1_3,1187,0.4869418740272522,0.6624056100845337
Bearing1_3,1188,0.4865206480026245,0.6677687764167786
Bearing1_3,1189,0.4860994219779968,0.6621220111846924
Bearing1_3,1190,0.48567816615104675,0.6649099588394165
Bearing1_3,1191,0.48525694012641907,0.6708294749259949
Bearing1_3,1192,0.4848357141017914,0.6715100407600403
Bearing1_3,1193,0.4844144880771637,0.6703905463218689
Bearing1_3,1194,0.483993262052536,0.6757215857505798
Bearing1_3,1195,0.4835720360279083,0.6806766986846924
Bearing1_3,1196,0.48315081000328064,0.669979453086853
Bearing1_3,1197,0.48272958397865295,0.6664067506790161
Bearing1_3,1198,0.4823083281517029,0.6621198058128357
Bearing1_3,1199,0.4818871021270752,0.6543258428573608
Bearing1_3,1200,0.4814658761024475,0.6578720808029175
Bearing1_3,1201,0.4810446500778198,0.6577126383781433
Bearing1_3,1202,0.48062342405319214,0.6640799641609192
Bearing1_3,1203,0.48020219802856445,0.6637839078903198
Bearing1_3,1204,0.47978097200393677,0.6595433354377747
Bearing1_3,1205,0.4793597161769867,0.6573936343193054
Bearing1_3,1206,0.478938490152359,0.6600905656814575
Bearing1_3,1207,0.4785172641277313,0.6529119610786438
Bearing1_3,1208,0.47809603810310364,0.6537940502166748
Bearing1_3,1209,0.47767481207847595,0.649929940700531
Bearing1_3,1210,0.47725358605384827,0.6599372625350952
Bearing1_3,1211,0.4768323600292206,0.6495245695114136
Bearing1_3,1212,0.4764111340045929,0.651042640209198
Bearing1_3,1213,0.4759898781776428,0.6605963110923767
Bearing1_3,1214,0.47556865215301514,0.6529744267463684
Bearing1_3,1215,0.47514742612838745,0.6472292542457581
Bearing1_3,1216,0.47472620010375977,0.6411809325218201
Bearing1_3,1217,0.4743049740791321,0.6284038424491882
Bearing1_3,1218,0.4738837480545044,0.6324512362480164
Bearing1_3,1219,0.4734625220298767,0.6294437050819397
Bearing1_3,1220,0.47304126620292664,0.6380518078804016
Bearing1_3,1221,0.47262004017829895,0.6324102282524109
Bearing1_3,1222,0.47219881415367126,0.6232416033744812
Bearing1_3,1223,0.4717775881290436,0.6181871294975281
Bearing1_3,1224,0.4713563621044159,0.6219266057014465
Bearing1_3,1225,0.4709351360797882,0.6157296299934387
Bearing1_3,1226,0.4705139100551605,0.6002235412597656
Bearing1_3,1227,0.47009268403053284,0.5957260727882385
Bearing1_3,1228,0.46967142820358276,0.6082855463027954
Bearing1_3,1229,0.4692502021789551,0.6138168573379517
Bearing1_3,1230,0.4688289761543274,0.6108914613723755
Bearing1_3,1231,0.4684077501296997,0.6160027980804443
Bearing1_3,1232,0.467986524105072,0.5899223685264587
Bearing1_3,1233,0.46756529808044434,0.6017257571220398
Bearing1_3,1234,0.46714407205581665,0.6168360710144043
Bearing1_3,1235,0.4667228162288666,0.6110924482345581
Bearing1_3,1236,0.4663015902042389,0.6054344177246094
Bearing1_3,1237,0.4658803641796112,0.5993210673332214
Bearing1_3,1238,0.4654591381549835,0.6028534770011902
Bearing1_3,1239,0.46503791213035583,0.5898950099945068
Bearing1_3,1240,0.46461668610572815,0.5974665880203247
Bearing1_3,1241,0.46419546008110046,0.5876157879829407
Bearing1_3,1242,0.4637742340564728,0.5949649810791016
Bearing1_3,1243,0.4633529782295227,0.5876461863517761
Bearing1_3,1244,0.462931752204895,0.5890278816223145
Bearing1_3,1245,0.46251052618026733,0.5932621955871582
Bearing1_3,1246,0.46208930015563965,0.5958210229873657
Bearing1_3,1247,0.46166807413101196,0.5878602266311646
Bearing1_3,1248,0.4612468481063843,0.5952251553535461
Bearing1_3,1249,0.4608256220817566,0.5834593176841736
Bearing1_3,1250,0.4604043662548065,0.591651439666748
Bearing1_3,1251,0.45998314023017883,0.582461953163147
Bearing1_3,1252,0.45956191420555115,0.590725302696228
Bearing1_3,1253,0.45914068818092346,0.5993746519088745
Bearing1_3,1254,0.4587194621562958,0.5996884703636169
Bearing1_3,1255,0.4582982361316681,0.6165810823440552
Bearing1_3,1256,0.4578770101070404,0.6186631917953491
Bearing1_3,1257,0.4574557840824127,0.6178146600723267
Bearing1_3,1258,0.45703452825546265,0.6302566528320312
Bearing1_3,1259,0.45661330223083496,0.6389895677566528
Bearing1_3,1260,0.4561920762062073,0.6381543874740601
Bearing1_3,1261,0.4557708501815796,0.6368640065193176
Bearing1_3,1262,0.4553496241569519,0.6555666923522949
Bearing1_3,1263,0.4549283981323242,0.6343107223510742
Bearing1_3,1264,0.45450717210769653,0.6393992304801941
Bearing1_3,1265,0.45408591628074646,0.6342816352844238
Bearing1_3,1266,0.4536646902561188,0.6199535131454468
Bearing1_3,1267,0.4532434642314911,0.6170209050178528
Bearing1_3,1268,0.4528222382068634,0.617299497127533
Bearing1_3,1269,0.4524010121822357,0.5981335043907166
Bearing1_3,1270,0.45197978615760803,0.5744017362594604
Bearing1_3,1271,0.45155856013298035,0.6027799844741821
Bearing1_3,1272,0.45113733410835266,0.6043598651885986
Bearing1_3,1273,0.4507160782814026,0.5731655359268188
Bearing1_3,1274,0.4502948522567749,0.5907498002052307
Bearing1_3,1275,0.4498736262321472,0.5825845003128052
Bearing1_3,1276,0.44945240020751953,0.6087059378623962
Bearing1_3,1277,0.44903117418289185,0.6012375354766846
Bearing1_3,1278,0.44860994815826416,0.599471390247345
Bearing1_3,1279,0.4481887221336365,0.5946147441864014
Bearing1_3,1280,0.4477674663066864,0.5937248468399048
Bearing1_3,1281,0.4473462402820587,0.6022465825080872
Bearing1_3,1282,0.44692501425743103,0.6221067309379578
Bearing1_3,1283,0.44650378823280334,0.5961539149284363
Bearing1_3,1284,0.44608256220817566,0.5915342569351196
Bearing1_3,1285,0.445661336183548,0.5836504101753235
Bearing1_3,1286,0.4452401101589203,0.6079095005989075
Bearing1_3,1287,0.4448188841342926,0.6102885603904724
Bearing1_3,1288,0.44439762830734253,0.6015818119049072
Bearing1_3,1289,0.44397640228271484,0.5869823694229126
Bearing1_3,1290,0.44355517625808716,0.6023076176643372
Bearing1_3,1291,0.4431339502334595,0.600180447101593
Bearing1_3,1292,0.4427127242088318,0.5984543561935425
Bearing1_3,1293,0.4422914981842041,0.624504566192627
Bearing1_3,1294,0.4418702721595764,0.6301063895225525
Bearing1_3,1295,0.44144901633262634,0.640480637550354
Bearing1_3,1296,0.44102779030799866,0.605174720287323
Bearing1_3,1297,0.44060656428337097,0.6374568343162537
Bearing1_3,1298,0.4401853382587433,0.6311588883399963
Bearing1_3,1299,0.4397641122341156,0.6433357000350952
Bearing1_3,1300,0.4393428862094879,0.6472983956336975
Bearing1_3,1301,0.43892166018486023,0.6386651992797852
Bearing1_3,1302,0.43850043416023254,0.6256916522979736
Bearing1_3,1303,0.43807917833328247,0.6356860399246216
Bearing1_3,1304,0.4376579523086548,0.633599042892456
Bearing1_3,1305,0.4372367262840271,0.640999972820282
Bearing1_3,1306,0.4368155002593994,0.6487215757369995
Bearing1_3,1307,0.43639427423477173,0.6443312168121338
Bearing1_3,1308,0.43597304821014404,0.6465844511985779
Bearing1_3,1309,0.43555182218551636,0.6429591178894043
Bearing1_3,1310,0.43513059616088867,0.626846432685852
Bearing1_3,1311,0.4347093403339386,0.6263823509216309
Bearing1_3,1312,0.4342881143093109,0.6207150816917419
Bearing1_3,1313,0.4338668882846832,0.6216444969177246
Bearing1_3,1314,0.43344566226005554,0.6215053200721741
Bearing1_3,1315,0.43302443623542786,0.6091930866241455
Bearing1_3,1316,0.43260321021080017,0.6206331253051758
Bearing1_3,1317,0.4321819841861725,0.6024494171142578
Bearing1_3,1318,0.4317607283592224,0.5992289185523987
Bearing1_3,1319,0.4313395023345947,0.5982002019882202
Bearing1_3,1320,0.43091827630996704,0.6001847386360168
Bearing1_3,1321,0.43049705028533936,0.5871005654335022
Bearing1_3,1322,0.43007582426071167,0.5885599255561829
Bearing1_3,1323,0.429654598236084,0.5791009068489075
Bearing1_3,1324,0.4292333722114563,0.5853689908981323
Bearing1_3,1325,0.4288121461868286,0.5791285634040833
Bearing1_3,1326,0.42839089035987854,0.5730971693992615
Bearing1_3,1327,0.42796966433525085,0.5560803413391113
Bearing1_3,1328,0.42754843831062317,0.5506629943847656
Bearing1_3,1329,0.4271272122859955,0.5479937791824341
Bearing1_3,1330,0.4267059862613678,0.5604721307754517
Bearing1_3,1331,0.4262847602367401,0.5606274008750916
Bearing1_3,1332,0.4258635342121124,0.5614796280860901
Bearing1_3,1333,0.42544227838516235,0.5570774674415588
Bearing1_3,1334,0.42502105236053467,0.5554322004318237
Bearing1_3,1335,0.424599826335907,0.5485766530036926
Bearing1_3,1336,0.4241786003112793,0.5559451580047607
Bearing1_3,1337,0.4237573742866516,0.5475494861602783
Bearing1_3,1338,0.4233361482620239,0.5532639026641846
Bearing1_3,1339,0.42291492223739624,0.545032262802124
Bearing1_3,1340,0.42249369621276855,0.5476129055023193
Bearing1_3,1341,0.4220724403858185,0.5572808384895325
Bearing1_3,1342,0.4216512143611908,0.5560025572776794
Bearing1_3,1343,0.4212299883365631,0.5563845038414001
Bearing1_3,1344,0.4208087623119354,0.5590765476226807
Bearing1_3,1345,0.42038753628730774,0.551430881023407
Bearing1_3,1346,0.41996631026268005,0.5616024136543274
Bearing1_3,1347,0.41954508423805237,0.5579580664634705
Bearing1_3,1348,0.4191238284111023,0.568277895450592
Bearing1_3,1349,0.4187026023864746,0.5657597184181213
Bearing1_3,1350,0.4182813763618469,0.5663937330245972
Bearing1_3,1351,0.41786015033721924,0.5535228848457336
Bearing1_3,1352,0.41743892431259155,0.561867892742157
Bearing1_3,1353,0.41701769828796387,0.5636205673217773
Bearing1_3,1354,0.4165964722633362,0.5621431469917297
Bearing1_3,1355,0.4161752462387085,0.5640001893043518
Bearing1_3,1356,0.4157539904117584,0.5600001811981201
Bearing1_3,1357,0.41533276438713074,0.5631284713745117
Bearing1_3,1358,0.41491153836250305,0.5589937567710876
Bearing1_3,1359,0.41449031233787537,0.5623074173927307
Bearing1_3,1360,0.4140690863132477,0.5482619404792786
Bearing1_3,1361,0.41364786028862,0.5508823394775391
Bearing1_3,1362,0.4132266342639923,0.5517526865005493
Bearing1_3,1363,0.41280537843704224,0.5553160309791565
Bearing1_3,1364,0.41238415241241455,0.5523025989532471
Bearing1_3,1365,0.41196292638778687,0.5482820272445679
Bearing1_3,1366,0.4115417003631592,0.5489927530288696
Bearing1_3,1367,0.4111204743385315,0.5503796339035034
Bearing1_3,1368,0.4106992483139038,0.5549055933952332
Bearing1_3,1369,0.4102780222892761,0.5472652912139893
Bearing1_3,1370,0.40985679626464844,0.5514001846313477
Bearing1_3,1371,0.40943554043769836,0.5504850149154663
Bearing1_3,1372,0.4090143144130707,0.5436863899230957
Bearing1_3,1373,0.408593088388443,0.5489645004272461
Bearing1_3,1374,0.4081718623638153,0.5477635860443115
Bearing1_3,1375,0.4077506363391876,0.5457035899162292
Bearing1_3,1376,0.40732941031455994,0.5510748028755188
Bearing1_3,1377,0.40690818428993225,0.54116290807724
Bearing1_3,1378,0.4064869284629822,0.5387611985206604
Bearing1_3,1379,0.4060657024383545,0.5343296527862549
Bearing1_3,1380,0.4056444764137268,0.5402706861495972
Bearing1_3,1381,0.4052232503890991,0.5386960506439209
Bearing1_3,1382,0.40480202436447144,0.5370559096336365
Bearing1_3,1383,0.40438079833984375,0.5414738655090332
Bearing1_3,1384,0.40395957231521606,0.5364856719970703
Bearing1_3,1385,0.4035383462905884,0.5349882245063782
Bearing1_3,1386,0.4031170904636383,0.5344793200492859
Bearing1_3,1387,0.4026958644390106,0.5395938158035278
Bearing1_3,1388,0.40227463841438293,0.5333156585693359
Bearing1_3,1389,0.40185341238975525,0.534998893737793
Bearing1_3,1390,0.40143218636512756,0.5374771952629089
Bearing1_3,1391,0.4010109603404999,0.5291176438331604
Bearing1_3,1392,0.4005897343158722,0.5228303074836731
Bearing1_3,1393,0.4001684784889221,0.5233339071273804
Bearing1_3,1394,0.39974725246429443,0.5191565155982971
Bearing1_3,1395,0.39932602643966675,0.5245941877365112
Bearing1_3,1396,0.39890480041503906,0.5204148888587952
Bearing1_3,1397,0.3984835743904114,0.5168980360031128
Bearing1_3,1398,0.3980623483657837,0.5163782835006714
Bearing1_3,1399,0.397641122341156,0.5147756338119507
Bearing1_3,1400,0.3972198963165283,0.5119076371192932
Bearing1_3,1401,0.39679864048957825,0.5118394494056702
Bearing1_3,1402,0.39637741446495056,0.5235372185707092
Bearing1_3,1403,0.3959561884403229,0.5059252977371216
Bearing1_3,1404,0.3955349624156952,0.5129906535148621
Bearing1_3,1405,0.3951137363910675,0.5159300565719604
Bearing1_3,1406,0.3946925103664398,0.5169727802276611
Bearing1_3,1407,0.39427128434181213,0.5228140354156494
Bearing1_3,1408,0.39385002851486206,0.5160970091819763
Bearing1_3,1409,0.3934288024902344,0.5141677260398865
Bearing1_3,1410,0.3930075764656067,0.5119865536689758
Bearing1_3,1411,0.392586350440979,0.5164384841918945
Bearing1_3,1412,0.3921651244163513,0.5169214010238647
Bearing1_3,1413,0.39174389839172363,0.5162107944488525
Bearing1_3,1414,0.39132267236709595,0.5239218473434448
Bearing1_3,1415,0.39090144634246826,0.5181992053985596
Bearing1_3,1416,0.3904801905155182,0.5229787826538086
Bearing1_3,1417,0.3900589644908905,0.5174956917762756
Bearing1_3,1418,0.3896377384662628,0.5224094390869141
Bearing1_3,1419,0.38921651244163513,0.5226348638534546
Bearing1_3,1420,0.38879528641700745,0.5225528478622437
Bearing1_3,1421,0.38837406039237976,0.5182352066040039
Bearing1_3,1422,0.3879528343677521,0.5227930545806885
Bearing1_3,1423,0.387531578540802,0.5283024311065674
Bearing1_3,1424,0.3871103525161743,0.5203542709350586
Bearing1_3,1425,0.38668912649154663,0.5275017619132996
Bearing1_3,1426,0.38626790046691895,0.5307530164718628
Bearing1_3,1427,0.38584667444229126,0.5231741070747375
Bearing1_3,1428,0.3854254484176636,0.5221210718154907
Bearing1_3,1429,0.3850042223930359,0.5211611390113831
Bearing1_3,1430,0.3845829963684082,0.5240499377250671
Bearing1_3,1431,0.38416174054145813,0.5174509286880493
Bearing1_3,1432,0.38374051451683044,0.5122911930084229
Bearing1_3,1433,0.38331928849220276,0.515018105506897
Bearing1_3,1434,0.3828980624675751,0.5138339400291443
Bearing1_3,1435,0.3824768364429474,0.5055205821990967
Bearing1_3,1436,0.3820556104183197,0.5080367922782898
Bearing1_3,1437,0.381634384393692,0.5097854733467102
Bearing1_3,1438,0.38121312856674194,0.5067762136459351
Bearing1_3,1439,0.38079190254211426,0.5107768774032593
Bearing1_3,1440,0.3803706765174866,0.5087379813194275
Bearing1_3,1441,0.3799494504928589,0.5130628943443298
Bearing1_3,1442,0.3795282244682312,0.5097909569740295
Bearing1_3,1443,0.3791069984436035,0.5042189359664917
Bearing1_3,1444,0.37868577241897583,0.5058797597885132
Bearing1_3,1445,0.37826454639434814,0.5074421167373657
Bearing1_3,1446,0.37784329056739807,0.5052380561828613
Bearing1_3,1447,0.3774220645427704,0.5024387240409851
Bearing1_3,1448,0.3770008385181427,0.5131464600563049
Bearing1_3,1449,0.376579612493515,0.5038431286811829
Bearing1_3,1450,0.37615838646888733,0.5028472542762756
Bearing1_3,1451,0.37573716044425964,0.5071065425872803
Bearing1_3,1452,0.37531593441963196,0.5047711133956909
Bearing1_3,1453,0.3748946785926819,0.5047930479049683
Bearing1_3,1454,0.3744734525680542,0.4981745481491089
Bearing1_3,1455,0.3740522265434265,0.4976649284362793
Bearing1_3,1456,0.37363100051879883,0.48969438672065735
Bearing1_3,1457,0.37320977449417114,0.48628777265548706
Bearing1_3,1458,0.37278854846954346,0.48887762427330017
Bearing1_3,1459,0.37236732244491577,0.4896235764026642
Bearing1_3,1460,0.3719460964202881,0.49673226475715637
Bearing1_3,1461,0.371524840593338,0.49448513984680176
Bearing1_3,1462,0.3711036145687103,0.4958638548851013
Bearing1_3,1463,0.37068238854408264,0.48857182264328003
Bearing1_3,1464,0.37026116251945496,0.48913565278053284
Bearing1_3,1465,0.36983993649482727,0.49044468998908997
Bearing1_3,1466,0.3694187104701996,0.4984785318374634
Bearing1_3,1467,0.3689974844455719,0.4876890778541565
Bearing1_3,1468,0.3685762286186218,0.49599137902259827
Bearing1_3,1469,0.36815500259399414,0.5052012801170349
Bearing1_3,1470,0.36773377656936646,0.5033056735992432
Bearing1_3,1471,0.36731255054473877,0.5039744973182678
Bearing1_3,1472,0.3668913245201111,0.5004903078079224
Bearing1_3,1473,0.3664700984954834,0.49292075634002686
Bearing1_3,1474,0.3660488724708557,0.5012302398681641
Bearing1_3,1475,0.365627646446228,0.5000578761100769
Bearing1_3,1476,0.36520639061927795,0.5108931660652161
Bearing1_3,1477,0.36478516459465027,0.5061811804771423
Bearing1_3,1478,0.3643639385700226,0.5019828677177429
Bearing1_3,1479,0.3639427125453949,0.48578718304634094
Bearing1_3,1480,0.3635214865207672,0.49148011207580566
Bearing1_3,1481,0.3631002604961395,0.4946393072605133
Bearing1_3,1482,0.36267903447151184,0.504300594329834
Bearing1_3,1483,0.36225777864456177,0.49560099840164185
Bearing1_3,1484,0.3618365526199341,0.4935404360294342
Bearing1_3,1485,0.3614153265953064,0.5076901912689209
Bearing1_3,1486,0.3609941005706787,0.5060909986495972
Bearing1_3,1487,0.360572874546051,0.5088593363761902
Bearing1_3,1488,0.36015164852142334,0.49524566531181335
Bearing1_3,1489,0.35973042249679565,0.5006468296051025
Bearing1_3,1490,0.35930919647216797,0.4949471652507782
Bearing1_3,1491,0.3588879406452179,0.5007650852203369
Bearing1_3,1492,0.3584667146205902,0.49949267506599426
Bearing1_3,1493,0.3580454885959625,0.48730412125587463
Bearing1_3,1494,0.35762426257133484,0.48886239528656006
Bearing1_3,1495,0.35720303654670715,0.4900667667388916
Bearing1_3,1496,0.35678181052207947,0.4885845482349396
Bearing1_3,1497,0.3563605844974518,0.4867645502090454
Bearing1_3,1498,0.3559393286705017,0.4918915927410126
Bearing1_3,1499,0.355518102645874,0.483762264251709
Bearing1_3,1500,0.35509687662124634,0.48303043842315674
Bearing1_3,1501,0.35467565059661865,0.49607038497924805
Bearing1_3,1502,0.35425442457199097,0.4828173816204071
Bearing1_3,1503,0.3538331985473633,0.47983434796333313
Bearing1_3,1504,0.3534119725227356,0.48640698194503784
Bearing1_3,1505,0.3529907464981079,0.4812588691711426
Bearing1_3,1506,0.35256949067115784,0.4810090959072113
Bearing1_3,1507,0.35214826464653015,0.4766366183757782
Bearing1_3,1508,0.35172703862190247,0.47824233770370483
Bearing1_3,1509,0.3513058125972748,0.4710557460784912
Bearing1_3,1510,0.3508845865726471,0.47079190611839294
Bearing1_3,1511,0.3504633605480194,0.4727346897125244
Bearing1_3,1512,0.3500421345233917,0.4689568281173706
Bearing1_3,1513,0.34962087869644165,0.4720628559589386
Bearing1_3,1514,0.34919965267181396,0.4666140377521515
Bearing1_3,1515,0.3487784266471863,0.4772413671016693
Bearing1_3,1516,0.3483572006225586,0.4715506136417389
Bearing1_3,1517,0.3479359745979309,0.4709782004356384
Bearing1_3,1518,0.3475147485733032,0.4818255603313446
Bearing1_3,1519,0.34709352254867554,0.46545693278312683
Bearing1_3,1520,0.34667229652404785,0.4638574719429016
Bearing1_3,1521,0.3462510406970978,0.45668482780456543
Bearing1_3,1522,0.3458298146724701,0.44928282499313354
Bearing1_3,1523,0.3454085886478424,0.46429452300071716
Bearing1_3,1524,0.3449873626232147,0.44375211000442505
Bearing1_3,1525,0.34456613659858704,0.45787984132766724
Bearing1_3,1526,0.34414491057395935,0.4505298435688019
Bearing1_3,1527,0.34372368454933167,0.45165354013442993
Bearing1_3,1528,0.3433024287223816,0.4544752538204193
Bearing1_3,1529,0.3428812026977539,0.4467833638191223
Bearing1_3,1530,0.3424599766731262,0.47639191150665283
Bearing1_3,1531,0.34203875064849854,0.4494679272174835
Bearing1_3,1532,0.34161752462387085,0.4577561616897583
Bearing1_3,1533,0.34119629859924316,0.44375574588775635
Bearing1_3,1534,0.3407750725746155,0.45122188329696655
Bearing1_3,1535,0.3403538465499878,0.4634550213813782
Bearing1_3,1536,0.3399325907230377,0.4556274116039276
Bearing1_3,1537,0.33951136469841003,0.45836302638053894
Bearing1_3,1538,0.33909013867378235,0.4623563885688782
Bearing1_3,1539,0.33866891264915466,0.4657589793205261
Bearing1_3,1540,0.338247686624527,0.4666529595851898
Bearing1_3,1541,0.3378264605998993,0.4680496156215668
Bearing1_3,1542,0.3374052345752716,0.47548621892929077
Bearing1_3,1543,0.33698397874832153,0.465253084897995
Bearing1_3,1544,0.33656275272369385,0.469840943813324
Bearing1_3,1545,0.33614152669906616,0.4686795175075531
Bearing1_3,1546,0.3357203006744385,0.47043105959892273
Bearing1_3,1547,0.3352990746498108,0.47102370858192444
Bearing1_3,1548,0.3348778486251831,0.472111314535141
Bearing1_3,1549,0.3344566226005554,0.46301552653312683
Bearing1_3,1550,0.33403539657592773,0.4705388844013214
Bearing1_3,1551,0.33361414074897766,0.47974488139152527
Bearing1_3,1552,0.33319291472435,0.46621623635292053
Bearing1_3,1553,0.3327716886997223,0.4724804162979126
Bearing1_3,1554,0.3323504626750946,0.47645968198776245
Bearing1_3,1555,0.3319292366504669,0.4752046465873718
Bearing1_3,1556,0.33150801062583923,0.46664294600486755
Bearing1_3,1557,0.33108678460121155,0.4715874493122101
Bearing1_3,1558,0.3306655287742615,0.4633103311061859
Bearing1_3,1559,0.3302443027496338,0.46652400493621826
Bearing1_3,1560,0.3298230767250061,0.4564836323261261
Bearing1_3,1561,0.3294018507003784,0.46061936020851135
Bearing1_3,1562,0.32898062467575073,0.4529707133769989
Bearing1_3,1563,0.32855939865112305,0.45254409313201904
Bearing1_3,1564,0.32813817262649536,0.44585517048835754
Bearing1_3,1565,0.3277169466018677,0.4414198696613312
Bearing1_3,1566,0.3272956907749176,0.44835662841796875
Bearing1_3,1567,0.3268744647502899,0.44326353073120117
Bearing1_3,1568,0.32645323872566223,0.4387352764606476
Bearing1_3,1569,0.32603201270103455,0.443825900554657
Bearing1_3,1570,0.32561078667640686,0.4393305778503418
Bearing1_3,1571,0.3251895606517792,0.4410572052001953
Bearing1_3,1572,0.3247683346271515,0.44573965668678284
Bearing1_3,1573,0.3243470788002014,0.4433758854866028
Bearing1_3,1574,0.32392585277557373,0.4487028419971466
Bearing1_3,1575,0.32350462675094604,0.4415346384048462
Bearing1_3,1576,0.32308340072631836,0.4489356279373169
Bearing1_3,1577,0.3226621747016907,0.4437274932861328
Bearing1_3,1578,0.322240948677063,0.4506046772003174
Bearing1_3,1579,0.3218197226524353,0.4532501995563507
Bearing1_3,1580,0.3213984966278076,0.458229660987854
Bearing1_3,1581,0.32097724080085754,0.4522063136100769
Bearing1_3,1582,0.32055601477622986,0.4491084814071655
Bearing1_3,1583,0.3201347887516022,0.44710609316825867
Bearing1_3,1584,0.3197135627269745,0.4459341764450073
Bearing1_3,1585,0.3192923367023468,0.4406457841396332
Bearing1_3,1586,0.3188711106777191,0.4468524754047394
Bearing1_3,1587,0.31844988465309143,0.44747409224510193
Bearing1_3,1588,0.31802862882614136,0.4540999233722687
Bearing1_3,1589,0.31760740280151367,0.44917014241218567
Bearing1_3,1590,0.317186176776886,0.45278528332710266
Bearing1_3,1591,0.3167649507522583,0.45126789808273315
Bearing1_3,1592,0.3163437247276306,0.44983482360839844
Bearing1_3,1593,0.31592249870300293,0.4562036097049713
Bearing1_3,1594,0.31550127267837524,0.4635848104953766
Bearing1_3,1595,0.31508004665374756,0.45034611225128174
Bearing1_3,1596,0.3146587908267975,0.4539429545402527
Bearing1_3,1597,0.3142375648021698,0.4518797993659973
Bearing1_3,1598,0.3138163387775421,0.4529232978820801
Bearing1_3,1599,0.31339511275291443,0.4536120295524597
Bearing1_3,1600,0.31297388672828674,0.457171767950058
Bearing1_3,1601,0.31255266070365906,0.43940025568008423
Bearing1_3,1602,0.31213143467903137,0.44841456413269043
Bearing1_3,1603,0.3117102086544037,0.4413807988166809
Bearing1_3,1604,0.3112889528274536,0.4438130557537079
Bearing1_3,1605,0.3108677268028259,0.4453374743461609
Bearing1_3,1606,0.31044650077819824,0.43610161542892456
Bearing1_3,1607,0.31002527475357056,0.4357663094997406
Bearing1_3,1608,0.30960404872894287,0.43434736132621765
Bearing1_3,1609,0.3091828227043152,0.42544034123420715
Bearing1_3,1610,0.3087615966796875,0.43893885612487793
Bearing1_3,1611,0.3083403408527374,0.43924039602279663
Bearing1_3,1612,0.30791911482810974,0.4339267313480377
Bearing1_3,1613,0.30749788880348206,0.4462558329105377
Bearing1_3,1614,0.30707666277885437,0.4452033042907715
Bearing1_3,1615,0.3066554367542267,0.44769006967544556
Bearing1_3,1616,0.306234210729599,0.4332619309425354
Bearing1_3,1617,0.3058129847049713,0.4364529848098755
Bearing1_3,1618,0.30539175868034363,0.4265246093273163
Bearing1_3,1619,0.30497050285339355,0.43601492047309875
Bearing1_3,1620,0.30454927682876587,0.44007179141044617
Bearing1_3,1621,0.3041280508041382,0.4338782727718353
Bearing1_3,1622,0.3037068247795105,0.4310065805912018
Bearing1_3,1623,0.3032855987548828,0.43476518988609314
Bearing1_3,1624,0.3028643727302551,0.43345779180526733
Bearing1_3,1625,0.30244314670562744,0.4309997260570526
Bearing1_3,1626,0.30202189087867737,0.43786874413490295
Bearing1_3,1627,0.3016006648540497,0.43724825978279114
Bearing1_3,1628,0.301179438829422,0.4368184506893158
Bearing1_3,1629,0.3007582128047943,0.4460749924182892
Bearing1_3,1630,0.3003369867801666,0.43741196393966675
Bearing1_3,1631,0.29991576075553894,0.43351808190345764
Bearing1_3,1632,0.29949453473091125,0.43546491861343384
Bearing1_3,1633,0.29907330870628357,0.4326963424682617
Bearing1_3,1634,0.2986520528793335,0.4346638023853302
Bearing1_3,1635,0.2982308268547058,0.4337162673473358
Bearing1_3,1636,0.2978096008300781,0.4369042217731476
Bearing1_3,1637,0.29738837480545044,0.4295973479747772
Bearing1_3,1638,0.29696714878082275,0.43543481826782227
Bearing1_3,1639,0.29654592275619507,0.4356972575187683
Bearing1_3,1640,0.2961246967315674,0.43010860681533813
Bearing1_3,1641,0.2957034409046173,0.43762803077697754
Bearing1_3,1642,0.2952822148799896,0.4323262572288513
Bearing1_3,1643,0.29486098885536194,0.431397408246994
Bearing1_3,1644,0.29443976283073425,0.4307645857334137
Bearing1_3,1645,0.29401853680610657,0.4296503961086273
Bearing1_3,1646,0.2935973107814789,0.44118747115135193
Bearing1_3,1647,0.2931760847568512,0.4309539496898651
Bearing1_3,1648,0.2927548587322235,0.4306160509586334
Bearing1_3,1649,0.29233360290527344,0.4259878993034363
Bearing1_3,1650,0.29191237688064575,0.42404261231422424
Bearing1_3,1651,0.29149115085601807,0.42441216111183167
Bearing1_3,1652,0.2910699248313904,0.4201786518096924
Bearing1_3,1653,0.2906486988067627,0.4207879602909088
Bearing1_3,1654,0.290227472782135,0.41926953196525574
Bearing1_3,1655,0.2898062467575073,0.4118243455886841
Bearing1_3,1656,0.28938499093055725,0.41942209005355835
Bearing1_3,1657,0.28896376490592957,0.41585761308670044
Bearing1_3,1658,0.2885425388813019,0.4324157238006592
Bearing1_3,1659,0.2881213128566742,0.4093134105205536
Bearing1_3,1660,0.2877000868320465,0.41615310311317444
Bearing1_3,1661,0.2872788608074188,0.4099077582359314
Bearing1_3,1662,0.28685763478279114,0.4180276691913605
Bearing1_3,1663,0.28643640875816345,0.41340672969818115
Bearing1_3,1664,0.2860151529312134,0.41195523738861084
Bearing1_3,1665,0.2855939269065857,0.40934231877326965
Bearing1_3,1666,0.285172700881958,0.41471731662750244
Bearing1_3,1667,0.2847514748573303,0.412387490272522
Bearing1_3,1668,0.28433024883270264,0.4143601953983307
Bearing1_3,1669,0.28390902280807495,0.42236942052841187
Bearing1_3,1670,0.28348779678344727,0.4176257252693176
Bearing1_3,1671,0.2830665409564972,0.41219425201416016
Bearing1_3,1672,0.2826453149318695,0.41286757588386536
Bearing1_3,1673,0.2822240889072418,0.41575610637664795
Bearing1_3,1674,0.28180286288261414,0.4157858192920685
Bearing1_3,1675,0.28138163685798645,0.4159747362136841
Bearing1_3,1676,0.28096041083335876,0.4136834144592285
Bearing1_3,1677,0.2805391848087311,0.39823082089424133
Bearing1_3,1678,0.2801179587841034,0.41623884439468384
Bearing1_3,1679,0.2796967029571533,0.40318530797958374
Bearing1_3,1680,0.27927547693252563,0.3896566927433014
Bearing1_3,1681,0.27885425090789795,0.3831663727760315
Bearing1_3,1682,0.27843302488327026,0.3917168974876404
Bearing1_3,1683,0.2780117988586426,0.4056573510169983
Bearing1_3,1684,0.2775905728340149,0.39745232462882996
Bearing1_3,1685,0.2771693468093872,0.39302581548690796
Bearing1_3,1686,0.27674809098243713,0.39305683970451355
Bearing1_3,1687,0.27632686495780945,0.40066012740135193
Bearing1_3,1688,0.27590563893318176,0.376630961894989
Bearing1_3,1689,0.2754844129085541,0.3884732127189636
Bearing1_3,1690,0.2750631868839264,0.3953500986099243
Bearing1_3,1691,0.2746419608592987,0.39848196506500244
Bearing1_3,1692,0.274220734834671,0.3937879502773285
Bearing1_3,1693,0.27379950881004333,0.3856458067893982
Bearing1_3,1694,0.27337825298309326,0.38772767782211304
Bearing1_3,1695,0.2729570269584656,0.3779299259185791
Bearing1_3,1696,0.2725358009338379,0.38228943943977356
Bearing1_3,1697,0.2721145749092102,0.3872021734714508
Bearing1_3,1698,0.2716933488845825,0.3763749897480011
Bearing1_3,1699,0.27127212285995483,0.3832632303237915
Bearing1_3,1700,0.27085089683532715,0.38148021697998047
Bearing1_3,1701,0.2704296410083771,0.38425183296203613
Bearing1_3,1702,0.2700084149837494,0.3803938627243042
Bearing1_3,1703,0.2695871889591217,0.3705860376358032
Bearing1_3,1704,0.269165962934494,0.3775748312473297
Bearing1_3,1705,0.26874473690986633,0.3798356354236603
Bearing1_3,1706,0.26832351088523865,0.37706083059310913
Bearing1_3,1707,0.26790228486061096,0.37419646978378296
Bearing1_3,1708,0.2674810588359833,0.37794578075408936
Bearing1_3,1709,0.2670598030090332,0.3757322132587433
Bearing1_3,1710,0.2666385769844055,0.363492488861084
Bearing1_3,1711,0.26621735095977783,0.3716388940811157
Bearing1_3,1712,0.26579612493515015,0.37027209997177124
Bearing1_3,1713,0.26537489891052246,0.36531388759613037
Bearing1_3,1714,0.2649536728858948,0.35689646005630493
Bearing1_3,1715,0.2645324468612671,0.3713877499103546
Bearing1_3,1716,0.264111191034317,0.3747625946998596
Bearing1_3,1717,0.26368996500968933,0.37014737725257874
Bearing1_3,1718,0.26326873898506165,0.35926416516304016
Bearing1_3,1719,0.26284751296043396,0.3731648921966553
Bearing1_3,1720,0.2624262869358063,0.3582640588283539
Bearing1_3,1721,0.2620050609111786,0.35964423418045044
Bearing1_3,1722,0.2615838348865509,0.35439249873161316
Bearing1_3,1723,0.2611626088619232,0.3441522419452667
Bearing1_3,1724,0.26074135303497314,0.3495188057422638
Bearing1_3,1725,0.26032012701034546,0.3645564913749695
Bearing1_3,1726,0.2598989009857178,0.3550007939338684
Bearing1_3,1727,0.2594776749610901,0.3622923195362091
Bearing1_3,1728,0.2590564489364624,0.3592875003814697
Bearing1_3,1729,0.2586352229118347,0.3448357880115509
Bearing1_3,1730,0.25821399688720703,0.35280048847198486
Bearing1_3,1731,0.25779274106025696,0.35083872079849243
Bearing1_3,1732,0.2573715150356293,0.33327269554138184
Bearing1_3,1733,0.2569502890110016,0.33673787117004395
Bearing1_3,1734,0.2565290629863739,0.3319660723209381
Bearing1_3,1735,0.2561078369617462,0.3261857330799103
Bearing1_3,1736,0.25568661093711853,0.29834020137786865
Bearing1_3,1737,0.25526538491249084,0.3087371587753296
Bearing1_3,1738,0.25484415888786316,0.2963496446609497
Bearing1_3,1739,0.2544229030609131,0.2886614203453064
Bearing1_3,1740,0.2540016770362854,0.3137305974960327
Bearing1_3,1741,0.2535804510116577,0.3214823603630066
Bearing1_3,1742,0.25315922498703003,0.2985076904296875
Bearing1_3,1743,0.25273799896240234,0.3105623126029968
Bearing1_3,1744,0.25231677293777466,0.3139817714691162
Bearing1_3,1745,0.251895546913147,0.32911866903305054
Bearing1_3,1746,0.2514742910861969,0.3260611891746521
Bearing1_3,1747,0.2510530650615692,0.3106450140476227
Bearing1_3,1748,0.25063183903694153,0.31767332553863525
Bearing1_3,1749,0.25021061301231384,0.3188064396381378
Bearing1_3,1750,0.24978938698768616,0.30850735306739807
Bearing1_3,1751,0.24936816096305847,0.3137705326080322
Bearing1_3,1752,0.2489469200372696,0.3130246102809906
Bearing1_3,1753,0.2485256940126419,0.3090546429157257
Bearing1_3,1754,0.24810446798801422,0.31746959686279297
Bearing1_3,1755,0.24768324196338654,0.3133126199245453
Bearing1_3,1756,0.24726200103759766,0.30671438574790955
Bearing1_3,1757,0.24684077501296997,0.30777838826179504
Bearing1_3,1758,0.24641954898834229,0.31184011697769165
Bearing1_3,1759,0.2459983080625534,0.319957435131073
Bearing1_3,1760,0.24557708203792572,0.30972757935523987
Bearing1_3,1761,0.24515585601329803,0.2982868254184723
Bearing1_3,1762,0.24473462998867035,0.3036518096923828
Bearing1_3,1763,0.24431338906288147,0.29835012555122375
Bearing1_3,1764,0.24389216303825378,0.302621990442276
Bearing1_3,1765,0.2434709370136261,0.2890588939189911
Bearing1_3,1766,0.2430497109889984,0.29958876967430115
Bearing1_3,1767,0.24262847006320953,0.3040604293346405
Bearing1_3,1768,0.24220724403858185,0.31413909792900085
Bearing1_3,1769,0.24178601801395416,0.30683931708335876
Bearing1_3,1770,0.24136479198932648,0.3021678626537323
Bearing1_3,1771,0.2409435510635376,0.3014920949935913
Bearing1_3,1772,0.2405223250389099,0.30077770352363586
Bearing1_3,1773,0.24010109901428223,0.3008929491043091
Bearing1_3,1774,0.23967985808849335,0.32252630591392517
Bearing1_3,1775,0.23925863206386566,0.3101102113723755
Bearing1_3,1776,0.23883740603923798,0.3150317966938019
Bearing1_3,1777,0.2384161800146103,0.30608507990837097
Bearing1_3,1778,0.2379949390888214,0.29744604229927063
Bearing1_3,1779,0.23757371306419373,0.3092212677001953
Bearing1_3,1780,0.23715248703956604,0.31742939352989197
Bearing1_3,1781,0.23673126101493835,0.3012266457080841
Bearing1_3,1782,0.23631002008914948,0.30058547854423523
Bearing1_3,1783,0.2358887940645218,0.2994110882282257
Bearing1_3,1784,0.2354675680398941,0.3222658038139343
Bearing1_3,1785,0.23504634201526642,0.3035077750682831
Bearing1_3,1786,0.23462510108947754,0.3089558482170105
Bearing1_3,1787,0.23420387506484985,0.3105003833770752
Bearing1_3,1788,0.23378264904022217,0.3003869652748108
Bearing1_3,1789,0.2333614081144333,0.30502232909202576
Bearing1_3,1790,0.2329401820898056,0.30600011348724365
Bearing1_3,1791,0.23251895606517792,0.29598939418792725
Bearing1_3,1792,0.23209773004055023,0.3110775053501129
Bearing1_3,1793,0.23167648911476135,0.30162546038627625
Bearing1_3,1794,0.23125526309013367,0.3069037199020386
Bearing1_3,1795,0.23083403706550598,0.2909422814846039
Bearing1_3,1796,0.2304128110408783,0.28627753257751465
Bearing1_3,1797,0.22999157011508942,0.2794366478919983
Bearing1_3,1798,0.22957034409046173,0.27843815088272095
Bearing1_3,1799,0.22914911806583405,0.28303438425064087
Bearing1_3,1800,0.22872789204120636,0.27682632207870483
Bearing1_3,1801,0.22830665111541748,0.2805595099925995
Bearing1_3,1802,0.2278854250907898,0.2818804979324341
Bearing1_3,1803,0.2274641990661621,0.27452144026756287
Bearing1_3,1804,0.22704295814037323,0.27422696352005005
Bearing1_3,1805,0.22662173211574554,0.2702023983001709
Bearing1_3,1806,0.22620050609111786,0.26749518513679504
Bearing1_3,1807,0.22577928006649017,0.2664216458797455
Bearing1_3,1808,0.2253580391407013,0.26430872082710266
Bearing1_3,1809,0.2249368131160736,0.2685890793800354
Bearing1_3,1810,0.22451558709144592,0.2614692449569702
Bearing1_3,1811,0.22409436106681824,0.2693062424659729
Bearing1_3,1812,0.22367312014102936,0.27410921454429626
Bearing1_3,1813,0.22325189411640167,0.2709972560405731
Bearing1_3,1814,0.222830668091774,0.2688729166984558
Bearing1_3,1815,0.2224094420671463,0.26888248324394226
Bearing1_3,1816,0.22198820114135742,0.2614825367927551
Bearing1_3,1817,0.22156697511672974,0.2604156732559204
Bearing1_3,1818,0.22114574909210205,0.25490525364875793
Bearing1_3,1819,0.22072450816631317,0.2787644863128662
Bearing1_3,1820,0.22030328214168549,0.27096498012542725
Bearing1_3,1821,0.2198820561170578,0.2692960202693939
Bearing1_3,1822,0.21946083009243011,0.2759759724140167
Bearing1_3,1823,0.21903958916664124,0.2703784704208374
Bearing1_3,1824,0.21861836314201355,0.270862877368927
Bearing1_3,1825,0.21819713711738586,0.2680453658103943
Bearing1_3,1826,0.21777591109275818,0.27636921405792236
Bearing1_3,1827,0.2173546701669693,0.2846544682979584
Bearing1_3,1828,0.2169334441423416,0.29220569133758545
Bearing1_3,1829,0.21651221811771393,0.2894154489040375
Bearing1_3,1830,0.21609099209308624,0.2876780033111572
Bearing1_3,1831,0.21566975116729736,0.2864951491355896
Bearing1_3,1832,0.21524852514266968,0.28145673871040344
Bearing1_3,1833,0.214827299118042,0.2942292094230652
Bearing1_3,1834,0.2144060730934143,0.28341472148895264
Bearing1_3,1835,0.21398483216762543,0.2785944938659668
Bearing1_3,1836,0.21356360614299774,0.28188976645469666
Bearing1_3,1837,0.21314238011837006,0.27208778262138367
Bearing1_3,1838,0.21272113919258118,0.2760477364063263
Bearing1_3,1839,0.2122999131679535,0.2766278088092804
Bearing1_3,1840,0.2118786871433258,0.2749246060848236
Bearing1_3,1841,0.21145746111869812,0.2768443524837494
Bearing1_3,1842,0.21103622019290924,0.2814159691333771
Bearing1_3,1843,0.21061499416828156,0.27811431884765625
Bearing1_3,1844,0.21019376814365387,0.27779558300971985
Bearing1_3,1845,0.20977254211902618,0.2772565484046936
Bearing1_3,1846,0.2093513011932373,0.27597373723983765
Bearing1_3,1847,0.20893007516860962,0.28730008006095886
Bearing1_3,1848,0.20850884914398193,0.2760855555534363
Bearing1_3,1849,0.20808762311935425,0.28614702820777893
Bearing1_3,1850,0.20766638219356537,0.2832692563533783
Bearing1_3,1851,0.20724515616893768,0.26902082562446594
Bearing1_3,1852,0.20682393014431,0.26686686277389526
Bearing1_3,1853,0.20640268921852112,0.2630627453327179
Bearing1_3,1854,0.20598146319389343,0.268557608127594
Bearing1_3,1855,0.20556023716926575,0.27197545766830444
Bearing1_3,1856,0.20513901114463806,0.27054110169410706
Bearing1_3,1857,0.20471777021884918,0.2614220678806305
Bearing1_3,1858,0.2042965441942215,0.25719940662384033
Bearing1_3,1859,0.2038753181695938,0.2618771195411682
Bearing1_3,1860,0.20345409214496613,0.2590649724006653
Bearing1_3,1861,0.20303285121917725,0.2637539803981781
Bearing1_3,1862,0.20261162519454956,0.268445760011673
Bearing1_3,1863,0.20219039916992188,0.25732430815696716
Bearing1_3,1864,0.2017691731452942,0.2605641186237335
Bearing1_3,1865,0.2013479322195053,0.2657034397125244
Bearing1_3,1866,0.20092670619487762,0.2703650891780853
Bearing1_3,1867,0.20050548017024994,0.2509433329105377
Bearing1_3,1868,0.20008423924446106,0.2594207525253296
Bearing1_3,1869,0.19966301321983337,0.2632928192615509
Bearing1_3,1870,0.1992417871952057,0.25132209062576294
Bearing1_3,1871,0.198820561170578,0.2508913576602936
Bearing1_3,1872,0.19839932024478912,0.24615159630775452
Bearing1_3,1873,0.19797809422016144,0.24830755591392517
Bearing1_3,1874,0.19755686819553375,0.25129395723342896
Bearing1_3,1875,0.19713564217090607,0.24029362201690674
Bearing1_3,1876,0.1967144012451172,0.24237515032291412
Bearing1_3,1877,0.1962931752204895,0.23965635895729065
Bearing1_3,1878,0.19587194919586182,0.2456532120704651
Bearing1_3,1879,0.19545072317123413,0.24072274565696716
Bearing1_3,1880,0.19502948224544525,0.2401900291442871
Bearing1_3,1881,0.19460825622081757,0.2472626268863678
Bearing1_3,1882,0.19418703019618988,0.24203534424304962
Bearing1_3,1883,0.193765789270401,0.25109338760375977
Bearing1_3,1884,0.19334456324577332,0.2531466484069824
Bearing1_3,1885,0.19292333722114563,0.25573301315307617
Bearing1_3,1886,0.19250211119651794,0.25558650493621826
Bearing1_3,1887,0.19208087027072906,0.26140618324279785
Bearing1_3,1888,0.19165964424610138,0.24943123757839203
Bearing1_3,1889,0.1912384182214737,0.25024721026420593
Bearing1_3,1890,0.190817192196846,0.2662661373615265
Bearing1_3,1891,0.19039595127105713,0.2522895336151123
Bearing1_3,1892,0.18997472524642944,0.2538950741291046
Bearing1_3,1893,0.18955349922180176,0.25943082571029663
Bearing1_3,1894,0.18913227319717407,0.26091280579566956
Bearing1_3,1895,0.1887110322713852,0.2503300905227661
Bearing1_3,1896,0.1882898062467575,0.2568860352039337
Bearing1_3,1897,0.18786858022212982,0.2583754360675812
Bearing1_3,1898,0.18744733929634094,0.2544650435447693
Bearing1_3,1899,0.18702611327171326,0.2524055540561676
Bearing1_3,1900,0.18660488724708557,0.2516087293624878
Bearing1_3,1901,0.18618366122245789,0.25148725509643555
Bearing1_3,1902,0.185762420296669,0.2585062086582184
Bearing1_3,1903,0.18534119427204132,0.25474753975868225
Bearing1_3,1904,0.18491996824741364,0.2568407952785492
Bearing1_3,1905,0.18449874222278595,0.25359538197517395
Bearing1_3,1906,0.18407750129699707,0.24830828607082367
Bearing1_3,1907,0.18365627527236938,0.2561447024345398
Bearing1_3,1908,0.1832350492477417,0.2593322694301605
Bearing1_3,1909,0.182813823223114,0.2532435655593872
Bearing1_3,1910,0.18239258229732513,0.24034655094146729
Bearing1_3,1911,0.18197135627269745,0.24535411596298218
Bearing1_3,1912,0.18155013024806976,0.25102877616882324
Bearing1_3,1913,0.18112888932228088,0.25312018394470215
Bearing1_3,1914,0.1807076632976532,0.2539888322353363
Bearing1_3,1915,0.1802864372730255,0.26079079508781433
Bearing1_3,1916,0.17986521124839783,0.26303717494010925
Bearing1_3,1917,0.17944397032260895,0.2571623623371124
Bearing1_3,1918,0.17902274429798126,0.2506401240825653
Bearing1_3,1919,0.17860151827335358,0.25371530652046204
Bearing1_3,1920,0.1781802922487259,0.26231569051742554
Bearing1_3,1921,0.177759051322937,0.25584983825683594
Bearing1_3,1922,0.17733782529830933,0.25639578700065613
Bearing1_3,1923,0.17691659927368164,0.26086997985839844
Bearing1_3,1924,0.17649537324905396,0.2585468292236328
Bearing1_3,1925,0.17607413232326508,0.2563250958919525
Bearing1_3,1926,0.1756529062986374,0.257657915353775
Bearing1_3,1927,0.1752316802740097,0.25076165795326233
Bearing1_3,1928,0.17481043934822083,0.2438075691461563
Bearing1_3,1929,0.17438921332359314,0.25272470712661743
Bearing1_3,1930,0.17396798729896545,0.2473098337650299
Bearing1_3,1931,0.17354676127433777,0.23712344467639923
Bearing1_3,1932,0.1731255203485489,0.2335449606180191
Bearing1_3,1933,0.1727042943239212,0.2368728667497635
Bearing1_3,1934,0.17228306829929352,0.2309696227312088
Bearing1_3,1935,0.17186184227466583,0.23834246397018433
Bearing1_3,1936,0.17144060134887695,0.23145374655723572
Bearing1_3,1937,0.17101937532424927,0.22803331911563873
Bearing1_3,1938,0.17059814929962158,0.22869651019573212
Bearing1_3,1939,0.1701769232749939,0.2327396124601364
Bearing1_3,1940,0.16975568234920502,0.23193837702274323
Bearing1_3,1941,0.16933445632457733,0.22737808525562286
Bearing1_3,1942,0.16891323029994965,0.22925609350204468
Bearing1_3,1943,0.16849198937416077,0.2243199497461319
Bearing1_3,1944,0.16807076334953308,0.2018267959356308
Bearing1_3,1945,0.1676495373249054,0.20742091536521912
Bearing1_3,1946,0.1672283113002777,0.19842563569545746
Bearing1_3,1947,0.16680707037448883,0.20866455137729645
Bearing1_3,1948,0.16638584434986115,0.19517265260219574
Bearing1_3,1949,0.16596461832523346,0.20278121531009674
Bearing1_3,1950,0.16554339230060577,0.20576074719429016
Bearing1_3,1951,0.1651221513748169,0.21337735652923584
Bearing1_3,1952,0.1647009253501892,0.21016550064086914
Bearing1_3,1953,0.16427969932556152,0.20999911427497864
Bearing1_3,1954,0.16385847330093384,0.2199847549200058
Bearing1_3,1955,0.16343723237514496,0.21698319911956787
Bearing1_3,1956,0.16301600635051727,0.23303848505020142
Bearing1_3,1957,0.1625947803258896,0.19886282086372375
Bearing1_3,1958,0.1621735394001007,0.2076629102230072
Bearing1_3,1959,0.16175231337547302,0.22331461310386658
Bearing1_3,1960,0.16133108735084534,0.22451061010360718
Bearing1_3,1961,0.16090986132621765,0.243434339761734
Bearing1_3,1962,0.16048862040042877,0.25039979815483093
Bearing1_3,1963,0.1600673943758011,0.2331831157207489
Bearing1_3,1964,0.1596461683511734,0.2341170310974121
Bearing1_3,1965,0.15922494232654572,0.2273222953081131
Bearing1_3,1966,0.15880370140075684,0.23060697317123413
Bearing1_3,1967,0.15838247537612915,0.24252499639987946
Bearing1_3,1968,0.15796124935150146,0.2431393712759018
Bearing1_3,1969,0.15754002332687378,0.24668684601783752
Bearing1_3,1970,0.1571187824010849,0.2314787656068802
Bearing1_3,1971,0.15669755637645721,0.22791902720928192
Bearing1_3,1972,0.15627633035182953,0.22136646509170532
Bearing1_3,1973,0.15585510432720184,0.22816354036331177
Bearing1_3,1974,0.15543386340141296,0.22957706451416016
Bearing1_3,1975,0.15501263737678528,0.2464008331298828
Bearing1_3,1976,0.1545914113521576,0.2329307496547699
Bearing1_3,1977,0.1541701704263687,0.24188347160816193
Bearing1_3,1978,0.15374894440174103,0.2359810471534729
Bearing1_3,1979,0.15332771837711334,0.239645317196846
Bearing1_3,1980,0.15290649235248566,0.24994899332523346
Bearing1_3,1981,0.15248525142669678,0.24436503648757935
Bearing1_3,1982,0.1520640254020691,0.25418224930763245
Bearing1_3,1983,0.1516427993774414,0.24793045222759247
Bearing1_3,1984,0.15122157335281372,0.24463008344173431
Bearing1_3,1985,0.15080033242702484,0.2335631102323532
Bearing1_3,1986,0.15037910640239716,0.23245221376419067
Bearing1_3,1987,0.14995788037776947,0.23959296941757202
Bearing1_3,1988,0.14953665435314178,0.23156875371932983
Bearing1_3,1989,0.1491154134273529,0.24187012016773224
Bearing1_3,1990,0.14869418740272522,0.2472238540649414
Bearing1_3,1991,0.14827296137809753,0.23083752393722534
Bearing1_3,1992,0.14785172045230865,0.24251686036586761
Bearing1_3,1993,0.14743049442768097,0.24290816485881805
Bearing1_3,1994,0.14700926840305328,0.25528058409690857
Bearing1_3,1995,0.1465880423784256,0.22505947947502136
Bearing1_3,1996,0.14616680145263672,0.22999198734760284
Bearing1_3,1997,0.14574557542800903,0.2298957258462906
Bearing1_3,1998,0.14532434940338135,0.21822874248027802
Bearing1_3,1999,0.14490312337875366,0.2101103812456131
Bearing1_3,2000,0.14448188245296478,0.2056483030319214
Bearing1_3,2001,0.1440606564283371,0.19686900079250336
Bearing1_3,2002,0.1436394304037094,0.21734841167926788
Bearing1_3,2003,0.14321820437908173,0.20350238680839539
Bearing1_3,2004,0.14279696345329285,0.20111577212810516
Bearing1_3,2005,0.14237573742866516,0.19790233671665192
Bearing1_3,2006,0.14195451140403748,0.21137551963329315
Bearing1_3,2007,0.1415332704782486,0.2110506296157837
Bearing1_3,2008,0.1411120444536209,0.23301148414611816
Bearing1_3,2009,0.14069081842899323,0.24839454889297485
Bearing1_3,2010,0.14026959240436554,0.23831278085708618
Bearing1_3,2011,0.13984835147857666,0.226450577378273
Bearing1_3,2012,0.13942712545394897,0.23736397922039032
Bearing1_3,2013,0.1390058994293213,0.22628241777420044
Bearing1_3,2014,0.1385846734046936,0.21055828034877777
Bearing1_3,2015,0.13816343247890472,0.20854929089546204
Bearing1_3,2016,0.13774220645427704,0.1858258992433548
Bearing1_3,2017,0.13732098042964935,0.20789368450641632
Bearing1_3,2018,0.13689975440502167,0.21843835711479187
Bearing1_3,2019,0.1364785134792328,0.19353510439395905
Bearing1_3,2020,0.1360572874546051,0.1898655891418457
Bearing1_3,2021,0.13563606142997742,0.1958009898662567
Bearing1_3,2022,0.13521482050418854,0.1855221688747406
Bearing1_3,2023,0.13479359447956085,0.18802478909492493
Bearing1_3,2024,0.13437236845493317,0.19344636797904968
Bearing1_3,2025,0.13395114243030548,0.19657593965530396
Bearing1_3,2026,0.1335299015045166,0.21367870271205902
Bearing1_3,2027,0.13310867547988892,0.2003077268600464
Bearing1_3,2028,0.13268744945526123,0.19042469561100006
Bearing1_3,2029,0.13226622343063354,0.19581715762615204
Bearing1_3,2030,0.13184498250484467,0.21184702217578888
Bearing1_3,2031,0.13142375648021698,0.20644579827785492
Bearing1_3,2032,0.1310025304555893,0.210127592086792
Bearing1_3,2033,0.1305813044309616,0.21404676139354706
Bearing1_3,2034,0.13016006350517273,0.2117140293121338
Bearing1_3,2035,0.12973883748054504,0.20332451164722443
Bearing1_3,2036,0.12931761145591736,0.2241753339767456
Bearing1_3,2037,0.12889637053012848,0.2500675320625305
Bearing1_3,2038,0.1284751445055008,0.21584618091583252
Bearing1_3,2039,0.1280539184808731,0.2112550586462021
Bearing1_3,2040,0.12763269245624542,0.20604196190834045
Bearing1_3,2041,0.12721145153045654,0.03218352422118187
Bearing1_3,2042,0.12679022550582886,0.17787271738052368
Bearing1_3,2043,0.12636899948120117,0.20704318583011627
Bearing1_3,2044,0.1259477734565735,0.23098689317703247
Bearing1_3,2045,0.1255265325307846,0.16532590985298157
Bearing1_3,2046,0.12510530650615692,0.13242056965827942
Bearing1_3,2047,0.12468408048152924,0.025389155372977257
Bearing1_3,2048,0.12426284700632095,0.24054937064647675
Bearing1_3,2049,0.12384162098169327,0.2523101270198822
Bearing1_3,2050,0.12342038750648499,0.225190669298172
Bearing1_3,2051,0.1229991540312767,0.2515389025211334
Bearing1_3,2052,0.12257792800664902,0.206186443567276
Bearing1_3,2053,0.12215669453144073,0.19868595898151398
Bearing1_3,2054,0.12173546850681305,0.21727582812309265
Bearing1_3,2055,0.12131423503160477,0.20790892839431763
Bearing1_3,2056,0.12089300900697708,0.2121697962284088
Bearing1_3,2057,0.1204717755317688,0.22405895590782166
Bearing1_3,2058,0.12005054950714111,0.20464609563350677
Bearing1_3,2059,0.11962931603193283,0.20207935571670532
Bearing1_3,2060,0.11920809000730515,0.19863776862621307
Bearing1_3,2061,0.11878685653209686,0.206896111369133
Bearing1_3,2062,0.11836563050746918,0.21431607007980347
Bearing1_3,2063,0.1179443970322609,0.21976906061172485
Bearing1_3,2064,0.11752317100763321,0.21957945823669434
Bearing1_3,2065,0.11710193753242493,0.19648241996765137
Bearing1_3,2066,0.11668070405721664,0.189766526222229
Bearing1_3,2067,0.11625947803258896,0.21254563331604004
Bearing1_3,2068,0.11583824455738068,0.2108609825372696
Bearing1_3,2069,0.11541701853275299,0.19868424534797668
Bearing1_3,2070,0.11499578505754471,0.1968674212694168
Bearing1_3,2071,0.11457455903291702,0.17816172540187836
Bearing1_3,2072,0.11415332555770874,0.17625951766967773
Bearing1_3,2073,0.11373209953308105,0.16549105942249298
Bearing1_3,2074,0.11331086605787277,0.15814030170440674
Bearing1_3,2075,0.11288964003324509,0.1581084430217743
Bearing1_3,2076,0.1124684065580368,0.14614921808242798
Bearing1_3,2077,0.11204718053340912,0.15099447965621948
Bearing1_3,2078,0.11162594705820084,0.15208381414413452
Bearing1_3,2079,0.11120472103357315,0.14914724230766296
Bearing1_3,2080,0.11078348755836487,0.1623525768518448
Bearing1_3,2081,0.11036225408315659,0.15848051011562347
Bearing1_3,2082,0.1099410280585289,0.1675320863723755
Bearing1_3,2083,0.10951979458332062,0.1650887429714203
Bearing1_3,2084,0.10909856855869293,0.1820339411497116
Bearing1_3,2085,0.10867733508348465,0.16221389174461365
Bearing1_3,2086,0.10825610905885696,0.1650763899087906
Bearing1_3,2087,0.10783487558364868,0.16908299922943115
Bearing1_3,2088,0.107413649559021,0.17663529515266418
Bearing1_3,2089,0.10699241608381271,0.17315995693206787
Bearing1_3,2090,0.10657119005918503,0.19892612099647522
Bearing1_3,2091,0.10614995658397675,0.18073990941047668
Bearing1_3,2092,0.10572873055934906,0.16990624368190765
Bearing1_3,2093,0.10530749708414078,0.17105433344841003
Bearing1_3,2094,0.10488627105951309,0.16213417053222656
Bearing1_3,2095,0.10446503758430481,0.15765471756458282
Bearing1_3,2096,0.10404381155967712,0.15836124122142792
Bearing1_3,2097,0.10362257808446884,0.16071482002735138
Bearing1_3,2098,0.10320134460926056,0.15479250252246857
Bearing1_3,2099,0.10278011858463287,0.1485113501548767
Bearing1_3,2100,0.10235888510942459,0.13958561420440674
Bearing1_3,2101,0.1019376590847969,0.15548987686634064
Bearing1_3,2102,0.10151642560958862,0.14077457785606384
Bearing1_3,2103,0.10109519958496094,0.13653264939785004
Bearing1_3,2104,0.10067396610975266,0.13445623219013214
Bearing1_3,2105,0.10025274008512497,0.14831575751304626
Bearing1_3,2106,0.09983150660991669,0.14745090901851654
Bearing1_3,2107,0.099410280585289,0.16300757229328156
Bearing1_3,2108,0.09898904711008072,0.15681415796279907
Bearing1_3,2109,0.09856782108545303,0.1593906134366989
Bearing1_3,2110,0.09814658761024475,0.1537231057882309
Bearing1_3,2111,0.09772536158561707,0.15200035274028778
Bearing1_3,2112,0.09730412811040878,0.14880163967609406
Bearing1_3,2113,0.0968828946352005,0.1247308999300003
Bearing1_3,2114,0.09646166861057281,0.12077981978654861
Bearing1_3,2115,0.09604043513536453,0.08925014734268188
Bearing1_3,2116,0.09561920911073685,0.0862911194562912
Bearing1_3,2117,0.09519797563552856,0.09027747809886932
Bearing1_3,2118,0.09477674961090088,0.08860387653112411
Bearing1_3,2119,0.0943555161356926,0.06433005630970001
Bearing1_3,2120,0.09393429011106491,0.07296847552061081
Bearing1_3,2121,0.09351305663585663,0.10758122056722641
Bearing1_3,2122,0.09309183061122894,0.07948549091815948
Bearing1_3,2123,0.09267059713602066,0.08770406246185303
Bearing1_3,2124,0.09224937111139297,0.09883907437324524
Bearing1_3,2125,0.09182813763618469,0.10243488103151321
Bearing1_3,2126,0.091406911611557,0.10109321027994156
Bearing1_3,2127,0.09098567813634872,0.10087770968675613
Bearing1_3,2128,0.09056444466114044,0.10225815325975418
Bearing1_3,2129,0.09014321863651276,0.1118234395980835
Bearing1_3,2130,0.08972198516130447,0.012441273778676987
Bearing1_3,2131,0.08930075913667679,0.01282031461596489
Bearing1_3,2132,0.0888795256614685,0.013116461224853992
Bearing1_3,2133,0.08845829963684082,0.012408992275595665
Bearing1_3,2134,0.08803706616163254,0.014806482009589672
Bearing1_3,2135,0.08761584013700485,0.012064254842698574
Bearing1_3,2136,0.08719460666179657,0.011809452436864376
Bearing1_3,2137,0.08677338063716888,0.01153416559100151
Bearing1_3,2138,0.0863521471619606,0.011997533962130547
Bearing1_3,2139,0.08593092113733292,0.011872337199747562
Bearing1_3,2140,0.08550968766212463,0.011749154888093472
Bearing1_3,2141,0.08508846163749695,0.011957542970776558
Bearing1_3,2142,0.08466722816228867,0.011785881593823433
Bearing1_3,2143,0.08424599468708038,0.011656074784696102
Bearing1_3,2144,0.0838247686624527,0.011698014102876186
Bearing1_3,2145,0.08340353518724442,0.011831375770270824
Bearing1_3,2146,0.08298230916261673,0.011951622553169727
Bearing1_3,2147,0.08256107568740845,0.13831567764282227
Bearing1_3,2148,0.08213984966278076,0.14739321172237396
Bearing1_3,2149,0.08171861618757248,0.1590295135974884
Bearing1_3,2150,0.0812973901629448,0.15408110618591309
Bearing1_3,2151,0.08087615668773651,0.1525651514530182
Bearing1_3,2152,0.08045493066310883,0.15004920959472656
Bearing1_3,2153,0.08003369718790054,0.13617001473903656
Bearing1_3,2154,0.07961247116327286,0.11742737889289856
Bearing1_3,2155,0.07919123768806458,0.10633528977632523
Bearing1_3,2156,0.07877001166343689,0.09687604010105133
Bearing1_3,2157,0.07834877818822861,0.12224756181240082
Bearing1_3,2158,0.07792755216360092,0.12342414259910583
Bearing1_3,2159,0.07750631868839264,0.12077562510967255
Bearing1_3,2160,0.07708508521318436,0.12209527939558029
Bearing1_3,2161,0.07666385918855667,0.11524590104818344
Bearing1_3,2162,0.07624262571334839,0.11200910061597824
Bearing1_3,2163,0.0758213996887207,0.10331296920776367
Bearing1_3,2164,0.07540016621351242,0.05329200252890587
Bearing1_3,2165,0.07497894018888474,0.014271063730120659
Bearing1_3,2166,0.07455770671367645,0.07351429760456085
Bearing1_3,2167,0.07413648068904877,0.06442573666572571
Bearing1_3,2168,0.07371524721384048,0.07095406204462051
Bearing1_3,2169,0.0732940211892128,0.08553851395845413
Bearing1_3,2170,0.07287278771400452,0.08761076629161835
Bearing1_3,2171,0.07245156168937683,0.09187137335538864
Bearing1_3,2172,0.07203032821416855,0.04756007343530655
Bearing1_3,2173,0.07160910218954086,0.027428707107901573
Bearing1_3,2174,0.07118786871433258,0.050616368651390076
Bearing1_3,2175,0.0707666352391243,0.05815204232931137
Bearing1_3,2176,0.07034540921449661,0.11532048881053925
Bearing1_3,2177,0.06992417573928833,0.07436277717351913
Bearing1_3,2178,0.06950294971466064,0.04533492401242256
Bearing1_3,2179,0.06908171623945236,0.07296107709407806
Bearing1_3,2180,0.06866049021482468,0.09610065817832947
Bearing1_3,2181,0.0682392567396164,0.0432320311665535
Bearing1_3,2182,0.06781803071498871,0.026831865310668945
Bearing1_3,2183,0.06739679723978043,0.09774991869926453
Bearing1_3,2184,0.06697557121515274,0.10382699966430664
Bearing1_3,2185,0.06655433773994446,0.01625264808535576
Bearing1_3,2186,0.06613311171531677,0.11949267983436584
Bearing1_3,2187,0.06571187824010849,0.012541718780994415
Bearing1_3,2188,0.0652906522154808,0.012449014000594616
Bearing1_3,2189,0.06486941874027252,0.012687926180660725
Bearing1_3,2190,0.06444818526506424,0.016969408839941025
Bearing1_3,2191,0.06402695924043655,0.011961797252297401
Bearing1_3,2192,0.06360572576522827,0.011831091716885567
Bearing1_3,2193,0.06318449974060059,0.011525530368089676
Bearing1_3,2194,0.0627632662653923,0.012389915995299816
Bearing1_3,2195,0.06234204024076462,0.013775545172393322
Bearing1_3,2196,0.061920810490846634,0.10423082113265991
Bearing1_3,2197,0.06149957701563835,0.06873530894517899
Bearing1_3,2198,0.06107834726572037,0.02917405217885971
Bearing1_3,2199,0.06065711751580238,0.011996358633041382
Bearing1_3,2200,0.0602358877658844,0.012337715364992619
Bearing1_3,2201,0.059814658015966415,0.08617427945137024
Bearing1_3,2202,0.05939342826604843,0.07314973324537277
Bearing1_3,2203,0.05897219851613045,0.08516792953014374
Bearing1_3,2204,0.05855096876621246,0.07612710446119308
Bearing1_3,2205,0.05812973901629448,0.07899118214845657
Bearing1_3,2206,0.057708509266376495,0.10299494862556458
Bearing1_3,2207,0.05728727951645851,0.08812545984983444
Bearing1_3,2208,0.05686604976654053,0.0751059502363205
Bearing1_3,2209,0.05644482001662254,0.04907456040382385
Bearing1_3,2210,0.05602359026670456,0.08494909852743149
Bearing1_3,2211,0.055602360516786575,0.09294449537992477
Bearing1_3,2212,0.05518112704157829,0.031574856489896774
Bearing1_3,2213,0.05475989729166031,0.06530222296714783
Bearing1_3,2214,0.054338667541742325,0.055685970932245255
Bearing1_3,2215,0.05391743779182434,0.016704687848687172
Bearing1_3,2216,0.05349620804190636,0.012659096159040928
Bearing1_3,2217,0.05307497829198837,0.011498736217617989
Bearing1_3,2218,0.05265374854207039,0.011785953305661678
Bearing1_3,2219,0.052232518792152405,0.011962128803133965
Bearing1_3,2220,0.05181128904223442,0.011568580754101276
Bearing1_3,2221,0.05139005929231644,0.011905066668987274
Bearing1_3,2222,0.05096882954239845,0.012664234265685081
Bearing1_3,2223,0.05054759979248047,0.012275505810976028
Bearing1_3,2224,0.050126370042562485,0.011859595775604248
Bearing1_3,2225,0.0497051402926445,0.011873831041157246
Bearing1_3,2226,0.04928391054272652,0.011771682649850845
Bearing1_3,2227,0.04886268079280853,0.012387288734316826
Bearing1_3,2228,0.04844144731760025,0.013639843091368675
Bearing1_3,2229,0.048020217567682266,0.020112963393330574
Bearing1_3,2230,0.04759898781776428,0.013535457663238049
Bearing1_3,2231,0.0471777580678463,0.015447648242115974
Bearing1_3,2232,0.046756528317928314,0.012699968181550503
Bearing1_3,2233,0.04633529856801033,0.012076650746166706
Bearing1_3,2234,0.045914068818092346,0.011774113401770592
Bearing1_3,2235,0.04549283906817436,0.012170091271400452
Bearing1_3,2236,0.04507160931825638,0.011609841138124466
Bearing1_3,2237,0.044650379568338394,0.011597995646297932
Bearing1_3,2238,0.04422914981842041,0.01159233320504427
Bearing1_3,2239,0.043807920068502426,0.011798739433288574
Bearing1_3,2240,0.04338669031858444,0.011843233369290829
Bearing1_3,2241,0.04296546056866646,0.011832903139293194
Bearing1_3,2242,0.042544230818748474,0.011903737671673298
Bearing1_3,2243,0.04212299734354019,0.01149856299161911
Bearing1_3,2244,0.04170176759362221,0.012319832108914852
Bearing1_3,2245,0.041280537843704224,0.01237020269036293
Bearing1_3,2246,0.04085930809378624,0.012991078197956085
Bearing1_3,2247,0.040438078343868256,0.013854301534593105
Bearing1_3,2248,0.04001684859395027,0.012120557948946953
Bearing1_3,2249,0.03959561884403229,0.01396188698709011
Bearing1_3,2250,0.039174389094114304,0.011722411960363388
Bearing1_3,2251,0.03875315934419632,0.01165319699794054
Bearing1_3,2252,0.038331929594278336,0.011348797008395195
Bearing1_3,2253,0.03791069984436035,0.013633948750793934
Bearing1_3,2254,0.03748947009444237,0.011598460376262665
Bearing1_3,2255,0.037068240344524384,0.012070780619978905
Bearing1_3,2256,0.0366470105946064,0.011503093875944614
Bearing1_3,2257,0.036225780844688416,0.011599089950323105
Bearing1_3,2258,0.03580455109477043,0.012985698878765106
Bearing1_3,2259,0.03538331761956215,0.012856362387537956
Bearing1_3,2260,0.034962087869644165,0.013026250526309013
Bearing1_3,2261,0.03454085811972618,0.012985124252736568
Bearing1_3,2262,0.0341196283698082,0.014541261829435825
Bearing1_3,2263,0.03369839861989021,0.012886491604149342
Bearing1_3,2264,0.03327716886997223,0.011742867529392242
Bearing1_3,2265,0.032855939120054245,0.011644511483609676
Bearing1_3,2266,0.03243470937013626,0.011964085511863232
Bearing1_3,2267,0.03201347962021828,0.011899587698280811
Bearing1_3,2268,0.03159224987030029,0.011590924113988876
Bearing1_3,2269,0.03117102012038231,0.012448511086404324
Bearing1_3,2270,0.030749788507819176,0.01185266301035881
Bearing1_3,2271,0.03032855875790119,0.011586676351726055
Bearing1_3,2272,0.029907329007983208,0.011802753433585167
Bearing1_3,2273,0.029486099258065224,0.011760860681533813
Bearing1_3,2274,0.02906486950814724,0.011686266399919987
Bearing1_3,2275,0.028643639758229256,0.012678731232881546
Bearing1_3,2276,0.02822241000831127,0.012060453183948994
Bearing1_3,2277,0.027801180258393288,0.011452319100499153
Bearing1_3,2278,0.027379948645830154,0.01175384595990181
Bearing1_3,2279,0.02695871889591217,0.011938673444092274
Bearing1_3,2280,0.026537489145994186,0.011892050504684448
Bearing1_3,2281,0.026116259396076202,0.011721781454980373
Bearing1_3,2282,0.02569502964615822,0.011640375480055809
Bearing1_3,2283,0.025273799896240234,0.011537106707692146
Bearing1_3,2284,0.02485257014632225,0.012168347835540771
Bearing1_3,2285,0.024431340396404266,0.011700703762471676
Bearing1_3,2286,0.024010108783841133,0.01207190565764904
Bearing1_3,2287,0.02358887903392315,0.01158264558762312
Bearing1_3,2288,0.023167649284005165,0.011916190385818481
Bearing1_3,2289,0.02274641953408718,0.01160095352679491
Bearing1_3,2290,0.022325189784169197,0.011729611083865166
Bearing1_3,2291,0.021903960034251213,0.011714685708284378
Bearing1_3,2292,0.02148273028433323,0.011872101575136185
Bearing1_3,2293,0.021061498671770096,0.011917962692677975
Bearing1_3,2294,0.020640268921852112,0.011923248879611492
Bearing1_3,2295,0.020219039171934128,0.01223952230066061
Bearing1_3,2296,0.019797809422016144,0.011946589685976505
Bearing1_3,2297,0.01937657967209816,0.012287548743188381
Bearing1_3,2298,0.018955349922180176,0.012183637358248234
Bearing1_3,2299,0.018534120172262192,0.011859595775604248
Bearing1_3,2300,0.018112890422344208,0.011356059461832047
Bearing1_3,2301,0.017691658809781075,0.012402612715959549
Bearing1_3,2302,0.01727042905986309,0.01178465411067009
Bearing1_3,2303,0.016849199309945107,0.01164500042796135
Bearing1_3,2304,0.016427969560027122,0.1023726835846901
Bearing1_3,2305,0.01600673981010914,0.10331053286790848
Bearing1_3,2306,0.015585510060191154,0.10302124917507172
Bearing1_3,2307,0.015164279378950596,0.10334867984056473
Bearing1_3,2308,0.014743049629032612,0.10426677018404007
Bearing1_3,2309,0.014321819879114628,0.10512278228998184
Bearing1_3,2310,0.013900590129196644,0.10468544811010361
Bearing1_3,2311,0.013479359447956085,0.10432315617799759
Bearing1_3,2312,0.013058129698038101,0.1077764555811882
Bearing1_3,2313,0.012636899948120117,0.10489879548549652
Bearing1_3,2314,0.012215670198202133,0.10550343990325928
Bearing1_3,2315,0.011794439516961575,0.10837960988283157
Bearing1_3,2316,0.01137320976704359,0.10724063962697983
Bearing1_3,2317,0.010951980017125607,0.1080150306224823
Bearing1_3,2318,0.010530749335885048,0.10912078619003296
Bearing1_3,2319,0.010109519585967064,0.1284978985786438
Bearing1_3,2320,0.00968828983604908,0.13108113408088684
Bearing1_3,2321,0.009267060086131096,0.1315625160932541
Bearing1_3,2322,0.008845829404890537,0.1214965358376503
Bearing1_3,2323,0.008424599654972553,0.11417624354362488
Bearing1_3,2324,0.00800336990505457,0.1180088073015213
Bearing1_3,2325,0.007582139689475298,0.11471951007843018
Bearing1_3,2326,0.007160909939557314,0.11386580765247345
Bearing1_3,2327,0.006739679723978043,0.12250635772943497
Bearing1_3,2328,0.006318449974060059,0.11598196625709534
Bearing1_3,2329,0.005897219758480787,0.1167493388056755
Bearing1_3,2330,0.005475990008562803,0.1204778403043747
Bearing1_3,2331,0.005054759792983532,0.11767794191837311
Bearing1_3,2332,0.004633530043065548,0.11855974048376083
Bearing1_3,2333,0.004212299827486277,0.12052694708108902
Bearing1_3,2334,0.003791069844737649,0.12228080630302429
Bearing1_3,2335,0.0033698398619890213,0.12369699776172638
Bearing1_3,2336,0.0029486098792403936,0.12367940694093704
Bearing1_3,2337,0.002527379896491766,0.12547214329242706
Bearing1_3,2338,0.0021061499137431383,0.12328779697418213
Bearing1_3,2339,0.0016849199309945107,0.12095236778259277
Bearing1_3,2340,0.001263689948245883,0.1205354705452919
Bearing1_3,2341,0.0008424599654972553,0.12151629477739334
Bearing1_3,2342,0.00042122998274862766,0.12283739447593689
Bearing1_3,2343,0.0,0.12538768351078033
Bearing1_4,0,0.9782760739326477,0.9371445775032043
Bearing1_4,1,0.9775753617286682,0.9427208304405212
Bearing1_4,2,0.976874589920044,0.9414700269699097
Bearing1_4,3,0.9761738181114197,0.9461951851844788
Bearing1_4,4,0.9754730463027954,0.9411266446113586
Bearing1_4,5,0.9747722744941711,0.9429796934127808
Bearing1_4,6,0.9740715026855469,0.9451249837875366
Bearing1_4,7,0.9733707308769226,0.9365171790122986
Bearing1_4,8,0.9726699590682983,0.9304082989692688
Bearing1_4,9,0.9719691872596741,0.9373958110809326
Bearing1_4,10,0.9712684154510498,0.9265608191490173
Bearing1_4,11,0.9705676436424255,0.9298465847969055
Bearing1_4,12,0.9698668718338013,0.9244433641433716
Bearing1_4,13,0.969166100025177,0.9356728196144104
Bearing1_4,14,0.9684653282165527,0.9243195056915283
Bearing1_4,15,0.9677645564079285,0.9181631803512573
Bearing1_4,16,0.9670637845993042,0.9161428809165955
Bearing1_4,17,0.9663630127906799,0.9213539361953735
Bearing1_4,18,0.9656622409820557,0.9106632471084595
Bearing1_4,19,0.9649614691734314,0.9031622409820557
Bearing1_4,20,0.9642606973648071,0.9005916714668274
Bearing1_4,21,0.9635599255561829,0.8986461758613586
Bearing1_4,22,0.9628591537475586,0.8948171138763428
Bearing1_4,23,0.9621583819389343,0.8922078013420105
Bearing1_4,24,0.9614576101303101,0.8853084444999695
Bearing1_4,25,0.9607568383216858,0.8879818916320801
Bearing1_4,26,0.9600560665130615,0.8832637071609497
Bearing1_4,27,0.9593552947044373,0.8749790787696838
Bearing1_4,28,0.958654522895813,0.8663284182548523
Bearing1_4,29,0.9579537510871887,0.864526093006134
Bearing1_4,30,0.9572529792785645,0.8590205311775208
Bearing1_4,31,0.9565522074699402,0.8599815368652344
Bearing1_4,32,0.9558514356613159,0.8499084115028381
Bearing1_4,33,0.9551506638526917,0.8545755743980408
Bearing1_4,34,0.9544498920440674,0.8455740809440613
Bearing1_4,35,0.9537491202354431,0.8345739245414734
Bearing1_4,36,0.9530483484268188,0.8207312822341919
Bearing1_4,37,0.9523475766181946,0.8097366690635681
Bearing1_4,38,0.9516468048095703,0.8027598857879639
Bearing1_4,39,0.950946033000946,0.8066613674163818
Bearing1_4,40,0.9502452611923218,0.8067541718482971
Bearing1_4,41,0.9495444893836975,0.8047894239425659
Bearing1_4,42,0.9488437175750732,0.8058562874794006
Bearing1_4,43,0.948142945766449,0.7972859740257263
Bearing1_4,44,0.9474421739578247,0.7984731793403625
Bearing1_4,45,0.9467414021492004,0.7960648536682129
Bearing1_4,46,0.9460406303405762,0.7903396487236023
Bearing1_4,47,0.9453398585319519,0.7930344939231873
Bearing1_4,48,0.9446390867233276,0.7941602468490601
Bearing1_4,49,0.9439383149147034,0.795897901058197
Bearing1_4,50,0.9432375431060791,0.7983320355415344
Bearing1_4,51,0.9425367712974548,0.7953028082847595
Bearing1_4,52,0.9418359994888306,0.8075389266014099
Bearing1_4,53,0.9411352276802063,0.7998871207237244
Bearing1_4,54,0.940434455871582,0.7928637862205505
Bearing1_4,55,0.9397336840629578,0.8170435428619385
Bearing1_4,56,0.9390329122543335,0.8088038563728333
Bearing1_4,57,0.9383321404457092,0.8148601651191711
Bearing1_4,58,0.937631368637085,0.8008783459663391
Bearing1_4,59,0.9369305968284607,0.8120089769363403
Bearing1_4,60,0.9362298250198364,0.8093444108963013
Bearing1_4,61,0.9355290532112122,0.8007034659385681
Bearing1_4,62,0.9348282814025879,0.8127652406692505
Bearing1_4,63,0.9341275691986084,0.8040713667869568
Bearing1_4,64,0.9334267973899841,0.8079983592033386
Bearing1_4,65,0.9327260255813599,0.8166300654411316
Bearing1_4,66,0.9320252537727356,0.8093794584274292
Bearing1_4,67,0.9313244819641113,0.8089553117752075
Bearing1_4,68,0.9306237101554871,0.8049787878990173
Bearing1_4,69,0.9299229383468628,0.8080111145973206
Bearing1_4,70,0.9292221665382385,0.8085575699806213
Bearing1_4,71,0.9285213947296143,0.806684136390686
Bearing1_4,72,0.92782062292099,0.805325448513031
Bearing1_4,73,0.9271198511123657,0.8034648895263672
Bearing1_4,74,0.9264190793037415,0.7926706075668335
Bearing1_4,75,0.9257183074951172,0.7967349290847778
Bearing1_4,76,0.9250175356864929,0.7972260117530823
Bearing1_4,77,0.9243167638778687,0.7891501188278198
Bearing1_4,78,0.9236159920692444,0.8002520203590393
Bearing1_4,79,0.9229152202606201,0.7929866313934326
Bearing1_4,80,0.9222144484519958,0.797662615776062
Bearing1_4,81,0.9215136766433716,0.8024991750717163
Bearing1_4,82,0.9208129048347473,0.7975831031799316
Bearing1_4,83,0.920112133026123,0.7806653380393982
Bearing1_4,84,0.9194113612174988,0.7914294004440308
Bearing1_4,85,0.9187105894088745,0.7879249453544617
Bearing1_4,86,0.9180098176002502,0.7788639068603516
Bearing1_4,87,0.917309045791626,0.7593865990638733
Bearing1_4,88,0.9166082739830017,0.7430688142776489
Bearing1_4,89,0.9159075021743774,0.7245187759399414
Bearing1_4,90,0.9152067303657532,0.7454280853271484
Bearing1_4,91,0.9145059585571289,0.7327497601509094
Bearing1_4,92,0.9138051867485046,0.73723965883255
Bearing1_4,93,0.9131044149398804,0.7432277798652649
Bearing1_4,94,0.9124036431312561,0.7385344505310059
Bearing1_4,95,0.9117028713226318,0.7575306296348572
Bearing1_4,96,0.9110020995140076,0.7481869459152222
Bearing1_4,97,0.9103013277053833,0.7341462969779968
Bearing1_4,98,0.909600555896759,0.735744833946228
Bearing1_4,99,0.9088997840881348,0.7436326742172241
Bearing1_4,100,0.9081990122795105,0.7337679266929626
Bearing1_4,101,0.9074982404708862,0.7410168647766113
Bearing1_4,102,0.906797468662262,0.7426930665969849
Bearing1_4,103,0.9060966968536377,0.7365193963050842
Bearing1_4,104,0.9053959250450134,0.7371662259101868
Bearing1_4,105,0.9046951532363892,0.7433292865753174
Bearing1_4,106,0.9039943814277649,0.7426843643188477
Bearing1_4,107,0.9032936096191406,0.7408314347267151
Bearing1_4,108,0.9025928378105164,0.7353399395942688
Bearing1_4,109,0.9018920660018921,0.7301716208457947
Bearing1_4,110,0.9011912941932678,0.7153039574623108
Bearing1_4,111,0.9004905223846436,0.7114920616149902
Bearing1_4,112,0.8997897505760193,0.7140468955039978
Bearing1_4,113,0.899088978767395,0.7138761281967163
Bearing1_4,114,0.8983882069587708,0.6997227072715759
Bearing1_4,115,0.8976874351501465,0.6997677087783813
Bearing1_4,116,0.8969866633415222,0.703822135925293
Bearing1_4,117,0.896285891532898,0.7012254595756531
Bearing1_4,118,0.8955851197242737,0.6922157406806946
Bearing1_4,119,0.8948843479156494,0.7000648379325867
Bearing1_4,120,0.8941835761070251,0.6963344216346741
Bearing1_4,121,0.8934828042984009,0.6974145174026489
Bearing1_4,122,0.8927820324897766,0.6953654885292053
Bearing1_4,123,0.8920812606811523,0.6921553611755371
Bearing1_4,124,0.8913804888725281,0.6896722912788391
Bearing1_4,125,0.8906797766685486,0.6849332451820374
Bearing1_4,126,0.8899790048599243,0.6814706325531006
Bearing1_4,127,0.8892782330513,0.6900853514671326
Bearing1_4,128,0.8885774612426758,0.6809989213943481
Bearing1_4,129,0.8878766894340515,0.6791884303092957
Bearing1_4,130,0.8871759176254272,0.6893254518508911
Bearing1_4,131,0.886475145816803,0.6901868581771851
Bearing1_4,132,0.8857743740081787,0.6781750917434692
Bearing1_4,133,0.8850736021995544,0.686886191368103
Bearing1_4,134,0.8843728303909302,0.6819414496421814
Bearing1_4,135,0.8836720585823059,0.6743687987327576
Bearing1_4,136,0.8829712867736816,0.6767971515655518
Bearing1_4,137,0.8822705149650574,0.682742178440094
Bearing1_4,138,0.8815697431564331,0.6836794018745422
Bearing1_4,139,0.8808689713478088,0.6796222925186157
Bearing1_4,140,0.8801681995391846,0.6798350214958191
Bearing1_4,141,0.8794674277305603,0.6958008408546448
Bearing1_4,142,0.878766655921936,0.6827126145362854
Bearing1_4,143,0.8780658841133118,0.6756089329719543
Bearing1_4,144,0.8773651123046875,0.6781763434410095
Bearing1_4,145,0.8766643404960632,0.693062961101532
Bearing1_4,146,0.875963568687439,0.6868196129798889
Bearing1_4,147,0.8752627968788147,0.6840971112251282
Bearing1_4,148,0.8745620250701904,0.6832810044288635
Bearing1_4,149,0.8738612532615662,0.688478410243988
Bearing1_4,150,0.8731604814529419,0.693856954574585
Bearing1_4,151,0.8724597096443176,0.6981046199798584
Bearing1_4,152,0.8717589378356934,0.6993894577026367
Bearing1_4,153,0.8710581660270691,0.712073028087616
Bearing1_4,154,0.8703573942184448,0.6999738216400146
Bearing1_4,155,0.8696566224098206,0.7176236510276794
Bearing1_4,156,0.8689558506011963,0.715207040309906
Bearing1_4,157,0.868255078792572,0.7171841859817505
Bearing1_4,158,0.8675543069839478,0.716414213180542
Bearing1_4,159,0.8668535351753235,0.7223769426345825
Bearing1_4,160,0.8661527633666992,0.7158915400505066
Bearing1_4,161,0.865451991558075,0.7183940410614014
Bearing1_4,162,0.8647512197494507,0.7033177614212036
Bearing1_4,163,0.8640504479408264,0.7100523114204407
Bearing1_4,164,0.8633496761322021,0.7088552117347717
Bearing1_4,165,0.8626489043235779,0.6932711005210876
Bearing1_4,166,0.8619481325149536,0.6944858431816101
Bearing1_4,167,0.8612473607063293,0.7037113904953003
Bearing1_4,168,0.8605465888977051,0.7013685703277588
Bearing1_4,169,0.8598458170890808,0.701366662979126
Bearing1_4,170,0.8591450452804565,0.6907745003700256
Bearing1_4,171,0.8584442734718323,0.6936392784118652
Bearing1_4,172,0.857743501663208,0.6869702935218811
Bearing1_4,173,0.8570427298545837,0.6914411187171936
Bearing1_4,174,0.8563419580459595,0.6901743412017822
Bearing1_4,175,0.8556411862373352,0.6913091540336609
Bearing1_4,176,0.8549404144287109,0.6912285089492798
Bearing1_4,177,0.8542396426200867,0.6904040575027466
Bearing1_4,178,0.8535388708114624,0.6965345144271851
Bearing1_4,179,0.8528380990028381,0.6964328289031982
Bearing1_4,180,0.8521373271942139,0.7110017538070679
Bearing1_4,181,0.8514365553855896,0.704592764377594
Bearing1_4,182,0.8507357835769653,0.7033539414405823
Bearing1_4,183,0.8500350117683411,0.7099822163581848
Bearing1_4,184,0.8493342399597168,0.6976158022880554
Bearing1_4,185,0.8486334681510925,0.691380500793457
Bearing1_4,186,0.8479326963424683,0.6819559931755066
Bearing1_4,187,0.8472319841384888,0.6861164569854736
Bearing1_4,188,0.8465312123298645,0.6918657422065735
Bearing1_4,189,0.8458304405212402,0.7023888826370239
Bearing1_4,190,0.845129668712616,0.70220547914505
Bearing1_4,191,0.8444288969039917,0.6941726803779602
Bearing1_4,192,0.8437281250953674,0.6935008764266968
Bearing1_4,193,0.8430273532867432,0.7050005793571472
Bearing1_4,194,0.8423265814781189,0.7057223320007324
Bearing1_4,195,0.8416258096694946,0.706861674785614
Bearing1_4,196,0.8409250378608704,0.7018112540245056
Bearing1_4,197,0.8402242660522461,0.7038068771362305
Bearing1_4,198,0.8395234942436218,0.7082574367523193
Bearing1_4,199,0.8388227224349976,0.7072761654853821
Bearing1_4,200,0.8381219506263733,0.6982547640800476
Bearing1_4,201,0.837421178817749,0.7052431702613831
Bearing1_4,202,0.8367204070091248,0.7008336782455444
Bearing1_4,203,0.8360196352005005,0.7036485075950623
Bearing1_4,204,0.8353188633918762,0.7014223337173462
Bearing1_4,205,0.834618091583252,0.6886178851127625
Bearing1_4,206,0.8339173197746277,0.6968567371368408
Bearing1_4,207,0.8332165479660034,0.6902896761894226
Bearing1_4,208,0.8325157761573792,0.6944429278373718
Bearing1_4,209,0.8318150043487549,0.6949933767318726
Bearing1_4,210,0.8311142325401306,0.689330518245697
Bearing1_4,211,0.8304134607315063,0.6890097260475159
Bearing1_4,212,0.8297126889228821,0.696403980255127
Bearing1_4,213,0.8290119171142578,0.6920336484909058
Bearing1_4,214,0.8283111453056335,0.6926571130752563
Bearing1_4,215,0.8276103734970093,0.684923529624939
Bearing1_4,216,0.826909601688385,0.6900193691253662
Bearing1_4,217,0.8262088298797607,0.6813305020332336
Bearing1_4,218,0.8255080580711365,0.6936180591583252
Bearing1_4,219,0.8248072862625122,0.6869603991508484
Bearing1_4,220,0.8241065144538879,0.6833368539810181
Bearing1_4,221,0.8234057426452637,0.68537837266922
Bearing1_4,222,0.8227049708366394,0.6802112460136414
Bearing1_4,223,0.8220041990280151,0.6898539662361145
Bearing1_4,224,0.8213034272193909,0.6921030282974243
Bearing1_4,225,0.8206026554107666,0.6820414662361145
Bearing1_4,226,0.8199018836021423,0.6796238422393799
Bearing1_4,227,0.8192011117935181,0.6821216344833374
Bearing1_4,228,0.8185003399848938,0.675291895866394
Bearing1_4,229,0.8177995681762695,0.6765557527542114
Bearing1_4,230,0.8170987963676453,0.6805098056793213
Bearing1_4,231,0.816398024559021,0.6744625568389893
Bearing1_4,232,0.8156972527503967,0.674929141998291
Bearing1_4,233,0.8149964809417725,0.6716575622558594
Bearing1_4,234,0.8142957091331482,0.6748177409172058
Bearing1_4,235,0.8135949373245239,0.6732711791992188
Bearing1_4,236,0.8128941655158997,0.6735278964042664
Bearing1_4,237,0.8121933937072754,0.6678680181503296
Bearing1_4,238,0.8114926218986511,0.6723340153694153
Bearing1_4,239,0.8107918500900269,0.6721161603927612
Bearing1_4,240,0.8100910782814026,0.6715620756149292
Bearing1_4,241,0.8093903064727783,0.675594687461853
Bearing1_4,242,0.808689534664154,0.6789348721504211
Bearing1_4,243,0.8079887628555298,0.6800428628921509
Bearing1_4,244,0.8072879910469055,0.6794600486755371
Bearing1_4,245,0.8065872192382812,0.6824110150337219
Bearing1_4,246,0.805886447429657,0.6732409000396729
Bearing1_4,247,0.8051856756210327,0.6763636469841003
Bearing1_4,248,0.8044849038124084,0.6765574812889099
Bearing1_4,249,0.803784191608429,0.6715892553329468
Bearing1_4,250,0.8030834197998047,0.6674283742904663
Bearing1_4,251,0.8023826479911804,0.6638999581336975
Bearing1_4,252,0.8016818761825562,0.6696361899375916
Bearing1_4,253,0.8009811043739319,0.6743897795677185
Bearing1_4,254,0.8002803325653076,0.6755141615867615
Bearing1_4,255,0.7995795607566833,0.6818205714225769
Bearing1_4,256,0.7988787889480591,0.6843493580818176
Bearing1_4,257,0.7981780171394348,0.6710357069969177
Bearing1_4,258,0.7974772453308105,0.67400723695755
Bearing1_4,259,0.7967764735221863,0.6665970683097839
Bearing1_4,260,0.796075701713562,0.6626557111740112
Bearing1_4,261,0.7953749299049377,0.6687629222869873
Bearing1_4,262,0.7946741580963135,0.6703923344612122
Bearing1_4,263,0.7939733862876892,0.6616438627243042
Bearing1_4,264,0.7932726144790649,0.6655228734016418
Bearing1_4,265,0.7925718426704407,0.6719634532928467
Bearing1_4,266,0.7918710708618164,0.674078643321991
Bearing1_4,267,0.7911702990531921,0.6675860285758972
Bearing1_4,268,0.7904695272445679,0.6623817682266235
Bearing1_4,269,0.7897687554359436,0.6728779077529907
Bearing1_4,270,0.7890679836273193,0.6654131412506104
Bearing1_4,271,0.7883672118186951,0.6673435568809509
Bearing1_4,272,0.7876664400100708,0.6783670783042908
Bearing1_4,273,0.7869656682014465,0.6874246001243591
Bearing1_4,274,0.7862648963928223,0.6756361722946167
Bearing1_4,275,0.785564124584198,0.6723276376724243
Bearing1_4,276,0.7848633527755737,0.6696725487709045
Bearing1_4,277,0.7841625809669495,0.6651270985603333
Bearing1_4,278,0.7834618091583252,0.6748213171958923
Bearing1_4,279,0.7827610373497009,0.6776423454284668
Bearing1_4,280,0.7820602655410767,0.6716933846473694
Bearing1_4,281,0.7813594937324524,0.6837968826293945
Bearing1_4,282,0.7806587219238281,0.6742817759513855
Bearing1_4,283,0.7799579501152039,0.6774588823318481
Bearing1_4,284,0.7792571783065796,0.6619210839271545
Bearing1_4,285,0.7785564064979553,0.6690816283226013
Bearing1_4,286,0.777855634689331,0.6697993278503418
Bearing1_4,287,0.7771548628807068,0.6797395944595337
Bearing1_4,288,0.7764540910720825,0.6678470969200134
Bearing1_4,289,0.7757533192634583,0.6777148842811584
Bearing1_4,290,0.775052547454834,0.6746098399162292
Bearing1_4,291,0.7743517756462097,0.683569610118866
Bearing1_4,292,0.7736510038375854,0.680325448513031
Bearing1_4,293,0.7729502320289612,0.6768247485160828
Bearing1_4,294,0.7722494602203369,0.6714823246002197
Bearing1_4,295,0.7715486884117126,0.6780904531478882
Bearing1_4,296,0.7708479166030884,0.6736518144607544
Bearing1_4,297,0.7701471447944641,0.6781479716300964
Bearing1_4,298,0.7694463729858398,0.6747480630874634
Bearing1_4,299,0.7687456011772156,0.6794469356536865
Bearing1_4,300,0.7680448293685913,0.681731104850769
Bearing1_4,301,0.767344057559967,0.687420666217804
Bearing1_4,302,0.7666432857513428,0.6842153072357178
Bearing1_4,303,0.7659425139427185,0.6774457693099976
Bearing1_4,304,0.7652417421340942,0.6811606287956238
Bearing1_4,305,0.76454097032547,0.6760150194168091
Bearing1_4,306,0.7638401985168457,0.6739237308502197
Bearing1_4,307,0.7631394267082214,0.6651765704154968
Bearing1_4,308,0.7624386548995972,0.6826909184455872
Bearing1_4,309,0.7617378830909729,0.6773419976234436
Bearing1_4,310,0.7610371112823486,0.6829843521118164
Bearing1_4,311,0.7603363990783691,0.6882707476615906
Bearing1_4,312,0.7596356272697449,0.6781067848205566
Bearing1_4,313,0.7589348554611206,0.6798389554023743
Bearing1_4,314,0.7582340836524963,0.6806928515434265
Bearing1_4,315,0.7575333118438721,0.6859524250030518
Bearing1_4,316,0.7568325400352478,0.6833592653274536
Bearing1_4,317,0.7561317682266235,0.6827157139778137
Bearing1_4,318,0.7554309964179993,0.6794826984405518
Bearing1_4,319,0.754730224609375,0.6765486598014832
Bearing1_4,320,0.7540294528007507,0.676236093044281
Bearing1_4,321,0.7533286809921265,0.6833944916725159
Bearing1_4,322,0.7526279091835022,0.6789868474006653
Bearing1_4,323,0.7519271373748779,0.687562882900238
Bearing1_4,324,0.7512263655662537,0.678104817867279
Bearing1_4,325,0.7505255937576294,0.6782671213150024
Bearing1_4,326,0.7498248219490051,0.6755969524383545
Bearing1_4,327,0.7491240501403809,0.6795074939727783
Bearing1_4,328,0.7484232783317566,0.6827002763748169
Bearing1_4,329,0.7477225065231323,0.6971094608306885
Bearing1_4,330,0.7470217347145081,0.6959916949272156
Bearing1_4,331,0.7463209629058838,0.6839514374732971
Bearing1_4,332,0.7456201910972595,0.695253849029541
Bearing1_4,333,0.7449194192886353,0.6919082999229431
Bearing1_4,334,0.744218647480011,0.6971117258071899
Bearing1_4,335,0.7435178756713867,0.6964487433433533
Bearing1_4,336,0.7428171038627625,0.700919508934021
Bearing1_4,337,0.7421163320541382,0.7075329422950745
Bearing1_4,338,0.7414155602455139,0.7085307240486145
Bearing1_4,339,0.7407147884368896,0.7025882005691528
Bearing1_4,340,0.7400140166282654,0.7151250243186951
Bearing1_4,341,0.7393132448196411,0.7155410051345825
Bearing1_4,342,0.7386124730110168,0.7105634808540344
Bearing1_4,343,0.7379117012023926,0.7132077813148499
Bearing1_4,344,0.7372109293937683,0.7223753929138184
Bearing1_4,345,0.736510157585144,0.697415828704834
Bearing1_4,346,0.7358093857765198,0.711296558380127
Bearing1_4,347,0.7351086139678955,0.7032247185707092
Bearing1_4,348,0.7344078421592712,0.6960564851760864
Bearing1_4,349,0.733707070350647,0.7079771757125854
Bearing1_4,350,0.7330062985420227,0.6996343731880188
Bearing1_4,351,0.7323055267333984,0.7084359526634216
Bearing1_4,352,0.7316047549247742,0.7105611562728882
Bearing1_4,353,0.7309039831161499,0.7005268931388855
Bearing1_4,354,0.7302032113075256,0.7052854895591736
Bearing1_4,355,0.7295024394989014,0.6948179006576538
Bearing1_4,356,0.7288016676902771,0.6976053714752197
Bearing1_4,357,0.7281008958816528,0.7002177238464355
Bearing1_4,358,0.7274001240730286,0.6985599398612976
Bearing1_4,359,0.7266993522644043,0.6852522492408752
Bearing1_4,360,0.72599858045578,0.6863543391227722
Bearing1_4,361,0.7252978086471558,0.6799148917198181
Bearing1_4,362,0.7245970368385315,0.679443359375
Bearing1_4,363,0.7238962650299072,0.6752198338508606
Bearing1_4,364,0.723195493221283,0.6743382811546326
Bearing1_4,365,0.7224947214126587,0.67500901222229
Bearing1_4,366,0.7217939496040344,0.6815776228904724
Bearing1_4,367,0.7210931777954102,0.6755423545837402
Bearing1_4,368,0.7203924059867859,0.682542622089386
Bearing1_4,369,0.7196916341781616,0.6750999093055725
Bearing1_4,370,0.7189908623695374,0.6696467995643616
Bearing1_4,371,0.7182900905609131,0.6717920899391174
Bearing1_4,372,0.7175893187522888,0.6768604516983032
Bearing1_4,373,0.7168886065483093,0.6799302101135254
Bearing1_4,374,0.7161878347396851,0.669623613357544
Bearing1_4,375,0.7154870629310608,0.6757672429084778
Bearing1_4,376,0.7147862911224365,0.6728790402412415
Bearing1_4,377,0.7140855193138123,0.6744039058685303
Bearing1_4,378,0.713384747505188,0.6705482602119446
Bearing1_4,379,0.7126839756965637,0.6731853485107422
Bearing1_4,380,0.7119832038879395,0.6772386431694031
Bearing1_4,381,0.7112824320793152,0.6740316152572632
Bearing1_4,382,0.7105816602706909,0.6700810790061951
Bearing1_4,383,0.7098808884620667,0.6772671341896057
Bearing1_4,384,0.7091801166534424,0.6695791482925415
Bearing1_4,385,0.7084793448448181,0.6661741733551025
Bearing1_4,386,0.7077785730361938,0.6705306768417358
Bearing1_4,387,0.7070778012275696,0.6742827296257019
Bearing1_4,388,0.7063770294189453,0.6641606688499451
Bearing1_4,389,0.705676257610321,0.6699008941650391
Bearing1_4,390,0.7049754858016968,0.670001745223999
Bearing1_4,391,0.7042747139930725,0.6639453768730164
Bearing1_4,392,0.7035739421844482,0.6654885411262512
Bearing1_4,393,0.702873170375824,0.6717308163642883
Bearing1_4,394,0.7021723985671997,0.6759864687919617
Bearing1_4,395,0.7014716267585754,0.6768530607223511
Bearing1_4,396,0.7007708549499512,0.6688027381896973
Bearing1_4,397,0.7000700831413269,0.6836408376693726
Bearing1_4,398,0.6993693113327026,0.685043215751648
Bearing1_4,399,0.6986685395240784,0.6777073740959167
Bearing1_4,400,0.6979677677154541,0.6766253709793091
Bearing1_4,401,0.6972669959068298,0.6899087429046631
Bearing1_4,402,0.6965662240982056,0.6882833242416382
Bearing1_4,403,0.6958654522895813,0.6853211522102356
Bearing1_4,404,0.695164680480957,0.687218964099884
Bearing1_4,405,0.6944639086723328,0.6812198758125305
Bearing1_4,406,0.6937631368637085,0.686776876449585
Bearing1_4,407,0.6930623650550842,0.6914291977882385
Bearing1_4,408,0.69236159324646,0.6896211504936218
Bearing1_4,409,0.6916608214378357,0.6990993618965149
Bearing1_4,410,0.6909600496292114,0.7027137279510498
Bearing1_4,411,0.6902592778205872,0.7089073657989502
Bearing1_4,412,0.6895585060119629,0.6954774260520935
Bearing1_4,413,0.6888577342033386,0.6996778249740601
Bearing1_4,414,0.6881569623947144,0.7091151475906372
Bearing1_4,415,0.6874561905860901,0.7091580033302307
Bearing1_4,416,0.6867554187774658,0.7100101709365845
Bearing1_4,417,0.6860546469688416,0.7195385694503784
Bearing1_4,418,0.6853538751602173,0.7153626084327698
Bearing1_4,419,0.684653103351593,0.7195625305175781
Bearing1_4,420,0.6839523315429688,0.7244178652763367
Bearing1_4,421,0.6832515597343445,0.7149660587310791
Bearing1_4,422,0.6825507879257202,0.7145273089408875
Bearing1_4,423,0.681850016117096,0.7253769040107727
Bearing1_4,424,0.6811492443084717,0.7250569462776184
Bearing1_4,425,0.6804484724998474,0.7323508858680725
Bearing1_4,426,0.6797477006912231,0.7312554717063904
Bearing1_4,427,0.6790469288825989,0.7238596081733704
Bearing1_4,428,0.6783461570739746,0.7227123379707336
Bearing1_4,429,0.6776453852653503,0.7214924693107605
Bearing1_4,430,0.6769446134567261,0.7150710225105286
Bearing1_4,431,0.6762438416481018,0.7198229432106018
Bearing1_4,432,0.6755430698394775,0.7213397026062012
Bearing1_4,433,0.6748422980308533,0.7194758653640747
Bearing1_4,434,0.674141526222229,0.719380795955658
Bearing1_4,435,0.6734408140182495,0.7127714157104492
Bearing1_4,436,0.6727400422096252,0.7258763313293457
Bearing1_4,437,0.672039270401001,0.7265347838401794
Bearing1_4,438,0.6713384985923767,0.7219907641410828
Bearing1_4,439,0.6706377267837524,0.7234601974487305
Bearing1_4,440,0.6699369549751282,0.7123314738273621
Bearing1_4,441,0.6692361831665039,0.708076000213623
Bearing1_4,442,0.6685354113578796,0.6882615685462952
Bearing1_4,443,0.6678346395492554,0.6849215030670166
Bearing1_4,444,0.6671338677406311,0.684935450553894
Bearing1_4,445,0.6664330959320068,0.6935117244720459
Bearing1_4,446,0.6657323241233826,0.6905167102813721
Bearing1_4,447,0.6650315523147583,0.6905480623245239
Bearing1_4,448,0.664330780506134,0.680648684501648
Bearing1_4,449,0.6636300086975098,0.6882902383804321
Bearing1_4,450,0.6629292368888855,0.677230715751648
Bearing1_4,451,0.6622284650802612,0.6821629405021667
Bearing1_4,452,0.661527693271637,0.6833978295326233
Bearing1_4,453,0.6608269214630127,0.6793628334999084
Bearing1_4,454,0.6601261496543884,0.683723509311676
Bearing1_4,455,0.6594253778457642,0.6807595491409302
Bearing1_4,456,0.6587246060371399,0.6800249814987183
Bearing1_4,457,0.6580238342285156,0.6908191442489624
Bearing1_4,458,0.6573230624198914,0.6703261733055115
Bearing1_4,459,0.6566222906112671,0.6801512837409973
Bearing1_4,460,0.6559215188026428,0.6888696551322937
Bearing1_4,461,0.6552207469940186,0.6834631562232971
Bearing1_4,462,0.6545199751853943,0.6839763522148132
Bearing1_4,463,0.65381920337677,0.6770667433738708
Bearing1_4,464,0.6531184315681458,0.6809054613113403
Bearing1_4,465,0.6524176597595215,0.6918115019798279
Bearing1_4,466,0.6517168879508972,0.6870429515838623
Bearing1_4,467,0.651016116142273,0.6768800616264343
Bearing1_4,468,0.6503153443336487,0.6834821701049805
Bearing1_4,469,0.6496145725250244,0.6897661685943604
Bearing1_4,470,0.6489138007164001,0.6864363551139832
Bearing1_4,471,0.6482130289077759,0.696607768535614
Bearing1_4,472,0.6475122570991516,0.7033764719963074
Bearing1_4,473,0.6468114852905273,0.6945722103118896
Bearing1_4,474,0.6461107134819031,0.7140425443649292
Bearing1_4,475,0.6454099416732788,0.7198503017425537
Bearing1_4,476,0.6447091698646545,0.7152508497238159
Bearing1_4,477,0.6440083980560303,0.7142783999443054
Bearing1_4,478,0.643307626247406,0.7082602977752686
Bearing1_4,479,0.6426068544387817,0.7200605273246765
Bearing1_4,480,0.6419060826301575,0.7149051427841187
Bearing1_4,481,0.6412053108215332,0.699034571647644
Bearing1_4,482,0.6405045390129089,0.6939842700958252
Bearing1_4,483,0.6398037672042847,0.6958585381507874
Bearing1_4,484,0.6391029953956604,0.6911812424659729
Bearing1_4,485,0.6384022235870361,0.6904473304748535
Bearing1_4,486,0.6377014517784119,0.6891182661056519
Bearing1_4,487,0.6370006799697876,0.6766746640205383
Bearing1_4,488,0.6362999081611633,0.6813334822654724
Bearing1_4,489,0.6355991363525391,0.685022234916687
Bearing1_4,490,0.6348983645439148,0.688779354095459
Bearing1_4,491,0.6341975927352905,0.6851381063461304
Bearing1_4,492,0.6334968209266663,0.6720872521400452
Bearing1_4,493,0.632796049118042,0.6742544770240784
Bearing1_4,494,0.6320952773094177,0.6807015538215637
Bearing1_4,495,0.6313945055007935,0.6753653883934021
Bearing1_4,496,0.6306937336921692,0.6758534908294678
Bearing1_4,497,0.6299930214881897,0.6648874878883362
Bearing1_4,498,0.6292922496795654,0.6636345982551575
Bearing1_4,499,0.6285914778709412,0.6639225482940674
Bearing1_4,500,0.6278907060623169,0.6712391376495361
Bearing1_4,501,0.6271899342536926,0.6699799299240112
Bearing1_4,502,0.6264891624450684,0.664417028427124
Bearing1_4,503,0.6257883906364441,0.6701002717018127
Bearing1_4,504,0.6250876188278198,0.6752368807792664
Bearing1_4,505,0.6243868470191956,0.6756273508071899
Bearing1_4,506,0.6236860752105713,0.6727555990219116
Bearing1_4,507,0.622985303401947,0.6679612994194031
Bearing1_4,508,0.6222845315933228,0.6690496802330017
Bearing1_4,509,0.6215837597846985,0.675243616104126
Bearing1_4,510,0.6208829879760742,0.6713294386863708
Bearing1_4,511,0.62018221616745,0.6768960356712341
Bearing1_4,512,0.6194814443588257,0.6827737092971802
Bearing1_4,513,0.6187806725502014,0.6760727167129517
Bearing1_4,514,0.6180799007415771,0.6779103875160217
Bearing1_4,515,0.6173791289329529,0.6780603528022766
Bearing1_4,516,0.6166783571243286,0.6688138246536255
Bearing1_4,517,0.6159775853157043,0.6714091897010803
Bearing1_4,518,0.6152768135070801,0.6767805814743042
Bearing1_4,519,0.6145760416984558,0.6754978895187378
Bearing1_4,520,0.6138752698898315,0.678507924079895
Bearing1_4,521,0.6131744980812073,0.6809642314910889
Bearing1_4,522,0.612473726272583,0.680460512638092
Bearing1_4,523,0.6117729544639587,0.6732583045959473
Bearing1_4,524,0.6110721826553345,0.664948046207428
Bearing1_4,525,0.6103714108467102,0.6733413934707642
Bearing1_4,526,0.6096706390380859,0.6641075611114502
Bearing1_4,527,0.6089698672294617,0.6620873808860779
Bearing1_4,528,0.6082690954208374,0.6656962633132935
Bearing1_4,529,0.6075683236122131,0.6740491390228271
Bearing1_4,530,0.6068675518035889,0.6639565825462341
Bearing1_4,531,0.6061667799949646,0.6740360856056213
Bearing1_4,532,0.6054660081863403,0.6739552617073059
Bearing1_4,533,0.6047652363777161,0.6700083017349243
Bearing1_4,534,0.6040644645690918,0.6725314855575562
Bearing1_4,535,0.6033636927604675,0.6760468482971191
Bearing1_4,536,0.6026629209518433,0.6622645258903503
Bearing1_4,537,0.601962149143219,0.6702960133552551
Bearing1_4,538,0.6012613773345947,0.6674423217773438
Bearing1_4,539,0.6005606055259705,0.6703083515167236
Bearing1_4,540,0.5998598337173462,0.6579108238220215
Bearing1_4,541,0.5991590619087219,0.65889972448349
Bearing1_4,542,0.5984582901000977,0.6495459675788879
Bearing1_4,543,0.5977575182914734,0.6540540456771851
Bearing1_4,544,0.5970567464828491,0.642484188079834
Bearing1_4,545,0.5963559746742249,0.6473621726036072
Bearing1_4,546,0.5956552028656006,0.6446375846862793
Bearing1_4,547,0.5949544310569763,0.6528251767158508
Bearing1_4,548,0.594253659248352,0.6592308878898621
Bearing1_4,549,0.5935528874397278,0.6613391041755676
Bearing1_4,550,0.5928521156311035,0.6521719694137573
Bearing1_4,551,0.5921513438224792,0.6638389229774475
Bearing1_4,552,0.591450572013855,0.6495779752731323
Bearing1_4,553,0.5907498002052307,0.65195232629776
Bearing1_4,554,0.5900490283966064,0.6535773873329163
Bearing1_4,555,0.5893482565879822,0.6596185564994812
Bearing1_4,556,0.5886474847793579,0.6562516689300537
Bearing1_4,557,0.5879467129707336,0.6595079302787781
Bearing1_4,558,0.5872459411621094,0.6599478721618652
Bearing1_4,559,0.5865452289581299,0.6541782021522522
Bearing1_4,560,0.5858444571495056,0.6555135250091553
Bearing1_4,561,0.5851436853408813,0.651939868927002
Bearing1_4,562,0.5844429135322571,0.6562744379043579
Bearing1_4,563,0.5837421417236328,0.6543580889701843
Bearing1_4,564,0.5830413699150085,0.6570111513137817
Bearing1_4,565,0.5823405981063843,0.6513124704360962
Bearing1_4,566,0.58163982629776,0.653684139251709
Bearing1_4,567,0.5809390544891357,0.6494367122650146
Bearing1_4,568,0.5802382826805115,0.652703046798706
Bearing1_4,569,0.5795375108718872,0.6474854350090027
Bearing1_4,570,0.5788367390632629,0.6508251428604126
Bearing1_4,571,0.5781359672546387,0.6548475027084351
Bearing1_4,572,0.5774351954460144,0.6568567752838135
Bearing1_4,573,0.5767344236373901,0.6665627360343933
Bearing1_4,574,0.5760336518287659,0.6711885929107666
Bearing1_4,575,0.5753328800201416,0.6652752757072449
Bearing1_4,576,0.5746321082115173,0.6612553000450134
Bearing1_4,577,0.5739313364028931,0.6580107808113098
Bearing1_4,578,0.5732305645942688,0.657033383846283
Bearing1_4,579,0.5725297927856445,0.6649684906005859
Bearing1_4,580,0.5718290209770203,0.6627366542816162
Bearing1_4,581,0.571128249168396,0.6571342349052429
Bearing1_4,582,0.5704274773597717,0.6602171063423157
Bearing1_4,583,0.5697267055511475,0.653060793876648
Bearing1_4,584,0.5690259337425232,0.6538392901420593
Bearing1_4,585,0.5683251619338989,0.6694112420082092
Bearing1_4,586,0.5676243901252747,0.6578985452651978
Bearing1_4,587,0.5669236183166504,0.6614316701889038
Bearing1_4,588,0.5662228465080261,0.6696895360946655
Bearing1_4,589,0.5655220746994019,0.6679059267044067
Bearing1_4,590,0.5648213028907776,0.6671504378318787
Bearing1_4,591,0.5641205310821533,0.6624284386634827
Bearing1_4,592,0.563419759273529,0.6534138321876526
Bearing1_4,593,0.5627189874649048,0.6586425304412842
Bearing1_4,594,0.5620182156562805,0.6566501259803772
Bearing1_4,595,0.5613174438476562,0.655893862247467
Bearing1_4,596,0.560616672039032,0.6683026552200317
Bearing1_4,597,0.5599159002304077,0.6669207811355591
Bearing1_4,598,0.5592151284217834,0.6681913137435913
Bearing1_4,599,0.5585143566131592,0.6732516884803772
Bearing1_4,600,0.5578135848045349,0.6783599257469177
Bearing1_4,601,0.5571128129959106,0.6740456223487854
Bearing1_4,602,0.5564120411872864,0.6770923137664795
Bearing1_4,603,0.5557112693786621,0.6731093525886536
Bearing1_4,604,0.5550104975700378,0.6676356792449951
Bearing1_4,605,0.5543097257614136,0.6664066910743713
Bearing1_4,606,0.5536089539527893,0.6633609533309937
Bearing1_4,607,0.552908182144165,0.6706112623214722
Bearing1_4,608,0.5522074103355408,0.6697240471839905
Bearing1_4,609,0.5515066385269165,0.6589727401733398
Bearing1_4,610,0.5508058667182922,0.6603344678878784
Bearing1_4,611,0.550105094909668,0.6632433533668518
Bearing1_4,612,0.5494043231010437,0.6592839956283569
Bearing1_4,613,0.5487035512924194,0.6619250774383545
Bearing1_4,614,0.5480027794837952,0.6649702191352844
Bearing1_4,615,0.5473020076751709,0.6639296412467957
Bearing1_4,616,0.5466012358665466,0.6697250008583069
Bearing1_4,617,0.5459004640579224,0.6678921580314636
Bearing1_4,618,0.5451996922492981,0.6695539355278015
Bearing1_4,619,0.5444989204406738,0.6705402731895447
Bearing1_4,620,0.5437981486320496,0.6649737358093262
Bearing1_4,621,0.5430974364280701,0.6630980372428894
Bearing1_4,622,0.5423966646194458,0.6618332266807556
Bearing1_4,623,0.5416958928108215,0.6602900624275208
Bearing1_4,624,0.5409951210021973,0.6644577980041504
Bearing1_4,625,0.540294349193573,0.6642323732376099
Bearing1_4,626,0.5395935773849487,0.6650121212005615
Bearing1_4,627,0.5388928055763245,0.6677535772323608
Bearing1_4,628,0.5381920337677002,0.6685764193534851
Bearing1_4,629,0.5374912619590759,0.6707276701927185
Bearing1_4,630,0.5367904901504517,0.6636812686920166
Bearing1_4,631,0.5360897183418274,0.6670386791229248
Bearing1_4,632,0.5353889465332031,0.669998824596405
Bearing1_4,633,0.5346881747245789,0.665254533290863
Bearing1_4,634,0.5339874029159546,0.6659424901008606
Bearing1_4,635,0.5332866311073303,0.6599835157394409
Bearing1_4,636,0.532585859298706,0.662654459476471
Bearing1_4,637,0.5318850874900818,0.6554034352302551
Bearing1_4,638,0.5311843156814575,0.6556265354156494
Bearing1_4,639,0.5304835438728333,0.6627873778343201
Bearing1_4,640,0.529782772064209,0.6601516604423523
Bearing1_4,641,0.5290820002555847,0.6575497388839722
Bearing1_4,642,0.5283812284469604,0.6588732600212097
Bearing1_4,643,0.5276804566383362,0.6563941240310669
Bearing1_4,644,0.5269796848297119,0.65472412109375
Bearing1_4,645,0.5262789130210876,0.6655069589614868
Bearing1_4,646,0.5255781412124634,0.6661975979804993
Bearing1_4,647,0.5248773694038391,0.6617156863212585
Bearing1_4,648,0.5241765975952148,0.6680790185928345
Bearing1_4,649,0.5234758257865906,0.6700462698936462
Bearing1_4,650,0.5227750539779663,0.6665518879890442
Bearing1_4,651,0.522074282169342,0.6678363084793091
Bearing1_4,652,0.5213735103607178,0.6660898923873901
Bearing1_4,653,0.5206727385520935,0.6774142384529114
Bearing1_4,654,0.5199719667434692,0.6770308017730713
Bearing1_4,655,0.519271194934845,0.6686400175094604
Bearing1_4,656,0.5185704231262207,0.6786410808563232
Bearing1_4,657,0.5178696513175964,0.6858347654342651
Bearing1_4,658,0.5171688795089722,0.6784165501594543
Bearing1_4,659,0.5164681077003479,0.6759225130081177
Bearing1_4,660,0.5157673358917236,0.6720663905143738
Bearing1_4,661,0.5150665640830994,0.6641653776168823
Bearing1_4,662,0.5143657922744751,0.6696479320526123
Bearing1_4,663,0.5136650204658508,0.6783163547515869
Bearing1_4,664,0.5129642486572266,0.6694827079772949
Bearing1_4,665,0.5122634768486023,0.6794573664665222
Bearing1_4,666,0.511562705039978,0.6683220267295837
Bearing1_4,667,0.5108619332313538,0.6768772602081299
Bearing1_4,668,0.5101611614227295,0.6715294122695923
Bearing1_4,669,0.5094603896141052,0.6717309355735779
Bearing1_4,670,0.508759617805481,0.6661937832832336
Bearing1_4,671,0.5080588459968567,0.6725071668624878
Bearing1_4,672,0.5073580741882324,0.6696271300315857
Bearing1_4,673,0.5066573023796082,0.6835296154022217
Bearing1_4,674,0.5059565305709839,0.6792724132537842
Bearing1_4,675,0.5052557587623596,0.6852405071258545
Bearing1_4,676,0.5045549869537354,0.6898829340934753
Bearing1_4,677,0.5038542151451111,0.6786298155784607
Bearing1_4,678,0.5031534433364868,0.6790202260017395
Bearing1_4,679,0.5024526715278625,0.6948733329772949
Bearing1_4,680,0.5017518997192383,0.6835126280784607
Bearing1_4,681,0.501051127910614,0.6827778220176697
Bearing1_4,682,0.5003503561019897,0.6824328303337097
Bearing1_4,683,0.49964961409568787,0.6802476048469543
Bearing1_4,684,0.4989488422870636,0.6830069422721863
Bearing1_4,685,0.49824807047843933,0.6815020442008972
Bearing1_4,686,0.49754729866981506,0.6801430583000183
Bearing1_4,687,0.4968465268611908,0.6811591982841492
Bearing1_4,688,0.49614575505256653,0.6779622435569763
Bearing1_4,689,0.49544498324394226,0.6765930652618408
Bearing1_4,690,0.494744211435318,0.685483455657959
Bearing1_4,691,0.4940434396266937,0.6788232922554016
Bearing1_4,692,0.49334266781806946,0.6899989247322083
Bearing1_4,693,0.4926418960094452,0.6828383207321167
Bearing1_4,694,0.4919411242008209,0.6852385997772217
Bearing1_4,695,0.49124035239219666,0.6972200870513916
Bearing1_4,696,0.4905395805835724,0.6882279515266418
Bearing1_4,697,0.4898388087749481,0.6808894276618958
Bearing1_4,698,0.48913803696632385,0.673353374004364
Bearing1_4,699,0.488437294960022,0.6735600233078003
Bearing1_4,700,0.4877365231513977,0.6704528331756592
Bearing1_4,701,0.48703575134277344,0.6826819777488708
Bearing1_4,702,0.48633497953414917,0.6802627444267273
Bearing1_4,703,0.4856342077255249,0.6839373707771301
Bearing1_4,704,0.48493343591690063,0.684428334236145
Bearing1_4,705,0.48423266410827637,0.6830615401268005
Bearing1_4,706,0.4835318922996521,0.6812757253646851
Bearing1_4,707,0.48283112049102783,0.6876875758171082
Bearing1_4,708,0.48213034868240356,0.6918578743934631
Bearing1_4,709,0.4814295768737793,0.6881001591682434
Bearing1_4,710,0.48072880506515503,0.693414032459259
Bearing1_4,711,0.48002803325653076,0.6860347390174866
Bearing1_4,712,0.4793272614479065,0.6851287484169006
Bearing1_4,713,0.4786264896392822,0.6955637335777283
Bearing1_4,714,0.47792571783065796,0.6840348243713379
Bearing1_4,715,0.4772249460220337,0.6821831464767456
Bearing1_4,716,0.4765241742134094,0.6741868257522583
Bearing1_4,717,0.47582340240478516,0.6752700805664062
Bearing1_4,718,0.4751226305961609,0.6797220706939697
Bearing1_4,719,0.4744218587875366,0.6772910356521606
Bearing1_4,720,0.47372108697891235,0.6736104488372803
Bearing1_4,721,0.4730203151702881,0.6783522963523865
Bearing1_4,722,0.4723195433616638,0.6740409135818481
Bearing1_4,723,0.47161877155303955,0.6705918908119202
Bearing1_4,724,0.4709179997444153,0.6761051416397095
Bearing1_4,725,0.470217227935791,0.6720782518386841
Bearing1_4,726,0.46951645612716675,0.6703376173973083
Bearing1_4,727,0.4688156843185425,0.6515893340110779
Bearing1_4,728,0.4681149125099182,0.6620824337005615
Bearing1_4,729,0.46741414070129395,0.6533077359199524
Bearing1_4,730,0.46671339869499207,0.6678823828697205
Bearing1_4,731,0.4660126268863678,0.662084698677063
Bearing1_4,732,0.46531185507774353,0.6585856080055237
Bearing1_4,733,0.46461108326911926,0.6654106974601746
Bearing1_4,734,0.463910311460495,0.6611229181289673
Bearing1_4,735,0.4632095396518707,0.6718710064888
Bearing1_4,736,0.46250876784324646,0.6749148964881897
Bearing1_4,737,0.4618079960346222,0.6661196351051331
Bearing1_4,738,0.4611072242259979,0.6718035936355591
Bearing1_4,739,0.46040645241737366,0.6653571724891663
Bearing1_4,740,0.4597056806087494,0.6602556705474854
Bearing1_4,741,0.4590049088001251,0.6651290059089661
Bearing1_4,742,0.45830413699150085,0.6647245287895203
Bearing1_4,743,0.4576033651828766,0.6638112664222717
Bearing1_4,744,0.4569025933742523,0.6700957417488098
Bearing1_4,745,0.45620182156562805,0.662942111492157
Bearing1_4,746,0.4555010497570038,0.6617898344993591
Bearing1_4,747,0.4548002779483795,0.6742202639579773
Bearing1_4,748,0.45409950613975525,0.680533766746521
Bearing1_4,749,0.453398734331131,0.6797420978546143
Bearing1_4,750,0.4526979625225067,0.6846156120300293
Bearing1_4,751,0.45199719071388245,0.6820186972618103
Bearing1_4,752,0.4512964189052582,0.6833652853965759
Bearing1_4,753,0.4505956470966339,0.6820940375328064
Bearing1_4,754,0.44989487528800964,0.6795942783355713
Bearing1_4,755,0.4491941034793854,0.6708166599273682
Bearing1_4,756,0.4484933316707611,0.6575331687927246
Bearing1_4,757,0.44779255986213684,0.654853105545044
Bearing1_4,758,0.4470917880535126,0.6432199478149414
Bearing1_4,759,0.4463910162448883,0.6507963538169861
Bearing1_4,760,0.44569024443626404,0.6473292708396912
Bearing1_4,761,0.44498950242996216,0.6466513276100159
Bearing1_4,762,0.4442887306213379,0.6384462714195251
Bearing1_4,763,0.4435879588127136,0.6315548419952393
Bearing1_4,764,0.44288718700408936,0.6262758374214172
Bearing1_4,765,0.4421864151954651,0.6250995397567749
Bearing1_4,766,0.4414856433868408,0.6256503462791443
Bearing1_4,767,0.44078487157821655,0.6224239468574524
Bearing1_4,768,0.4400840997695923,0.617186427116394
Bearing1_4,769,0.439383327960968,0.615607500076294
Bearing1_4,770,0.43868255615234375,0.608507513999939
Bearing1_4,771,0.4379817843437195,0.608129620552063
Bearing1_4,772,0.4372810125350952,0.6204143762588501
Bearing1_4,773,0.43658024072647095,0.6191866993904114
Bearing1_4,774,0.4358794689178467,0.618476927280426
Bearing1_4,775,0.4351786971092224,0.6144579648971558
Bearing1_4,776,0.43447792530059814,0.614071249961853
Bearing1_4,777,0.4337771534919739,0.6203953623771667
Bearing1_4,778,0.4330763816833496,0.6201117634773254
Bearing1_4,779,0.43237560987472534,0.6191929578781128
Bearing1_4,780,0.4316748380661011,0.623283326625824
Bearing1_4,781,0.4309740662574768,0.6162711977958679
Bearing1_4,782,0.43027329444885254,0.6187930703163147
Bearing1_4,783,0.42957252264022827,0.6185865998268127
Bearing1_4,784,0.428871750831604,0.6205819249153137
Bearing1_4,785,0.42817097902297974,0.6239359378814697
Bearing1_4,786,0.42747020721435547,0.6142953038215637
Bearing1_4,787,0.4267694354057312,0.6144858002662659
Bearing1_4,788,0.42606866359710693,0.6127319931983948
Bearing1_4,789,0.42536789178848267,0.6188953518867493
Bearing1_4,790,0.4246671199798584,0.6241039037704468
Bearing1_4,791,0.42396634817123413,0.6303058862686157
Bearing1_4,792,0.42326560616493225,0.6247724890708923
Bearing1_4,793,0.422564834356308,0.6307097673416138
Bearing1_4,794,0.4218640625476837,0.6348999738693237
Bearing1_4,795,0.42116329073905945,0.6354963779449463
Bearing1_4,796,0.4204625189304352,0.635398268699646
Bearing1_4,797,0.4197617471218109,0.6373547315597534
Bearing1_4,798,0.41906097531318665,0.6334861516952515
Bearing1_4,799,0.4183602035045624,0.6305835843086243
Bearing1_4,800,0.4176594316959381,0.6252376437187195
Bearing1_4,801,0.41695865988731384,0.6319036483764648
Bearing1_4,802,0.4162578880786896,0.6232632398605347
Bearing1_4,803,0.4155571162700653,0.6239384412765503
Bearing1_4,804,0.41485634446144104,0.6204051971435547
Bearing1_4,805,0.4141555726528168,0.6279113292694092
Bearing1_4,806,0.4134548008441925,0.6295838356018066
Bearing1_4,807,0.41275402903556824,0.6306033730506897
Bearing1_4,808,0.41205325722694397,0.6222220659255981
Bearing1_4,809,0.4113524854183197,0.6106849312782288
Bearing1_4,810,0.41065171360969543,0.6064264178276062
Bearing1_4,811,0.40995094180107117,0.6100966334342957
Bearing1_4,812,0.4092501699924469,0.6103745102882385
Bearing1_4,813,0.40854939818382263,0.6145970225334167
Bearing1_4,814,0.40784862637519836,0.6098668575286865
Bearing1_4,815,0.4071478545665741,0.5963980555534363
Bearing1_4,816,0.40644708275794983,0.5980340242385864
Bearing1_4,817,0.40574631094932556,0.5943059921264648
Bearing1_4,818,0.4050455391407013,0.6040015816688538
Bearing1_4,819,0.404344767332077,0.598480761051178
Bearing1_4,820,0.40364399552345276,0.6139947772026062
Bearing1_4,821,0.4029432237148285,0.612089991569519
Bearing1_4,822,0.4022424519062042,0.6115337610244751
Bearing1_4,823,0.40154170989990234,0.6216623783111572
Bearing1_4,824,0.4008409380912781,0.6218214631080627
Bearing1_4,825,0.4001401662826538,0.6220071911811829
Bearing1_4,826,0.39943939447402954,0.621379017829895
Bearing1_4,827,0.3987386226654053,0.6261976957321167
Bearing1_4,828,0.398037850856781,0.6254885792732239
Bearing1_4,829,0.39733707904815674,0.639714777469635
Bearing1_4,830,0.39663630723953247,0.6354901790618896
Bearing1_4,831,0.3959355354309082,0.6440333724021912
Bearing1_4,832,0.39523476362228394,0.6492093801498413
Bearing1_4,833,0.39453399181365967,0.6477000117301941
Bearing1_4,834,0.3938332200050354,0.647790789604187
Bearing1_4,835,0.39313244819641113,0.6537973284721375
Bearing1_4,836,0.39243167638778687,0.6510016918182373
Bearing1_4,837,0.3917309045791626,0.6430109739303589
Bearing1_4,838,0.39103013277053833,0.6429646611213684
Bearing1_4,839,0.39032936096191406,0.6326717138290405
Bearing1_4,840,0.3896285891532898,0.6253558993339539
Bearing1_4,841,0.3889278173446655,0.6365283131599426
Bearing1_4,842,0.38822704553604126,0.619900107383728
Bearing1_4,843,0.387526273727417,0.6224179267883301
Bearing1_4,844,0.3868255019187927,0.613215982913971
Bearing1_4,845,0.38612473011016846,0.6193277835845947
Bearing1_4,846,0.3854239583015442,0.6193100810050964
Bearing1_4,847,0.3847231864929199,0.6213974356651306
Bearing1_4,848,0.38402241468429565,0.6153700947761536
Bearing1_4,849,0.3833216428756714,0.6191719174385071
Bearing1_4,850,0.3826208710670471,0.6040665507316589
Bearing1_4,851,0.38192009925842285,0.6049073338508606
Bearing1_4,852,0.3812193274497986,0.6031753420829773
Bearing1_4,853,0.3805185556411743,0.6045540571212769
Bearing1_4,854,0.37981781363487244,0.5971667766571045
Bearing1_4,855,0.37911704182624817,0.5907863974571228
Bearing1_4,856,0.3784162700176239,0.5971479415893555
Bearing1_4,857,0.37771549820899963,0.5879818797111511
Bearing1_4,858,0.37701472640037537,0.5848570466041565
Bearing1_4,859,0.3763139545917511,0.577556312084198
Bearing1_4,860,0.37561318278312683,0.5848888754844666
Bearing1_4,861,0.37491241097450256,0.5927532911300659
Bearing1_4,862,0.3742116391658783,0.6018519997596741
Bearing1_4,863,0.37351086735725403,0.6011940836906433
Bearing1_4,864,0.37281009554862976,0.5887223482131958
Bearing1_4,865,0.3721093237400055,0.5770361423492432
Bearing1_4,866,0.3714085519313812,0.5603317618370056
Bearing1_4,867,0.37070778012275696,0.5625669360160828
Bearing1_4,868,0.3700070083141327,0.580978512763977
Bearing1_4,869,0.3693062365055084,0.5650938749313354
Bearing1_4,870,0.36860546469688416,0.5728406310081482
Bearing1_4,871,0.3679046928882599,0.5662050843238831
Bearing1_4,872,0.3672039210796356,0.5767804384231567
Bearing1_4,873,0.36650314927101135,0.5857046842575073
Bearing1_4,874,0.3658023774623871,0.5853127837181091
Bearing1_4,875,0.3651016056537628,0.5875341296195984
Bearing1_4,876,0.36440083384513855,0.5911990404129028
Bearing1_4,877,0.3637000620365143,0.5902981758117676
Bearing1_4,878,0.36299929022789,0.5799271464347839
Bearing1_4,879,0.36229851841926575,0.5776336789131165
Bearing1_4,880,0.3615977466106415,0.5761871337890625
Bearing1_4,881,0.3608969748020172,0.5710561275482178
Bearing1_4,882,0.36019620299339294,0.5724730491638184
Bearing1_4,883,0.3594954311847687,0.5701821446418762
Bearing1_4,884,0.3587946593761444,0.5696719288825989
Bearing1_4,885,0.35809391736984253,0.576062023639679
Bearing1_4,886,0.35739314556121826,0.5769274830818176
Bearing1_4,887,0.356692373752594,0.5965983867645264
Bearing1_4,888,0.3559916019439697,0.6010055541992188
Bearing1_4,889,0.35529083013534546,0.6030421853065491
Bearing1_4,890,0.3545900583267212,0.6090719699859619
Bearing1_4,891,0.3538892865180969,0.60810387134552
Bearing1_4,892,0.35318851470947266,0.6068463921546936
Bearing1_4,893,0.3524877429008484,0.6117771863937378
Bearing1_4,894,0.3517869710922241,0.6060062646865845
Bearing1_4,895,0.35108619928359985,0.6114138960838318
Bearing1_4,896,0.3503854274749756,0.6158193945884705
Bearing1_4,897,0.3496846556663513,0.6142917275428772
Bearing1_4,898,0.34898388385772705,0.6219536066055298
Bearing1_4,899,0.3482831120491028,0.6203297972679138
Bearing1_4,900,0.3475823402404785,0.6173939108848572
Bearing1_4,901,0.34688156843185425,0.6233672499656677
Bearing1_4,902,0.34618079662323,0.6217246651649475
Bearing1_4,903,0.3454800248146057,0.6244764924049377
Bearing1_4,904,0.34477925300598145,0.6277286410331726
Bearing1_4,905,0.3440784811973572,0.6373631954193115
Bearing1_4,906,0.3433777093887329,0.640028715133667
Bearing1_4,907,0.34267693758010864,0.638099193572998
Bearing1_4,908,0.3419761657714844,0.6272590756416321
Bearing1_4,909,0.3412753939628601,0.6377348303794861
Bearing1_4,910,0.34057462215423584,0.6331515908241272
Bearing1_4,911,0.3398738503456116,0.6248830556869507
Bearing1_4,912,0.3391730785369873,0.6195486187934875
Bearing1_4,913,0.33847230672836304,0.6341140270233154
Bearing1_4,914,0.33777153491973877,0.6120755672454834
Bearing1_4,915,0.3370707631111145,0.613867998123169
Bearing1_4,916,0.3363700211048126,0.6148724555969238
Bearing1_4,917,0.33566924929618835,0.623238205909729
Bearing1_4,918,0.3349684774875641,0.6200298070907593
Bearing1_4,919,0.3342677056789398,0.6128771901130676
Bearing1_4,920,0.33356693387031555,0.6015810370445251
Bearing1_4,921,0.3328661620616913,0.6053591370582581
Bearing1_4,922,0.332165390253067,0.6026715636253357
Bearing1_4,923,0.33146461844444275,0.5973437428474426
Bearing1_4,924,0.3307638466358185,0.6016350388526917
Bearing1_4,925,0.3300630748271942,0.6030693054199219
Bearing1_4,926,0.32936230301856995,0.6053457260131836
Bearing1_4,927,0.3286615312099457,0.6117970943450928
Bearing1_4,928,0.3279607594013214,0.6087798476219177
Bearing1_4,929,0.32725998759269714,0.6116898059844971
Bearing1_4,930,0.3265592157840729,0.6092720627784729
Bearing1_4,931,0.3258584439754486,0.6134306788444519
Bearing1_4,932,0.32515767216682434,0.6226743459701538
Bearing1_4,933,0.3244569003582001,0.6151579022407532
Bearing1_4,934,0.3237561285495758,0.6093592047691345
Bearing1_4,935,0.32305535674095154,0.6127277612686157
Bearing1_4,936,0.32235458493232727,0.6108018159866333
Bearing1_4,937,0.321653813123703,0.6155174374580383
Bearing1_4,938,0.32095304131507874,0.6146799325942993
Bearing1_4,939,0.32025226950645447,0.6182555556297302
Bearing1_4,940,0.3195514976978302,0.6249644756317139
Bearing1_4,941,0.31885072588920593,0.6252211332321167
Bearing1_4,942,0.31814995408058167,0.6295782327651978
Bearing1_4,943,0.3174491822719574,0.6178817749023438
Bearing1_4,944,0.31674841046333313,0.6207695603370667
Bearing1_4,945,0.31604763865470886,0.6166423559188843
Bearing1_4,946,0.3153468668460846,0.6340962052345276
Bearing1_4,947,0.3146461248397827,0.6279155015945435
Bearing1_4,948,0.31394535303115845,0.6310508251190186
Bearing1_4,949,0.3132445812225342,0.6247674822807312
Bearing1_4,950,0.3125438094139099,0.6186404228210449
Bearing1_4,951,0.31184303760528564,0.6218608617782593
Bearing1_4,952,0.3111422657966614,0.6248063445091248
Bearing1_4,953,0.3104414939880371,0.6233134269714355
Bearing1_4,954,0.30974072217941284,0.6249906420707703
Bearing1_4,955,0.3090399503707886,0.6206501722335815
Bearing1_4,956,0.3083391785621643,0.6125355958938599
Bearing1_4,957,0.30763840675354004,0.6080702543258667
Bearing1_4,958,0.30693763494491577,0.6010108590126038
Bearing1_4,959,0.3062368631362915,0.5953508615493774
Bearing1_4,960,0.30553609132766724,0.590085506439209
Bearing1_4,961,0.30483531951904297,0.5975116491317749
Bearing1_4,962,0.3041345477104187,0.5932187438011169
Bearing1_4,963,0.30343377590179443,0.5908725261688232
Bearing1_4,964,0.30273300409317017,0.5898964405059814
Bearing1_4,965,0.3020322322845459,0.6018224954605103
Bearing1_4,966,0.30133146047592163,0.6161625981330872
Bearing1_4,967,0.30063068866729736,0.6143139600753784
Bearing1_4,968,0.2999299168586731,0.6224282383918762
Bearing1_4,969,0.29922914505004883,0.6344897150993347
Bearing1_4,970,0.29852837324142456,0.6335088014602661
Bearing1_4,971,0.2978276014328003,0.631238579750061
Bearing1_4,972,0.297126829624176,0.6340709924697876
Bearing1_4,973,0.29642605781555176,0.6275328397750854
Bearing1_4,974,0.2957252860069275,0.6337233185768127
Bearing1_4,975,0.2950245141983032,0.6352104544639587
Bearing1_4,976,0.29432374238967896,0.6292449831962585
Bearing1_4,977,0.2936229705810547,0.639058530330658
Bearing1_4,978,0.2929222285747528,0.6388940811157227
Bearing1_4,979,0.29222145676612854,0.6375367045402527
Bearing1_4,980,0.2915206849575043,0.6448087096214294
Bearing1_4,981,0.29081991314888,0.6448960304260254
Bearing1_4,982,0.29011914134025574,0.6507264971733093
Bearing1_4,983,0.28941836953163147,0.6417626738548279
Bearing1_4,984,0.2887175977230072,0.6504386067390442
Bearing1_4,985,0.28801682591438293,0.643210232257843
Bearing1_4,986,0.28731605410575867,0.6428328156471252
Bearing1_4,987,0.2866152822971344,0.6363837122917175
Bearing1_4,988,0.28591451048851013,0.6356759071350098
Bearing1_4,989,0.28521373867988586,0.6386151909828186
Bearing1_4,990,0.2845129668712616,0.6324358582496643
Bearing1_4,991,0.28381219506263733,0.6321927309036255
Bearing1_4,992,0.28311142325401306,0.6394296884536743
Bearing1_4,993,0.2824106514453888,0.629214346408844
Bearing1_4,994,0.2817098796367645,0.6246039271354675
Bearing1_4,995,0.28100910782814026,0.6264845728874207
Bearing1_4,996,0.280308336019516,0.6311730742454529
Bearing1_4,997,0.2796075642108917,0.6425846219062805
Bearing1_4,998,0.27890679240226746,0.6357603669166565
Bearing1_4,999,0.2782060205936432,0.6273264288902283
Bearing1_4,1000,0.2775052487850189,0.6333633661270142
Bearing1_4,1001,0.27680447697639465,0.6324995756149292
Bearing1_4,1002,0.2761037051677704,0.632114052772522
Bearing1_4,1003,0.2754029333591461,0.6330994367599487
Bearing1_4,1004,0.27470216155052185,0.630347490310669
Bearing1_4,1005,0.2740013897418976,0.6378585696220398
Bearing1_4,1006,0.2733006179332733,0.6430926322937012
Bearing1_4,1007,0.27259984612464905,0.6450648903846741
Bearing1_4,1008,0.2718990743160248,0.6498191356658936
Bearing1_4,1009,0.2711983323097229,0.6549832820892334
Bearing1_4,1010,0.27049756050109863,0.6567472815513611
Bearing1_4,1011,0.26979678869247437,0.6568202972412109
Bearing1_4,1012,0.2690960168838501,0.6574739813804626
Bearing1_4,1013,0.26839524507522583,0.6598297357559204
Bearing1_4,1014,0.26769447326660156,0.6516141891479492
Bearing1_4,1015,0.2669937014579773,0.6631650328636169
Bearing1_4,1016,0.266292929649353,0.6607471108436584
Bearing1_4,1017,0.26559215784072876,0.6493915915489197
Bearing1_4,1018,0.2648913860321045,0.6489688158035278
Bearing1_4,1019,0.2641906142234802,0.642116129398346
Bearing1_4,1020,0.26348984241485596,0.6380781531333923
Bearing1_4,1021,0.2627890706062317,0.6402014493942261
Bearing1_4,1022,0.2620882987976074,0.6403622031211853
Bearing1_4,1023,0.26138752698898315,0.6386750340461731
Bearing1_4,1024,0.2606867551803589,0.637939453125
Bearing1_4,1025,0.2599859833717346,0.6250975728034973
Bearing1_4,1026,0.25928521156311035,0.6310722231864929
Bearing1_4,1027,0.2585844397544861,0.6297492980957031
Bearing1_4,1028,0.2578836679458618,0.6299194097518921
Bearing1_4,1029,0.25718289613723755,0.6331104040145874
Bearing1_4,1030,0.2564821243286133,0.6318219900131226
Bearing1_4,1031,0.255781352519989,0.6305803656578064
Bearing1_4,1032,0.25508058071136475,0.6270368695259094
Bearing1_4,1033,0.2543798089027405,0.6339958310127258
Bearing1_4,1034,0.2536790370941162,0.625438928604126
Bearing1_4,1035,0.25297826528549194,0.6291432976722717
Bearing1_4,1036,0.2522774934768677,0.6312413811683655
Bearing1_4,1037,0.2515767216682434,0.6359409689903259
Bearing1_4,1038,0.25087594985961914,0.6330105066299438
Bearing1_4,1039,0.2501751780509949,0.6262646317481995
Bearing1_4,1040,0.2494744211435318,0.6230425238609314
Bearing1_4,1041,0.24877364933490753,0.6286313533782959
Bearing1_4,1042,0.24807287752628326,0.6226362586021423
Bearing1_4,1043,0.247372105717659,0.6166284680366516
Bearing1_4,1044,0.24667133390903473,0.6145280003547668
Bearing1_4,1045,0.24597056210041046,0.6117308139801025
Bearing1_4,1046,0.2452697902917862,0.6145559549331665
Bearing1_4,1047,0.24456901848316193,0.6085625886917114
Bearing1_4,1048,0.24386826157569885,0.5987280011177063
Bearing1_4,1049,0.24316748976707458,0.6064431667327881
Bearing1_4,1050,0.24246671795845032,0.6088206171989441
Bearing1_4,1051,0.24176594614982605,0.5975486040115356
Bearing1_4,1052,0.24106517434120178,0.5865219831466675
Bearing1_4,1053,0.24036440253257751,0.5867403745651245
Bearing1_4,1054,0.23966363072395325,0.578300952911377
Bearing1_4,1055,0.23896285891532898,0.593704104423523
Bearing1_4,1056,0.2382620871067047,0.5843355059623718
Bearing1_4,1057,0.23756131529808044,0.5875306129455566
Bearing1_4,1058,0.23686054348945618,0.5941964983940125
Bearing1_4,1059,0.2361597716808319,0.5666430592536926
Bearing1_4,1060,0.23545899987220764,0.5478232502937317
Bearing1_4,1061,0.23475822806358337,0.5004155039787292
Bearing1_4,1062,0.2340574562549591,0.48375600576400757
Bearing1_4,1063,0.23335669934749603,0.44912198185920715
Bearing1_4,1064,0.23265592753887177,0.4491918683052063
Bearing1_4,1065,0.2319551557302475,0.4124593138694763
Bearing1_4,1066,0.23125438392162323,0.3686399459838867
Bearing1_4,1067,0.23055361211299896,0.34704214334487915
Bearing1_4,1068,0.2298528403043747,0.31658899784088135
Bearing1_4,1069,0.22915206849575043,0.30763930082321167
Bearing1_4,1070,0.22845129668712616,0.3200705349445343
Bearing1_4,1071,0.2277505248785019,0.31262993812561035
Bearing1_4,1072,0.22704975306987762,0.29595300555229187
Bearing1_4,1073,0.22634898126125336,0.3042759299278259
Bearing1_4,1074,0.2256482094526291,0.26496392488479614
Bearing1_4,1075,0.22494743764400482,0.29458141326904297
Bearing1_4,1076,0.22424666583538055,0.3084867298603058
Bearing1_4,1077,0.2235458940267563,0.2664059102535248
Bearing1_4,1078,0.22284512221813202,0.27539071440696716
Bearing1_4,1079,0.22214436531066895,0.20048430562019348
Bearing1_4,1080,0.22144359350204468,0.1614818572998047
Bearing1_4,1081,0.2207428216934204,0.15482041239738464
Bearing1_4,1082,0.22004204988479614,0.10503531992435455
Bearing1_4,1083,0.21934127807617188,0.11733826249837875
Bearing1_4,1084,0.2186405062675476,0.09797830134630203
Bearing1_4,1085,0.21793973445892334,0.1114802360534668
Bearing1_4,1086,0.21723896265029907,0.08223655819892883
Bearing1_4,1087,0.2165381908416748,0.06659064441919327
Bearing1_4,1088,0.21583741903305054,0.05400942265987396
Bearing1_4,1089,0.21513664722442627,0.03908420726656914
Bearing1_4,1090,0.214435875415802,0.02954542450606823
Bearing1_4,1091,0.21373510360717773,0.02770148403942585
Bearing1_4,1092,0.21303433179855347,0.031920645385980606
Bearing1_4,1093,0.2123335599899292,0.025186892598867416
Bearing1_4,1094,0.21163280308246613,0.026817407459020615
Bearing1_4,1095,0.21093203127384186,0.023236241191625595
Bearing1_4,1096,0.2102312594652176,0.025126295164227486
Bearing1_4,1097,0.20953048765659332,0.024145837873220444
Bearing1_4,1098,0.20882971584796906,0.02389228716492653
Bearing1_4,1099,0.2081289440393448,0.018091654404997826
Bearing1_4,1100,0.20742817223072052,0.022261889651417732
Bearing1_4,1101,0.20672740042209625,0.018317673355340958
Bearing1_4,1102,0.20602662861347198,0.016437964513897896
Bearing1_4,1103,0.20532585680484772,0.016707859933376312
Bearing1_4,1104,0.20462508499622345,0.015135430730879307
Bearing1_4,1105,0.20392431318759918,0.01567262038588524
Bearing1_4,1106,0.20322354137897491,0.016529416665434837
Bearing1_4,1107,0.20252276957035065,0.0156597588211298
Bearing1_4,1108,0.20182199776172638,0.01556386612355709
Bearing1_4,1109,0.2011212259531021,0.014786498621106148
Bearing1_4,1110,0.20042046904563904,0.016824480146169662
Bearing1_4,1111,0.19971969723701477,0.016175348311662674
Bearing1_4,1112,0.1990189254283905,0.014344511553645134
Bearing1_4,1113,0.19831815361976624,0.014115053229033947
Bearing1_4,1114,0.19761738181114197,0.01505122147500515
Bearing1_4,1115,0.1969166100025177,0.015204690396785736
Bearing1_4,1116,0.19621583819389343,0.014535387977957726
Bearing1_4,1117,0.19551506638526917,0.014393452554941177
Bearing1_4,1118,0.1948142945766449,0.013993844389915466
Bearing1_4,1119,0.19411352276802063,0.015712643042206764
Bearing1_4,1120,0.19341275095939636,0.013957166112959385
Bearing1_4,1121,0.1927119791507721,0.015189748257398605
Bearing1_4,1122,0.19201120734214783,0.013750969432294369
Bearing1_4,1123,0.19131043553352356,0.016009079292416573
Bearing1_4,1124,0.1906096637248993,0.014838353730738163
Bearing1_4,1125,0.18990890681743622,0.014832031913101673
Bearing1_4,1126,0.18920813500881195,0.01463845930993557
Bearing1_4,1127,0.18850736320018768,0.016133219003677368
Bearing1_4,1128,0.18780659139156342,0.014721911400556564
Bearing1_4,1129,0.18710581958293915,0.014867565594613552
Bearing1_4,1130,0.18640504777431488,0.014580454677343369
Bearing1_4,1131,0.1857042759656906,0.014105613343417645
Bearing1_4,1132,0.18500350415706635,0.015279276296496391
Bearing1_4,1133,0.18430273234844208,0.015210154466331005
Bearing1_4,1134,0.1836019605398178,0.01583198271691799
Bearing1_4,1135,0.18290118873119354,0.015242156572639942
Bearing1_4,1136,0.18220041692256927,0.014924032613635063
Bearing1_4,1137,0.181499645113945,0.015203198418021202
Bearing1_4,1138,0.18079887330532074,0.014576371759176254
Bearing1_4,1139,0.18009810149669647,0.015246172435581684
Bearing1_4,1140,0.1793973296880722,0.015395237132906914
Bearing1_4,1141,0.17869657278060913,0.014313417486846447
Bearing1_4,1142,0.17799580097198486,0.015307798981666565
Bearing1_4,1143,0.1772950291633606,0.015210811048746109
Bearing1_4,1144,0.17659425735473633,0.01540621928870678
Bearing1_4,1145,0.17589348554611206,0.015113475732505322
Bearing1_4,1146,0.1751927137374878,0.015149669721722603
Bearing1_4,1147,0.17449194192886353,0.014897780492901802
Bearing1_4,1148,0.17379117012023926,0.013872978277504444
Bearing1_4,1149,0.173090398311615,0.01583733968436718
Bearing1_4,1150,0.17238962650299072,0.014760574325919151
Bearing1_4,1151,0.17168885469436646,0.014867754653096199
Bearing1_4,1152,0.1709880828857422,0.015636947005987167
Bearing1_4,1153,0.17028731107711792,0.014572673477232456
Bearing1_4,1154,0.16958653926849365,0.01379213947802782
Bearing1_4,1155,0.16888576745986938,0.014094946905970573
Bearing1_4,1156,0.1681850105524063,0.014491991139948368
Bearing1_4,1157,0.16748423874378204,0.014794105663895607
Bearing1_4,1158,0.16678346693515778,0.014335203915834427
Bearing1_4,1159,0.1660826951265335,0.014896983280777931
Bearing1_4,1160,0.16538192331790924,0.014538462273776531
Bearing1_4,1161,0.16468115150928497,0.014127546921372414
Bearing1_4,1162,0.1639803797006607,0.015307482331991196
Bearing1_4,1163,0.16327960789203644,0.014945302158594131
Bearing1_4,1164,0.16257883608341217,0.014753813855350018
Bearing1_4,1165,0.1618780642747879,0.015535177662968636
Bearing1_4,1166,0.16117729246616364,0.014664246700704098
Bearing1_4,1167,0.16047652065753937,0.014714905060827732
Bearing1_4,1168,0.1597757488489151,0.014807211235165596
Bearing1_4,1169,0.15907497704029083,0.014572295360267162
Bearing1_4,1170,0.15837420523166656,0.01533347088843584
Bearing1_4,1171,0.1576734334230423,0.017495542764663696
Bearing1_4,1172,0.15697267651557922,0.01563834957778454
Bearing1_4,1173,0.15627190470695496,0.014987239614129066
Bearing1_4,1174,0.1555711328983307,0.014312200248241425
Bearing1_4,1175,0.15487036108970642,0.014582318253815174
Bearing1_4,1176,0.15416958928108215,0.0158531554043293
Bearing1_4,1177,0.15346881747245789,0.01473943144083023
Bearing1_4,1178,0.15276804566383362,0.015100380405783653
Bearing1_4,1179,0.15206727385520935,0.01573094353079796
Bearing1_4,1180,0.15136650204658508,0.014541851356625557
Bearing1_4,1181,0.15066573023796082,0.014669119380414486
Bearing1_4,1182,0.14996495842933655,0.015601996332406998
Bearing1_4,1183,0.14926418662071228,0.015344555489718914
Bearing1_4,1184,0.148563414812088,0.0158242117613554
Bearing1_4,1185,0.14786264300346375,0.014555858448147774
Bearing1_4,1186,0.14716187119483948,0.014064664952456951
Bearing1_4,1187,0.1464611142873764,0.015275301411747932
Bearing1_4,1188,0.14576034247875214,0.015256935730576515
Bearing1_4,1189,0.14505957067012787,0.014988535083830357
Bearing1_4,1190,0.1443587988615036,0.014825504273176193
Bearing1_4,1191,0.14365802705287933,0.014745533466339111
Bearing1_4,1192,0.14295725524425507,0.01590542122721672
Bearing1_4,1193,0.1422564834356308,0.016278071328997612
Bearing1_4,1194,0.14155571162700653,0.014346466399729252
Bearing1_4,1195,0.14085493981838226,0.015346363186836243
Bearing1_4,1196,0.140154168009758,0.01456468366086483
Bearing1_4,1197,0.13945339620113373,0.01416129618883133
Bearing1_4,1198,0.13875262439250946,0.01471286453306675
Bearing1_4,1199,0.1380518525838852,0.015010310336947441
Bearing1_4,1200,0.13735108077526093,0.01647872105240822
Bearing1_4,1201,0.13665030896663666,0.016367726027965546
Bearing1_4,1202,0.1359495371580124,0.01542622409760952
Bearing1_4,1203,0.13524878025054932,0.014838296920061111
Bearing1_4,1204,0.13454800844192505,0.015147997066378593
Bearing1_4,1205,0.13384723663330078,0.01730145700275898
Bearing1_4,1206,0.1331464648246765,0.016390619799494743
Bearing1_4,1207,0.13244569301605225,0.017944222316145897
Bearing1_4,1208,0.13174492120742798,0.01452692225575447
Bearing1_4,1209,0.1310441493988037,0.016056356951594353
Bearing1_4,1210,0.13034337759017944,0.014588136225938797
Bearing1_4,1211,0.12964260578155518,0.014970734715461731
Bearing1_4,1212,0.1289418339729309,0.0157019030302763
Bearing1_4,1213,0.12824106216430664,0.014253432862460613
Bearing1_4,1214,0.12754029035568237,0.013745867647230625
Bearing1_4,1215,0.1268395185470581,0.01425924152135849
Bearing1_4,1216,0.12613874673843384,0.014038029126822948
Bearing1_4,1217,0.12543797492980957,0.014984305016696453
Bearing1_4,1218,0.1247372105717659,0.013699118047952652
Bearing1_4,1219,0.12403643876314163,0.01355726271867752
Bearing1_4,1220,0.12333566695451736,0.014163721352815628
Bearing1_4,1221,0.1226348951458931,0.013603126630187035
Bearing1_4,1222,0.12193413078784943,0.014227821491658688
Bearing1_4,1223,0.12123335897922516,0.013536565937101841
Bearing1_4,1224,0.12053258717060089,0.014208058826625347
Bearing1_4,1225,0.11983181536197662,0.01535335648804903
Bearing1_4,1226,0.11913104355335236,0.016075970605015755
Bearing1_4,1227,0.11843027174472809,0.013526121154427528
Bearing1_4,1228,0.11772949993610382,0.015383501537144184
Bearing1_4,1229,0.11702872812747955,0.016180729493498802
Bearing1_4,1230,0.11632796376943588,0.013742079958319664
Bearing1_4,1231,0.11562719196081161,0.014113008975982666
Bearing1_4,1232,0.11492642015218735,0.013277609832584858
Bearing1_4,1233,0.11422564834356308,0.013856074772775173
Bearing1_4,1234,0.11352487653493881,0.016210587695240974
Bearing1_4,1235,0.11282410472631454,0.014269452542066574
Bearing1_4,1236,0.11212333291769028,0.014421979896724224
Bearing1_4,1237,0.11142256110906601,0.013689464889466763
Bearing1_4,1238,0.11072179675102234,0.015187948942184448
Bearing1_4,1239,0.11002102494239807,0.015258749015629292
Bearing1_4,1240,0.1093202531337738,0.013620028272271156
Bearing1_4,1241,0.10861948132514954,0.013770850375294685
Bearing1_4,1242,0.10791870951652527,0.015015263110399246
Bearing1_4,1243,0.107217937707901,0.014363043010234833
Bearing1_4,1244,0.10651716589927673,0.014395312406122684
Bearing1_4,1245,0.10581640154123306,0.01535625196993351
Bearing1_4,1246,0.1051156297326088,0.013892177492380142
Bearing1_4,1247,0.10441485792398453,0.014933554455637932
Bearing1_4,1248,0.10371408611536026,0.015150507912039757
Bearing1_4,1249,0.10301331430673599,0.013792451471090317
Bearing1_4,1250,0.10231254249811172,0.015302933752536774
Bearing1_4,1251,0.10161177068948746,0.015853527933359146
Bearing1_4,1252,0.10091099888086319,0.015581890940666199
Bearing1_4,1253,0.10021023452281952,0.014636299572885036
Bearing1_4,1254,0.09950946271419525,0.013959484174847603
Bearing1_4,1255,0.09880869090557098,0.014727131463587284
Bearing1_4,1256,0.09810791909694672,0.014544010162353516
Bearing1_4,1257,0.09740714728832245,0.015178724192082882
Bearing1_4,1258,0.09670637547969818,0.014318382367491722
Bearing1_4,1259,0.09600560367107391,0.013577326200902462
Bearing1_4,1260,0.09530483186244965,0.014559723436832428
Bearing1_4,1261,0.09460406750440598,0.015184818767011166
Bearing1_4,1262,0.09390329569578171,0.0147563386708498
Bearing1_4,1263,0.09320252388715744,0.014475478790700436
Bearing1_4,1264,0.09250175207853317,0.014583566226065159
Bearing1_4,1265,0.0918009802699089,0.014299544505774975
Bearing1_4,1266,0.09110020846128464,0.014733347110450268
Bearing1_4,1267,0.09039943665266037,0.015638647601008415
Bearing1_4,1268,0.0896986648440361,0.016543367877602577
Bearing1_4,1269,0.08899790048599243,0.014519564807415009
Bearing1_4,1270,0.08829712867736816,0.014696872793138027
Bearing1_4,1271,0.0875963568687439,0.014700152911245823
Bearing1_4,1272,0.08689558506011963,0.014992233365774155
Bearing1_4,1273,0.08619481325149536,0.014868375845253468
Bearing1_4,1274,0.0854940414428711,0.0153840072453022
Bearing1_4,1275,0.08479326963424683,0.014834092929959297
Bearing1_4,1276,0.08409250527620316,0.014192053116858006
Bearing1_4,1277,0.08339173346757889,0.016505341976881027
Bearing1_4,1278,0.08269096165895462,0.015125308185815811
Bearing1_4,1279,0.08199018985033035,0.014075194485485554
Bearing1_4,1280,0.08128941804170609,0.11155740171670914
Bearing1_4,1281,0.08058864623308182,0.11019615083932877
Bearing1_4,1282,0.07988787442445755,0.11004365235567093
Bearing1_4,1283,0.07918710261583328,0.1077529788017273
Bearing1_4,1284,0.07848633825778961,0.10874465852975845
Bearing1_4,1285,0.07778556644916534,0.10942064970731735
Bearing1_4,1286,0.07708479464054108,0.10790495574474335
Bearing1_4,1287,0.07638402283191681,0.10800377279520035
Bearing1_4,1288,0.07568325102329254,0.1091151088476181
Bearing1_4,1289,0.07498247921466827,0.10828549414873123
Bearing1_4,1290,0.074281707406044,0.10835127532482147
Bearing1_4,1291,0.07358093559741974,0.10884933173656464
Bearing1_4,1292,0.07288017123937607,0.11056850850582123
Bearing1_4,1293,0.0721793994307518,0.10921448469161987
Bearing1_4,1294,0.07147862762212753,0.11074405908584595
Bearing1_4,1295,0.07077785581350327,0.11005975306034088
Bearing1_4,1296,0.070077084004879,0.11330084502696991
Bearing1_4,1297,0.06937631219625473,0.11091108620166779
Bearing1_4,1298,0.06867554038763046,0.10864328593015671
Bearing1_4,1299,0.0679747685790062,0.10924576967954636
Bearing1_4,1300,0.06727400422096252,0.11094982177019119
Bearing1_4,1301,0.06657323241233826,0.1104176715016365
Bearing1_4,1302,0.06587246060371399,0.11157244443893433
Bearing1_4,1303,0.06517168879508972,0.112397201359272
Bearing1_4,1304,0.06447091698646545,0.1137414202094078
Bearing1_4,1305,0.06377014517784119,0.11563044041395187
Bearing1_4,1306,0.06306937336921692,0.12957803905010223
Bearing1_4,1307,0.06236860528588295,0.1322963833808899
Bearing1_4,1308,0.06166783347725868,0.13255615532398224
Bearing1_4,1309,0.06096706539392471,0.13174395263195038
Bearing1_4,1310,0.060266293585300446,0.13255269825458527
Bearing1_4,1311,0.05956552177667618,0.13047043979167938
Bearing1_4,1312,0.05886474996805191,0.13504695892333984
Bearing1_4,1313,0.05816398188471794,0.14019064605236053
Bearing1_4,1314,0.057463210076093674,0.14474594593048096
Bearing1_4,1315,0.056762438267469406,0.15655162930488586
Bearing1_4,1316,0.05606166645884514,0.16028130054473877
Bearing1_4,1317,0.05536089837551117,0.14276017248630524
Bearing1_4,1318,0.0546601265668869,0.14404523372650146
Bearing1_4,1319,0.053959354758262634,0.15177349746227264
Bearing1_4,1320,0.05325858294963837,0.13886694610118866
Bearing1_4,1321,0.0525578148663044,0.13655635714530945
Bearing1_4,1322,0.05185704305768013,0.13175253570079803
Bearing1_4,1323,0.05115627124905586,0.13022807240486145
Bearing1_4,1324,0.050455499440431595,0.11363670229911804
Bearing1_4,1325,0.049754731357097626,0.11306319385766983
Bearing1_4,1326,0.04905395954847336,0.11187271028757095
Bearing1_4,1327,0.04835318773984909,0.11858169734477997
Bearing1_4,1328,0.04765241593122482,0.12866772711277008
Bearing1_4,1329,0.046951647847890854,0.13451555371284485
Bearing1_4,1330,0.046250876039266586,0.18931512534618378
Bearing1_4,1331,0.04555010423064232,0.1642303764820099
Bearing1_4,1332,0.04484933242201805,0.1916344314813614
Bearing1_4,1333,0.04414856433868408,0.19152149558067322
Bearing1_4,1334,0.043447792530059814,0.19423891603946686
Bearing1_4,1335,0.04274702072143555,0.19699503481388092
Bearing1_4,1336,0.04204625263810158,0.19401651620864868
Bearing1_4,1337,0.04134548082947731,0.19202350080013275
Bearing1_4,1338,0.04064470902085304,0.1954837441444397
Bearing1_4,1339,0.039943937212228775,0.18989510834217072
Bearing1_4,1340,0.039243169128894806,0.18785004317760468
Bearing1_4,1341,0.03854239732027054,0.19067859649658203
Bearing1_4,1342,0.03784162551164627,0.19235721230506897
Bearing1_4,1343,0.037140853703022,0.19071409106254578
Bearing1_4,1344,0.036440085619688034,0.1569553017616272
Bearing1_4,1345,0.035739313811063766,0.1676134169101715
Bearing1_4,1346,0.0350385420024395,0.15669682621955872
Bearing1_4,1347,0.03433777019381523,0.14314673840999603
Bearing1_4,1348,0.03363700211048126,0.12421787530183792
Bearing1_4,1349,0.032936230301856995,0.12051451951265335
Bearing1_4,1350,0.03223545849323273,0.1203538030385971
Bearing1_4,1351,0.03153468668460846,0.12177257984876633
Bearing1_4,1352,0.03083391673862934,0.11894592642784119
Bearing1_4,1353,0.030133146792650223,0.1183033436536789
Bearing1_4,1354,0.029432374984025955,0.11795702576637268
Bearing1_4,1355,0.028731605038046837,0.11589431017637253
Bearing1_4,1356,0.02803083322942257,0.11675219982862473
Bearing1_4,1357,0.02733006328344345,0.11670905351638794
Bearing1_4,1358,0.026629291474819183,0.12508748471736908
Bearing1_4,1359,0.025928521528840065,0.1338808685541153
Bearing1_4,1360,0.025227749720215797,0.128043070435524
Bearing1_4,1361,0.02452697977423668,0.1266065388917923
Bearing1_4,1362,0.02382620796561241,0.11937196552753448
Bearing1_4,1363,0.023125438019633293,0.11645627021789551
Bearing1_4,1364,0.022424666211009026,0.11353109031915665
Bearing1_4,1365,0.021723896265029907,0.11247829347848892
Bearing1_4,1366,0.02102312631905079,0.11444548517465591
Bearing1_4,1367,0.02032235451042652,0.11373794078826904
Bearing1_4,1368,0.019621584564447403,0.11287026852369308
Bearing1_4,1369,0.018920812755823135,0.11627927422523499
Bearing1_4,1370,0.018220042809844017,0.11328202486038208
Bearing1_4,1371,0.01751927100121975,0.11343657970428467
Bearing1_4,1372,0.01681850105524063,0.11256470531225204
Bearing1_4,1373,0.016117729246616364,0.11247261613607407
Bearing1_4,1374,0.01541695836931467,0.11280447244644165
Bearing1_4,1375,0.014716187492012978,0.11205584555864334
Bearing1_4,1376,0.014015416614711285,0.11170455068349838
Bearing1_4,1377,0.013314645737409592,0.11642149090766907
Bearing1_4,1378,0.012613874860107899,0.11427770555019379
Bearing1_4,1379,0.011913103982806206,0.11237973719835281
Bearing1_4,1380,0.011212333105504513,0.1137697696685791
Bearing1_4,1381,0.010511563159525394,0.11184003204107285
Bearing1_4,1382,0.009810792282223701,0.11557970941066742
Bearing1_4,1383,0.009110021404922009,0.12194094061851501
Bearing1_4,1384,0.008409250527620316,0.12079081684350967
Bearing1_4,1385,0.007708479184657335,0.11870071291923523
Bearing1_4,1386,0.007007708307355642,0.11857268959283829
Bearing1_4,1387,0.006306937430053949,0.11854922771453857
Bearing1_4,1388,0.005606166552752256,0.11840494722127914
Bearing1_4,1389,0.004905396141111851,0.11934365332126617
Bearing1_4,1390,0.004204625263810158,0.12303391844034195
Bearing1_4,1391,0.003503854153677821,0.11895409971475601
Bearing1_4,1392,0.002803083276376128,0.11917990446090698
Bearing1_4,1393,0.002102312631905079,0.12036941200494766
Bearing1_4,1394,0.001401541638188064,0.1208440363407135
Bearing1_4,1395,0.000700770819094032,0.12872812151908875
Bearing1_4,1396,0.0,0.14229190349578857
Bearing1_5,0,0.9874086380004883,0.967566728591919
Bearing1_5,1,0.987002432346344,0.9671893119812012
Bearing1_5,2,0.9865962862968445,0.9614803194999695
Bearing1_5,3,0.9861900806427002,0.9664494395256042
Bearing1_5,4,0.9857839345932007,0.9649094343185425
Bearing1_5,5,0.9853777289390564,0.965836763381958
Bearing1_5,6,0.9849715828895569,0.962000846862793
Bearing1_5,7,0.9845653772354126,0.9672530889511108
Bearing1_5,8,0.9841592311859131,0.9664573073387146
Bearing1_5,9,0.9837530255317688,0.9683337807655334
Bearing1_5,10,0.9833468794822693,0.9669879674911499
Bearing1_5,11,0.982940673828125,0.9651533365249634
Bearing1_5,12,0.9825345277786255,0.966805636882782
Bearing1_5,13,0.9821283221244812,0.9669173955917358
Bearing1_5,14,0.9817221760749817,0.9674220085144043
Bearing1_5,15,0.9813160300254822,0.9684988260269165
Bearing1_5,16,0.9809098243713379,0.9688845276832581
Bearing1_5,17,0.9805036783218384,0.9661763906478882
Bearing1_5,18,0.9800974726676941,0.9672366976737976
Bearing1_5,19,0.9796913266181946,0.9678362011909485
Bearing1_5,20,0.9792851209640503,0.9652354121208191
Bearing1_5,21,0.9788789749145508,0.9631502032279968
Bearing1_5,22,0.9784727692604065,0.9652112126350403
Bearing1_5,23,0.978066623210907,0.9606790542602539
Bearing1_5,24,0.9776604175567627,0.9637677073478699
Bearing1_5,25,0.9772542715072632,0.9620715975761414
Bearing1_5,26,0.9768480658531189,0.9622417688369751
Bearing1_5,27,0.9764419198036194,0.9589004516601562
Bearing1_5,28,0.9760357141494751,0.9621517062187195
Bearing1_5,29,0.9756295680999756,0.9615592360496521
Bearing1_5,30,0.9752234220504761,0.95396888256073
Bearing1_5,31,0.9748172163963318,0.9581160545349121
Bearing1_5,32,0.9744110703468323,0.958173394203186
Bearing1_5,33,0.974004864692688,0.9524636268615723
Bearing1_5,34,0.9735987186431885,0.9623955488204956
Bearing1_5,35,0.9731925129890442,0.9603397250175476
Bearing1_5,36,0.9727863669395447,0.9589915871620178
Bearing1_5,37,0.9723801612854004,0.9599286317825317
Bearing1_5,38,0.9719740152359009,0.9527812600135803
Bearing1_5,39,0.9715678095817566,0.950111985206604
Bearing1_5,40,0.9711616635322571,0.9460779428482056
Bearing1_5,41,0.9707554578781128,0.9497045278549194
Bearing1_5,42,0.9703493118286133,0.9517263174057007
Bearing1_5,43,0.969943106174469,0.9539960026741028
Bearing1_5,44,0.9695369601249695,0.9547233581542969
Bearing1_5,45,0.96913081407547,0.9551449418067932
Bearing1_5,46,0.9687246084213257,0.955413281917572
Bearing1_5,47,0.9683184623718262,0.9567368030548096
Bearing1_5,48,0.9679122567176819,0.9565949440002441
Bearing1_5,49,0.9675061106681824,0.9573360085487366
Bearing1_5,50,0.9670999050140381,0.9569978713989258
Bearing1_5,51,0.9666937589645386,0.9591401219367981
Bearing1_5,52,0.9662875533103943,0.9521548748016357
Bearing1_5,53,0.9658814072608948,0.9571528434753418
Bearing1_5,54,0.9654752016067505,0.9574275612831116
Bearing1_5,55,0.965069055557251,0.9549806118011475
Bearing1_5,56,0.9646628499031067,0.9584338665008545
Bearing1_5,57,0.9642567038536072,0.9583755135536194
Bearing1_5,58,0.9638505578041077,0.9620384573936462
Bearing1_5,59,0.9634443521499634,0.95838862657547
Bearing1_5,60,0.9630382061004639,0.9586019515991211
Bearing1_5,61,0.9626320004463196,0.9486172199249268
Bearing1_5,62,0.9622258543968201,0.9532606601715088
Bearing1_5,63,0.9618196487426758,0.9484124183654785
Bearing1_5,64,0.9614135026931763,0.9398242235183716
Bearing1_5,65,0.961007297039032,0.9390139579772949
Bearing1_5,66,0.9606011509895325,0.9374656081199646
Bearing1_5,67,0.9601949453353882,0.9334388971328735
Bearing1_5,68,0.9597887992858887,0.9238789081573486
Bearing1_5,69,0.9593825936317444,0.9295246601104736
Bearing1_5,70,0.9589764475822449,0.9373920559883118
Bearing1_5,71,0.9585702419281006,0.9326887130737305
Bearing1_5,72,0.9581640958786011,0.9309905171394348
Bearing1_5,73,0.9577579498291016,0.9231353998184204
Bearing1_5,74,0.9573517441749573,0.9291399121284485
Bearing1_5,75,0.9569455981254578,0.9236583709716797
Bearing1_5,76,0.9565393924713135,0.9200818538665771
Bearing1_5,77,0.956133246421814,0.9233058094978333
Bearing1_5,78,0.9557270407676697,0.9314215779304504
Bearing1_5,79,0.9553208947181702,0.9281118512153625
Bearing1_5,80,0.9549146890640259,0.927011251449585
Bearing1_5,81,0.9545085430145264,0.9277047514915466
Bearing1_5,82,0.9541023373603821,0.9293171763420105
Bearing1_5,83,0.9536961913108826,0.9189306497573853
Bearing1_5,84,0.9532899856567383,0.9194599986076355
Bearing1_5,85,0.9528838396072388,0.9173139929771423
Bearing1_5,86,0.9524776339530945,0.9150559306144714
Bearing1_5,87,0.952071487903595,0.9301366209983826
Bearing1_5,88,0.9516653418540955,0.9317676424980164
Bearing1_5,89,0.9512591361999512,0.9336668252944946
Bearing1_5,90,0.9508529901504517,0.9297481179237366
Bearing1_5,91,0.9504467844963074,0.9334383606910706
Bearing1_5,92,0.9500406384468079,0.9279528260231018
Bearing1_5,93,0.9496344327926636,0.9239813089370728
Bearing1_5,94,0.9492282867431641,0.9261873960494995
Bearing1_5,95,0.9488220810890198,0.9238032102584839
Bearing1_5,96,0.9484159350395203,0.9140009880065918
Bearing1_5,97,0.948009729385376,0.9216363430023193
Bearing1_5,98,0.9476035833358765,0.9202748537063599
Bearing1_5,99,0.9471973776817322,0.9173880219459534
Bearing1_5,100,0.9467912316322327,0.9213328957557678
Bearing1_5,101,0.9463850259780884,0.9113211035728455
Bearing1_5,102,0.9459788799285889,0.9237543940544128
Bearing1_5,103,0.9455727338790894,0.9231013655662537
Bearing1_5,104,0.9451665282249451,0.917258620262146
Bearing1_5,105,0.9447603821754456,0.9229460954666138
Bearing1_5,106,0.9443541765213013,0.9220935702323914
Bearing1_5,107,0.9439480304718018,0.920548141002655
Bearing1_5,108,0.9435418248176575,0.9249269366264343
Bearing1_5,109,0.943135678768158,0.918705403804779
Bearing1_5,110,0.9427294731140137,0.9229624271392822
Bearing1_5,111,0.9423233270645142,0.9147698879241943
Bearing1_5,112,0.9419171214103699,0.9023950099945068
Bearing1_5,113,0.9415109753608704,0.9226871132850647
Bearing1_5,114,0.9411047697067261,0.9175773859024048
Bearing1_5,115,0.9406986236572266,0.9181243181228638
Bearing1_5,116,0.9402924180030823,0.9089953303337097
Bearing1_5,117,0.9398862719535828,0.9143233895301819
Bearing1_5,118,0.9394801259040833,0.9135377407073975
Bearing1_5,119,0.939073920249939,0.904771089553833
Bearing1_5,120,0.9386677742004395,0.9023661613464355
Bearing1_5,121,0.9382615685462952,0.8981192708015442
Bearing1_5,122,0.9378554224967957,0.8993187546730042
Bearing1_5,123,0.9374492168426514,0.9061068892478943
Bearing1_5,124,0.9370430707931519,0.9106705188751221
Bearing1_5,125,0.9366368651390076,0.923465371131897
Bearing1_5,126,0.9362307190895081,0.9126410484313965
Bearing1_5,127,0.9358245134353638,0.898008406162262
Bearing1_5,128,0.9354183673858643,0.9110360145568848
Bearing1_5,129,0.93501216173172,0.9106301069259644
Bearing1_5,130,0.9346060156822205,0.9067906737327576
Bearing1_5,131,0.9341998100280762,0.924726665019989
Bearing1_5,132,0.9337936639785767,0.9216041564941406
Bearing1_5,133,0.9333875179290771,0.9291918873786926
Bearing1_5,134,0.9329813122749329,0.9187450408935547
Bearing1_5,135,0.9325751662254333,0.9277757406234741
Bearing1_5,136,0.9321689605712891,0.9308627247810364
Bearing1_5,137,0.9317628145217896,0.9395500421524048
Bearing1_5,138,0.9313566088676453,0.9344900846481323
Bearing1_5,139,0.9309504628181458,0.9428494572639465
Bearing1_5,140,0.9305442571640015,0.9468548893928528
Bearing1_5,141,0.930138111114502,0.9477627277374268
Bearing1_5,142,0.9297319054603577,0.9513862133026123
Bearing1_5,143,0.9293257594108582,0.9547622799873352
Bearing1_5,144,0.9289195537567139,0.9568681716918945
Bearing1_5,145,0.9285134077072144,0.9504446387290955
Bearing1_5,146,0.9281072020530701,0.9460551738739014
Bearing1_5,147,0.9277010560035706,0.9432246685028076
Bearing1_5,148,0.927294909954071,0.9359820485115051
Bearing1_5,149,0.9268887042999268,0.9367101192474365
Bearing1_5,150,0.9264825582504272,0.9383865594863892
Bearing1_5,151,0.926076352596283,0.934214174747467
Bearing1_5,152,0.9256702065467834,0.9425474405288696
Bearing1_5,153,0.9252640008926392,0.9420979619026184
Bearing1_5,154,0.9248578548431396,0.939009964466095
Bearing1_5,155,0.9244516491889954,0.9239529967308044
Bearing1_5,156,0.9240455031394958,0.9307791590690613
Bearing1_5,157,0.9236392974853516,0.9169303774833679
Bearing1_5,158,0.923233151435852,0.9018985629081726
Bearing1_5,159,0.9228269457817078,0.9095039963722229
Bearing1_5,160,0.9224207997322083,0.8977529406547546
Bearing1_5,161,0.922014594078064,0.8854832649230957
Bearing1_5,162,0.9216084480285645,0.8865442276000977
Bearing1_5,163,0.9212023019790649,0.8853366374969482
Bearing1_5,164,0.9207960963249207,0.8902785778045654
Bearing1_5,165,0.9203899502754211,0.8870210647583008
Bearing1_5,166,0.9199837446212769,0.8806501030921936
Bearing1_5,167,0.9195775985717773,0.8747157454490662
Bearing1_5,168,0.9191713929176331,0.8768011927604675
Bearing1_5,169,0.9187652468681335,0.8760212659835815
Bearing1_5,170,0.9183590412139893,0.8815876245498657
Bearing1_5,171,0.9179528951644897,0.8771166205406189
Bearing1_5,172,0.9175466895103455,0.882228672504425
Bearing1_5,173,0.917140543460846,0.8852338790893555
Bearing1_5,174,0.9167343378067017,0.8978780508041382
Bearing1_5,175,0.9163281917572021,0.8978214263916016
Bearing1_5,176,0.9159219861030579,0.8983325958251953
Bearing1_5,177,0.9155158400535583,0.9001795053482056
Bearing1_5,178,0.9151096940040588,0.8981578946113586
Bearing1_5,179,0.9147034883499146,0.9005203247070312
Bearing1_5,180,0.914297342300415,0.9036761522293091
Bearing1_5,181,0.9138911366462708,0.9053030610084534
Bearing1_5,182,0.9134849905967712,0.9030947685241699
Bearing1_5,183,0.913078784942627,0.9062254428863525
Bearing1_5,184,0.9126726388931274,0.9055473804473877
Bearing1_5,185,0.9122664332389832,0.9098147749900818
Bearing1_5,186,0.9118602871894836,0.9139587879180908
Bearing1_5,187,0.9114540815353394,0.9148328900337219
Bearing1_5,188,0.9110479354858398,0.9165220260620117
Bearing1_5,189,0.9106417298316956,0.9029759764671326
Bearing1_5,190,0.910235583782196,0.924217939376831
Bearing1_5,191,0.9098293781280518,0.9223508238792419
Bearing1_5,192,0.9094232320785522,0.9240940809249878
Bearing1_5,193,0.9090170860290527,0.9308820366859436
Bearing1_5,194,0.9086108803749084,0.9346510171890259
Bearing1_5,195,0.9082047343254089,0.9383277893066406
Bearing1_5,196,0.9077985286712646,0.9364165663719177
Bearing1_5,197,0.9073923826217651,0.938856303691864
Bearing1_5,198,0.9069861769676208,0.9420650601387024
Bearing1_5,199,0.9065800309181213,0.9375057220458984
Bearing1_5,200,0.906173825263977,0.9370735287666321
Bearing1_5,201,0.9057676792144775,0.9413049221038818
Bearing1_5,202,0.9053614735603333,0.9400126338005066
Bearing1_5,203,0.9049553275108337,0.941818118095398
Bearing1_5,204,0.9045491218566895,0.9400304555892944
Bearing1_5,205,0.9041429758071899,0.9371596574783325
Bearing1_5,206,0.9037367701530457,0.9327124953269958
Bearing1_5,207,0.9033306241035461,0.9364224672317505
Bearing1_5,208,0.9029244780540466,0.9448252320289612
Bearing1_5,209,0.9025182723999023,0.9432733058929443
Bearing1_5,210,0.9021121263504028,0.9425554871559143
Bearing1_5,211,0.9017059206962585,0.9344229102134705
Bearing1_5,212,0.901299774646759,0.9327067732810974
Bearing1_5,213,0.9008935689926147,0.9324162602424622
Bearing1_5,214,0.9004874229431152,0.9276025891304016
Bearing1_5,215,0.900081217288971,0.9251139760017395
Bearing1_5,216,0.8996750712394714,0.921133279800415
Bearing1_5,217,0.8992688655853271,0.9122040271759033
Bearing1_5,218,0.8988627195358276,0.9096179008483887
Bearing1_5,219,0.8984565138816833,0.9185571074485779
Bearing1_5,220,0.8980503678321838,0.9077185392379761
Bearing1_5,221,0.8976441621780396,0.8984969854354858
Bearing1_5,222,0.89723801612854,0.8936283588409424
Bearing1_5,223,0.8968318700790405,0.890159547328949
Bearing1_5,224,0.8964256644248962,0.8789449334144592
Bearing1_5,225,0.8960195183753967,0.8816512227058411
Bearing1_5,226,0.8956133127212524,0.8751211166381836
Bearing1_5,227,0.8952071666717529,0.869137167930603
Bearing1_5,228,0.8948009610176086,0.8749158382415771
Bearing1_5,229,0.8943948149681091,0.8717533349990845
Bearing1_5,230,0.8939886093139648,0.8811689019203186
Bearing1_5,231,0.8935824632644653,0.8790553212165833
Bearing1_5,232,0.893176257610321,0.8711761832237244
Bearing1_5,233,0.8927701115608215,0.8807825446128845
Bearing1_5,234,0.8923639059066772,0.8826534748077393
Bearing1_5,235,0.8919577598571777,0.8863945007324219
Bearing1_5,236,0.8915516138076782,0.8890624046325684
Bearing1_5,237,0.8911454081535339,0.8836385011672974
Bearing1_5,238,0.8907392621040344,0.8880530595779419
Bearing1_5,239,0.8903330564498901,0.8874039053916931
Bearing1_5,240,0.8899269104003906,0.881110668182373
Bearing1_5,241,0.8895207047462463,0.8979814052581787
Bearing1_5,242,0.8891145586967468,0.897360622882843
Bearing1_5,243,0.8887083530426025,0.907539963722229
Bearing1_5,244,0.888302206993103,0.8984513282775879
Bearing1_5,245,0.8878960013389587,0.9077369570732117
Bearing1_5,246,0.8874898552894592,0.9116594791412354
Bearing1_5,247,0.8870836496353149,0.917328953742981
Bearing1_5,248,0.8866775035858154,0.9167684316635132
Bearing1_5,249,0.8862712979316711,0.907551646232605
Bearing1_5,250,0.8858651518821716,0.9082475304603577
Bearing1_5,251,0.8854590058326721,0.9152540564537048
Bearing1_5,252,0.8850528001785278,0.9274464845657349
Bearing1_5,253,0.8846466541290283,0.9277344942092896
Bearing1_5,254,0.884240448474884,0.9247526526451111
Bearing1_5,255,0.8838343024253845,0.9138539433479309
Bearing1_5,256,0.8834280967712402,0.9189674854278564
Bearing1_5,257,0.8830219507217407,0.9172648191452026
Bearing1_5,258,0.8826157450675964,0.9065927267074585
Bearing1_5,259,0.8822095990180969,0.9191753268241882
Bearing1_5,260,0.8818033933639526,0.8938103914260864
Bearing1_5,261,0.8813972473144531,0.9013493657112122
Bearing1_5,262,0.8809910416603088,0.8827872276306152
Bearing1_5,263,0.8805848956108093,0.8903253674507141
Bearing1_5,264,0.880178689956665,0.8879067301750183
Bearing1_5,265,0.8797725439071655,0.8992180228233337
Bearing1_5,266,0.879366397857666,0.870576798915863
Bearing1_5,267,0.8789601922035217,0.874420702457428
Bearing1_5,268,0.8785540461540222,0.8647561073303223
Bearing1_5,269,0.8781478404998779,0.8675180673599243
Bearing1_5,270,0.8777416944503784,0.8683816194534302
Bearing1_5,271,0.8773354887962341,0.8627336621284485
Bearing1_5,272,0.8769293427467346,0.861339807510376
Bearing1_5,273,0.8765231370925903,0.8557488918304443
Bearing1_5,274,0.8761169910430908,0.8498942255973816
Bearing1_5,275,0.8757107853889465,0.8538087010383606
Bearing1_5,276,0.875304639339447,0.8451112508773804
Bearing1_5,277,0.8748984336853027,0.8437928557395935
Bearing1_5,278,0.8744922876358032,0.8464966416358948
Bearing1_5,279,0.8740860819816589,0.8427081108093262
Bearing1_5,280,0.8736799359321594,0.8445963859558105
Bearing1_5,281,0.8732737898826599,0.8510072231292725
Bearing1_5,282,0.8728675842285156,0.8547481894493103
Bearing1_5,283,0.8724614381790161,0.8509345650672913
Bearing1_5,284,0.8720552325248718,0.8521112203598022
Bearing1_5,285,0.8716490864753723,0.8605204224586487
Bearing1_5,286,0.871242880821228,0.8639154434204102
Bearing1_5,287,0.8708367347717285,0.878669798374176
Bearing1_5,288,0.8704305291175842,0.8720871210098267
Bearing1_5,289,0.8700243830680847,0.8712818026542664
Bearing1_5,290,0.8696181774139404,0.8745152354240417
Bearing1_5,291,0.8692120313644409,0.8819601535797119
Bearing1_5,292,0.8688058257102966,0.889302670955658
Bearing1_5,293,0.8683996796607971,0.8884717226028442
Bearing1_5,294,0.8679934740066528,0.8844308257102966
Bearing1_5,295,0.8675873279571533,0.888580322265625
Bearing1_5,296,0.8671811819076538,0.8915471434593201
Bearing1_5,297,0.8667749762535095,0.9006332755088806
Bearing1_5,298,0.86636883020401,0.9078949689865112
Bearing1_5,299,0.8659626245498657,0.901867687702179
Bearing1_5,300,0.8655564785003662,0.9100855588912964
Bearing1_5,301,0.8651502728462219,0.9079016447067261
Bearing1_5,302,0.8647441267967224,0.9045775532722473
Bearing1_5,303,0.8643379211425781,0.8999806642532349
Bearing1_5,304,0.8639317750930786,0.8953354954719543
Bearing1_5,305,0.8635255694389343,0.8980455994606018
Bearing1_5,306,0.8631194233894348,0.9005907773971558
Bearing1_5,307,0.8627132177352905,0.9052377939224243
Bearing1_5,308,0.862307071685791,0.9070120453834534
Bearing1_5,309,0.8619008660316467,0.9001902341842651
Bearing1_5,310,0.8614947199821472,0.8931022882461548
Bearing1_5,311,0.8610885739326477,0.8996347188949585
Bearing1_5,312,0.8606823682785034,0.8812959790229797
Bearing1_5,313,0.8602762222290039,0.8757364749908447
Bearing1_5,314,0.8598700165748596,0.8632563352584839
Bearing1_5,315,0.8594638705253601,0.8758212327957153
Bearing1_5,316,0.8590576648712158,0.8733905553817749
Bearing1_5,317,0.8586515188217163,0.8489015102386475
Bearing1_5,318,0.858245313167572,0.856762170791626
Bearing1_5,319,0.8578391671180725,0.8544467687606812
Bearing1_5,320,0.8574329614639282,0.8483884334564209
Bearing1_5,321,0.8570268154144287,0.8488273620605469
Bearing1_5,322,0.8566206097602844,0.8438166975975037
Bearing1_5,323,0.8562144637107849,0.8462200164794922
Bearing1_5,324,0.8558082580566406,0.8342199325561523
Bearing1_5,325,0.8554021120071411,0.8387702107429504
Bearing1_5,326,0.8549959659576416,0.8401512503623962
Bearing1_5,327,0.8545897603034973,0.8350321650505066
Bearing1_5,328,0.8541836142539978,0.8387483954429626
Bearing1_5,329,0.8537774085998535,0.838935375213623
Bearing1_5,330,0.853371262550354,0.8371259570121765
Bearing1_5,331,0.8529650568962097,0.8459976315498352
Bearing1_5,332,0.8525589108467102,0.8427339196205139
Bearing1_5,333,0.8521527051925659,0.8303199410438538
Bearing1_5,334,0.8517465591430664,0.8328412771224976
Bearing1_5,335,0.8513403534889221,0.82969731092453
Bearing1_5,336,0.8509342074394226,0.8307521343231201
Bearing1_5,337,0.8505280017852783,0.8267320394515991
Bearing1_5,338,0.8501218557357788,0.8150154948234558
Bearing1_5,339,0.8497156500816345,0.8098799586296082
Bearing1_5,340,0.849309504032135,0.8113225102424622
Bearing1_5,341,0.8489033579826355,0.8397670984268188
Bearing1_5,342,0.8484971523284912,0.8354854583740234
Bearing1_5,343,0.8480910062789917,0.8447744846343994
Bearing1_5,344,0.8476848006248474,0.8490299582481384
Bearing1_5,345,0.8472786545753479,0.8334783911705017
Bearing1_5,346,0.8468724489212036,0.829185426235199
Bearing1_5,347,0.8464663028717041,0.834429144859314
Bearing1_5,348,0.8460600972175598,0.8335298895835876
Bearing1_5,349,0.8456539511680603,0.8527710437774658
Bearing1_5,350,0.845247745513916,0.8536344766616821
Bearing1_5,351,0.8448415994644165,0.8577512502670288
Bearing1_5,352,0.8444353938102722,0.8553627729415894
Bearing1_5,353,0.8440292477607727,0.854141116142273
Bearing1_5,354,0.8436230421066284,0.8634402751922607
Bearing1_5,355,0.8432168960571289,0.8685506582260132
Bearing1_5,356,0.8428107500076294,0.8671945333480835
Bearing1_5,357,0.8424045443534851,0.8583552241325378
Bearing1_5,358,0.8419983983039856,0.8681492805480957
Bearing1_5,359,0.8415921926498413,0.8656873106956482
Bearing1_5,360,0.8411860466003418,0.8525691032409668
Bearing1_5,361,0.8407798409461975,0.8659694790840149
Bearing1_5,362,0.840373694896698,0.8738804459571838
Bearing1_5,363,0.8399674892425537,0.8751329779624939
Bearing1_5,364,0.8395613431930542,0.8738798499107361
Bearing1_5,365,0.8391551375389099,0.8771398663520813
Bearing1_5,366,0.8387489914894104,0.8853868246078491
Bearing1_5,367,0.8383427858352661,0.8886061310768127
Bearing1_5,368,0.8379366397857666,0.8786493539810181
Bearing1_5,369,0.8375304341316223,0.8795961141586304
Bearing1_5,370,0.8371242880821228,0.8607325553894043
Bearing1_5,371,0.8367181420326233,0.8702688813209534
Bearing1_5,372,0.836311936378479,0.8597109317779541
Bearing1_5,373,0.8359057903289795,0.8627600073814392
Bearing1_5,374,0.8354995846748352,0.861003041267395
Bearing1_5,375,0.8350934386253357,0.8568485975265503
Bearing1_5,376,0.8346872329711914,0.8506225943565369
Bearing1_5,377,0.8342810869216919,0.8555111885070801
Bearing1_5,378,0.8338748812675476,0.8559557199478149
Bearing1_5,379,0.8334687352180481,0.8523844480514526
Bearing1_5,380,0.8330625295639038,0.8526562452316284
Bearing1_5,381,0.8326563835144043,0.8421106934547424
Bearing1_5,382,0.83225017786026,0.8323034048080444
Bearing1_5,383,0.8318440318107605,0.8211777210235596
Bearing1_5,384,0.8314378261566162,0.8354300856590271
Bearing1_5,385,0.8310316801071167,0.8295474648475647
Bearing1_5,386,0.8306255340576172,0.8152813911437988
Bearing1_5,387,0.8302193284034729,0.819187581539154
Bearing1_5,388,0.8298131823539734,0.8239760994911194
Bearing1_5,389,0.8294069766998291,0.8333737254142761
Bearing1_5,390,0.8290008306503296,0.8143311738967896
Bearing1_5,391,0.8285946249961853,0.8039416670799255
Bearing1_5,392,0.8281884789466858,0.776073694229126
Bearing1_5,393,0.8277822732925415,0.7889067530632019
Bearing1_5,394,0.827376127243042,0.7396084666252136
Bearing1_5,395,0.8269699215888977,0.7084499597549438
Bearing1_5,396,0.8265637755393982,0.7042924761772156
Bearing1_5,397,0.8261575698852539,0.6896380186080933
Bearing1_5,398,0.8257514238357544,0.6947482228279114
Bearing1_5,399,0.8253452181816101,0.6930327415466309
Bearing1_5,400,0.8249390721321106,0.7004839181900024
Bearing1_5,401,0.8245329260826111,0.7045074105262756
Bearing1_5,402,0.8241267204284668,0.7121841311454773
Bearing1_5,403,0.8237205743789673,0.7284808158874512
Bearing1_5,404,0.823314368724823,0.727948784828186
Bearing1_5,405,0.8229082226753235,0.7485767602920532
Bearing1_5,406,0.8225020170211792,0.7557721138000488
Bearing1_5,407,0.8220958709716797,0.7534504532814026
Bearing1_5,408,0.8216896653175354,0.7745921015739441
Bearing1_5,409,0.8212835192680359,0.7732957005500793
Bearing1_5,410,0.8208773136138916,0.7679803371429443
Bearing1_5,411,0.8204711675643921,0.77427738904953
Bearing1_5,412,0.8200649619102478,0.7948926687240601
Bearing1_5,413,0.8196588158607483,0.8252988457679749
Bearing1_5,414,0.8192526698112488,0.8302491903305054
Bearing1_5,415,0.8188464641571045,0.840287446975708
Bearing1_5,416,0.818440318107605,0.8258077502250671
Bearing1_5,417,0.8180341124534607,0.8348588943481445
Bearing1_5,418,0.8176279664039612,0.8374070525169373
Bearing1_5,419,0.8172217607498169,0.8373786211013794
Bearing1_5,420,0.8168156147003174,0.8451339602470398
Bearing1_5,421,0.8164094090461731,0.8393765687942505
Bearing1_5,422,0.8160032629966736,0.8346676230430603
Bearing1_5,423,0.8155970573425293,0.8313415050506592
Bearing1_5,424,0.8151909112930298,0.8402098417282104
Bearing1_5,425,0.8147847056388855,0.8364599347114563
Bearing1_5,426,0.814378559589386,0.8376955389976501
Bearing1_5,427,0.8139723539352417,0.8316770195960999
Bearing1_5,428,0.8135662078857422,0.8424699306488037
Bearing1_5,429,0.8131600618362427,0.8363572359085083
Bearing1_5,430,0.8127538561820984,0.8314537405967712
Bearing1_5,431,0.8123477101325989,0.8297616243362427
Bearing1_5,432,0.8119415044784546,0.8248072266578674
Bearing1_5,433,0.8115353584289551,0.8204920887947083
Bearing1_5,434,0.8111291527748108,0.8247316479682922
Bearing1_5,435,0.8107230067253113,0.8173816204071045
Bearing1_5,436,0.810316801071167,0.8217772245407104
Bearing1_5,437,0.8099106550216675,0.8214964866638184
Bearing1_5,438,0.8095044493675232,0.8087789416313171
Bearing1_5,439,0.8090983033180237,0.8196187615394592
Bearing1_5,440,0.8086920976638794,0.7565178871154785
Bearing1_5,441,0.8082859516143799,0.7701029181480408
Bearing1_5,442,0.8078797459602356,0.789868950843811
Bearing1_5,443,0.8074735999107361,0.7327934503555298
Bearing1_5,444,0.8070674538612366,0.7194662690162659
Bearing1_5,445,0.8066612482070923,0.7069858312606812
Bearing1_5,446,0.8062551021575928,0.7306998372077942
Bearing1_5,447,0.8058488965034485,0.7371259927749634
Bearing1_5,448,0.805442750453949,0.7228451371192932
Bearing1_5,449,0.8050365447998047,0.7211003303527832
Bearing1_5,450,0.8046303987503052,0.7536886930465698
Bearing1_5,451,0.8042241930961609,0.7711747884750366
Bearing1_5,452,0.8038180470466614,0.747901976108551
Bearing1_5,453,0.8034118413925171,0.7674939632415771
Bearing1_5,454,0.8030056953430176,0.8081295490264893
Bearing1_5,455,0.8025994896888733,0.8230634331703186
Bearing1_5,456,0.8021933436393738,0.8016958832740784
Bearing1_5,457,0.8017871379852295,0.8083621263504028
Bearing1_5,458,0.80138099193573,0.8120936751365662
Bearing1_5,459,0.8009748458862305,0.8252883553504944
Bearing1_5,460,0.8005686402320862,0.8170601725578308
Bearing1_5,461,0.8001624941825867,0.8009673357009888
Bearing1_5,462,0.7997562885284424,0.7975813150405884
Bearing1_5,463,0.7993501424789429,0.7873623967170715
Bearing1_5,464,0.7989439368247986,0.7799913883209229
Bearing1_5,465,0.7985377907752991,0.7650649547576904
Bearing1_5,466,0.7981315851211548,0.7413408756256104
Bearing1_5,467,0.7977254390716553,0.7416975498199463
Bearing1_5,468,0.797319233417511,0.7226739525794983
Bearing1_5,469,0.7969130873680115,0.6978092193603516
Bearing1_5,470,0.7965068817138672,0.7260334491729736
Bearing1_5,471,0.7961007356643677,0.728147566318512
Bearing1_5,472,0.7956945300102234,0.7860379219055176
Bearing1_5,473,0.7952883839607239,0.7683545351028442
Bearing1_5,474,0.7948822379112244,0.7565219402313232
Bearing1_5,475,0.7944760322570801,0.7033365368843079
Bearing1_5,476,0.7940698862075806,0.6857417821884155
Bearing1_5,477,0.7936636805534363,0.6903196573257446
Bearing1_5,478,0.7932575345039368,0.6805509924888611
Bearing1_5,479,0.7928513288497925,0.6902831792831421
Bearing1_5,480,0.792445182800293,0.6844635009765625
Bearing1_5,481,0.7920389771461487,0.6862683296203613
Bearing1_5,482,0.7916328310966492,0.6697257161140442
Bearing1_5,483,0.7912266254425049,0.668397068977356
Bearing1_5,484,0.7908204793930054,0.6711642146110535
Bearing1_5,485,0.7904142737388611,0.6778960227966309
Bearing1_5,486,0.7900081276893616,0.6944890022277832
Bearing1_5,487,0.7896019220352173,0.6862497329711914
Bearing1_5,488,0.7891957759857178,0.6907906532287598
Bearing1_5,489,0.7887896299362183,0.705218493938446
Bearing1_5,490,0.788383424282074,0.7255344986915588
Bearing1_5,491,0.7879772782325745,0.7319015264511108
Bearing1_5,492,0.7875710725784302,0.7895227074623108
Bearing1_5,493,0.7871649265289307,0.7685494422912598
Bearing1_5,494,0.7867587208747864,0.8086557388305664
Bearing1_5,495,0.7863525748252869,0.7847349047660828
Bearing1_5,496,0.7859463691711426,0.8119386434555054
Bearing1_5,497,0.7855402231216431,0.8209271430969238
Bearing1_5,498,0.7851340174674988,0.8082897663116455
Bearing1_5,499,0.7847278714179993,0.8075777292251587
Bearing1_5,500,0.784321665763855,0.7812401056289673
Bearing1_5,501,0.7839155197143555,0.7566933035850525
Bearing1_5,502,0.7835093140602112,0.7532694339752197
Bearing1_5,503,0.7831031680107117,0.6943130493164062
Bearing1_5,504,0.7826970219612122,0.681071937084198
Bearing1_5,505,0.7822908163070679,0.6719127297401428
Bearing1_5,506,0.7818846702575684,0.669598400592804
Bearing1_5,507,0.7814784646034241,0.6838080883026123
Bearing1_5,508,0.7810723185539246,0.67145174741745
Bearing1_5,509,0.7806661128997803,0.66683030128479
Bearing1_5,510,0.7802599668502808,0.6622678637504578
Bearing1_5,511,0.7798537611961365,0.6533476114273071
Bearing1_5,512,0.779447615146637,0.660880446434021
Bearing1_5,513,0.7790414094924927,0.652311384677887
Bearing1_5,514,0.7786352634429932,0.6549894213676453
Bearing1_5,515,0.7782290577888489,0.65190589427948
Bearing1_5,516,0.7778229117393494,0.6486272811889648
Bearing1_5,517,0.7774167060852051,0.6450628638267517
Bearing1_5,518,0.7770105600357056,0.6290034055709839
Bearing1_5,519,0.776604413986206,0.6342080235481262
Bearing1_5,520,0.7761982083320618,0.6338327527046204
Bearing1_5,521,0.7757920622825623,0.642494797706604
Bearing1_5,522,0.775385856628418,0.6342883110046387
Bearing1_5,523,0.7749797105789185,0.621071994304657
Bearing1_5,524,0.7745735049247742,0.6251420974731445
Bearing1_5,525,0.7741673588752747,0.6200286149978638
Bearing1_5,526,0.7737611532211304,0.6130154728889465
Bearing1_5,527,0.7733550071716309,0.6098278760910034
Bearing1_5,528,0.7729488015174866,0.6123033761978149
Bearing1_5,529,0.7725426554679871,0.6090989112854004
Bearing1_5,530,0.7721364498138428,0.61716628074646
Bearing1_5,531,0.7717303037643433,0.6157711744308472
Bearing1_5,532,0.771324098110199,0.6247701048851013
Bearing1_5,533,0.7709179520606995,0.6221477389335632
Bearing1_5,534,0.7705118060112,0.6357776522636414
Bearing1_5,535,0.7701056003570557,0.6271988749504089
Bearing1_5,536,0.7696994543075562,0.6235441565513611
Bearing1_5,537,0.7692932486534119,0.6180661916732788
Bearing1_5,538,0.7688871026039124,0.6215960383415222
Bearing1_5,539,0.7684808969497681,0.6116812825202942
Bearing1_5,540,0.7680747509002686,0.6124152541160583
Bearing1_5,541,0.7676685452461243,0.609005868434906
Bearing1_5,542,0.7672623991966248,0.6099706292152405
Bearing1_5,543,0.7668561935424805,0.6076881885528564
Bearing1_5,544,0.766450047492981,0.608532726764679
Bearing1_5,545,0.7660438418388367,0.6144919395446777
Bearing1_5,546,0.7656376957893372,0.6079407930374146
Bearing1_5,547,0.7652314901351929,0.6050608158111572
Bearing1_5,548,0.7648253440856934,0.6046690940856934
Bearing1_5,549,0.7644191980361938,0.6093710064888
Bearing1_5,550,0.7640129923820496,0.6092228293418884
Bearing1_5,551,0.76360684633255,0.6039521098136902
Bearing1_5,552,0.7632006406784058,0.6035038232803345
Bearing1_5,553,0.7627944946289062,0.6042325496673584
Bearing1_5,554,0.762388288974762,0.6193045973777771
Bearing1_5,555,0.7619821429252625,0.6194910407066345
Bearing1_5,556,0.7615759372711182,0.6276945471763611
Bearing1_5,557,0.7611697912216187,0.6294045448303223
Bearing1_5,558,0.7607635855674744,0.6323670148849487
Bearing1_5,559,0.7603574395179749,0.6321882009506226
Bearing1_5,560,0.7599512338638306,0.6275601387023926
Bearing1_5,561,0.759545087814331,0.6255002021789551
Bearing1_5,562,0.7591388821601868,0.6307802796363831
Bearing1_5,563,0.7587327361106873,0.6412607431411743
Bearing1_5,564,0.7583265900611877,0.6345323324203491
Bearing1_5,565,0.7579203844070435,0.6426588296890259
Bearing1_5,566,0.757514238357544,0.6456752419471741
Bearing1_5,567,0.7571080327033997,0.6430959701538086
Bearing1_5,568,0.7567018866539001,0.6480286717414856
Bearing1_5,569,0.7562956809997559,0.6384114623069763
Bearing1_5,570,0.7558895349502563,0.6354629993438721
Bearing1_5,571,0.7554833292961121,0.6417754292488098
Bearing1_5,572,0.7550771832466125,0.6369098424911499
Bearing1_5,573,0.7546709775924683,0.6346976161003113
Bearing1_5,574,0.7542648315429688,0.6368885636329651
Bearing1_5,575,0.7538586258888245,0.6425967216491699
Bearing1_5,576,0.753452479839325,0.6404883861541748
Bearing1_5,577,0.7530462741851807,0.6360532641410828
Bearing1_5,578,0.7526401281356812,0.63454270362854
Bearing1_5,579,0.7522339820861816,0.6325145959854126
Bearing1_5,580,0.7518277764320374,0.630452573299408
Bearing1_5,581,0.7514216303825378,0.6295797228813171
Bearing1_5,582,0.7510154247283936,0.6299417614936829
Bearing1_5,583,0.750609278678894,0.6198580265045166
Bearing1_5,584,0.7502030730247498,0.6173706650733948
Bearing1_5,585,0.7497969269752502,0.6155857443809509
Bearing1_5,586,0.749390721321106,0.611365795135498
Bearing1_5,587,0.7489845752716064,0.6114575266838074
Bearing1_5,588,0.7485783696174622,0.6031876802444458
Bearing1_5,589,0.7481722235679626,0.6040064096450806
Bearing1_5,590,0.7477660179138184,0.6002219319343567
Bearing1_5,591,0.7473598718643188,0.6074930429458618
Bearing1_5,592,0.7469537258148193,0.6061533093452454
Bearing1_5,593,0.746547520160675,0.6104512214660645
Bearing1_5,594,0.7461413741111755,0.605983555316925
Bearing1_5,595,0.7457351684570312,0.6000490188598633
Bearing1_5,596,0.7453290224075317,0.6002026796340942
Bearing1_5,597,0.7449228167533875,0.5965530872344971
Bearing1_5,598,0.7445166707038879,0.5965867638587952
Bearing1_5,599,0.7441104650497437,0.5976923108100891
Bearing1_5,600,0.7437043190002441,0.5944486856460571
Bearing1_5,601,0.7432981133460999,0.6084862947463989
Bearing1_5,602,0.7428919672966003,0.6122633814811707
Bearing1_5,603,0.742485761642456,0.623359203338623
Bearing1_5,604,0.7420796155929565,0.6336857676506042
Bearing1_5,605,0.7416734099388123,0.6436761617660522
Bearing1_5,606,0.7412672638893127,0.6308597922325134
Bearing1_5,607,0.7408611178398132,0.6368173956871033
Bearing1_5,608,0.740454912185669,0.6319122314453125
Bearing1_5,609,0.7400487661361694,0.6353686451911926
Bearing1_5,610,0.7396425604820251,0.642519474029541
Bearing1_5,611,0.7392364144325256,0.6385397911071777
Bearing1_5,612,0.7388302087783813,0.6363438367843628
Bearing1_5,613,0.7384240627288818,0.637345016002655
Bearing1_5,614,0.7380178570747375,0.6354267597198486
Bearing1_5,615,0.737611711025238,0.6351730823516846
Bearing1_5,616,0.7372055053710938,0.6324588656425476
Bearing1_5,617,0.7367993593215942,0.6327673196792603
Bearing1_5,618,0.73639315366745,0.6354248523712158
Bearing1_5,619,0.7359870076179504,0.6385433673858643
Bearing1_5,620,0.7355808019638062,0.6358924508094788
Bearing1_5,621,0.7351746559143066,0.639187216758728
Bearing1_5,622,0.7347685098648071,0.647436797618866
Bearing1_5,623,0.7343623042106628,0.6464883685112
Bearing1_5,624,0.7339561581611633,0.6478224992752075
Bearing1_5,625,0.733549952507019,0.6498138308525085
Bearing1_5,626,0.7331438064575195,0.6505162715911865
Bearing1_5,627,0.7327376008033752,0.6518492102622986
Bearing1_5,628,0.7323314547538757,0.6439374685287476
Bearing1_5,629,0.7319252490997314,0.656468391418457
Bearing1_5,630,0.7315191030502319,0.6466003060340881
Bearing1_5,631,0.7311128973960876,0.6507068276405334
Bearing1_5,632,0.7307067513465881,0.6508179306983948
Bearing1_5,633,0.7303005456924438,0.6458429098129272
Bearing1_5,634,0.7298943996429443,0.6467482447624207
Bearing1_5,635,0.7294881939888,0.6387314200401306
Bearing1_5,636,0.7290820479393005,0.6418002843856812
Bearing1_5,637,0.728675901889801,0.6439067721366882
Bearing1_5,638,0.7282696962356567,0.6381152868270874
Bearing1_5,639,0.7278635501861572,0.6367987990379333
Bearing1_5,640,0.7274573445320129,0.6422919631004333
Bearing1_5,641,0.7270511984825134,0.638187050819397
Bearing1_5,642,0.7266449928283691,0.6371765732765198
Bearing1_5,643,0.7262388467788696,0.6445022225379944
Bearing1_5,644,0.7258326411247253,0.6466384530067444
Bearing1_5,645,0.7254264950752258,0.6509924530982971
Bearing1_5,646,0.7250202894210815,0.6474121809005737
Bearing1_5,647,0.724614143371582,0.6590551137924194
Bearing1_5,648,0.7242079377174377,0.6605963110923767
Bearing1_5,649,0.7238017916679382,0.6629054546356201
Bearing1_5,650,0.723395586013794,0.6632592082023621
Bearing1_5,651,0.7229894399642944,0.6588119864463806
Bearing1_5,652,0.7225832939147949,0.66783207654953
Bearing1_5,653,0.7221770882606506,0.6709983348846436
Bearing1_5,654,0.7217709422111511,0.6752994656562805
Bearing1_5,655,0.7213647365570068,0.670015275478363
Bearing1_5,656,0.7209585905075073,0.66363525390625
Bearing1_5,657,0.720552384853363,0.659394383430481
Bearing1_5,658,0.7201462388038635,0.6558055281639099
Bearing1_5,659,0.7197400331497192,0.6528456807136536
Bearing1_5,660,0.7193338871002197,0.6564615964889526
Bearing1_5,661,0.7189276814460754,0.6450812220573425
Bearing1_5,662,0.7185215353965759,0.6490074396133423
Bearing1_5,663,0.7181153297424316,0.6430361270904541
Bearing1_5,664,0.7177091836929321,0.6365628242492676
Bearing1_5,665,0.7173029780387878,0.629280149936676
Bearing1_5,666,0.7168968319892883,0.640188992023468
Bearing1_5,667,0.7164906859397888,0.635447084903717
Bearing1_5,668,0.7160844802856445,0.6435282230377197
Bearing1_5,669,0.715678334236145,0.6462555527687073
Bearing1_5,670,0.7152721285820007,0.6564080715179443
Bearing1_5,671,0.7148659825325012,0.6554573774337769
Bearing1_5,672,0.7144597768783569,0.661738932132721
Bearing1_5,673,0.7140536308288574,0.6581141948699951
Bearing1_5,674,0.7136474251747131,0.6628617644309998
Bearing1_5,675,0.7132412791252136,0.6699355840682983
Bearing1_5,676,0.7128350734710693,0.6730865836143494
Bearing1_5,677,0.7124289274215698,0.6648828983306885
Bearing1_5,678,0.7120227217674255,0.6705967783927917
Bearing1_5,679,0.711616575717926,0.6674579977989197
Bearing1_5,680,0.7112103700637817,0.6716314554214478
Bearing1_5,681,0.7108042240142822,0.6751793622970581
Bearing1_5,682,0.7103980779647827,0.6633447408676147
Bearing1_5,683,0.7099918723106384,0.6580052971839905
Bearing1_5,684,0.7095857262611389,0.6531988978385925
Bearing1_5,685,0.7091795206069946,0.6506021618843079
Bearing1_5,686,0.7087733745574951,0.6486122012138367
Bearing1_5,687,0.7083671689033508,0.6459276676177979
Bearing1_5,688,0.7079610228538513,0.6467800140380859
Bearing1_5,689,0.707554817199707,0.6386640071868896
Bearing1_5,690,0.7071486711502075,0.6455727815628052
Bearing1_5,691,0.7067424654960632,0.6494272947311401
Bearing1_5,692,0.7063363194465637,0.6465678215026855
Bearing1_5,693,0.7059301137924194,0.6563981771469116
Bearing1_5,694,0.7055239677429199,0.6486687064170837
Bearing1_5,695,0.7051177620887756,0.6612063050270081
Bearing1_5,696,0.7047116160392761,0.6725409626960754
Bearing1_5,697,0.7043054699897766,0.6764110922813416
Bearing1_5,698,0.7038992643356323,0.6708124279975891
Bearing1_5,699,0.7034931182861328,0.6809185147285461
Bearing1_5,700,0.7030869126319885,0.6592614054679871
Bearing1_5,701,0.702680766582489,0.6441311836242676
Bearing1_5,702,0.7022745609283447,0.6487477421760559
Bearing1_5,703,0.7018684148788452,0.6469336152076721
Bearing1_5,704,0.7014622092247009,0.6390514969825745
Bearing1_5,705,0.7010560631752014,0.6259660720825195
Bearing1_5,706,0.7006498575210571,0.6290287375450134
Bearing1_5,707,0.7002437114715576,0.6246762275695801
Bearing1_5,708,0.6998375058174133,0.6149995923042297
Bearing1_5,709,0.6994313597679138,0.6172884702682495
Bearing1_5,710,0.6990251541137695,0.6096150279045105
Bearing1_5,711,0.69861900806427,0.6064333915710449
Bearing1_5,712,0.6982128620147705,0.6029761433601379
Bearing1_5,713,0.6978066563606262,0.5990528464317322
Bearing1_5,714,0.6974005103111267,0.6083661317825317
Bearing1_5,715,0.6969943046569824,0.6014675498008728
Bearing1_5,716,0.6965881586074829,0.607039749622345
Bearing1_5,717,0.6961819529533386,0.608832836151123
Bearing1_5,718,0.6957758069038391,0.6170941591262817
Bearing1_5,719,0.6953696012496948,0.6120293140411377
Bearing1_5,720,0.6949634552001953,0.6085355877876282
Bearing1_5,721,0.694557249546051,0.6184628009796143
Bearing1_5,722,0.6941511034965515,0.62689608335495
Bearing1_5,723,0.6937448978424072,0.6112301349639893
Bearing1_5,724,0.6933387517929077,0.6210142970085144
Bearing1_5,725,0.6929325461387634,0.6123403906822205
Bearing1_5,726,0.6925264000892639,0.6086980700492859
Bearing1_5,727,0.6921202540397644,0.6059703826904297
Bearing1_5,728,0.6917140483856201,0.620449423789978
Bearing1_5,729,0.6913079023361206,0.6253879070281982
Bearing1_5,730,0.6909016966819763,0.6380453705787659
Bearing1_5,731,0.6904955506324768,0.6434765458106995
Bearing1_5,732,0.6900893449783325,0.6501227617263794
Bearing1_5,733,0.689683198928833,0.6663349866867065
Bearing1_5,734,0.6892769932746887,0.6644083261489868
Bearing1_5,735,0.6888708472251892,0.685803234577179
Bearing1_5,736,0.6884646415710449,0.6758377552032471
Bearing1_5,737,0.6880584955215454,0.6871706247329712
Bearing1_5,738,0.6876522898674011,0.6922852993011475
Bearing1_5,739,0.6872461438179016,0.6905940175056458
Bearing1_5,740,0.6868399381637573,0.7053719758987427
Bearing1_5,741,0.6864337921142578,0.7185536623001099
Bearing1_5,742,0.6860276460647583,0.7586427927017212
Bearing1_5,743,0.685621440410614,0.7489343881607056
Bearing1_5,744,0.6852152943611145,0.7431351542472839
Bearing1_5,745,0.6848090887069702,0.7561036944389343
Bearing1_5,746,0.6844029426574707,0.7664909362792969
Bearing1_5,747,0.6839967370033264,0.7432846426963806
Bearing1_5,748,0.6835905909538269,0.761145830154419
Bearing1_5,749,0.6831843852996826,0.7232985496520996
Bearing1_5,750,0.6827782392501831,0.7399864792823792
Bearing1_5,751,0.6823720335960388,0.7109677791595459
Bearing1_5,752,0.6819658875465393,0.7497365474700928
Bearing1_5,753,0.681559681892395,0.7464416027069092
Bearing1_5,754,0.6811535358428955,0.7143146395683289
Bearing1_5,755,0.6807473301887512,0.7263151407241821
Bearing1_5,756,0.6803411841392517,0.6821891069412231
Bearing1_5,757,0.6799350380897522,0.6721979379653931
Bearing1_5,758,0.6795288324356079,0.6622687578201294
Bearing1_5,759,0.6791226863861084,0.6581503748893738
Bearing1_5,760,0.6787164807319641,0.6367583274841309
Bearing1_5,761,0.6783103346824646,0.6288944482803345
Bearing1_5,762,0.6779041290283203,0.6214494705200195
Bearing1_5,763,0.6774979829788208,0.6273672580718994
Bearing1_5,764,0.6770917773246765,0.6307206749916077
Bearing1_5,765,0.676685631275177,0.6261576414108276
Bearing1_5,766,0.6762794256210327,0.6352059245109558
Bearing1_5,767,0.6758732795715332,0.6279295682907104
Bearing1_5,768,0.6754670739173889,0.6401837468147278
Bearing1_5,769,0.6750609278678894,0.6276165246963501
Bearing1_5,770,0.6746547818183899,0.624083936214447
Bearing1_5,771,0.6742485761642456,0.6301112771034241
Bearing1_5,772,0.6738424301147461,0.6272492408752441
Bearing1_5,773,0.6734362244606018,0.6204404830932617
Bearing1_5,774,0.6730300784111023,0.6135883331298828
Bearing1_5,775,0.672623872756958,0.6097503900527954
Bearing1_5,776,0.6722177267074585,0.6147326827049255
Bearing1_5,777,0.6718115210533142,0.6153009533882141
Bearing1_5,778,0.6714053750038147,0.6176602244377136
Bearing1_5,779,0.6709991693496704,0.6222176551818848
Bearing1_5,780,0.6705930233001709,0.6311230063438416
Bearing1_5,781,0.6701868176460266,0.6332554221153259
Bearing1_5,782,0.6697806715965271,0.6315237283706665
Bearing1_5,783,0.6693744659423828,0.6356503963470459
Bearing1_5,784,0.6689683198928833,0.6366211771965027
Bearing1_5,785,0.6685621738433838,0.6304057240486145
Bearing1_5,786,0.6681559681892395,0.6313880681991577
Bearing1_5,787,0.66774982213974,0.6345080733299255
Bearing1_5,788,0.6673436164855957,0.6423668265342712
Bearing1_5,789,0.6669374704360962,0.634912371635437
Bearing1_5,790,0.6665312647819519,0.6375624537467957
Bearing1_5,791,0.6661251187324524,0.6390088796615601
Bearing1_5,792,0.6657189130783081,0.6458979845046997
Bearing1_5,793,0.6653127670288086,0.6495583057403564
Bearing1_5,794,0.6649065613746643,0.6471088528633118
Bearing1_5,795,0.6645004153251648,0.6323162913322449
Bearing1_5,796,0.6640942096710205,0.6250718235969543
Bearing1_5,797,0.663688063621521,0.6220022439956665
Bearing1_5,798,0.6632818579673767,0.6112464070320129
Bearing1_5,799,0.6628757119178772,0.6058036684989929
Bearing1_5,800,0.6624695658683777,0.598622739315033
Bearing1_5,801,0.6620633602142334,0.6100641489028931
Bearing1_5,802,0.6616572141647339,0.6084367036819458
Bearing1_5,803,0.6612510085105896,0.6066131591796875
Bearing1_5,804,0.6608448624610901,0.5991623401641846
Bearing1_5,805,0.6604386568069458,0.5994316339492798
Bearing1_5,806,0.6600325107574463,0.5914658904075623
Bearing1_5,807,0.659626305103302,0.5898432731628418
Bearing1_5,808,0.6592201590538025,0.5978409051895142
Bearing1_5,809,0.6588139533996582,0.5868508219718933
Bearing1_5,810,0.6584078073501587,0.5840322971343994
Bearing1_5,811,0.6580016016960144,0.5674471259117126
Bearing1_5,812,0.6575954556465149,0.5484715104103088
Bearing1_5,813,0.6571892499923706,0.5365939140319824
Bearing1_5,814,0.6567831039428711,0.5333300828933716
Bearing1_5,815,0.6563769578933716,0.5397347807884216
Bearing1_5,816,0.6559707522392273,0.5353533625602722
Bearing1_5,817,0.6555646061897278,0.5529837012290955
Bearing1_5,818,0.6551584005355835,0.5391562581062317
Bearing1_5,819,0.654752254486084,0.5287933945655823
Bearing1_5,820,0.6543460488319397,0.5342598557472229
Bearing1_5,821,0.6539399027824402,0.5355515480041504
Bearing1_5,822,0.6535336971282959,0.5406101942062378
Bearing1_5,823,0.6531275510787964,0.545373797416687
Bearing1_5,824,0.6527213454246521,0.5488607883453369
Bearing1_5,825,0.6523151993751526,0.5501542091369629
Bearing1_5,826,0.6519089937210083,0.5400165319442749
Bearing1_5,827,0.6515028476715088,0.5653659105300903
Bearing1_5,828,0.6510966420173645,0.5485005974769592
Bearing1_5,829,0.650690495967865,0.5568545460700989
Bearing1_5,830,0.6502843499183655,0.5628156661987305
Bearing1_5,831,0.6498781442642212,0.5707399249076843
Bearing1_5,832,0.6494719982147217,0.5732506513595581
Bearing1_5,833,0.6490657925605774,0.5513920187950134
Bearing1_5,834,0.6486596465110779,0.5474684834480286
Bearing1_5,835,0.6482534408569336,0.5452044010162354
Bearing1_5,836,0.6478472948074341,0.5444560647010803
Bearing1_5,837,0.6474410891532898,0.5449599027633667
Bearing1_5,838,0.6470349431037903,0.5387362837791443
Bearing1_5,839,0.646628737449646,0.5406181216239929
Bearing1_5,840,0.6462225914001465,0.5302354693412781
Bearing1_5,841,0.6458163857460022,0.5462437272071838
Bearing1_5,842,0.6454102396965027,0.5541709065437317
Bearing1_5,843,0.6450040340423584,0.5399628281593323
Bearing1_5,844,0.6445978879928589,0.5614143013954163
Bearing1_5,845,0.6441917419433594,0.5612466335296631
Bearing1_5,846,0.6437855362892151,0.5563027858734131
Bearing1_5,847,0.6433793902397156,0.5524378418922424
Bearing1_5,848,0.6429731845855713,0.5442909002304077
Bearing1_5,849,0.6425670385360718,0.5294683575630188
Bearing1_5,850,0.6421608328819275,0.5324087142944336
Bearing1_5,851,0.641754686832428,0.5305675268173218
Bearing1_5,852,0.6413484811782837,0.5482181310653687
Bearing1_5,853,0.6409423351287842,0.554336667060852
Bearing1_5,854,0.6405361294746399,0.5595557689666748
Bearing1_5,855,0.6401299834251404,0.5480285882949829
Bearing1_5,856,0.6397237777709961,0.5398769974708557
Bearing1_5,857,0.6393176317214966,0.5415135025978088
Bearing1_5,858,0.6389114260673523,0.5351310968399048
Bearing1_5,859,0.6385052800178528,0.5171006321907043
Bearing1_5,860,0.6380991339683533,0.5303360819816589
Bearing1_5,861,0.637692928314209,0.5206736326217651
Bearing1_5,862,0.6372867822647095,0.5137251615524292
Bearing1_5,863,0.6368805766105652,0.4942971467971802
Bearing1_5,864,0.6364744305610657,0.5054168701171875
Bearing1_5,865,0.6360682249069214,0.5109474658966064
Bearing1_5,866,0.6356620788574219,0.4959889054298401
Bearing1_5,867,0.6352558732032776,0.49789613485336304
Bearing1_5,868,0.6348497271537781,0.4863017499446869
Bearing1_5,869,0.6344435214996338,0.4666784703731537
Bearing1_5,870,0.6340373754501343,0.47411319613456726
Bearing1_5,871,0.63363116979599,0.5109573006629944
Bearing1_5,872,0.6332250237464905,0.4853114187717438
Bearing1_5,873,0.6328188180923462,0.4533005654811859
Bearing1_5,874,0.6324126720428467,0.4355751574039459
Bearing1_5,875,0.6320065259933472,0.4377462863922119
Bearing1_5,876,0.6316003203392029,0.43596887588500977
Bearing1_5,877,0.6311941742897034,0.4203093647956848
Bearing1_5,878,0.6307879686355591,0.39618900418281555
Bearing1_5,879,0.6303818225860596,0.4170446991920471
Bearing1_5,880,0.6299756169319153,0.41026538610458374
Bearing1_5,881,0.6295694708824158,0.4100387990474701
Bearing1_5,882,0.6291632652282715,0.448382169008255
Bearing1_5,883,0.628757119178772,0.42301633954048157
Bearing1_5,884,0.6283509135246277,0.4482766091823578
Bearing1_5,885,0.6279447674751282,0.4426364004611969
Bearing1_5,886,0.6275385618209839,0.45303577184677124
Bearing1_5,887,0.6271324157714844,0.48148593306541443
Bearing1_5,888,0.6267262101173401,0.47490134835243225
Bearing1_5,889,0.6263200640678406,0.504931628704071
Bearing1_5,890,0.6259139180183411,0.5127797722816467
Bearing1_5,891,0.6255077123641968,0.5224932432174683
Bearing1_5,892,0.6251015663146973,0.5355790257453918
Bearing1_5,893,0.624695360660553,0.5413988828659058
Bearing1_5,894,0.6242892146110535,0.5413017868995667
Bearing1_5,895,0.6238830089569092,0.5449524521827698
Bearing1_5,896,0.6234768629074097,0.5435923337936401
Bearing1_5,897,0.6230706572532654,0.5502989888191223
Bearing1_5,898,0.6226645112037659,0.5494368076324463
Bearing1_5,899,0.6222583055496216,0.5542222261428833
Bearing1_5,900,0.6218521595001221,0.5545458197593689
Bearing1_5,901,0.6214459538459778,0.5487121939659119
Bearing1_5,902,0.6210398077964783,0.5554965138435364
Bearing1_5,903,0.620633602142334,0.5414358973503113
Bearing1_5,904,0.6202274560928345,0.5539427399635315
Bearing1_5,905,0.619821310043335,0.5636463761329651
Bearing1_5,906,0.6194151043891907,0.570224940776825
Bearing1_5,907,0.6190089583396912,0.5710496306419373
Bearing1_5,908,0.6186027526855469,0.5719113945960999
Bearing1_5,909,0.6181966066360474,0.5792233347892761
Bearing1_5,910,0.6177904009819031,0.5933641791343689
Bearing1_5,911,0.6173842549324036,0.591071605682373
Bearing1_5,912,0.6169780492782593,0.5876787900924683
Bearing1_5,913,0.6165719032287598,0.5894140601158142
Bearing1_5,914,0.6161656975746155,0.5907725691795349
Bearing1_5,915,0.615759551525116,0.5946645140647888
Bearing1_5,916,0.6153533458709717,0.5876535177230835
Bearing1_5,917,0.6149471998214722,0.5788698792457581
Bearing1_5,918,0.6145409941673279,0.5878739356994629
Bearing1_5,919,0.6141348481178284,0.5886154770851135
Bearing1_5,920,0.6137287020683289,0.5904932022094727
Bearing1_5,921,0.6133224964141846,0.5877343416213989
Bearing1_5,922,0.6129163503646851,0.5904706120491028
Bearing1_5,923,0.6125101447105408,0.5821130871772766
Bearing1_5,924,0.6121039986610413,0.5745759010314941
Bearing1_5,925,0.611697793006897,0.5705795288085938
Bearing1_5,926,0.6112916469573975,0.5653656125068665
Bearing1_5,927,0.6108854413032532,0.5509423017501831
Bearing1_5,928,0.6104792952537537,0.5573936104774475
Bearing1_5,929,0.6100730895996094,0.5606258511543274
Bearing1_5,930,0.6096669435501099,0.5592678189277649
Bearing1_5,931,0.6092607378959656,0.5467926263809204
Bearing1_5,932,0.6088545918464661,0.5718576908111572
Bearing1_5,933,0.6084483861923218,0.5720096826553345
Bearing1_5,934,0.6080422401428223,0.582148551940918
Bearing1_5,935,0.6076360940933228,0.592877209186554
Bearing1_5,936,0.6072298884391785,0.582952082157135
Bearing1_5,937,0.606823742389679,0.5633227229118347
Bearing1_5,938,0.6064175367355347,0.5586196184158325
Bearing1_5,939,0.6060113906860352,0.5302879214286804
Bearing1_5,940,0.6056051850318909,0.5472188591957092
Bearing1_5,941,0.6051990389823914,0.5195204615592957
Bearing1_5,942,0.6047928333282471,0.5068992376327515
Bearing1_5,943,0.6043866872787476,0.5241138339042664
Bearing1_5,944,0.6039804816246033,0.5268363356590271
Bearing1_5,945,0.6035743355751038,0.5327772498130798
Bearing1_5,946,0.6031681299209595,0.5406484007835388
Bearing1_5,947,0.60276198387146,0.5382473468780518
Bearing1_5,948,0.6023558378219604,0.5414344072341919
Bearing1_5,949,0.6019496321678162,0.5513822436332703
Bearing1_5,950,0.6015434861183167,0.5572288036346436
Bearing1_5,951,0.6011372804641724,0.5548069477081299
Bearing1_5,952,0.6007311344146729,0.5580587387084961
Bearing1_5,953,0.6003249287605286,0.5544295310974121
Bearing1_5,954,0.599918782711029,0.5657601356506348
Bearing1_5,955,0.5995125770568848,0.5827057361602783
Bearing1_5,956,0.5991064310073853,0.5877971649169922
Bearing1_5,957,0.598700225353241,0.5964828729629517
Bearing1_5,958,0.5982940793037415,0.608611524105072
Bearing1_5,959,0.5978878736495972,0.6235871911048889
Bearing1_5,960,0.5974817276000977,0.6116376519203186
Bearing1_5,961,0.5970755219459534,0.6054410338401794
Bearing1_5,962,0.5966693758964539,0.610167384147644
Bearing1_5,963,0.5962632298469543,0.613631010055542
Bearing1_5,964,0.5958570241928101,0.5875183343887329
Bearing1_5,965,0.5954508781433105,0.6030522584915161
Bearing1_5,966,0.5950446724891663,0.6013942360877991
Bearing1_5,967,0.5946385264396667,0.5943781733512878
Bearing1_5,968,0.5942323207855225,0.5873998403549194
Bearing1_5,969,0.593826174736023,0.5976239442825317
Bearing1_5,970,0.5934199690818787,0.6008448600769043
Bearing1_5,971,0.5930138230323792,0.6000961065292358
Bearing1_5,972,0.5926076173782349,0.595422625541687
Bearing1_5,973,0.5922014713287354,0.6032560467720032
Bearing1_5,974,0.5917952656745911,0.6032484769821167
Bearing1_5,975,0.5913891196250916,0.6024177074432373
Bearing1_5,976,0.5909829139709473,0.6048539280891418
Bearing1_5,977,0.5905767679214478,0.5974674224853516
Bearing1_5,978,0.5901706218719482,0.5874091386795044
Bearing1_5,979,0.589764416217804,0.5672512054443359
Bearing1_5,980,0.5893582701683044,0.5717140436172485
Bearing1_5,981,0.5889520645141602,0.5681824684143066
Bearing1_5,982,0.5885459184646606,0.5641782283782959
Bearing1_5,983,0.5881397128105164,0.566286027431488
Bearing1_5,984,0.5877335667610168,0.5690032243728638
Bearing1_5,985,0.5873273611068726,0.5702071189880371
Bearing1_5,986,0.586921215057373,0.5720182061195374
Bearing1_5,987,0.5865150094032288,0.5659758448600769
Bearing1_5,988,0.5861088633537292,0.562557578086853
Bearing1_5,989,0.585702657699585,0.5532869100570679
Bearing1_5,990,0.5852965116500854,0.5518569350242615
Bearing1_5,991,0.5848903059959412,0.5454238653182983
Bearing1_5,992,0.5844841599464417,0.5549604296684265
Bearing1_5,993,0.5840780138969421,0.5674447417259216
Bearing1_5,994,0.5836718082427979,0.5616025328636169
Bearing1_5,995,0.5832656621932983,0.5583252310752869
Bearing1_5,996,0.582859456539154,0.5664356350898743
Bearing1_5,997,0.5824533104896545,0.5610060691833496
Bearing1_5,998,0.5820471048355103,0.5665460228919983
Bearing1_5,999,0.5816409587860107,0.5752345323562622
Bearing1_5,1000,0.5812347531318665,0.5820462107658386
Bearing1_5,1001,0.5808286070823669,0.5695868134498596
Bearing1_5,1002,0.5804224014282227,0.5764344334602356
Bearing1_5,1003,0.5800162553787231,0.5773026943206787
Bearing1_5,1004,0.5796100497245789,0.5827681422233582
Bearing1_5,1005,0.5792039036750793,0.5758358836174011
Bearing1_5,1006,0.5787976980209351,0.5732716917991638
Bearing1_5,1007,0.5783915519714355,0.5678134560585022
Bearing1_5,1008,0.577985405921936,0.5714308023452759
Bearing1_5,1009,0.5775792002677917,0.5717476010322571
Bearing1_5,1010,0.5771730542182922,0.5718177556991577
Bearing1_5,1011,0.576766848564148,0.5663754343986511
Bearing1_5,1012,0.5763607025146484,0.5711891055107117
Bearing1_5,1013,0.5759544968605042,0.5582070350646973
Bearing1_5,1014,0.5755483508110046,0.5337504148483276
Bearing1_5,1015,0.5751421451568604,0.5237500071525574
Bearing1_5,1016,0.5747359991073608,0.5171999335289001
Bearing1_5,1017,0.5743297934532166,0.5141173005104065
Bearing1_5,1018,0.573923647403717,0.4971788227558136
Bearing1_5,1019,0.5735174417495728,0.4698702096939087
Bearing1_5,1020,0.5731112957000732,0.4506736695766449
Bearing1_5,1021,0.572705090045929,0.4844442307949066
Bearing1_5,1022,0.5722989439964294,0.44358712434768677
Bearing1_5,1023,0.5718927979469299,0.448086142539978
Bearing1_5,1024,0.5714865922927856,0.4241889417171478
Bearing1_5,1025,0.5710804462432861,0.4680832028388977
Bearing1_5,1026,0.5706742405891418,0.4622898995876312
Bearing1_5,1027,0.5702680945396423,0.4530491828918457
Bearing1_5,1028,0.569861888885498,0.4640795886516571
Bearing1_5,1029,0.5694557428359985,0.4509729743003845
Bearing1_5,1030,0.5690495371818542,0.48505374789237976
Bearing1_5,1031,0.5686433911323547,0.5140076875686646
Bearing1_5,1032,0.5682371854782104,0.5198662281036377
Bearing1_5,1033,0.5678310394287109,0.5527621507644653
Bearing1_5,1034,0.5674248337745667,0.5542190670967102
Bearing1_5,1035,0.5670186877250671,0.5597667694091797
Bearing1_5,1036,0.5666124820709229,0.5615872144699097
Bearing1_5,1037,0.5662063360214233,0.5524525046348572
Bearing1_5,1038,0.5658001899719238,0.5597659349441528
Bearing1_5,1039,0.5653939843177795,0.5610235333442688
Bearing1_5,1040,0.56498783826828,0.5316627621650696
Bearing1_5,1041,0.5645816326141357,0.5329148173332214
Bearing1_5,1042,0.5641754865646362,0.546903133392334
Bearing1_5,1043,0.5637692809104919,0.538327693939209
Bearing1_5,1044,0.5633631348609924,0.5149946212768555
Bearing1_5,1045,0.5629569292068481,0.504467248916626
Bearing1_5,1046,0.5625507831573486,0.49538666009902954
Bearing1_5,1047,0.5621445775032043,0.486467182636261
Bearing1_5,1048,0.5617384314537048,0.49429503083229065
Bearing1_5,1049,0.5613322257995605,0.4846169948577881
Bearing1_5,1050,0.560926079750061,0.469237357378006
Bearing1_5,1051,0.5605198740959167,0.4764859676361084
Bearing1_5,1052,0.5601137280464172,0.4565281569957733
Bearing1_5,1053,0.5597075819969177,0.44582995772361755
Bearing1_5,1054,0.5593013763427734,0.4295228123664856
Bearing1_5,1055,0.5588952302932739,0.438276082277298
Bearing1_5,1056,0.5584890246391296,0.4263918101787567
Bearing1_5,1057,0.5580828785896301,0.4003641903400421
Bearing1_5,1058,0.5576766729354858,0.40498968958854675
Bearing1_5,1059,0.5572705268859863,0.3792811632156372
Bearing1_5,1060,0.556864321231842,0.3647105395793915
Bearing1_5,1061,0.5564581751823425,0.3830518126487732
Bearing1_5,1062,0.5560519695281982,0.36267566680908203
Bearing1_5,1063,0.5556458234786987,0.3249785006046295
Bearing1_5,1064,0.5552396178245544,0.3185862898826599
Bearing1_5,1065,0.5548334717750549,0.3334895968437195
Bearing1_5,1066,0.5544272661209106,0.3477313816547394
Bearing1_5,1067,0.5540211200714111,0.29466351866722107
Bearing1_5,1068,0.5536149740219116,0.34540998935699463
Bearing1_5,1069,0.5532087683677673,0.39482641220092773
Bearing1_5,1070,0.5528026223182678,0.3439473807811737
Bearing1_5,1071,0.5523964166641235,0.3619261682033539
Bearing1_5,1072,0.551990270614624,0.3667805790901184
Bearing1_5,1073,0.5515840649604797,0.4103708863258362
Bearing1_5,1074,0.5511779189109802,0.4530697464942932
Bearing1_5,1075,0.5507717132568359,0.4605129063129425
Bearing1_5,1076,0.5503655672073364,0.49470698833465576
Bearing1_5,1077,0.5499593615531921,0.5109667778015137
Bearing1_5,1078,0.5495532155036926,0.5199590921401978
Bearing1_5,1079,0.5491470098495483,0.5135743021965027
Bearing1_5,1080,0.5487408638000488,0.5148220062255859
Bearing1_5,1081,0.5483346581459045,0.49828144907951355
Bearing1_5,1082,0.547928512096405,0.5074720978736877
Bearing1_5,1083,0.5475223660469055,0.5113401412963867
Bearing1_5,1084,0.5471161603927612,0.5013809204101562
Bearing1_5,1085,0.5467100143432617,0.4972725510597229
Bearing1_5,1086,0.5463038086891174,0.48342132568359375
Bearing1_5,1087,0.5458976626396179,0.475421667098999
Bearing1_5,1088,0.5454914569854736,0.5014339089393616
Bearing1_5,1089,0.5450853109359741,0.5031091570854187
Bearing1_5,1090,0.5446791052818298,0.512066125869751
Bearing1_5,1091,0.5442729592323303,0.5251045227050781
Bearing1_5,1092,0.543866753578186,0.5153274536132812
Bearing1_5,1093,0.5434606075286865,0.492229700088501
Bearing1_5,1094,0.5430544018745422,0.48461174964904785
Bearing1_5,1095,0.5426482558250427,0.505947470664978
Bearing1_5,1096,0.5422420501708984,0.4960346221923828
Bearing1_5,1097,0.5418359041213989,0.48490750789642334
Bearing1_5,1098,0.5414297580718994,0.5010232329368591
Bearing1_5,1099,0.5410235524177551,0.4871889352798462
Bearing1_5,1100,0.5406174063682556,0.4608650207519531
Bearing1_5,1101,0.5402112007141113,0.46844711899757385
Bearing1_5,1102,0.5398050546646118,0.48452305793762207
Bearing1_5,1103,0.5393988490104675,0.4953713119029999
Bearing1_5,1104,0.538992702960968,0.49730533361434937
Bearing1_5,1105,0.5385864973068237,0.4863116145133972
Bearing1_5,1106,0.5381803512573242,0.48714739084243774
Bearing1_5,1107,0.5377741456031799,0.48384177684783936
Bearing1_5,1108,0.5373679995536804,0.5051969885826111
Bearing1_5,1109,0.5369617938995361,0.49605971574783325
Bearing1_5,1110,0.5365556478500366,0.49791398644447327
Bearing1_5,1111,0.5361494421958923,0.5135294198989868
Bearing1_5,1112,0.5357432961463928,0.5195277333259583
Bearing1_5,1113,0.5353371500968933,0.5212595462799072
Bearing1_5,1114,0.534930944442749,0.5073744654655457
Bearing1_5,1115,0.5345247983932495,0.5136333107948303
Bearing1_5,1116,0.5341185927391052,0.5214223265647888
Bearing1_5,1117,0.5337124466896057,0.5299797058105469
Bearing1_5,1118,0.5333062410354614,0.5242685675621033
Bearing1_5,1119,0.5329000949859619,0.5155696272850037
Bearing1_5,1120,0.5324938893318176,0.5117030739784241
Bearing1_5,1121,0.5320877432823181,0.5259183049201965
Bearing1_5,1122,0.5316815376281738,0.5071346163749695
Bearing1_5,1123,0.5312753915786743,0.5093609690666199
Bearing1_5,1124,0.53086918592453,0.5096915364265442
Bearing1_5,1125,0.5304630398750305,0.5071185827255249
Bearing1_5,1126,0.530056893825531,0.5037949681282043
Bearing1_5,1127,0.5296506881713867,0.5293595194816589
Bearing1_5,1128,0.5292445421218872,0.5087903738021851
Bearing1_5,1129,0.5288383364677429,0.5069617629051208
Bearing1_5,1130,0.5284321904182434,0.5098459720611572
Bearing1_5,1131,0.5280259847640991,0.5227364301681519
Bearing1_5,1132,0.5276198387145996,0.5472297668457031
Bearing1_5,1133,0.5272136330604553,0.5430725812911987
Bearing1_5,1134,0.5268074870109558,0.5435858964920044
Bearing1_5,1135,0.5264012813568115,0.537279486656189
Bearing1_5,1136,0.525995135307312,0.5387951135635376
Bearing1_5,1137,0.5255889296531677,0.5511566996574402
Bearing1_5,1138,0.5251827836036682,0.5595602989196777
Bearing1_5,1139,0.5247765779495239,0.5514318943023682
Bearing1_5,1140,0.5243704319000244,0.5458319783210754
Bearing1_5,1141,0.5239642858505249,0.5365220904350281
Bearing1_5,1142,0.5235580801963806,0.5333693027496338
Bearing1_5,1143,0.5231519341468811,0.5385534763336182
Bearing1_5,1144,0.5227457284927368,0.5359715223312378
Bearing1_5,1145,0.5223395824432373,0.5392545461654663
Bearing1_5,1146,0.521933376789093,0.5461269617080688
Bearing1_5,1147,0.5215272307395935,0.5467435717582703
Bearing1_5,1148,0.5211210250854492,0.548054039478302
Bearing1_5,1149,0.5207148790359497,0.5448980331420898
Bearing1_5,1150,0.5203086733818054,0.553247332572937
Bearing1_5,1151,0.5199025273323059,0.5525866746902466
Bearing1_5,1152,0.5194963216781616,0.5488762855529785
Bearing1_5,1153,0.5190901756286621,0.5292442440986633
Bearing1_5,1154,0.5186839699745178,0.5430829524993896
Bearing1_5,1155,0.5182778239250183,0.5276971459388733
Bearing1_5,1156,0.5178716778755188,0.5397928953170776
Bearing1_5,1157,0.5174654722213745,0.5425900220870972
Bearing1_5,1158,0.517059326171875,0.5543043613433838
Bearing1_5,1159,0.5166531205177307,0.5498636364936829
Bearing1_5,1160,0.5162469744682312,0.5678244233131409
Bearing1_5,1161,0.5158407688140869,0.5674938559532166
Bearing1_5,1162,0.5154346227645874,0.5547624826431274
Bearing1_5,1163,0.5150284171104431,0.5552131533622742
Bearing1_5,1164,0.5146222710609436,0.5458871126174927
Bearing1_5,1165,0.5142160654067993,0.5550774335861206
Bearing1_5,1166,0.5138099193572998,0.5481772422790527
Bearing1_5,1167,0.5134037137031555,0.5493685603141785
Bearing1_5,1168,0.512997567653656,0.5506390929222107
Bearing1_5,1169,0.5125913619995117,0.5449788570404053
Bearing1_5,1170,0.5121852159500122,0.5536772012710571
Bearing1_5,1171,0.5117790699005127,0.5558003187179565
Bearing1_5,1172,0.5113728642463684,0.5540330410003662
Bearing1_5,1173,0.5109667181968689,0.5577508807182312
Bearing1_5,1174,0.5105605125427246,0.5582347512245178
Bearing1_5,1175,0.5101543664932251,0.5533281564712524
Bearing1_5,1176,0.5097481608390808,0.5498020052909851
Bearing1_5,1177,0.5093420147895813,0.5473143458366394
Bearing1_5,1178,0.508935809135437,0.5557714700698853
Bearing1_5,1179,0.5085296630859375,0.5422067642211914
Bearing1_5,1180,0.5081234574317932,0.5372451543807983
Bearing1_5,1181,0.5077173113822937,0.5414740443229675
Bearing1_5,1182,0.5073111057281494,0.5285944938659668
Bearing1_5,1183,0.5069049596786499,0.5277383327484131
Bearing1_5,1184,0.5064987540245056,0.5256838798522949
Bearing1_5,1185,0.5060926079750061,0.535639762878418
Bearing1_5,1186,0.5056864619255066,0.5348732471466064
Bearing1_5,1187,0.5052802562713623,0.5396822094917297
Bearing1_5,1188,0.5048741102218628,0.5334805846214294
Bearing1_5,1189,0.5044679045677185,0.5335795283317566
Bearing1_5,1190,0.504061758518219,0.5369668006896973
Bearing1_5,1191,0.5036555528640747,0.5359997153282166
Bearing1_5,1192,0.5032494068145752,0.5195174217224121
Bearing1_5,1193,0.5028432011604309,0.5161569714546204
Bearing1_5,1194,0.5024370551109314,0.5309805274009705
Bearing1_5,1195,0.5020308494567871,0.5191879868507385
Bearing1_5,1196,0.5016247034072876,0.5248540639877319
Bearing1_5,1197,0.5012184977531433,0.5153917074203491
Bearing1_5,1198,0.5008123517036438,0.502776563167572
Bearing1_5,1199,0.5004061460494995,0.513237476348877
Bearing1_5,1200,0.5,0.4898713529109955
Bearing1_5,1201,0.4995938241481781,0.47044551372528076
Bearing1_5,1202,0.4991876482963562,0.46440455317497253
Bearing1_5,1203,0.4987814724445343,0.4430707097053528
Bearing1_5,1204,0.4983752965927124,0.4500534236431122
Bearing1_5,1205,0.4979691207408905,0.4368378520011902
Bearing1_5,1206,0.4975629448890686,0.4587734341621399
Bearing1_5,1207,0.4971567690372467,0.48278146982192993
Bearing1_5,1208,0.4967506229877472,0.5063620209693909
Bearing1_5,1209,0.4963444471359253,0.5171487927436829
Bearing1_5,1210,0.4959382712841034,0.5066539645195007
Bearing1_5,1211,0.4955320954322815,0.5434533357620239
Bearing1_5,1212,0.4951259195804596,0.5369909405708313
Bearing1_5,1213,0.4947197437286377,0.5473477840423584
Bearing1_5,1214,0.4943135678768158,0.5512863397598267
Bearing1_5,1215,0.4939073920249939,0.5485273003578186
Bearing1_5,1216,0.493501216173172,0.5583376884460449
Bearing1_5,1217,0.4930950403213501,0.5520609617233276
Bearing1_5,1218,0.4926888644695282,0.5348255634307861
Bearing1_5,1219,0.4922826886177063,0.49383026361465454
Bearing1_5,1220,0.4918765127658844,0.4924694895744324
Bearing1_5,1221,0.4914703369140625,0.49602118134498596
Bearing1_5,1222,0.4910641610622406,0.48503777384757996
Bearing1_5,1223,0.4906580150127411,0.47041401267051697
Bearing1_5,1224,0.4902518391609192,0.4525889754295349
Bearing1_5,1225,0.4898456633090973,0.44606778025627136
Bearing1_5,1226,0.4894394874572754,0.4519212245941162
Bearing1_5,1227,0.4890333116054535,0.41827917098999023
Bearing1_5,1228,0.4886271357536316,0.45300906896591187
Bearing1_5,1229,0.4882209599018097,0.4457271993160248
Bearing1_5,1230,0.4878147840499878,0.4453676640987396
Bearing1_5,1231,0.4874086081981659,0.44790008664131165
Bearing1_5,1232,0.487002432346344,0.47030362486839294
Bearing1_5,1233,0.4865962564945221,0.5024871826171875
Bearing1_5,1234,0.4861900806427002,0.520028829574585
Bearing1_5,1235,0.4857839047908783,0.5358180999755859
Bearing1_5,1236,0.4853777289390564,0.5414599180221558
Bearing1_5,1237,0.4849715530872345,0.5312981605529785
Bearing1_5,1238,0.484565407037735,0.5144975781440735
Bearing1_5,1239,0.4841592311859131,0.5017198324203491
Bearing1_5,1240,0.4837530553340912,0.4997676610946655
Bearing1_5,1241,0.4833468794822693,0.4968149960041046
Bearing1_5,1242,0.4829407036304474,0.47200915217399597
Bearing1_5,1243,0.4825345277786255,0.4646610617637634
Bearing1_5,1244,0.4821283519268036,0.4800507128238678
Bearing1_5,1245,0.4817221760749817,0.4266895055770874
Bearing1_5,1246,0.4813160002231598,0.4388921856880188
Bearing1_5,1247,0.4809098243713379,0.42447811365127563
Bearing1_5,1248,0.480503648519516,0.4338023066520691
Bearing1_5,1249,0.4800974726676941,0.436507910490036
Bearing1_5,1250,0.4796912968158722,0.422373503446579
Bearing1_5,1251,0.4792851209640503,0.45752227306365967
Bearing1_5,1252,0.4788789749145508,0.46469756960868835
Bearing1_5,1253,0.4784727990627289,0.42331865429878235
Bearing1_5,1254,0.478066623210907,0.4009169340133667
Bearing1_5,1255,0.4776604473590851,0.4278768301010132
Bearing1_5,1256,0.4772542715072632,0.39782389998435974
Bearing1_5,1257,0.4768480956554413,0.3857625126838684
Bearing1_5,1258,0.4764419198036194,0.3495281934738159
Bearing1_5,1259,0.4760357439517975,0.3538040816783905
Bearing1_5,1260,0.4756295680999756,0.3554234206676483
Bearing1_5,1261,0.4752233922481537,0.362029105424881
Bearing1_5,1262,0.4748172163963318,0.35827815532684326
Bearing1_5,1263,0.4744110405445099,0.38059568405151367
Bearing1_5,1264,0.474004864692688,0.3467935025691986
Bearing1_5,1265,0.4735986888408661,0.3042948246002197
Bearing1_5,1266,0.4731925129890442,0.2887745797634125
Bearing1_5,1267,0.4727863669395447,0.26130378246307373
Bearing1_5,1268,0.4723801910877228,0.27998030185699463
Bearing1_5,1269,0.4719740152359009,0.2547515630722046
Bearing1_5,1270,0.471567839384079,0.25962862372398376
Bearing1_5,1271,0.4711616635322571,0.27610549330711365
Bearing1_5,1272,0.4707554876804352,0.25960472226142883
Bearing1_5,1273,0.4703493118286133,0.3010327219963074
Bearing1_5,1274,0.4699431359767914,0.31481823325157166
Bearing1_5,1275,0.4695369601249695,0.2971283495426178
Bearing1_5,1276,0.4691307842731476,0.2816968262195587
Bearing1_5,1277,0.4687246084213257,0.3464029133319855
Bearing1_5,1278,0.4683184325695038,0.32043373584747314
Bearing1_5,1279,0.4679122567176819,0.31368425488471985
Bearing1_5,1280,0.46750608086586,0.2857499122619629
Bearing1_5,1281,0.4670999050140381,0.2946002185344696
Bearing1_5,1282,0.4666937589645386,0.28544923663139343
Bearing1_5,1283,0.4662875831127167,0.2557901442050934
Bearing1_5,1284,0.4658814072608948,0.26130256056785583
Bearing1_5,1285,0.4654752314090729,0.25150448083877563
Bearing1_5,1286,0.465069055557251,0.2815123200416565
Bearing1_5,1287,0.4646628797054291,0.2718634605407715
Bearing1_5,1288,0.4642567038536072,0.24941830337047577
Bearing1_5,1289,0.4638505280017853,0.24633675813674927
Bearing1_5,1290,0.4634443521499634,0.2505112290382385
Bearing1_5,1291,0.4630381762981415,0.2368122786283493
Bearing1_5,1292,0.4626320004463196,0.21411055326461792
Bearing1_5,1293,0.4622258245944977,0.202623650431633
Bearing1_5,1294,0.4618196487426758,0.19069074094295502
Bearing1_5,1295,0.4614134728908539,0.21417303383350372
Bearing1_5,1296,0.461007297039032,0.2136330008506775
Bearing1_5,1297,0.46060115098953247,0.2204653024673462
Bearing1_5,1298,0.46019497513771057,0.23375891149044037
Bearing1_5,1299,0.45978879928588867,0.24717898666858673
Bearing1_5,1300,0.4593826234340668,0.2669013738632202
Bearing1_5,1301,0.4589764475822449,0.2721271812915802
Bearing1_5,1302,0.458570271730423,0.274436891078949
Bearing1_5,1303,0.4581640958786011,0.26256951689720154
Bearing1_5,1304,0.4577579200267792,0.27721554040908813
Bearing1_5,1305,0.4573517441749573,0.26638713479042053
Bearing1_5,1306,0.4569455683231354,0.2613915801048279
Bearing1_5,1307,0.4565393924713135,0.267538845539093
Bearing1_5,1308,0.4561332166194916,0.25740814208984375
Bearing1_5,1309,0.4557270407676697,0.29268771409988403
Bearing1_5,1310,0.4553208649158478,0.3068042993545532
Bearing1_5,1311,0.4549146890640259,0.31028512120246887
Bearing1_5,1312,0.45450854301452637,0.36244723200798035
Bearing1_5,1313,0.45410236716270447,0.3868255913257599
Bearing1_5,1314,0.45369619131088257,0.4023488461971283
Bearing1_5,1315,0.45329001545906067,0.42317602038383484
Bearing1_5,1316,0.45288383960723877,0.4303618371486664
Bearing1_5,1317,0.45247766375541687,0.43048515915870667
Bearing1_5,1318,0.45207148790359497,0.428514301776886
Bearing1_5,1319,0.45166531205177307,0.4207156002521515
Bearing1_5,1320,0.45125913619995117,0.4260297417640686
Bearing1_5,1321,0.4508529603481293,0.4301411807537079
Bearing1_5,1322,0.4504467844963074,0.4669780135154724
Bearing1_5,1323,0.4500406086444855,0.4472329020500183
Bearing1_5,1324,0.4496344327926636,0.4656669795513153
Bearing1_5,1325,0.4492282569408417,0.4521714150905609
Bearing1_5,1326,0.4488220810890198,0.43076053261756897
Bearing1_5,1327,0.44841593503952026,0.44721248745918274
Bearing1_5,1328,0.44800975918769836,0.436655730009079
Bearing1_5,1329,0.44760358333587646,0.404995322227478
Bearing1_5,1330,0.44719740748405457,0.39651381969451904
Bearing1_5,1331,0.44679123163223267,0.37933820486068726
Bearing1_5,1332,0.44638505578041077,0.3800940215587616
Bearing1_5,1333,0.44597887992858887,0.33845868706703186
Bearing1_5,1334,0.44557270407676697,0.3301021456718445
Bearing1_5,1335,0.44516652822494507,0.3175760805606842
Bearing1_5,1336,0.44476035237312317,0.2969646453857422
Bearing1_5,1337,0.44435417652130127,0.33114948868751526
Bearing1_5,1338,0.44394800066947937,0.32517603039741516
Bearing1_5,1339,0.44354182481765747,0.3552705645561218
Bearing1_5,1340,0.44313564896583557,0.34080252051353455
Bearing1_5,1341,0.44272950291633606,0.34938570857048035
Bearing1_5,1342,0.44232332706451416,0.35857290029525757
Bearing1_5,1343,0.44191715121269226,0.37618201971054077
Bearing1_5,1344,0.44151097536087036,0.3878546357154846
Bearing1_5,1345,0.44110479950904846,0.38960689306259155
Bearing1_5,1346,0.44069862365722656,0.38603582978248596
Bearing1_5,1347,0.44029244780540466,0.3863470256328583
Bearing1_5,1348,0.43988627195358276,0.4052658975124359
Bearing1_5,1349,0.43948009610176086,0.40484488010406494
Bearing1_5,1350,0.43907392024993896,0.4324924647808075
Bearing1_5,1351,0.43866774439811707,0.4529973268508911
Bearing1_5,1352,0.43826156854629517,0.45650508999824524
Bearing1_5,1353,0.43785539269447327,0.4390047788619995
Bearing1_5,1354,0.43744921684265137,0.45474666357040405
Bearing1_5,1355,0.43704304099082947,0.4433788061141968
Bearing1_5,1356,0.43663689494132996,0.4239245057106018
Bearing1_5,1357,0.43623071908950806,0.4530198276042938
Bearing1_5,1358,0.43582454323768616,0.46027857065200806
Bearing1_5,1359,0.43541836738586426,0.4656912386417389
Bearing1_5,1360,0.43501219153404236,0.48021572828292847
Bearing1_5,1361,0.43460601568222046,0.4819583296775818
Bearing1_5,1362,0.43419983983039856,0.4682162404060364
Bearing1_5,1363,0.43379366397857666,0.45716050267219543
Bearing1_5,1364,0.43338748812675476,0.47769278287887573
Bearing1_5,1365,0.43298131227493286,0.47194355726242065
Bearing1_5,1366,0.43257513642311096,0.46818065643310547
Bearing1_5,1367,0.43216896057128906,0.44186633825302124
Bearing1_5,1368,0.43176278471946716,0.4157012403011322
Bearing1_5,1369,0.43135660886764526,0.4130454659461975
Bearing1_5,1370,0.43095043301582336,0.3763539791107178
Bearing1_5,1371,0.43054428696632385,0.3793894052505493
Bearing1_5,1372,0.43013811111450195,0.39460405707359314
Bearing1_5,1373,0.42973193526268005,0.3744382858276367
Bearing1_5,1374,0.42932575941085815,0.371949166059494
Bearing1_5,1375,0.42891958355903625,0.3333728611469269
Bearing1_5,1376,0.42851340770721436,0.29901596903800964
Bearing1_5,1377,0.42810723185539246,0.31282323598861694
Bearing1_5,1378,0.42770105600357056,0.3120644986629486
Bearing1_5,1379,0.42729488015174866,0.32366496324539185
Bearing1_5,1380,0.42688870429992676,0.32569631934165955
Bearing1_5,1381,0.42648252844810486,0.3066915273666382
Bearing1_5,1382,0.42607635259628296,0.33036279678344727
Bearing1_5,1383,0.42567017674446106,0.36808955669403076
Bearing1_5,1384,0.42526400089263916,0.3506805896759033
Bearing1_5,1385,0.42485782504081726,0.35346415638923645
Bearing1_5,1386,0.42445167899131775,0.3273414969444275
Bearing1_5,1387,0.42404550313949585,0.3419781029224396
Bearing1_5,1388,0.42363932728767395,0.3657973110675812
Bearing1_5,1389,0.42323315143585205,0.35191240906715393
Bearing1_5,1390,0.42282697558403015,0.37408342957496643
Bearing1_5,1391,0.42242079973220825,0.39006778597831726
Bearing1_5,1392,0.42201462388038635,0.35301393270492554
Bearing1_5,1393,0.42160844802856445,0.3959908187389374
Bearing1_5,1394,0.42120227217674255,0.4181421995162964
Bearing1_5,1395,0.42079609632492065,0.42763185501098633
Bearing1_5,1396,0.42038992047309875,0.4348629117012024
Bearing1_5,1397,0.41998374462127686,0.4463784396648407
Bearing1_5,1398,0.41957756876945496,0.44667214155197144
Bearing1_5,1399,0.41917139291763306,0.467941015958786
Bearing1_5,1400,0.41876521706581116,0.45204958319664
Bearing1_5,1401,0.41835907101631165,0.453599750995636
Bearing1_5,1402,0.41795289516448975,0.4548063278198242
Bearing1_5,1403,0.41754671931266785,0.4469590485095978
Bearing1_5,1404,0.41714054346084595,0.41651761531829834
Bearing1_5,1405,0.41673436760902405,0.4105457067489624
Bearing1_5,1406,0.41632819175720215,0.4188591539859772
Bearing1_5,1407,0.41592201590538025,0.421888142824173
Bearing1_5,1408,0.41551584005355835,0.4238482415676117
Bearing1_5,1409,0.41510966420173645,0.44932642579078674
Bearing1_5,1410,0.41470348834991455,0.4286384880542755
Bearing1_5,1411,0.41429731249809265,0.403098464012146
Bearing1_5,1412,0.41389113664627075,0.3925926089286804
Bearing1_5,1413,0.41348496079444885,0.3882145285606384
Bearing1_5,1414,0.41307878494262695,0.3894957900047302
Bearing1_5,1415,0.41267260909080505,0.36675235629081726
Bearing1_5,1416,0.41226646304130554,0.34402987360954285
Bearing1_5,1417,0.41186028718948364,0.36466121673583984
Bearing1_5,1418,0.41145411133766174,0.39447200298309326
Bearing1_5,1419,0.41104793548583984,0.41364818811416626
Bearing1_5,1420,0.41064175963401794,0.38395601511001587
Bearing1_5,1421,0.41023558378219604,0.3951878249645233
Bearing1_5,1422,0.40982940793037415,0.3779231607913971
Bearing1_5,1423,0.40942323207855225,0.4019971489906311
Bearing1_5,1424,0.40901705622673035,0.3934306204319
Bearing1_5,1425,0.40861088037490845,0.3747186064720154
Bearing1_5,1426,0.40820470452308655,0.41436150670051575
Bearing1_5,1427,0.40779852867126465,0.430715411901474
Bearing1_5,1428,0.40739235281944275,0.43929028511047363
Bearing1_5,1429,0.40698617696762085,0.4333532154560089
Bearing1_5,1430,0.40658003091812134,0.43213072419166565
Bearing1_5,1431,0.40617385506629944,0.41741612553596497
Bearing1_5,1432,0.40576767921447754,0.43440908193588257
Bearing1_5,1433,0.40536150336265564,0.44510868191719055
Bearing1_5,1434,0.40495532751083374,0.4434297978878021
Bearing1_5,1435,0.40454915165901184,0.45946651697158813
Bearing1_5,1436,0.40414297580718994,0.4644532799720764
Bearing1_5,1437,0.40373679995536804,0.4892815053462982
Bearing1_5,1438,0.40333062410354614,0.47550737857818604
Bearing1_5,1439,0.40292444825172424,0.46663832664489746
Bearing1_5,1440,0.40251827239990234,0.4631369709968567
Bearing1_5,1441,0.40211209654808044,0.4506743550300598
Bearing1_5,1442,0.40170592069625854,0.4455127716064453
Bearing1_5,1443,0.40129974484443665,0.44058603048324585
Bearing1_5,1444,0.40089356899261475,0.43465444445610046
Bearing1_5,1445,0.40048742294311523,0.44591620564460754
Bearing1_5,1446,0.40008124709129333,0.43656042218208313
Bearing1_5,1447,0.39967507123947144,0.41316524147987366
Bearing1_5,1448,0.39926889538764954,0.3982336223125458
Bearing1_5,1449,0.39886271953582764,0.39248430728912354
Bearing1_5,1450,0.39845654368400574,0.37729397416114807
Bearing1_5,1451,0.39805036783218384,0.36006829142570496
Bearing1_5,1452,0.39764419198036194,0.3624371290206909
Bearing1_5,1453,0.39723801612854004,0.3350326716899872
Bearing1_5,1454,0.39683184027671814,0.318075567483902
Bearing1_5,1455,0.39642566442489624,0.3282855153083801
Bearing1_5,1456,0.39601948857307434,0.32864511013031006
Bearing1_5,1457,0.39561331272125244,0.321310818195343
Bearing1_5,1458,0.39520713686943054,0.31121742725372314
Bearing1_5,1459,0.39480096101760864,0.2822728455066681
Bearing1_5,1460,0.39439481496810913,0.280439555644989
Bearing1_5,1461,0.39398863911628723,0.26620548963546753
Bearing1_5,1462,0.39358246326446533,0.2847904562950134
Bearing1_5,1463,0.39317628741264343,0.28937676548957825
Bearing1_5,1464,0.39277011156082153,0.2844838798046112
Bearing1_5,1465,0.39236393570899963,0.30064657330513
Bearing1_5,1466,0.39195775985717773,0.27900734543800354
Bearing1_5,1467,0.39155158400535583,0.269763708114624
Bearing1_5,1468,0.39114540815353394,0.25008994340896606
Bearing1_5,1469,0.39073923230171204,0.25153985619544983
Bearing1_5,1470,0.39033305644989014,0.23891590535640717
Bearing1_5,1471,0.38992688059806824,0.26608365774154663
Bearing1_5,1472,0.38952070474624634,0.2929677367210388
Bearing1_5,1473,0.38911452889442444,0.3105776906013489
Bearing1_5,1474,0.38870835304260254,0.30362170934677124
Bearing1_5,1475,0.388302206993103,0.3019891381263733
Bearing1_5,1476,0.38789603114128113,0.3124338686466217
Bearing1_5,1477,0.38748985528945923,0.28766390681266785
Bearing1_5,1478,0.38708367943763733,0.3067986071109772
Bearing1_5,1479,0.38667750358581543,0.3613259494304657
Bearing1_5,1480,0.38627132773399353,0.37902936339378357
Bearing1_5,1481,0.38586515188217163,0.3522159159183502
Bearing1_5,1482,0.38545897603034973,0.3806166350841522
Bearing1_5,1483,0.38505280017852783,0.3807038962841034
Bearing1_5,1484,0.38464662432670593,0.4372903108596802
Bearing1_5,1485,0.38424044847488403,0.4696870446205139
Bearing1_5,1486,0.38383427262306213,0.487536758184433
Bearing1_5,1487,0.38342809677124023,0.5048674941062927
Bearing1_5,1488,0.38302192091941833,0.49692943692207336
Bearing1_5,1489,0.38261574506759644,0.5153194665908813
Bearing1_5,1490,0.3822095990180969,0.5093533992767334
Bearing1_5,1491,0.381803423166275,0.5171888470649719
Bearing1_5,1492,0.3813972473144531,0.5181646943092346
Bearing1_5,1493,0.3809910714626312,0.5246459245681763
Bearing1_5,1494,0.3805848956108093,0.5216797590255737
Bearing1_5,1495,0.3801787197589874,0.5182681083679199
Bearing1_5,1496,0.3797725439071655,0.5092276334762573
Bearing1_5,1497,0.37936636805534363,0.5165096521377563
Bearing1_5,1498,0.37896019220352173,0.5218420624732971
Bearing1_5,1499,0.37855401635169983,0.5242528319358826
Bearing1_5,1500,0.37814784049987793,0.5224751234054565
Bearing1_5,1501,0.37774166464805603,0.5198814272880554
Bearing1_5,1502,0.37733548879623413,0.5225762724876404
Bearing1_5,1503,0.37692931294441223,0.5215372443199158
Bearing1_5,1504,0.37652313709259033,0.5164690613746643
Bearing1_5,1505,0.3761169910430908,0.5265659689903259
Bearing1_5,1506,0.3757108151912689,0.536348819732666
Bearing1_5,1507,0.375304639339447,0.5135439038276672
Bearing1_5,1508,0.3748984634876251,0.5104355216026306
Bearing1_5,1509,0.3744922876358032,0.511816680431366
Bearing1_5,1510,0.3740861117839813,0.5000242590904236
Bearing1_5,1511,0.3736799359321594,0.50606369972229
Bearing1_5,1512,0.3732737600803375,0.5016582608222961
Bearing1_5,1513,0.3728675842285156,0.5164861083030701
Bearing1_5,1514,0.3724614083766937,0.5296915769577026
Bearing1_5,1515,0.3720552325248718,0.5050972700119019
Bearing1_5,1516,0.3716490566730499,0.49230074882507324
Bearing1_5,1517,0.371242880821228,0.4830809533596039
Bearing1_5,1518,0.37083670496940613,0.48284482955932617
Bearing1_5,1519,0.3704305589199066,0.49343568086624146
Bearing1_5,1520,0.3700243830680847,0.4886452257633209
Bearing1_5,1521,0.3696182072162628,0.5062263011932373
Bearing1_5,1522,0.3692120313644409,0.5226754546165466
Bearing1_5,1523,0.368805855512619,0.5154885649681091
Bearing1_5,1524,0.3683996796607971,0.50616854429245
Bearing1_5,1525,0.3679935038089752,0.49526163935661316
Bearing1_5,1526,0.3675873279571533,0.48507705330848694
Bearing1_5,1527,0.3671811521053314,0.4884786009788513
Bearing1_5,1528,0.3667749762535095,0.48333674669265747
Bearing1_5,1529,0.3663688004016876,0.48052090406417847
Bearing1_5,1530,0.3659626245498657,0.485347718000412
Bearing1_5,1531,0.3655564486980438,0.4742755889892578
Bearing1_5,1532,0.3651502728462219,0.4709973633289337
Bearing1_5,1533,0.3647440969944,0.4827231168746948
Bearing1_5,1534,0.3643379509449005,0.46183618903160095
Bearing1_5,1535,0.3639317750930786,0.4710877239704132
Bearing1_5,1536,0.3635255992412567,0.47224241495132446
Bearing1_5,1537,0.3631194233894348,0.44940614700317383
Bearing1_5,1538,0.3627132475376129,0.4284045398235321
Bearing1_5,1539,0.362307071685791,0.4194011390209198
Bearing1_5,1540,0.3619008958339691,0.4353013038635254
Bearing1_5,1541,0.3614947199821472,0.40116173028945923
Bearing1_5,1542,0.3610885441303253,0.4217908978462219
Bearing1_5,1543,0.3606823682785034,0.4019986093044281
Bearing1_5,1544,0.3602761924266815,0.3983341157436371
Bearing1_5,1545,0.3598700165748596,0.3865649700164795
Bearing1_5,1546,0.3594638407230377,0.37742429971694946
Bearing1_5,1547,0.3590576648712158,0.364551842212677
Bearing1_5,1548,0.3586514890193939,0.36507648229599
Bearing1_5,1549,0.3582453429698944,0.3665037155151367
Bearing1_5,1550,0.3578391671180725,0.38205429911613464
Bearing1_5,1551,0.3574329912662506,0.39915090799331665
Bearing1_5,1552,0.3570268154144287,0.4210091531276703
Bearing1_5,1553,0.3566206395626068,0.4149715304374695
Bearing1_5,1554,0.3562144637107849,0.4723376929759979
Bearing1_5,1555,0.355808287858963,0.5020731091499329
Bearing1_5,1556,0.3554021120071411,0.5220946669578552
Bearing1_5,1557,0.3549959361553192,0.5213152766227722
Bearing1_5,1558,0.3545897603034973,0.5190550684928894
Bearing1_5,1559,0.3541835844516754,0.5162950754165649
Bearing1_5,1560,0.3537774085998535,0.5178149938583374
Bearing1_5,1561,0.3533712327480316,0.517553985118866
Bearing1_5,1562,0.3529650568962097,0.529210090637207
Bearing1_5,1563,0.3525588810443878,0.523624062538147
Bearing1_5,1564,0.3521527349948883,0.5213920474052429
Bearing1_5,1565,0.3517465591430664,0.5257278084754944
Bearing1_5,1566,0.3513403832912445,0.5221076011657715
Bearing1_5,1567,0.3509342074394226,0.5318974852561951
Bearing1_5,1568,0.3505280315876007,0.5346012711524963
Bearing1_5,1569,0.3501218557357788,0.5472420454025269
Bearing1_5,1570,0.3497156798839569,0.5489655137062073
Bearing1_5,1571,0.349309504032135,0.5506508946418762
Bearing1_5,1572,0.3489033281803131,0.5431081056594849
Bearing1_5,1573,0.3484971523284912,0.555540919303894
Bearing1_5,1574,0.3480909764766693,0.5586549639701843
Bearing1_5,1575,0.3476848006248474,0.5684071183204651
Bearing1_5,1576,0.3472786247730255,0.5611041188240051
Bearing1_5,1577,0.3468724489212036,0.5733660459518433
Bearing1_5,1578,0.3464662730693817,0.5564351081848145
Bearing1_5,1579,0.3460601270198822,0.5581611394882202
Bearing1_5,1580,0.3456539511680603,0.5560904145240784
Bearing1_5,1581,0.3452477753162384,0.5441281199455261
Bearing1_5,1582,0.3448415994644165,0.5215394496917725
Bearing1_5,1583,0.3444354236125946,0.5232365727424622
Bearing1_5,1584,0.3440292477607727,0.506665825843811
Bearing1_5,1585,0.3436230719089508,0.4941941797733307
Bearing1_5,1586,0.3432168960571289,0.48653697967529297
Bearing1_5,1587,0.342810720205307,0.47383201122283936
Bearing1_5,1588,0.3424045443534851,0.4823668301105499
Bearing1_5,1589,0.3419983685016632,0.470319539308548
Bearing1_5,1590,0.3415921926498413,0.4755144715309143
Bearing1_5,1591,0.3411860167980194,0.47701215744018555
Bearing1_5,1592,0.3407798409461975,0.4712018668651581
Bearing1_5,1593,0.3403736650943756,0.44882550835609436
Bearing1_5,1594,0.3399675190448761,0.4330351948738098
Bearing1_5,1595,0.3395613431930542,0.4418691396713257
Bearing1_5,1596,0.3391551673412323,0.41635122895240784
Bearing1_5,1597,0.3387489914894104,0.43197333812713623
Bearing1_5,1598,0.3383428156375885,0.4213603138923645
Bearing1_5,1599,0.3379366397857666,0.3801104724407196
Bearing1_5,1600,0.3375304639339447,0.3816492259502411
Bearing1_5,1601,0.3371242880821228,0.3721599578857422
Bearing1_5,1602,0.3367181122303009,0.3642490804195404
Bearing1_5,1603,0.336311936378479,0.3767675757408142
Bearing1_5,1604,0.3359057605266571,0.4152870774269104
Bearing1_5,1605,0.3354995846748352,0.40209558606147766
Bearing1_5,1606,0.3350934088230133,0.41783514618873596
Bearing1_5,1607,0.3346872329711914,0.42913731932640076
Bearing1_5,1608,0.3342810869216919,0.45418107509613037
Bearing1_5,1609,0.33387491106987,0.4428021013736725
Bearing1_5,1610,0.3334687352180481,0.4725257158279419
Bearing1_5,1611,0.3330625593662262,0.4659634828567505
Bearing1_5,1612,0.3326563835144043,0.4590233564376831
Bearing1_5,1613,0.3322502076625824,0.4624137878417969
Bearing1_5,1614,0.3318440318107605,0.4770009219646454
Bearing1_5,1615,0.3314378559589386,0.4816170930862427
Bearing1_5,1616,0.3310316801071167,0.4827171266078949
Bearing1_5,1617,0.3306255042552948,0.4821489751338959
Bearing1_5,1618,0.3302193284034729,0.48094263672828674
Bearing1_5,1619,0.329813152551651,0.4911711513996124
Bearing1_5,1620,0.3294069766998291,0.484170138835907
Bearing1_5,1621,0.3290008008480072,0.49187156558036804
Bearing1_5,1622,0.3285946249961853,0.4899727702140808
Bearing1_5,1623,0.3281884789466858,0.48818808794021606
Bearing1_5,1624,0.3277823030948639,0.49156996607780457
Bearing1_5,1625,0.327376127243042,0.49794337153434753
Bearing1_5,1626,0.3269699513912201,0.510574460029602
Bearing1_5,1627,0.3265637755393982,0.5160040855407715
Bearing1_5,1628,0.3261575996875763,0.5160697102546692
Bearing1_5,1629,0.3257514238357544,0.5213548541069031
Bearing1_5,1630,0.3253452479839325,0.5196454524993896
Bearing1_5,1631,0.3249390721321106,0.5111018419265747
Bearing1_5,1632,0.3245328962802887,0.5035961270332336
Bearing1_5,1633,0.3241267204284668,0.504270613193512
Bearing1_5,1634,0.3237205445766449,0.5016932487487793
Bearing1_5,1635,0.323314368724823,0.48524123430252075
Bearing1_5,1636,0.3229081928730011,0.49231550097465515
Bearing1_5,1637,0.3225020170211792,0.46926504373550415
Bearing1_5,1638,0.3220958709716797,0.4715452492237091
Bearing1_5,1639,0.3216896951198578,0.4831222891807556
Bearing1_5,1640,0.3212835192680359,0.4416375160217285
Bearing1_5,1641,0.320877343416214,0.43894776701927185
Bearing1_5,1642,0.3204711675643921,0.4205660820007324
Bearing1_5,1643,0.3200649917125702,0.4358501732349396
Bearing1_5,1644,0.3196588158607483,0.4291432797908783
Bearing1_5,1645,0.3192526400089264,0.42758819460868835
Bearing1_5,1646,0.3188464641571045,0.40407028794288635
Bearing1_5,1647,0.3184402883052826,0.4341154992580414
Bearing1_5,1648,0.3180341124534607,0.4152831733226776
Bearing1_5,1649,0.3176279366016388,0.40755584836006165
Bearing1_5,1650,0.3172217607498169,0.4144611656665802
Bearing1_5,1651,0.316815584897995,0.38057422637939453
Bearing1_5,1652,0.3164094090461731,0.4142075777053833
Bearing1_5,1653,0.3160032629966736,0.37862569093704224
Bearing1_5,1654,0.3155970871448517,0.36347293853759766
Bearing1_5,1655,0.3151909112930298,0.3456103801727295
Bearing1_5,1656,0.3147847354412079,0.3244571387767792
Bearing1_5,1657,0.314378559589386,0.3444051146507263
Bearing1_5,1658,0.3139723837375641,0.2897385358810425
Bearing1_5,1659,0.3135662078857422,0.2786964476108551
Bearing1_5,1660,0.3131600320339203,0.2956594228744507
Bearing1_5,1661,0.3127538561820984,0.3077595829963684
Bearing1_5,1662,0.3123476803302765,0.3262443542480469
Bearing1_5,1663,0.3119415044784546,0.357464075088501
Bearing1_5,1664,0.3115353286266327,0.37207546830177307
Bearing1_5,1665,0.3111291527748108,0.4178053140640259
Bearing1_5,1666,0.3107229769229889,0.42676547169685364
Bearing1_5,1667,0.310316801071167,0.43847349286079407
Bearing1_5,1668,0.3099106550216675,0.46039581298828125
Bearing1_5,1669,0.3095044791698456,0.4584338068962097
Bearing1_5,1670,0.3090983033180237,0.4724596440792084
Bearing1_5,1671,0.3086921274662018,0.46383386850357056
Bearing1_5,1672,0.3082859516143799,0.4786154627799988
Bearing1_5,1673,0.307879775762558,0.4594002366065979
Bearing1_5,1674,0.3074735999107361,0.45565858483314514
Bearing1_5,1675,0.3070674240589142,0.473692923784256
Bearing1_5,1676,0.3066612482070923,0.4857881963253021
Bearing1_5,1677,0.3062550723552704,0.48606809973716736
Bearing1_5,1678,0.3058488965034485,0.5034253597259521
Bearing1_5,1679,0.3054427206516266,0.49471819400787354
Bearing1_5,1680,0.3050365447998047,0.4874679148197174
Bearing1_5,1681,0.3046303689479828,0.4812524914741516
Bearing1_5,1682,0.3042241930961609,0.4937555193901062
Bearing1_5,1683,0.3038180470466614,0.48751214146614075
Bearing1_5,1684,0.3034118711948395,0.4734724462032318
Bearing1_5,1685,0.3030056953430176,0.4657052457332611
Bearing1_5,1686,0.3025995194911957,0.47526371479034424
Bearing1_5,1687,0.3021933436393738,0.4716964364051819
Bearing1_5,1688,0.3017871677875519,0.4674801528453827
Bearing1_5,1689,0.30138099193573,0.44735416769981384
Bearing1_5,1690,0.3009748160839081,0.438142865896225
Bearing1_5,1691,0.3005686402320862,0.44106703996658325
Bearing1_5,1692,0.3001624643802643,0.4302445650100708
Bearing1_5,1693,0.2997562885284424,0.43256083130836487
Bearing1_5,1694,0.2993501126766205,0.39810752868652344
Bearing1_5,1695,0.2989439368247986,0.3922879099845886
Bearing1_5,1696,0.2985377609729767,0.40032267570495605
Bearing1_5,1697,0.2981316149234772,0.40330591797828674
Bearing1_5,1698,0.2977254390716553,0.37914493680000305
Bearing1_5,1699,0.2973192632198334,0.39902037382125854
Bearing1_5,1700,0.2969130873680115,0.38640129566192627
Bearing1_5,1701,0.2965069115161896,0.36586952209472656
Bearing1_5,1702,0.2961007356643677,0.35189518332481384
Bearing1_5,1703,0.2956945598125458,0.355129599571228
Bearing1_5,1704,0.2952883839607239,0.3763416111469269
Bearing1_5,1705,0.294882208108902,0.4048880338668823
Bearing1_5,1706,0.2944760322570801,0.4240362048149109
Bearing1_5,1707,0.2940698564052582,0.3834109306335449
Bearing1_5,1708,0.2936636805534363,0.39744848012924194
Bearing1_5,1709,0.2932575047016144,0.38747796416282654
Bearing1_5,1710,0.2928513288497925,0.3315031826496124
Bearing1_5,1711,0.2924451529979706,0.3912931978702545
Bearing1_5,1712,0.29203900694847107,0.4014137387275696
Bearing1_5,1713,0.29163283109664917,0.3869967460632324
Bearing1_5,1714,0.29122665524482727,0.38551220297813416
Bearing1_5,1715,0.29082047939300537,0.3767020106315613
Bearing1_5,1716,0.29041430354118347,0.4069552719593048
Bearing1_5,1717,0.2900081276893616,0.4105727970600128
Bearing1_5,1718,0.2896019518375397,0.3920387923717499
Bearing1_5,1719,0.2891957759857178,0.38946470618247986
Bearing1_5,1720,0.2887896001338959,0.37674909830093384
Bearing1_5,1721,0.288383424282074,0.38824525475502014
Bearing1_5,1722,0.2879772484302521,0.3757714629173279
Bearing1_5,1723,0.2875710725784302,0.37362995743751526
Bearing1_5,1724,0.2871648967266083,0.32461869716644287
Bearing1_5,1725,0.2867587208747864,0.30582156777381897
Bearing1_5,1726,0.2863525450229645,0.2910817563533783
Bearing1_5,1727,0.28594639897346497,0.2614549398422241
Bearing1_5,1728,0.28554022312164307,0.2565913498401642
Bearing1_5,1729,0.28513404726982117,0.2553044855594635
Bearing1_5,1730,0.28472787141799927,0.2527884244918823
Bearing1_5,1731,0.28432169556617737,0.22402215003967285
Bearing1_5,1732,0.28391551971435547,0.2507011592388153
Bearing1_5,1733,0.28350934386253357,0.24616597592830658
Bearing1_5,1734,0.28310316801071167,0.23285241425037384
Bearing1_5,1735,0.28269699215888977,0.23396652936935425
Bearing1_5,1736,0.28229081630706787,0.23912444710731506
Bearing1_5,1737,0.28188464045524597,0.22376610338687897
Bearing1_5,1738,0.2814784646034241,0.2253338098526001
Bearing1_5,1739,0.2810722887516022,0.2110997587442398
Bearing1_5,1740,0.2806661128997803,0.2161606401205063
Bearing1_5,1741,0.2802599370479584,0.22645194828510284
Bearing1_5,1742,0.27985379099845886,0.24609410762786865
Bearing1_5,1743,0.27944761514663696,0.1916896402835846
Bearing1_5,1744,0.27904143929481506,0.2292780727148056
Bearing1_5,1745,0.27863526344299316,0.25997352600097656
Bearing1_5,1746,0.27822908759117126,0.28878313302993774
Bearing1_5,1747,0.27782291173934937,0.28477439284324646
Bearing1_5,1748,0.27741673588752747,0.29484766721725464
Bearing1_5,1749,0.27701056003570557,0.2639528214931488
Bearing1_5,1750,0.27660438418388367,0.2765854001045227
Bearing1_5,1751,0.27619820833206177,0.2685227692127228
Bearing1_5,1752,0.27579203248023987,0.27363112568855286
Bearing1_5,1753,0.27538585662841797,0.3176681697368622
Bearing1_5,1754,0.27497968077659607,0.28775477409362793
Bearing1_5,1755,0.27457350492477417,0.31091225147247314
Bearing1_5,1756,0.27416732907295227,0.3309517800807953
Bearing1_5,1757,0.27376118302345276,0.3312044143676758
Bearing1_5,1758,0.27335500717163086,0.34851616621017456
Bearing1_5,1759,0.27294883131980896,0.3157062530517578
Bearing1_5,1760,0.27254265546798706,0.34098726511001587
Bearing1_5,1761,0.27213647961616516,0.3279619812965393
Bearing1_5,1762,0.27173030376434326,0.2957882285118103
Bearing1_5,1763,0.27132412791252136,0.3142157196998596
Bearing1_5,1764,0.27091795206069946,0.31293490529060364
Bearing1_5,1765,0.27051177620887756,0.29733678698539734
Bearing1_5,1766,0.27010560035705566,0.29514196515083313
Bearing1_5,1767,0.26969942450523376,0.33071646094322205
Bearing1_5,1768,0.26929324865341187,0.2956998646259308
Bearing1_5,1769,0.26888707280158997,0.301611989736557
Bearing1_5,1770,0.26848089694976807,0.2916721999645233
Bearing1_5,1771,0.26807472109794617,0.2871439456939697
Bearing1_5,1772,0.26766857504844666,0.2564287781715393
Bearing1_5,1773,0.26726239919662476,0.23529565334320068
Bearing1_5,1774,0.26685622334480286,0.23105131089687347
Bearing1_5,1775,0.26645004749298096,0.27827098965644836
Bearing1_5,1776,0.26604387164115906,0.2730560600757599
Bearing1_5,1777,0.26563769578933716,0.26567357778549194
Bearing1_5,1778,0.26523151993751526,0.25951871275901794
Bearing1_5,1779,0.26482534408569336,0.25695130228996277
Bearing1_5,1780,0.26441916823387146,0.27308815717697144
Bearing1_5,1781,0.26401299238204956,0.26627805829048157
Bearing1_5,1782,0.26360681653022766,0.27246910333633423
Bearing1_5,1783,0.26320064067840576,0.2753392457962036
Bearing1_5,1784,0.26279446482658386,0.2637365758419037
Bearing1_5,1785,0.26238828897476196,0.2578885555267334
Bearing1_5,1786,0.26198214292526245,0.27243655920028687
Bearing1_5,1787,0.26157596707344055,0.2791655659675598
Bearing1_5,1788,0.26116979122161865,0.26503241062164307
Bearing1_5,1789,0.26076361536979675,0.2833395004272461
Bearing1_5,1790,0.26035743951797485,0.2649688422679901
Bearing1_5,1791,0.25995126366615295,0.2695237994194031
Bearing1_5,1792,0.25954508781433105,0.2569918930530548
Bearing1_5,1793,0.25913891196250916,0.29009300470352173
Bearing1_5,1794,0.25873273611068726,0.2763413190841675
Bearing1_5,1795,0.25832656025886536,0.2690506875514984
Bearing1_5,1796,0.25792038440704346,0.2813315689563751
Bearing1_5,1797,0.25751420855522156,0.28412526845932007
Bearing1_5,1798,0.25710803270339966,0.28724145889282227
Bearing1_5,1799,0.25670185685157776,0.28042110800743103
Bearing1_5,1800,0.25629568099975586,0.2936619222164154
Bearing1_5,1801,0.25588953495025635,0.29030725359916687
Bearing1_5,1802,0.25548335909843445,0.27577465772628784
Bearing1_5,1803,0.25507718324661255,0.31788429617881775
Bearing1_5,1804,0.25467100739479065,0.32512030005455017
Bearing1_5,1805,0.25426483154296875,0.33627212047576904
Bearing1_5,1806,0.25385865569114685,0.3183167576789856
Bearing1_5,1807,0.25345247983932495,0.36702242493629456
Bearing1_5,1808,0.25304630398750305,0.37238869071006775
Bearing1_5,1809,0.25264012813568115,0.38293957710266113
Bearing1_5,1810,0.25223395228385925,0.3844377398490906
Bearing1_5,1811,0.25182777643203735,0.38498520851135254
Bearing1_5,1812,0.25142160058021545,0.3957599103450775
Bearing1_5,1813,0.25101542472839355,0.40143924951553345
Bearing1_5,1814,0.25060924887657166,0.41421329975128174
Bearing1_5,1815,0.25020307302474976,0.4242040514945984
Bearing1_5,1816,0.24979691207408905,0.44366854429244995
Bearing1_5,1817,0.24939073622226715,0.4495563507080078
Bearing1_5,1818,0.24898456037044525,0.44714632630348206
Bearing1_5,1819,0.24857838451862335,0.4464759826660156
Bearing1_5,1820,0.24817222356796265,0.4436378479003906
Bearing1_5,1821,0.24776604771614075,0.4603571593761444
Bearing1_5,1822,0.24735987186431885,0.4404487907886505
Bearing1_5,1823,0.24695369601249695,0.4453223645687103
Bearing1_5,1824,0.24654752016067505,0.4244081676006317
Bearing1_5,1825,0.24614134430885315,0.4056943953037262
Bearing1_5,1826,0.24573516845703125,0.40050601959228516
Bearing1_5,1827,0.24532900750637054,0.3849600851535797
Bearing1_5,1828,0.24492283165454865,0.3701571524143219
Bearing1_5,1829,0.24451665580272675,0.3911343812942505
Bearing1_5,1830,0.24411047995090485,0.39114242792129517
Bearing1_5,1831,0.24370430409908295,0.40371909737586975
Bearing1_5,1832,0.24329812824726105,0.41466817259788513
Bearing1_5,1833,0.24289195239543915,0.4216000437736511
Bearing1_5,1834,0.24248577654361725,0.4451809227466583
Bearing1_5,1835,0.24207961559295654,0.422050416469574
Bearing1_5,1836,0.24167343974113464,0.47435420751571655
Bearing1_5,1837,0.24126726388931274,0.4966198205947876
Bearing1_5,1838,0.24086108803749084,0.48177939653396606
Bearing1_5,1839,0.24045491218566895,0.48721984028816223
Bearing1_5,1840,0.24004873633384705,0.46941545605659485
Bearing1_5,1841,0.23964256048202515,0.46339350938796997
Bearing1_5,1842,0.23923639953136444,0.478077232837677
Bearing1_5,1843,0.23883022367954254,0.4742971360683441
Bearing1_5,1844,0.23842404782772064,0.4713737666606903
Bearing1_5,1845,0.23801787197589874,0.46228399872779846
Bearing1_5,1846,0.23761169612407684,0.46420708298683167
Bearing1_5,1847,0.23720552027225494,0.466057687997818
Bearing1_5,1848,0.23679934442043304,0.45806917548179626
Bearing1_5,1849,0.23639318346977234,0.46565529704093933
Bearing1_5,1850,0.23598700761795044,0.4865439832210541
Bearing1_5,1851,0.23558083176612854,0.49150994420051575
Bearing1_5,1852,0.23517465591430664,0.49530842900276184
Bearing1_5,1853,0.23476848006248474,0.5041853785514832
Bearing1_5,1854,0.23436230421066284,0.5083270072937012
Bearing1_5,1855,0.23395612835884094,0.5198476314544678
Bearing1_5,1856,0.23354995250701904,0.534821093082428
Bearing1_5,1857,0.23314379155635834,0.5450099110603333
Bearing1_5,1858,0.23273761570453644,0.5571232438087463
Bearing1_5,1859,0.23233143985271454,0.5556154251098633
Bearing1_5,1860,0.23192526400089264,0.5496280789375305
Bearing1_5,1861,0.23151908814907074,0.5497435331344604
Bearing1_5,1862,0.23111291229724884,0.5583942532539368
Bearing1_5,1863,0.23070673644542694,0.5539884567260742
Bearing1_5,1864,0.23030057549476624,0.5428135395050049
Bearing1_5,1865,0.22989439964294434,0.5416465997695923
Bearing1_5,1866,0.22948822379112244,0.5323426127433777
Bearing1_5,1867,0.22908204793930054,0.5236478447914124
Bearing1_5,1868,0.22867587208747864,0.5003231763839722
Bearing1_5,1869,0.22826969623565674,0.49421849846839905
Bearing1_5,1870,0.22786352038383484,0.48631924390792847
Bearing1_5,1871,0.22745734453201294,0.4829947352409363
Bearing1_5,1872,0.22705118358135223,0.4743698239326477
Bearing1_5,1873,0.22664500772953033,0.47259604930877686
Bearing1_5,1874,0.22623883187770844,0.47134992480278015
Bearing1_5,1875,0.22583265602588654,0.48314833641052246
Bearing1_5,1876,0.22542648017406464,0.4974651634693146
Bearing1_5,1877,0.22502030432224274,0.4765283763408661
Bearing1_5,1878,0.22461412847042084,0.47495463490486145
Bearing1_5,1879,0.22420796751976013,0.4619859457015991
Bearing1_5,1880,0.22380179166793823,0.4861851930618286
Bearing1_5,1881,0.22339561581611633,0.4833834767341614
Bearing1_5,1882,0.22298943996429443,0.4554693102836609
Bearing1_5,1883,0.22258326411247253,0.4730655252933502
Bearing1_5,1884,0.22217708826065063,0.4682163894176483
Bearing1_5,1885,0.22177091240882874,0.45367497205734253
Bearing1_5,1886,0.22136475145816803,0.4636813700199127
Bearing1_5,1887,0.22095857560634613,0.45184335112571716
Bearing1_5,1888,0.22055239975452423,0.4424952566623688
Bearing1_5,1889,0.22014622390270233,0.423795223236084
Bearing1_5,1890,0.21974004805088043,0.4347701370716095
Bearing1_5,1891,0.21933387219905853,0.4587644040584564
Bearing1_5,1892,0.21892769634723663,0.4650212824344635
Bearing1_5,1893,0.21852152049541473,0.43923506140708923
Bearing1_5,1894,0.21811535954475403,0.446982204914093
Bearing1_5,1895,0.21770918369293213,0.4611426889896393
Bearing1_5,1896,0.21730300784111023,0.44452130794525146
Bearing1_5,1897,0.21689683198928833,0.43786942958831787
Bearing1_5,1898,0.21649065613746643,0.4509615898132324
Bearing1_5,1899,0.21608448028564453,0.46371304988861084
Bearing1_5,1900,0.21567830443382263,0.47448357939720154
Bearing1_5,1901,0.21527214348316193,0.47722604870796204
Bearing1_5,1902,0.21486596763134003,0.4781707525253296
Bearing1_5,1903,0.21445979177951813,0.4855968654155731
Bearing1_5,1904,0.21405361592769623,0.47086623311042786
Bearing1_5,1905,0.21364744007587433,0.46007388830184937
Bearing1_5,1906,0.21324126422405243,0.46546173095703125
Bearing1_5,1907,0.21283508837223053,0.43858444690704346
Bearing1_5,1908,0.21242891252040863,0.4522196650505066
Bearing1_5,1909,0.21202275156974792,0.4596690833568573
Bearing1_5,1910,0.21161657571792603,0.4601246416568756
Bearing1_5,1911,0.21121039986610413,0.477439820766449
Bearing1_5,1912,0.21080422401428223,0.4611208438873291
Bearing1_5,1913,0.21039804816246033,0.4761292636394501
Bearing1_5,1914,0.20999187231063843,0.48264679312705994
Bearing1_5,1915,0.20958569645881653,0.47900184988975525
Bearing1_5,1916,0.20917953550815582,0.48379871249198914
Bearing1_5,1917,0.20877335965633392,0.4989379644393921
Bearing1_5,1918,0.20836718380451202,0.4799433946609497
Bearing1_5,1919,0.20796100795269012,0.4814307987689972
Bearing1_5,1920,0.20755483210086823,0.47854551672935486
Bearing1_5,1921,0.20714865624904633,0.4868181049823761
Bearing1_5,1922,0.20674248039722443,0.4831784963607788
Bearing1_5,1923,0.20633630454540253,0.4821397066116333
Bearing1_5,1924,0.20593014359474182,0.4821750819683075
Bearing1_5,1925,0.20552396774291992,0.48030635714530945
Bearing1_5,1926,0.20511779189109802,0.4779001474380493
Bearing1_5,1927,0.20471161603927612,0.47390565276145935
Bearing1_5,1928,0.20430544018745422,0.48167434334754944
Bearing1_5,1929,0.20389926433563232,0.48165982961654663
Bearing1_5,1930,0.20349308848381042,0.48812228441238403
Bearing1_5,1931,0.20308692753314972,0.48428311944007874
Bearing1_5,1932,0.20268075168132782,0.4911178946495056
Bearing1_5,1933,0.20227457582950592,0.4805857539176941
Bearing1_5,1934,0.20186839997768402,0.4756876528263092
Bearing1_5,1935,0.20146222412586212,0.491252601146698
Bearing1_5,1936,0.20105604827404022,0.48272767663002014
Bearing1_5,1937,0.20064987242221832,0.48052117228507996
Bearing1_5,1938,0.20024371147155762,0.4816471040248871
Bearing1_5,1939,0.19983753561973572,0.4677557945251465
Bearing1_5,1940,0.19943135976791382,0.46306881308555603
Bearing1_5,1941,0.19902518391609192,0.45923858880996704
Bearing1_5,1942,0.19861900806427002,0.4603911340236664
Bearing1_5,1943,0.19821283221244812,0.447430282831192
Bearing1_5,1944,0.19780665636062622,0.43357035517692566
Bearing1_5,1945,0.19740048050880432,0.4180222451686859
Bearing1_5,1946,0.19699431955814362,0.40833187103271484
Bearing1_5,1947,0.19658814370632172,0.3982723653316498
Bearing1_5,1948,0.19618196785449982,0.4009826183319092
Bearing1_5,1949,0.19577579200267792,0.41558703780174255
Bearing1_5,1950,0.19536961615085602,0.4036083221435547
Bearing1_5,1951,0.19496344029903412,0.3976684808731079
Bearing1_5,1952,0.19455726444721222,0.38920462131500244
Bearing1_5,1953,0.1941511034965515,0.4049888253211975
Bearing1_5,1954,0.19374492764472961,0.4134630262851715
Bearing1_5,1955,0.19333875179290771,0.3846157491207123
Bearing1_5,1956,0.19293257594108582,0.3699474036693573
Bearing1_5,1957,0.19252640008926392,0.39710018038749695
Bearing1_5,1958,0.19212022423744202,0.40289831161499023
Bearing1_5,1959,0.19171404838562012,0.4020187258720398
Bearing1_5,1960,0.19130787253379822,0.38814592361450195
Bearing1_5,1961,0.1909017115831375,0.3823913037776947
Bearing1_5,1962,0.1904955357313156,0.35519760847091675
Bearing1_5,1963,0.1900893598794937,0.35191720724105835
Bearing1_5,1964,0.18968318402767181,0.33818867802619934
Bearing1_5,1965,0.18927700817584991,0.37761035561561584
Bearing1_5,1966,0.18887083232402802,0.387175589799881
Bearing1_5,1967,0.18846465647220612,0.4185118079185486
Bearing1_5,1968,0.1880584955215454,0.43245944380760193
Bearing1_5,1969,0.1876523196697235,0.44630706310272217
Bearing1_5,1970,0.1872461438179016,0.44463804364204407
Bearing1_5,1971,0.1868399679660797,0.45063382387161255
Bearing1_5,1972,0.1864337921142578,0.46050190925598145
Bearing1_5,1973,0.1860276162624359,0.4437607228755951
Bearing1_5,1974,0.185621440410614,0.44064462184906006
Bearing1_5,1975,0.1852152794599533,0.4371131658554077
Bearing1_5,1976,0.1848091036081314,0.43919864296913147
Bearing1_5,1977,0.1844029277563095,0.4385502338409424
Bearing1_5,1978,0.1839967519044876,0.4347408413887024
Bearing1_5,1979,0.1835905760526657,0.4474073052406311
Bearing1_5,1980,0.1831844002008438,0.40779954195022583
Bearing1_5,1981,0.1827782243490219,0.41511353850364685
Bearing1_5,1982,0.1823720484972,0.43565696477890015
Bearing1_5,1983,0.1819658875465393,0.42810842394828796
Bearing1_5,1984,0.1815597116947174,0.4384966790676117
Bearing1_5,1985,0.1811535358428955,0.4272741377353668
Bearing1_5,1986,0.1807473599910736,0.39978352189064026
Bearing1_5,1987,0.1803411841392517,0.4317494332790375
Bearing1_5,1988,0.1799350082874298,0.450357586145401
Bearing1_5,1989,0.1795288324356079,0.43110591173171997
Bearing1_5,1990,0.1791226714849472,0.4301730990409851
Bearing1_5,1991,0.1787164956331253,0.43812015652656555
Bearing1_5,1992,0.1783103197813034,0.4332795739173889
Bearing1_5,1993,0.1779041439294815,0.4280775785446167
Bearing1_5,1994,0.1774979680776596,0.421266108751297
Bearing1_5,1995,0.1770917922258377,0.40087464451789856
Bearing1_5,1996,0.1766856163740158,0.39411741495132446
Bearing1_5,1997,0.1762794405221939,0.4059492349624634
Bearing1_5,1998,0.1758732795715332,0.41086065769195557
Bearing1_5,1999,0.1754671037197113,0.3887832760810852
Bearing1_5,2000,0.1750609278678894,0.3760291337966919
Bearing1_5,2001,0.1746547520160675,0.38079318404197693
Bearing1_5,2002,0.1742485761642456,0.4006032347679138
Bearing1_5,2003,0.1738424003124237,0.39820346236228943
Bearing1_5,2004,0.1734362244606018,0.42040547728538513
Bearing1_5,2005,0.1730300635099411,0.434878945350647
Bearing1_5,2006,0.1726238876581192,0.4479115605354309
Bearing1_5,2007,0.1722177118062973,0.4589197039604187
Bearing1_5,2008,0.1718115359544754,0.4794163107872009
Bearing1_5,2009,0.1714053601026535,0.4963744580745697
Bearing1_5,2010,0.1709991842508316,0.4880765676498413
Bearing1_5,2011,0.1705930083990097,0.49490755796432495
Bearing1_5,2012,0.1701868325471878,0.5015707612037659
Bearing1_5,2013,0.1697806715965271,0.4981326758861542
Bearing1_5,2014,0.1693744957447052,0.481331467628479
Bearing1_5,2015,0.1689683198928833,0.47505250573158264
Bearing1_5,2016,0.1685621440410614,0.4766092002391815
Bearing1_5,2017,0.1681559681892395,0.48555895686149597
Bearing1_5,2018,0.1677497923374176,0.48276522755622864
Bearing1_5,2019,0.1673436164855957,0.47309818863868713
Bearing1_5,2020,0.166937455534935,0.5027580857276917
Bearing1_5,2021,0.1665312796831131,0.5053550601005554
Bearing1_5,2022,0.1661251038312912,0.499732106924057
Bearing1_5,2023,0.1657189279794693,0.501189649105072
Bearing1_5,2024,0.1653127521276474,0.4897507131099701
Bearing1_5,2025,0.1649065762758255,0.49047398567199707
Bearing1_5,2026,0.1645004004240036,0.4923681914806366
Bearing1_5,2027,0.1640942394733429,0.4943700134754181
Bearing1_5,2028,0.163688063621521,0.5042394399642944
Bearing1_5,2029,0.1632818877696991,0.496537983417511
Bearing1_5,2030,0.1628757119178772,0.49136707186698914
Bearing1_5,2031,0.1624695360660553,0.4930003583431244
Bearing1_5,2032,0.1620633602142334,0.47657260298728943
Bearing1_5,2033,0.1616571843624115,0.4737532138824463
Bearing1_5,2034,0.1612510085105896,0.4810088574886322
Bearing1_5,2035,0.1608448475599289,0.46861952543258667
Bearing1_5,2036,0.160438671708107,0.46666958928108215
Bearing1_5,2037,0.1600324958562851,0.46607014536857605
Bearing1_5,2038,0.1596263200044632,0.4635974168777466
Bearing1_5,2039,0.1592201441526413,0.4660507142543793
Bearing1_5,2040,0.1588139683008194,0.4498223662376404
Bearing1_5,2041,0.1584077924489975,0.4544960558414459
Bearing1_5,2042,0.1580016314983368,0.4547543525695801
Bearing1_5,2043,0.1575954556465149,0.45410454273223877
Bearing1_5,2044,0.157189279794693,0.45392975211143494
Bearing1_5,2045,0.1567831039428711,0.4653090834617615
Bearing1_5,2046,0.1563769280910492,0.45507490634918213
Bearing1_5,2047,0.1559707522392273,0.44562268257141113
Bearing1_5,2048,0.1555645763874054,0.43348026275634766
Bearing1_5,2049,0.1551584005355835,0.4482367932796478
Bearing1_5,2050,0.1547522395849228,0.43769076466560364
Bearing1_5,2051,0.1543460637331009,0.4347786009311676
Bearing1_5,2052,0.153939887881279,0.4446830153465271
Bearing1_5,2053,0.1535337120294571,0.43703439831733704
Bearing1_5,2054,0.1531275361776352,0.45702967047691345
Bearing1_5,2055,0.1527213603258133,0.4486483633518219
Bearing1_5,2056,0.1523151844739914,0.45131760835647583
Bearing1_5,2057,0.1519090235233307,0.44830960035324097
Bearing1_5,2058,0.1515028476715088,0.44494128227233887
Bearing1_5,2059,0.1510966718196869,0.46731308102607727
Bearing1_5,2060,0.150690495967865,0.4719580113887787
Bearing1_5,2061,0.1502843201160431,0.4764738082885742
Bearing1_5,2062,0.1498781442642212,0.48288801312446594
Bearing1_5,2063,0.1494719684123993,0.4917621612548828
Bearing1_5,2064,0.1490658074617386,0.4980926811695099
Bearing1_5,2065,0.1486596316099167,0.5134357213973999
Bearing1_5,2066,0.1482534557580948,0.5180017352104187
Bearing1_5,2067,0.1478472799062729,0.5236756801605225
Bearing1_5,2068,0.147441104054451,0.5295332670211792
Bearing1_5,2069,0.1470349282026291,0.5218383073806763
Bearing1_5,2070,0.1466287523508072,0.5203803181648254
Bearing1_5,2071,0.1462225764989853,0.5169421434402466
Bearing1_5,2072,0.14581641554832458,0.5135158896446228
Bearing1_5,2073,0.14541023969650269,0.5166055560112
Bearing1_5,2074,0.1450040638446808,0.5232004523277283
Bearing1_5,2075,0.1445978879928589,0.5099882483482361
Bearing1_5,2076,0.144191712141037,0.5031064748764038
Bearing1_5,2077,0.1437855362892151,0.5110142230987549
Bearing1_5,2078,0.1433793604373932,0.5013440847396851
Bearing1_5,2079,0.14297319948673248,0.5102053284645081
Bearing1_5,2080,0.14256702363491058,0.5027989745140076
Bearing1_5,2081,0.14216084778308868,0.4946597218513489
Bearing1_5,2082,0.14175467193126678,0.4844696819782257
Bearing1_5,2083,0.14134849607944489,0.47619199752807617
Bearing1_5,2084,0.14094232022762299,0.47691431641578674
Bearing1_5,2085,0.1405361443758011,0.4894157350063324
Bearing1_5,2086,0.1401299685239792,0.493607759475708
Bearing1_5,2087,0.13972380757331848,0.5064569711685181
Bearing1_5,2088,0.13931763172149658,0.4960537850856781
Bearing1_5,2089,0.13891145586967468,0.49289363622665405
Bearing1_5,2090,0.13850528001785278,0.502435028553009
Bearing1_5,2091,0.13809910416603088,0.47819146513938904
Bearing1_5,2092,0.13769292831420898,0.47986936569213867
Bearing1_5,2093,0.13728675246238708,0.47143256664276123
Bearing1_5,2094,0.13688059151172638,0.46045544743537903
Bearing1_5,2095,0.13647441565990448,0.48590490221977234
Bearing1_5,2096,0.13606823980808258,0.48562687635421753
Bearing1_5,2097,0.13566206395626068,0.4854457974433899
Bearing1_5,2098,0.13525588810443878,0.49463582038879395
Bearing1_5,2099,0.13484971225261688,0.479548841714859
Bearing1_5,2100,0.13444353640079498,0.49058276414871216
Bearing1_5,2101,0.13403736054897308,0.48518142104148865
Bearing1_5,2102,0.13363119959831238,0.4777795076370239
Bearing1_5,2103,0.13322502374649048,0.48184359073638916
Bearing1_5,2104,0.13281884789466858,0.4823291599750519
Bearing1_5,2105,0.13241267204284668,0.47765055298805237
Bearing1_5,2106,0.13200649619102478,0.4767298996448517
Bearing1_5,2107,0.13160032033920288,0.4841015338897705
Bearing1_5,2108,0.13119414448738098,0.46648481488227844
Bearing1_5,2109,0.13078798353672028,0.4767075777053833
Bearing1_5,2110,0.13038180768489838,0.4705488383769989
Bearing1_5,2111,0.12997563183307648,0.4625891447067261
Bearing1_5,2112,0.12956945598125458,0.48404112458229065
Bearing1_5,2113,0.12916328012943268,0.48014798760414124
Bearing1_5,2114,0.12875710427761078,0.4865081012248993
Bearing1_5,2115,0.12835092842578888,0.46223583817481995
Bearing1_5,2116,0.12794476747512817,0.4466676712036133
Bearing1_5,2117,0.12753859162330627,0.43011417984962463
Bearing1_5,2118,0.12713241577148438,0.4254087507724762
Bearing1_5,2119,0.12672623991966248,0.42318642139434814
Bearing1_5,2120,0.12632006406784058,0.41769134998321533
Bearing1_5,2121,0.12591388821601868,0.4303911626338959
Bearing1_5,2122,0.12550771236419678,0.45254644751548767
Bearing1_5,2123,0.12510153651237488,0.4451292157173157
Bearing1_5,2124,0.12469536811113358,0.44124269485473633
Bearing1_5,2125,0.12428919225931168,0.44018638134002686
Bearing1_5,2126,0.12388302385807037,0.43377742171287537
Bearing1_5,2127,0.12347684800624847,0.4344494044780731
Bearing1_5,2128,0.12307067215442657,0.4323492646217346
Bearing1_5,2129,0.12266450375318527,0.4053133726119995
Bearing1_5,2130,0.12225832790136337,0.40595346689224243
Bearing1_5,2131,0.12185215204954147,0.43818217515945435
Bearing1_5,2132,0.12144597619771957,0.4544041156768799
Bearing1_5,2133,0.12103980779647827,0.4667276442050934
Bearing1_5,2134,0.12063363194465637,0.4843064546585083
Bearing1_5,2135,0.12022745609283447,0.49332308769226074
Bearing1_5,2136,0.11982128024101257,0.4908592700958252
Bearing1_5,2137,0.11941511183977127,0.49535587430000305
Bearing1_5,2138,0.11900893598794937,0.5006439685821533
Bearing1_5,2139,0.11860276013612747,0.5046145915985107
Bearing1_5,2140,0.11819659173488617,0.5101227164268494
Bearing1_5,2141,0.11779041588306427,0.5066672563552856
Bearing1_5,2142,0.11738424003124237,0.510484516620636
Bearing1_5,2143,0.11697806417942047,0.5069244503974915
Bearing1_5,2144,0.11657189577817917,0.5100247263908386
Bearing1_5,2145,0.11616571992635727,0.5099602937698364
Bearing1_5,2146,0.11575954407453537,0.5056560635566711
Bearing1_5,2147,0.11535336822271347,0.5125547647476196
Bearing1_5,2148,0.11494719982147217,0.508897602558136
Bearing1_5,2149,0.11454102396965027,0.5123152136802673
Bearing1_5,2150,0.11413484811782837,0.5088009238243103
Bearing1_5,2151,0.11372867226600647,0.5189682841300964
Bearing1_5,2152,0.11332250386476517,0.5151673555374146
Bearing1_5,2153,0.11291632801294327,0.5191681385040283
Bearing1_5,2154,0.11251015216112137,0.5280597805976868
Bearing1_5,2155,0.11210398375988007,0.5250333547592163
Bearing1_5,2156,0.11169780790805817,0.5205103754997253
Bearing1_5,2157,0.11129163205623627,0.532039999961853
Bearing1_5,2158,0.11088545620441437,0.5397500991821289
Bearing1_5,2159,0.11047928780317307,0.5382792353630066
Bearing1_5,2160,0.11007311195135117,0.5407666563987732
Bearing1_5,2161,0.10966693609952927,0.537053644657135
Bearing1_5,2162,0.10926076024770737,0.5289128422737122
Bearing1_5,2163,0.10885459184646606,0.5191265940666199
Bearing1_5,2164,0.10844841599464417,0.5122026801109314
Bearing1_5,2165,0.10804224014282227,0.5081250071525574
Bearing1_5,2166,0.10763607174158096,0.4989708364009857
Bearing1_5,2167,0.10722989588975906,0.5009588599205017
Bearing1_5,2168,0.10682372003793716,0.49688079953193665
Bearing1_5,2169,0.10641754418611526,0.5033047199249268
Bearing1_5,2170,0.10601137578487396,0.5035526156425476
Bearing1_5,2171,0.10560519993305206,0.5008993148803711
Bearing1_5,2172,0.10519902408123016,0.4999340772628784
Bearing1_5,2173,0.10479284822940826,0.5134983658790588
Bearing1_5,2174,0.10438667982816696,0.5073232054710388
Bearing1_5,2175,0.10398050397634506,0.5087662935256958
Bearing1_5,2176,0.10357432812452316,0.5106654167175293
Bearing1_5,2177,0.10316815227270126,0.5046231150627136
Bearing1_5,2178,0.10276198387145996,0.5061286687850952
Bearing1_5,2179,0.10235580801963806,0.4983670711517334
Bearing1_5,2180,0.10194963216781616,0.5041654706001282
Bearing1_5,2181,0.10154346376657486,0.4978269338607788
Bearing1_5,2182,0.10113728791475296,0.5049769878387451
Bearing1_5,2183,0.10073111206293106,0.5121545195579529
Bearing1_5,2184,0.10032493621110916,0.5149173140525818
Bearing1_5,2185,0.09991876780986786,0.5029182434082031
Bearing1_5,2186,0.09951259195804596,0.48680680990219116
Bearing1_5,2187,0.09910641610622406,0.47649767994880676
Bearing1_5,2188,0.09870024025440216,0.4775833487510681
Bearing1_5,2189,0.09829407185316086,0.47658571600914
Bearing1_5,2190,0.09788789600133896,0.473682701587677
Bearing1_5,2191,0.09748172014951706,0.47314226627349854
Bearing1_5,2192,0.09707555174827576,0.47521811723709106
Bearing1_5,2193,0.09666937589645386,0.4664923846721649
Bearing1_5,2194,0.09626320004463196,0.47146615386009216
Bearing1_5,2195,0.09585702419281006,0.46289587020874023
Bearing1_5,2196,0.09545085579156876,0.46317076683044434
Bearing1_5,2197,0.09504467993974686,0.4601956307888031
Bearing1_5,2198,0.09463850408792496,0.4629882872104645
Bearing1_5,2199,0.09423232823610306,0.46226346492767334
Bearing1_5,2200,0.09382615983486176,0.45376163721084595
Bearing1_5,2201,0.09341998398303986,0.4464539885520935
Bearing1_5,2202,0.09301380813121796,0.4469242990016937
Bearing1_5,2203,0.09260763972997665,0.4448559582233429
Bearing1_5,2204,0.09220146387815475,0.42708131670951843
Bearing1_5,2205,0.09179528802633286,0.4349863827228546
Bearing1_5,2206,0.09138911217451096,0.4141595661640167
Bearing1_5,2207,0.09098294377326965,0.41312071681022644
Bearing1_5,2208,0.09057676792144775,0.40907323360443115
Bearing1_5,2209,0.09017059206962585,0.41465097665786743
Bearing1_5,2210,0.08976441621780396,0.40995824337005615
Bearing1_5,2211,0.08935824781656265,0.38989686965942383
Bearing1_5,2212,0.08895207196474075,0.37852925062179565
Bearing1_5,2213,0.08854589611291885,0.3831925690174103
Bearing1_5,2214,0.08813972026109695,0.3759523928165436
Bearing1_5,2215,0.08773355185985565,0.3081907629966736
Bearing1_5,2216,0.08732737600803375,0.29330217838287354
Bearing1_5,2217,0.08692120015621185,0.2985667288303375
Bearing1_5,2218,0.08651503175497055,0.3236389458179474
Bearing1_5,2219,0.08610885590314865,0.32539406418800354
Bearing1_5,2220,0.08570268005132675,0.3249318599700928
Bearing1_5,2221,0.08529650419950485,0.2972392737865448
Bearing1_5,2222,0.08489033579826355,0.2811509966850281
Bearing1_5,2223,0.08448415994644165,0.293673038482666
Bearing1_5,2224,0.08407798409461975,0.27345627546310425
Bearing1_5,2225,0.08367180824279785,0.2694610059261322
Bearing1_5,2226,0.08326563984155655,0.25153425335884094
Bearing1_5,2227,0.08285946398973465,0.24236352741718292
Bearing1_5,2228,0.08245328813791275,0.23722971975803375
Bearing1_5,2229,0.08204711973667145,0.2323625534772873
Bearing1_5,2230,0.08164094388484955,0.24328887462615967
Bearing1_5,2231,0.08123476803302765,0.24055756628513336
Bearing1_5,2232,0.08082859218120575,0.2577952742576599
Bearing1_5,2233,0.08042242377996445,0.2846081554889679
Bearing1_5,2234,0.08001624792814255,0.2861674726009369
Bearing1_5,2235,0.07961007207632065,0.293139785528183
Bearing1_5,2236,0.07920389622449875,0.28106826543807983
Bearing1_5,2237,0.07879772782325745,0.29884225130081177
Bearing1_5,2238,0.07839155197143555,0.2960606813430786
Bearing1_5,2239,0.07798537611961365,0.28021329641342163
Bearing1_5,2240,0.07757920026779175,0.2670155167579651
Bearing1_5,2241,0.07717303186655045,0.3063690662384033
Bearing1_5,2242,0.07676685601472855,0.31404951214790344
Bearing1_5,2243,0.07636068016290665,0.32939475774765015
Bearing1_5,2244,0.07595451176166534,0.3677917718887329
Bearing1_5,2245,0.07554833590984344,0.32305020093917847
Bearing1_5,2246,0.07514216005802155,0.36911261081695557
Bearing1_5,2247,0.07473598420619965,0.39193248748779297
Bearing1_5,2248,0.07432981580495834,0.39887887239456177
Bearing1_5,2249,0.07392363995313644,0.363211065530777
Bearing1_5,2250,0.07351746410131454,0.38686880469322205
Bearing1_5,2251,0.07311128824949265,0.3751108646392822
Bearing1_5,2252,0.07270511984825134,0.39567896723747253
Bearing1_5,2253,0.07229894399642944,0.39950093626976013
Bearing1_5,2254,0.07189276814460754,0.3876466751098633
Bearing1_5,2255,0.07148659974336624,0.3511403501033783
Bearing1_5,2256,0.07108042389154434,0.3529282212257385
Bearing1_5,2257,0.07067424803972244,0.3522295355796814
Bearing1_5,2258,0.07026807218790054,0.33850327134132385
Bearing1_5,2259,0.06986190378665924,0.32796141505241394
Bearing1_5,2260,0.06945572793483734,0.32178646326065063
Bearing1_5,2261,0.06904955208301544,0.28616800904273987
Bearing1_5,2262,0.06864337623119354,0.2825538218021393
Bearing1_5,2263,0.06823720782995224,0.2583446502685547
Bearing1_5,2264,0.06783103197813034,0.22362500429153442
Bearing1_5,2265,0.06742485612630844,0.22470040619373322
Bearing1_5,2266,0.06701868027448654,0.21166060864925385
Bearing1_5,2267,0.06661251187324524,0.2176094353199005
Bearing1_5,2268,0.06620633602142334,0.203984335064888
Bearing1_5,2269,0.06580016016960144,0.1815970093011856
Bearing1_5,2270,0.06539399176836014,0.1856144219636917
Bearing1_5,2271,0.06498781591653824,0.16548983752727509
Bearing1_5,2272,0.06458164006471634,0.16262982785701752
Bearing1_5,2273,0.06417546421289444,0.15799716114997864
Bearing1_5,2274,0.06376929581165314,0.1525101363658905
Bearing1_5,2275,0.06336311995983124,0.16520598530769348
Bearing1_5,2276,0.06295694410800934,0.15846118330955505
Bearing1_5,2277,0.06255076825618744,0.16563168168067932
Bearing1_5,2278,0.06214459612965584,0.1362733095884323
Bearing1_5,2279,0.06173842400312424,0.1636771559715271
Bearing1_5,2280,0.061332251876592636,0.1695099025964737
Bearing1_5,2281,0.06092607602477074,0.1798507273197174
Bearing1_5,2282,0.060519903898239136,0.15058571100234985
Bearing1_5,2283,0.060113728046417236,0.1430484503507614
Bearing1_5,2284,0.059707555919885635,0.14751315116882324
Bearing1_5,2285,0.059301380068063736,0.14839567244052887
Bearing1_5,2286,0.058895207941532135,0.15075328946113586
Bearing1_5,2287,0.058489032089710236,0.18386073410511017
Bearing1_5,2288,0.058082859963178635,0.16292786598205566
Bearing1_5,2289,0.057676684111356735,0.17664435505867004
Bearing1_5,2290,0.057270511984825134,0.18955281376838684
Bearing1_5,2291,0.056864336133003235,0.16732771694660187
Bearing1_5,2292,0.056458164006471634,0.1857811063528061
Bearing1_5,2293,0.05605199187994003,0.18094684183597565
Bearing1_5,2294,0.055645816028118134,0.1716928482055664
Bearing1_5,2295,0.05523964390158653,0.1781853437423706
Bearing1_5,2296,0.05483346804976463,0.1628745049238205
Bearing1_5,2297,0.05442729592323303,0.19294537603855133
Bearing1_5,2298,0.05402112007141113,0.1988905966281891
Bearing1_5,2299,0.05361494794487953,0.1951383650302887
Bearing1_5,2300,0.05320877209305763,0.1980123221874237
Bearing1_5,2301,0.05280259996652603,0.2169976383447647
Bearing1_5,2302,0.05239642411470413,0.20236749947071075
Bearing1_5,2303,0.05199025198817253,0.2062845379114151
Bearing1_5,2304,0.05158407613635063,0.19388213753700256
Bearing1_5,2305,0.05117790400981903,0.19897617399692535
Bearing1_5,2306,0.05077173188328743,0.19755256175994873
Bearing1_5,2307,0.05036555603146553,0.1929645836353302
Bearing1_5,2308,0.04995938390493393,0.19217108190059662
Bearing1_5,2309,0.04955320805311203,0.1835181564092636
Bearing1_5,2310,0.04914703592658043,0.197077214717865
Bearing1_5,2311,0.04874086007475853,0.21169129014015198
Bearing1_5,2312,0.04833468794822693,0.18268464505672455
Bearing1_5,2313,0.04792851209640503,0.1763475239276886
Bearing1_5,2314,0.04752233996987343,0.18710064888000488
Bearing1_5,2315,0.04711616411805153,0.18742872774600983
Bearing1_5,2316,0.04670999199151993,0.1799761950969696
Bearing1_5,2317,0.04630381986498833,0.1884344518184662
Bearing1_5,2318,0.04589764401316643,0.17917977273464203
Bearing1_5,2319,0.04549147188663483,0.1941588968038559
Bearing1_5,2320,0.04508529603481293,0.17963586747646332
Bearing1_5,2321,0.044679123908281326,0.18441131711006165
Bearing1_5,2322,0.04427294805645943,0.21666961908340454
Bearing1_5,2323,0.043866775929927826,0.23457340896129608
Bearing1_5,2324,0.043460600078105927,0.23479585349559784
Bearing1_5,2325,0.043054427951574326,0.24005113542079926
Bearing1_5,2326,0.042648252099752426,0.24675439298152924
Bearing1_5,2327,0.042242079973220825,0.24412347376346588
Bearing1_5,2328,0.041835904121398926,0.2514220178127289
Bearing1_5,2329,0.041429731994867325,0.23793338239192963
Bearing1_5,2330,0.041023559868335724,0.2241845577955246
Bearing1_5,2331,0.040617384016513824,0.23123224079608917
Bearing1_5,2332,0.040211211889982224,0.22150687873363495
Bearing1_5,2333,0.039805036038160324,0.24409796297550201
Bearing1_5,2334,0.03939886391162872,0.2169663906097412
Bearing1_5,2335,0.038992688059806824,0.25531005859375
Bearing1_5,2336,0.03858651593327522,0.2809571623802185
Bearing1_5,2337,0.03818034008145332,0.3047434091567993
Bearing1_5,2338,0.03777416795492172,0.3055391311645508
Bearing1_5,2339,0.03736799210309982,0.2852928638458252
Bearing1_5,2340,0.03696181997656822,0.3267824649810791
Bearing1_5,2341,0.03655564412474632,0.3825797140598297
Bearing1_5,2342,0.03614947199821472,0.44830456376075745
Bearing1_5,2343,0.03574329987168312,0.47309520840644836
Bearing1_5,2344,0.03533712401986122,0.48070400953292847
Bearing1_5,2345,0.03493095189332962,0.4896180331707001
Bearing1_5,2346,0.03452477604150772,0.49336788058280945
Bearing1_5,2347,0.03411860391497612,0.4636835753917694
Bearing1_5,2348,0.03371242806315422,0.4701409935951233
Bearing1_5,2349,0.03330625593662262,0.4360561668872833
Bearing1_5,2350,0.03290008008480072,0.407010555267334
Bearing1_5,2351,0.03249390795826912,0.4245895743370056
Bearing1_5,2352,0.03208773210644722,0.390064537525177
Bearing1_5,2353,0.03168155997991562,0.3582940995693207
Bearing1_5,2354,0.03127538412809372,0.3404430150985718
Bearing1_5,2355,0.03086921200156212,0.31270575523376465
Bearing1_5,2356,0.03046303801238537,0.3118439018726349
Bearing1_5,2357,0.030056864023208618,0.2689517140388489
Bearing1_5,2358,0.029650690034031868,0.2756681442260742
Bearing1_5,2359,0.029244516044855118,0.2844938635826111
Bearing1_5,2360,0.028838342055678368,0.27472931146621704
Bearing1_5,2361,0.028432168066501617,0.28411826491355896
Bearing1_5,2362,0.028025995939970016,0.24407859146595
Bearing1_5,2363,0.027619821950793266,0.23910045623779297
Bearing1_5,2364,0.027213647961616516,0.19808001816272736
Bearing1_5,2365,0.026807473972439766,0.2026597261428833
Bearing1_5,2366,0.026401299983263016,0.18940557539463043
Bearing1_5,2367,0.025995125994086266,0.18062816560268402
Bearing1_5,2368,0.025588952004909515,0.18824368715286255
Bearing1_5,2369,0.025182778015732765,0.17925822734832764
Bearing1_5,2370,0.024776604026556015,0.1676684468984604
Bearing1_5,2371,0.024370430037379265,0.15374286472797394
Bearing1_5,2372,0.023964256048202515,0.16258355975151062
Bearing1_5,2373,0.023558082059025764,0.13882414996623993
Bearing1_5,2374,0.023151909932494164,0.13711948692798615
Bearing1_5,2375,0.022745735943317413,0.12567195296287537
Bearing1_5,2376,0.022339561954140663,0.12335522472858429
Bearing1_5,2377,0.021933387964963913,0.12737582623958588
Bearing1_5,2378,0.021527213975787163,0.12527304887771606
Bearing1_5,2379,0.021121039986610413,0.1292581707239151
Bearing1_5,2380,0.020714865997433662,0.12676095962524414
Bearing1_5,2381,0.020308692008256912,0.13395379483699799
Bearing1_5,2382,0.019902518019080162,0.14662043750286102
Bearing1_5,2383,0.019496344029903412,0.14192891120910645
Bearing1_5,2384,0.01909017004072666,0.1495935022830963
Bearing1_5,2385,0.01868399605154991,0.16264820098876953
Bearing1_5,2386,0.01827782206237316,0.1713353842496872
Bearing1_5,2387,0.01787164993584156,0.18589535355567932
Bearing1_5,2388,0.01746547594666481,0.20887842774391174
Bearing1_5,2389,0.01705930195748806,0.23423145711421967
Bearing1_5,2390,0.01665312796831131,0.24138061702251434
Bearing1_5,2391,0.01624695397913456,0.24568627774715424
Bearing1_5,2392,0.01584077998995781,0.2788373529911041
Bearing1_5,2393,0.01543460600078106,0.3234584331512451
Bearing1_5,2394,0.015028432011604309,0.5050873756408691
Bearing1_5,2395,0.014622258022427559,0.6269579529762268
Bearing1_5,2396,0.014216084033250809,0.6452838778495789
Bearing1_5,2397,0.013809910975396633,0.6609158515930176
Bearing1_5,2398,0.013403736986219883,0.6641758680343628
Bearing1_5,2399,0.012997562997043133,0.6748477220535278
Bearing1_5,2400,0.012591389007866383,0.668694019317627
Bearing1_5,2401,0.012185215018689632,0.6666276454925537
Bearing1_5,2402,0.011779041029512882,0.6667781472206116
Bearing1_5,2403,0.011372867971658707,0.6704984903335571
Bearing1_5,2404,0.010966693982481956,0.674765408039093
Bearing1_5,2405,0.010560519993305206,0.6921216249465942
Bearing1_5,2406,0.010154346004128456,0.7014778852462769
Bearing1_5,2407,0.009748172014951706,0.703007161617279
Bearing1_5,2408,0.009341998025774956,0.7078590989112854
Bearing1_5,2409,0.00893582496792078,0.7213126420974731
Bearing1_5,2410,0.00852965097874403,0.7407394647598267
Bearing1_5,2411,0.00812347698956728,0.7418819665908813
Bearing1_5,2412,0.00771730300039053,0.7529836893081665
Bearing1_5,2413,0.0073111290112137794,0.7541481256484985
Bearing1_5,2414,0.006904955487698317,0.7517802119255066
Bearing1_5,2415,0.006498781498521566,0.7587143778800964
Bearing1_5,2416,0.006092607509344816,0.7516831159591675
Bearing1_5,2417,0.005686433985829353,0.740149199962616
Bearing1_5,2418,0.005280259996652603,0.7315002679824829
Bearing1_5,2419,0.004874086007475853,0.7041060328483582
Bearing1_5,2420,0.00446791248396039,0.6329838037490845
Bearing1_5,2421,0.00406173849478364,0.5349323153495789
Bearing1_5,2422,0.0036555645056068897,0.35762375593185425
Bearing1_5,2423,0.003249390749260783,0.2543463110923767
Bearing1_5,2424,0.0028432169929146767,0.1865718513727188
Bearing1_5,2425,0.0024370430037379265,0.15350086987018585
Bearing1_5,2426,0.00203086924739182,0.1556159257888794
Bearing1_5,2427,0.0016246953746303916,0.1408965140581131
Bearing1_5,2428,0.0012185215018689632,0.07094120979309082
Bearing1_5,2429,0.0008123476873151958,0.07892141491174698
Bearing1_5,2430,0.0004061738436575979,0.042759597301483154
Bearing1_5,2431,0.0,0.029700299724936485
Bearing1_7,0,0.9862710237503052,0.8664380311965942
Bearing1_7,1,0.985828161239624,0.8666226863861084
Bearing1_7,2,0.9853852987289429,0.8623044490814209
Bearing1_7,3,0.9849424362182617,0.8720107078552246
Bearing1_7,4,0.9844995737075806,0.8665734529495239
Bearing1_7,5,0.9840567111968994,0.8763036727905273
Bearing1_7,6,0.9836137890815735,0.8693705797195435
Bearing1_7,7,0.9831709265708923,0.8728528022766113
Bearing1_7,8,0.9827280640602112,0.8766188621520996
Bearing1_7,9,0.98228520154953,0.8849673271179199
Bearing1_7,10,0.9818423390388489,0.876538097858429
Bearing1_7,11,0.9813994765281677,0.8856635093688965
Bearing1_7,12,0.9809566140174866,0.8882745504379272
Bearing1_7,13,0.9805137515068054,0.8942062854766846
Bearing1_7,14,0.9800708293914795,0.8943203091621399
Bearing1_7,15,0.9796279668807983,0.8908474445343018
Bearing1_7,16,0.9791851043701172,0.8939497470855713
Bearing1_7,17,0.978742241859436,0.8912876844406128
Bearing1_7,18,0.9782993793487549,0.8928512334823608
Bearing1_7,19,0.9778565168380737,0.8988815546035767
Bearing1_7,20,0.9774136543273926,0.8894466757774353
Bearing1_7,21,0.9769707918167114,0.8930115699768066
Bearing1_7,22,0.9765279293060303,0.8911944031715393
Bearing1_7,23,0.9760850071907043,0.883634626865387
Bearing1_7,24,0.9756421446800232,0.8888757228851318
Bearing1_7,25,0.975199282169342,0.8914507031440735
Bearing1_7,26,0.9747564196586609,0.8893550634384155
Bearing1_7,27,0.9743135571479797,0.8830041289329529
Bearing1_7,28,0.9738706946372986,0.8852836489677429
Bearing1_7,29,0.9734278321266174,0.8887001872062683
Bearing1_7,30,0.9729849696159363,0.8907445073127747
Bearing1_7,31,0.9725420475006104,0.8957631587982178
Bearing1_7,32,0.9720991849899292,0.8989872932434082
Bearing1_7,33,0.971656322479248,0.9000133872032166
Bearing1_7,34,0.9712134599685669,0.9032875895500183
Bearing1_7,35,0.9707705974578857,0.900574266910553
Bearing1_7,36,0.9703277349472046,0.9045262336730957
Bearing1_7,37,0.9698848724365234,0.897066593170166
Bearing1_7,38,0.9694420099258423,0.8965455293655396
Bearing1_7,39,0.9689990878105164,0.890157163143158
Bearing1_7,40,0.9685562252998352,0.8870754837989807
Bearing1_7,41,0.968113362789154,0.8879057765007019
Bearing1_7,42,0.9676705002784729,0.892696738243103
Bearing1_7,43,0.9672276377677917,0.8883013725280762
Bearing1_7,44,0.9667847752571106,0.8961983323097229
Bearing1_7,45,0.9663419127464294,0.8884813189506531
Bearing1_7,46,0.9658990502357483,0.894371747970581
Bearing1_7,47,0.9654561281204224,0.8872464299201965
Bearing1_7,48,0.9650132656097412,0.8844249844551086
Bearing1_7,49,0.9645704030990601,0.8835750222206116
Bearing1_7,50,0.9641275405883789,0.8779967427253723
Bearing1_7,51,0.9636846780776978,0.8714216351509094
Bearing1_7,52,0.9632418155670166,0.8747361898422241
Bearing1_7,53,0.9627989530563354,0.8715240359306335
Bearing1_7,54,0.9623560905456543,0.8597140908241272
Bearing1_7,55,0.9619131684303284,0.8673598170280457
Bearing1_7,56,0.9614703059196472,0.8645648956298828
Bearing1_7,57,0.9610274434089661,0.8688324689865112
Bearing1_7,58,0.9605845808982849,0.8578766584396362
Bearing1_7,59,0.9601417183876038,0.8633962869644165
Bearing1_7,60,0.9596988558769226,0.8599666357040405
Bearing1_7,61,0.9592559933662415,0.84413743019104
Bearing1_7,62,0.9588131308555603,0.857141375541687
Bearing1_7,63,0.9583702683448792,0.8548664450645447
Bearing1_7,64,0.9579273462295532,0.8528106212615967
Bearing1_7,65,0.9574844837188721,0.8533689379692078
Bearing1_7,66,0.9570416212081909,0.8549020290374756
Bearing1_7,67,0.9565987586975098,0.8582659959793091
Bearing1_7,68,0.9561558961868286,0.8477301597595215
Bearing1_7,69,0.9557130336761475,0.8536579608917236
Bearing1_7,70,0.9552701711654663,0.8536801934242249
Bearing1_7,71,0.9548273086547852,0.8530126214027405
Bearing1_7,72,0.9543843865394592,0.8507963418960571
Bearing1_7,73,0.9539415240287781,0.8499711751937866
Bearing1_7,74,0.9534986615180969,0.8472946882247925
Bearing1_7,75,0.9530557990074158,0.8545634150505066
Bearing1_7,76,0.9526129364967346,0.851405680179596
Bearing1_7,77,0.9521700739860535,0.8473280072212219
Bearing1_7,78,0.9517272114753723,0.8552681803703308
Bearing1_7,79,0.9512843489646912,0.857012927532196
Bearing1_7,80,0.9508414268493652,0.8717170357704163
Bearing1_7,81,0.9503985643386841,0.871329665184021
Bearing1_7,82,0.9499557018280029,0.8696762323379517
Bearing1_7,83,0.9495128393173218,0.8661702871322632
Bearing1_7,84,0.9490699768066406,0.878148078918457
Bearing1_7,85,0.9486271142959595,0.8810077905654907
Bearing1_7,86,0.9481842517852783,0.877694845199585
Bearing1_7,87,0.9477413892745972,0.8808615803718567
Bearing1_7,88,0.9472984671592712,0.8851871490478516
Bearing1_7,89,0.9468556046485901,0.8802575469017029
Bearing1_7,90,0.9464127421379089,0.8821895122528076
Bearing1_7,91,0.9459698796272278,0.8890087008476257
Bearing1_7,92,0.9455270171165466,0.8892107605934143
Bearing1_7,93,0.9450841546058655,0.892367959022522
Bearing1_7,94,0.9446412920951843,0.8909134864807129
Bearing1_7,95,0.9441984295845032,0.8908903002738953
Bearing1_7,96,0.9437555074691772,0.8875781893730164
Bearing1_7,97,0.9433126449584961,0.8885337710380554
Bearing1_7,98,0.9428697824478149,0.8870610594749451
Bearing1_7,99,0.9424269199371338,0.890303909778595
Bearing1_7,100,0.9419840574264526,0.8897172808647156
Bearing1_7,101,0.9415411949157715,0.8855209350585938
Bearing1_7,102,0.9410983324050903,0.8894895911216736
Bearing1_7,103,0.9406554698944092,0.8811923861503601
Bearing1_7,104,0.9402125477790833,0.8744744658470154
Bearing1_7,105,0.9397696852684021,0.8770623207092285
Bearing1_7,106,0.939326822757721,0.8767433166503906
Bearing1_7,107,0.9388839602470398,0.8650002479553223
Bearing1_7,108,0.9384410977363586,0.8542675971984863
Bearing1_7,109,0.9379982352256775,0.8491492867469788
Bearing1_7,110,0.9375553727149963,0.845776379108429
Bearing1_7,111,0.9371125102043152,0.8438109159469604
Bearing1_7,112,0.936669647693634,0.8370459079742432
Bearing1_7,113,0.9362267255783081,0.8378326296806335
Bearing1_7,114,0.935783863067627,0.8327522277832031
Bearing1_7,115,0.9353410005569458,0.8394074440002441
Bearing1_7,116,0.9348981380462646,0.8293727040290833
Bearing1_7,117,0.9344552755355835,0.8399989008903503
Bearing1_7,118,0.9340124130249023,0.8413107991218567
Bearing1_7,119,0.9335695505142212,0.8428134918212891
Bearing1_7,120,0.93312668800354,0.8448357582092285
Bearing1_7,121,0.9326837658882141,0.8437276482582092
Bearing1_7,122,0.932240903377533,0.8495315313339233
Bearing1_7,123,0.9317980408668518,0.8518767356872559
Bearing1_7,124,0.9313551783561707,0.8628626465797424
Bearing1_7,125,0.9309123158454895,0.8655486702919006
Bearing1_7,126,0.9304694533348083,0.868583619594574
Bearing1_7,127,0.9300265908241272,0.8628909587860107
Bearing1_7,128,0.929583728313446,0.8726917505264282
Bearing1_7,129,0.9291408061981201,0.8774003386497498
Bearing1_7,130,0.928697943687439,0.8730384111404419
Bearing1_7,131,0.9282550811767578,0.8862415552139282
Bearing1_7,132,0.9278122186660767,0.885286271572113
Bearing1_7,133,0.9273693561553955,0.8938368558883667
Bearing1_7,134,0.9269264936447144,0.8870336413383484
Bearing1_7,135,0.9264836311340332,0.8947810530662537
Bearing1_7,136,0.926040768623352,0.9014789462089539
Bearing1_7,137,0.9255978465080261,0.9161829948425293
Bearing1_7,138,0.925154983997345,0.9048464298248291
Bearing1_7,139,0.9247121214866638,0.9144706130027771
Bearing1_7,140,0.9242692589759827,0.913724958896637
Bearing1_7,141,0.9238263964653015,0.918498158454895
Bearing1_7,142,0.9233835339546204,0.9171644449234009
Bearing1_7,143,0.9229406714439392,0.9093735218048096
Bearing1_7,144,0.9224978089332581,0.91678786277771
Bearing1_7,145,0.9220548868179321,0.9123681783676147
Bearing1_7,146,0.921612024307251,0.909965991973877
Bearing1_7,147,0.9211691617965698,0.9092689752578735
Bearing1_7,148,0.9207262992858887,0.9101611971855164
Bearing1_7,149,0.9202834367752075,0.9006724953651428
Bearing1_7,150,0.9198405742645264,0.8992112874984741
Bearing1_7,151,0.9193977117538452,0.8919679522514343
Bearing1_7,152,0.9189548492431641,0.8905649781227112
Bearing1_7,153,0.9185119867324829,0.8900834918022156
Bearing1_7,154,0.918069064617157,0.8856859803199768
Bearing1_7,155,0.9176262021064758,0.8791927099227905
Bearing1_7,156,0.9171833395957947,0.8696157932281494
Bearing1_7,157,0.9167404770851135,0.8697957992553711
Bearing1_7,158,0.9162976145744324,0.8684828281402588
Bearing1_7,159,0.9158547520637512,0.8797023892402649
Bearing1_7,160,0.9154118895530701,0.8727663159370422
Bearing1_7,161,0.9149690270423889,0.8669171929359436
Bearing1_7,162,0.914526104927063,0.862724781036377
Bearing1_7,163,0.9140832424163818,0.8616653680801392
Bearing1_7,164,0.9136403799057007,0.8656718730926514
Bearing1_7,165,0.9131975173950195,0.8569968938827515
Bearing1_7,166,0.9127546548843384,0.8527945280075073
Bearing1_7,167,0.9123117923736572,0.8553666472434998
Bearing1_7,168,0.9118689298629761,0.8621876239776611
Bearing1_7,169,0.9114260673522949,0.865470290184021
Bearing1_7,170,0.910983145236969,0.8675369620323181
Bearing1_7,171,0.9105402827262878,0.8650048971176147
Bearing1_7,172,0.9100974202156067,0.8697701692581177
Bearing1_7,173,0.9096545577049255,0.8688239455223083
Bearing1_7,174,0.9092116951942444,0.867183268070221
Bearing1_7,175,0.9087688326835632,0.8639742136001587
Bearing1_7,176,0.9083259701728821,0.8606874942779541
Bearing1_7,177,0.9078831076622009,0.8595443367958069
Bearing1_7,178,0.907440185546875,0.8583813309669495
Bearing1_7,179,0.9069973230361938,0.8577061295509338
Bearing1_7,180,0.9065544605255127,0.8615826368331909
Bearing1_7,181,0.9061115980148315,0.8633626699447632
Bearing1_7,182,0.9056687355041504,0.8540239334106445
Bearing1_7,183,0.9052258729934692,0.8640755414962769
Bearing1_7,184,0.9047830104827881,0.8555270433425903
Bearing1_7,185,0.9043401479721069,0.8568259477615356
Bearing1_7,186,0.903897225856781,0.8442952036857605
Bearing1_7,187,0.9034543633460999,0.8561317920684814
Bearing1_7,188,0.9030115008354187,0.8638931512832642
Bearing1_7,189,0.9025686383247375,0.8483605980873108
Bearing1_7,190,0.9021257758140564,0.8678616881370544
Bearing1_7,191,0.9016829133033752,0.86336749792099
Bearing1_7,192,0.9012400507926941,0.8581686615943909
Bearing1_7,193,0.9007971882820129,0.8638890385627747
Bearing1_7,194,0.900354266166687,0.8702976703643799
Bearing1_7,195,0.8999114036560059,0.8764326572418213
Bearing1_7,196,0.8994685411453247,0.870337963104248
Bearing1_7,197,0.8990256786346436,0.875037670135498
Bearing1_7,198,0.8985828161239624,0.8810257315635681
Bearing1_7,199,0.8981399536132812,0.8788694143295288
Bearing1_7,200,0.8976970911026001,0.8822954297065735
Bearing1_7,201,0.897254228591919,0.8803679347038269
Bearing1_7,202,0.8968113660812378,0.8909727334976196
Bearing1_7,203,0.8963684439659119,0.8972676396369934
Bearing1_7,204,0.8959255814552307,0.899707019329071
Bearing1_7,205,0.8954827189445496,0.8975430727005005
Bearing1_7,206,0.8950398564338684,0.9058567881584167
Bearing1_7,207,0.8945969939231873,0.9029889106750488
Bearing1_7,208,0.8941541314125061,0.9155558943748474
Bearing1_7,209,0.893711268901825,0.9109333753585815
Bearing1_7,210,0.8932684063911438,0.9069353938102722
Bearing1_7,211,0.8928254842758179,0.8965283632278442
Bearing1_7,212,0.8923826217651367,0.9009884595870972
Bearing1_7,213,0.8919397592544556,0.9044800996780396
Bearing1_7,214,0.8914968967437744,0.9035569429397583
Bearing1_7,215,0.8910540342330933,0.9139028191566467
Bearing1_7,216,0.8906111717224121,0.9111513495445251
Bearing1_7,217,0.890168309211731,0.905713677406311
Bearing1_7,218,0.8897254467010498,0.9037598967552185
Bearing1_7,219,0.8892825245857239,0.9121665954589844
Bearing1_7,220,0.8888396620750427,0.9034905433654785
Bearing1_7,221,0.8883967995643616,0.9137299060821533
Bearing1_7,222,0.8879539370536804,0.9133686423301697
Bearing1_7,223,0.8875110745429993,0.9178939461708069
Bearing1_7,224,0.8870682120323181,0.9049359560012817
Bearing1_7,225,0.886625349521637,0.903083860874176
Bearing1_7,226,0.8861824870109558,0.8967662453651428
Bearing1_7,227,0.8857395648956299,0.8956607580184937
Bearing1_7,228,0.8852967023849487,0.8928750157356262
Bearing1_7,229,0.8848538398742676,0.8821454644203186
Bearing1_7,230,0.8844109773635864,0.884816586971283
Bearing1_7,231,0.8839681148529053,0.8818204402923584
Bearing1_7,232,0.8835252523422241,0.8716896772384644
Bearing1_7,233,0.883082389831543,0.881268322467804
Bearing1_7,234,0.8826395273208618,0.8754289746284485
Bearing1_7,235,0.8821966052055359,0.8717278242111206
Bearing1_7,236,0.8817537426948547,0.8683323264122009
Bearing1_7,237,0.8813108801841736,0.8592353463172913
Bearing1_7,238,0.8808680176734924,0.8632721304893494
Bearing1_7,239,0.8804251551628113,0.8644577264785767
Bearing1_7,240,0.8799822926521301,0.8601774573326111
Bearing1_7,241,0.879539430141449,0.8695388436317444
Bearing1_7,242,0.8790965676307678,0.8701141476631165
Bearing1_7,243,0.8786537051200867,0.8720852136611938
Bearing1_7,244,0.8782107830047607,0.860864520072937
Bearing1_7,245,0.8777679204940796,0.8664825558662415
Bearing1_7,246,0.8773250579833984,0.8653846383094788
Bearing1_7,247,0.8768821954727173,0.8565269112586975
Bearing1_7,248,0.8764393329620361,0.8527505993843079
Bearing1_7,249,0.875996470451355,0.8498663306236267
Bearing1_7,250,0.8755536079406738,0.8536230325698853
Bearing1_7,251,0.8751107454299927,0.8552793264389038
Bearing1_7,252,0.8746678233146667,0.8581861257553101
Bearing1_7,253,0.8742249608039856,0.8544323444366455
Bearing1_7,254,0.8737820982933044,0.8561002612113953
Bearing1_7,255,0.8733392357826233,0.8490732908248901
Bearing1_7,256,0.8728963732719421,0.8524280190467834
Bearing1_7,257,0.872453510761261,0.8531354665756226
Bearing1_7,258,0.8720106482505798,0.8442910313606262
Bearing1_7,259,0.8715677857398987,0.859978973865509
Bearing1_7,260,0.8711248636245728,0.8517101407051086
Bearing1_7,261,0.8706820011138916,0.8609189987182617
Bearing1_7,262,0.8702391386032104,0.8551324605941772
Bearing1_7,263,0.8697962760925293,0.8545330166816711
Bearing1_7,264,0.8693534135818481,0.8556424379348755
Bearing1_7,265,0.868910551071167,0.8687489032745361
Bearing1_7,266,0.8684676885604858,0.8635871410369873
Bearing1_7,267,0.8680248260498047,0.8717113137245178
Bearing1_7,268,0.8675819039344788,0.8751776814460754
Bearing1_7,269,0.8671390414237976,0.8774436712265015
Bearing1_7,270,0.8666961789131165,0.8795687556266785
Bearing1_7,271,0.8662533164024353,0.8737528324127197
Bearing1_7,272,0.8658104538917542,0.8783431053161621
Bearing1_7,273,0.865367591381073,0.8778036832809448
Bearing1_7,274,0.8649247288703918,0.8730001449584961
Bearing1_7,275,0.8644818663597107,0.8757545948028564
Bearing1_7,276,0.8640389442443848,0.8736836314201355
Bearing1_7,277,0.8635960817337036,0.8756474256515503
Bearing1_7,278,0.8631532192230225,0.877990186214447
Bearing1_7,279,0.8627103567123413,0.876196563243866
Bearing1_7,280,0.8622674942016602,0.8825848698616028
Bearing1_7,281,0.861824631690979,0.8823534846305847
Bearing1_7,282,0.8613817691802979,0.8757784366607666
Bearing1_7,283,0.8609389066696167,0.8694184422492981
Bearing1_7,284,0.8604959845542908,0.867902398109436
Bearing1_7,285,0.8600531220436096,0.8667759299278259
Bearing1_7,286,0.8596102595329285,0.8641219139099121
Bearing1_7,287,0.8591673970222473,0.8765949010848999
Bearing1_7,288,0.8587245345115662,0.875109851360321
Bearing1_7,289,0.858281672000885,0.8690063953399658
Bearing1_7,290,0.8578388094902039,0.862524688243866
Bearing1_7,291,0.8573959469795227,0.8640196919441223
Bearing1_7,292,0.8569530844688416,0.8731015920639038
Bearing1_7,293,0.8565101623535156,0.8662300109863281
Bearing1_7,294,0.8560672998428345,0.8595883846282959
Bearing1_7,295,0.8556244373321533,0.86124587059021
Bearing1_7,296,0.8551815748214722,0.8656262159347534
Bearing1_7,297,0.854738712310791,0.8714849948883057
Bearing1_7,298,0.8542958498001099,0.8753233551979065
Bearing1_7,299,0.8538529872894287,0.8689603805541992
Bearing1_7,300,0.8534101247787476,0.8775949478149414
Bearing1_7,301,0.8529672026634216,0.8773999810218811
Bearing1_7,302,0.8525243401527405,0.8810136914253235
Bearing1_7,303,0.8520814776420593,0.8801140189170837
Bearing1_7,304,0.8516386151313782,0.8780368566513062
Bearing1_7,305,0.851195752620697,0.8784273862838745
Bearing1_7,306,0.8507528901100159,0.8821269869804382
Bearing1_7,307,0.8503100275993347,0.8792856335639954
Bearing1_7,308,0.8498671650886536,0.8854535222053528
Bearing1_7,309,0.8494242429733276,0.88230961561203
Bearing1_7,310,0.8489813804626465,0.876628041267395
Bearing1_7,311,0.8485385179519653,0.8872445225715637
Bearing1_7,312,0.8480956554412842,0.8826535940170288
Bearing1_7,313,0.847652792930603,0.8838837146759033
Bearing1_7,314,0.8472099304199219,0.878327488899231
Bearing1_7,315,0.8467670679092407,0.8929170966148376
Bearing1_7,316,0.8463242053985596,0.9000222682952881
Bearing1_7,317,0.8458812832832336,0.8749659061431885
Bearing1_7,318,0.8454384207725525,0.9013110399246216
Bearing1_7,319,0.8449955582618713,0.8937812447547913
Bearing1_7,320,0.8445526957511902,0.8895087242126465
Bearing1_7,321,0.844109833240509,0.8969749808311462
Bearing1_7,322,0.8436669707298279,0.8974170088768005
Bearing1_7,323,0.8432241082191467,0.9018091559410095
Bearing1_7,324,0.8427812457084656,0.8906581997871399
Bearing1_7,325,0.8423383235931396,0.8942676782608032
Bearing1_7,326,0.8418954610824585,0.8996158838272095
Bearing1_7,327,0.8414525985717773,0.8931710720062256
Bearing1_7,328,0.8410097360610962,0.8912235498428345
Bearing1_7,329,0.840566873550415,0.8878002762794495
Bearing1_7,330,0.8401240110397339,0.8928825855255127
Bearing1_7,331,0.8396811485290527,0.9004971981048584
Bearing1_7,332,0.8392382860183716,0.8940658569335938
Bearing1_7,333,0.8387954235076904,0.8850368857383728
Bearing1_7,334,0.8383525013923645,0.888533353805542
Bearing1_7,335,0.8379096388816833,0.8891251087188721
Bearing1_7,336,0.8374667763710022,0.9012336730957031
Bearing1_7,337,0.837023913860321,0.8990391492843628
Bearing1_7,338,0.8365810513496399,0.8889539837837219
Bearing1_7,339,0.8361381888389587,0.8779789805412292
Bearing1_7,340,0.8356953263282776,0.8774276971817017
Bearing1_7,341,0.8352524638175964,0.8853438496589661
Bearing1_7,342,0.8348095417022705,0.8784177899360657
Bearing1_7,343,0.8343666791915894,0.8815513253211975
Bearing1_7,344,0.8339238166809082,0.8788158297538757
Bearing1_7,345,0.833480954170227,0.8741276264190674
Bearing1_7,346,0.8330380916595459,0.8822201490402222
Bearing1_7,347,0.8325952291488647,0.882390558719635
Bearing1_7,348,0.8321523666381836,0.8730258941650391
Bearing1_7,349,0.8317095041275024,0.8837538957595825
Bearing1_7,350,0.8312665820121765,0.8719438314437866
Bearing1_7,351,0.8308237195014954,0.8820817470550537
Bearing1_7,352,0.8303808569908142,0.8786440491676331
Bearing1_7,353,0.8299379944801331,0.881847620010376
Bearing1_7,354,0.8294951319694519,0.8727594614028931
Bearing1_7,355,0.8290522694587708,0.8711296916007996
Bearing1_7,356,0.8286094069480896,0.8753973245620728
Bearing1_7,357,0.8281665444374084,0.8728451728820801
Bearing1_7,358,0.8277236223220825,0.8752071857452393
Bearing1_7,359,0.8272807598114014,0.8717090487480164
Bearing1_7,360,0.8268378973007202,0.8659294247627258
Bearing1_7,361,0.8263950347900391,0.8730198740959167
Bearing1_7,362,0.8259521722793579,0.8760362863540649
Bearing1_7,363,0.8255093097686768,0.8748579025268555
Bearing1_7,364,0.8250664472579956,0.8814790844917297
Bearing1_7,365,0.8246235847473145,0.8732543587684631
Bearing1_7,366,0.8241806626319885,0.8782550096511841
Bearing1_7,367,0.8237378001213074,0.8776888847351074
Bearing1_7,368,0.8232949376106262,0.8739120364189148
Bearing1_7,369,0.8228520750999451,0.8736722469329834
Bearing1_7,370,0.8224092125892639,0.8737290501594543
Bearing1_7,371,0.8219663500785828,0.8796103596687317
Bearing1_7,372,0.8215234875679016,0.8717452883720398
Bearing1_7,373,0.8210806250572205,0.8773379325866699
Bearing1_7,374,0.8206377029418945,0.8675472736358643
Bearing1_7,375,0.8201948404312134,0.8708259463310242
Bearing1_7,376,0.8197519779205322,0.8673427700996399
Bearing1_7,377,0.8193091154098511,0.8618964552879333
Bearing1_7,378,0.8188662528991699,0.8564793467521667
Bearing1_7,379,0.8184233903884888,0.852651059627533
Bearing1_7,380,0.8179805278778076,0.8521254062652588
Bearing1_7,381,0.8175376653671265,0.8468224406242371
Bearing1_7,382,0.8170948028564453,0.8488526344299316
Bearing1_7,383,0.8166518807411194,0.8416919708251953
Bearing1_7,384,0.8162090182304382,0.8478763699531555
Bearing1_7,385,0.8157661557197571,0.8511137962341309
Bearing1_7,386,0.8153232932090759,0.8430660367012024
Bearing1_7,387,0.8148804306983948,0.8597297072410583
Bearing1_7,388,0.8144375681877136,0.8504782319068909
Bearing1_7,389,0.8139947056770325,0.8563820123672485
Bearing1_7,390,0.8135518431663513,0.8460169434547424
Bearing1_7,391,0.8131089210510254,0.8446131348609924
Bearing1_7,392,0.8126660585403442,0.8487368822097778
Bearing1_7,393,0.8122231960296631,0.8554455637931824
Bearing1_7,394,0.8117803335189819,0.8473038673400879
Bearing1_7,395,0.8113374710083008,0.8467284440994263
Bearing1_7,396,0.8108946084976196,0.8412817716598511
Bearing1_7,397,0.8104517459869385,0.8370071053504944
Bearing1_7,398,0.8100088834762573,0.8365914821624756
Bearing1_7,399,0.8095659613609314,0.8381507992744446
Bearing1_7,400,0.8091230988502502,0.8427046537399292
Bearing1_7,401,0.8086802363395691,0.8410702347755432
Bearing1_7,402,0.8082373738288879,0.837395429611206
Bearing1_7,403,0.8077945113182068,0.8393431901931763
Bearing1_7,404,0.8073516488075256,0.8343121409416199
Bearing1_7,405,0.8069087862968445,0.8305373787879944
Bearing1_7,406,0.8064659237861633,0.8410227298736572
Bearing1_7,407,0.8060230016708374,0.830237865447998
Bearing1_7,408,0.8055801391601562,0.838388204574585
Bearing1_7,409,0.8051372766494751,0.8396003246307373
Bearing1_7,410,0.804694414138794,0.841217577457428
Bearing1_7,411,0.8042515516281128,0.834903359413147
Bearing1_7,412,0.8038086891174316,0.832416296005249
Bearing1_7,413,0.8033658266067505,0.833253026008606
Bearing1_7,414,0.8029229640960693,0.8328885436058044
Bearing1_7,415,0.8024800419807434,0.8386748433113098
Bearing1_7,416,0.8020371794700623,0.8390001654624939
Bearing1_7,417,0.8015943169593811,0.8382196426391602
Bearing1_7,418,0.8011514544487,0.8443276286125183
Bearing1_7,419,0.8007085919380188,0.84139084815979
Bearing1_7,420,0.8002657294273376,0.8504255414009094
Bearing1_7,421,0.7998228669166565,0.8465430736541748
Bearing1_7,422,0.7993800044059753,0.8465121984481812
Bearing1_7,423,0.7989371418952942,0.8451345562934875
Bearing1_7,424,0.7984942197799683,0.8456264734268188
Bearing1_7,425,0.7980513572692871,0.8476627469062805
Bearing1_7,426,0.797608494758606,0.8490369319915771
Bearing1_7,427,0.7971656322479248,0.8395983576774597
Bearing1_7,428,0.7967227697372437,0.8542808890342712
Bearing1_7,429,0.7962799072265625,0.8580278754234314
Bearing1_7,430,0.7958370447158813,0.8612528443336487
Bearing1_7,431,0.7953941822052002,0.8589409589767456
Bearing1_7,432,0.7949512600898743,0.8554601669311523
Bearing1_7,433,0.7945083975791931,0.8558490872383118
Bearing1_7,434,0.794065535068512,0.8559945821762085
Bearing1_7,435,0.7936226725578308,0.8547963500022888
Bearing1_7,436,0.7931798100471497,0.8587928414344788
Bearing1_7,437,0.7927369475364685,0.8598650693893433
Bearing1_7,438,0.7922940850257874,0.8547601699829102
Bearing1_7,439,0.7918512225151062,0.8650123476982117
Bearing1_7,440,0.7914083003997803,0.8575847744941711
Bearing1_7,441,0.7909654378890991,0.8609617948532104
Bearing1_7,442,0.790522575378418,0.8484658002853394
Bearing1_7,443,0.7900797128677368,0.8623198866844177
Bearing1_7,444,0.7896368503570557,0.8703457117080688
Bearing1_7,445,0.7891939878463745,0.84809809923172
Bearing1_7,446,0.7887511253356934,0.875423014163971
Bearing1_7,447,0.7883082628250122,0.873019278049469
Bearing1_7,448,0.7878653407096863,0.8683140277862549
Bearing1_7,449,0.7874224781990051,0.8744507431983948
Bearing1_7,450,0.786979615688324,0.8791468143463135
Bearing1_7,451,0.7865367531776428,0.8864492774009705
Bearing1_7,452,0.7860938906669617,0.8749135136604309
Bearing1_7,453,0.7856510281562805,0.8814561367034912
Bearing1_7,454,0.7852081656455994,0.8860934972763062
Bearing1_7,455,0.7847653031349182,0.8835067749023438
Bearing1_7,456,0.7843223810195923,0.8856768012046814
Bearing1_7,457,0.7838795185089111,0.8823993802070618
Bearing1_7,458,0.78343665599823,0.8792313933372498
Bearing1_7,459,0.7829937934875488,0.8873563408851624
Bearing1_7,460,0.7825509309768677,0.8721011877059937
Bearing1_7,461,0.7821080684661865,0.8671295046806335
Bearing1_7,462,0.7816652059555054,0.8687247037887573
Bearing1_7,463,0.7812223434448242,0.862448513507843
Bearing1_7,464,0.7807794213294983,0.8695589303970337
Bearing1_7,465,0.7803365588188171,0.865363359451294
Bearing1_7,466,0.779893696308136,0.8593335747718811
Bearing1_7,467,0.7794508337974548,0.8437601923942566
Bearing1_7,468,0.7790079712867737,0.8459616303443909
Bearing1_7,469,0.7785651087760925,0.8452842831611633
Bearing1_7,470,0.7781222462654114,0.8337523937225342
Bearing1_7,471,0.7776793837547302,0.8346824049949646
Bearing1_7,472,0.7772365212440491,0.8320834636688232
Bearing1_7,473,0.7767935991287231,0.8236695528030396
Bearing1_7,474,0.776350736618042,0.8265495300292969
Bearing1_7,475,0.7759078741073608,0.8299747705459595
Bearing1_7,476,0.7754650115966797,0.8215367794036865
Bearing1_7,477,0.7750221490859985,0.8186056017875671
Bearing1_7,478,0.7745792865753174,0.8110904693603516
Bearing1_7,479,0.7741364240646362,0.8135138154029846
Bearing1_7,480,0.7736935615539551,0.8093854188919067
Bearing1_7,481,0.7732506394386292,0.8064317107200623
Bearing1_7,482,0.772807776927948,0.7991431951522827
Bearing1_7,483,0.7723649144172668,0.7955043911933899
Bearing1_7,484,0.7719220519065857,0.7949627041816711
Bearing1_7,485,0.7714791893959045,0.7969622015953064
Bearing1_7,486,0.7710363268852234,0.8014345765113831
Bearing1_7,487,0.7705934643745422,0.7950895428657532
Bearing1_7,488,0.7701506018638611,0.7736177444458008
Bearing1_7,489,0.7697076797485352,0.7873143553733826
Bearing1_7,490,0.769264817237854,0.8125121593475342
Bearing1_7,491,0.7688219547271729,0.8090125322341919
Bearing1_7,492,0.7683790922164917,0.8161330223083496
Bearing1_7,493,0.7679362297058105,0.8139078617095947
Bearing1_7,494,0.7674933671951294,0.8191738128662109
Bearing1_7,495,0.7670505046844482,0.8248355984687805
Bearing1_7,496,0.7666076421737671,0.8257931470870972
Bearing1_7,497,0.7661647200584412,0.8237728476524353
Bearing1_7,498,0.76572185754776,0.8216394782066345
Bearing1_7,499,0.7652789950370789,0.8291081786155701
Bearing1_7,500,0.7648361325263977,0.8197859525680542
Bearing1_7,501,0.7643932700157166,0.8257662653923035
Bearing1_7,502,0.7639504075050354,0.8220576643943787
Bearing1_7,503,0.7635075449943542,0.816981315612793
Bearing1_7,504,0.7630646824836731,0.8130216598510742
Bearing1_7,505,0.7626217603683472,0.8069502115249634
Bearing1_7,506,0.762178897857666,0.8120805621147156
Bearing1_7,507,0.7617360353469849,0.8024581074714661
Bearing1_7,508,0.7612931728363037,0.8055692911148071
Bearing1_7,509,0.7608503103256226,0.7983934879302979
Bearing1_7,510,0.7604074478149414,0.7978638410568237
Bearing1_7,511,0.7599645853042603,0.7844016551971436
Bearing1_7,512,0.7595217227935791,0.8006072044372559
Bearing1_7,513,0.759078860282898,0.7871797680854797
Bearing1_7,514,0.758635938167572,0.7896340489387512
Bearing1_7,515,0.7581930756568909,0.7971930503845215
Bearing1_7,516,0.7577502131462097,0.788791835308075
Bearing1_7,517,0.7573073506355286,0.7838979363441467
Bearing1_7,518,0.7568644881248474,0.7503708004951477
Bearing1_7,519,0.7564216256141663,0.7535727024078369
Bearing1_7,520,0.7559787631034851,0.7285280823707581
Bearing1_7,521,0.755535900592804,0.7200427055358887
Bearing1_7,522,0.755092978477478,0.6993368268013
Bearing1_7,523,0.7546501159667969,0.6958200335502625
Bearing1_7,524,0.7542072534561157,0.6942589282989502
Bearing1_7,525,0.7537643909454346,0.6931499242782593
Bearing1_7,526,0.7533215284347534,0.6991381049156189
Bearing1_7,527,0.7528786659240723,0.6965376734733582
Bearing1_7,528,0.7524358034133911,0.6979555487632751
Bearing1_7,529,0.75199294090271,0.7044603824615479
Bearing1_7,530,0.751550018787384,0.710440993309021
Bearing1_7,531,0.7511071562767029,0.7292376756668091
Bearing1_7,532,0.7506642937660217,0.72423255443573
Bearing1_7,533,0.7502214312553406,0.7347610592842102
Bearing1_7,534,0.7497785687446594,0.7561629414558411
Bearing1_7,535,0.7493357062339783,0.7580757737159729
Bearing1_7,536,0.7488928437232971,0.7277230620384216
Bearing1_7,537,0.748449981212616,0.7372037172317505
Bearing1_7,538,0.74800705909729,0.7211092710494995
Bearing1_7,539,0.7475641965866089,0.7279690504074097
Bearing1_7,540,0.7471213340759277,0.7525045871734619
Bearing1_7,541,0.7466784715652466,0.763521134853363
Bearing1_7,542,0.7462356090545654,0.7410070896148682
Bearing1_7,543,0.7457927465438843,0.7834781408309937
Bearing1_7,544,0.7453498840332031,0.7577707171440125
Bearing1_7,545,0.744907021522522,0.7526667714118958
Bearing1_7,546,0.744464099407196,0.7489644289016724
Bearing1_7,547,0.7440212368965149,0.7588234543800354
Bearing1_7,548,0.7435783743858337,0.7761303782463074
Bearing1_7,549,0.7431355118751526,0.7857974767684937
Bearing1_7,550,0.7426926493644714,0.8089637756347656
Bearing1_7,551,0.7422497868537903,0.8116336464881897
Bearing1_7,552,0.7418069243431091,0.8257728815078735
Bearing1_7,553,0.741364061832428,0.8277079463005066
Bearing1_7,554,0.740921139717102,0.8265062570571899
Bearing1_7,555,0.7404782772064209,0.8191391229629517
Bearing1_7,556,0.7400354146957397,0.819600522518158
Bearing1_7,557,0.7395925521850586,0.8081264495849609
Bearing1_7,558,0.7391496896743774,0.8008420467376709
Bearing1_7,559,0.7387068271636963,0.7767438888549805
Bearing1_7,560,0.7382639646530151,0.7648261189460754
Bearing1_7,561,0.737821102142334,0.7664189338684082
Bearing1_7,562,0.7373782396316528,0.7677805423736572
Bearing1_7,563,0.7369353175163269,0.7750055193901062
Bearing1_7,564,0.7364924550056458,0.7767618894577026
Bearing1_7,565,0.7360495924949646,0.7848708033561707
Bearing1_7,566,0.7356067299842834,0.7631489038467407
Bearing1_7,567,0.7351638674736023,0.7710602283477783
Bearing1_7,568,0.7347210049629211,0.7713139653205872
Bearing1_7,569,0.73427814245224,0.7180536985397339
Bearing1_7,570,0.7338352799415588,0.6855658292770386
Bearing1_7,571,0.7333923578262329,0.6823575496673584
Bearing1_7,572,0.7329494953155518,0.6723162531852722
Bearing1_7,573,0.7325066328048706,0.6608982682228088
Bearing1_7,574,0.7320637702941895,0.6664267182350159
Bearing1_7,575,0.7316209077835083,0.6582902073860168
Bearing1_7,576,0.7311780452728271,0.6514610052108765
Bearing1_7,577,0.730735182762146,0.6485867500305176
Bearing1_7,578,0.7302923202514648,0.6546257138252258
Bearing1_7,579,0.7298493981361389,0.6517794132232666
Bearing1_7,580,0.7294065356254578,0.6418250799179077
Bearing1_7,581,0.7289636731147766,0.6451722979545593
Bearing1_7,582,0.7285208106040955,0.6447217464447021
Bearing1_7,583,0.7280779480934143,0.6436080932617188
Bearing1_7,584,0.7276350855827332,0.645116925239563
Bearing1_7,585,0.727192223072052,0.6475319862365723
Bearing1_7,586,0.7267493605613708,0.648104190826416
Bearing1_7,587,0.7263064384460449,0.650526762008667
Bearing1_7,588,0.7258635759353638,0.6595696806907654
Bearing1_7,589,0.7254207134246826,0.6622348427772522
Bearing1_7,590,0.7249778509140015,0.6651261448860168
Bearing1_7,591,0.7245349884033203,0.6712223887443542
Bearing1_7,592,0.7240921258926392,0.670527458190918
Bearing1_7,593,0.723649263381958,0.6779020428657532
Bearing1_7,594,0.7232064008712769,0.672793447971344
Bearing1_7,595,0.7227634787559509,0.6749222874641418
Bearing1_7,596,0.7223206162452698,0.6699750423431396
Bearing1_7,597,0.7218777537345886,0.673052966594696
Bearing1_7,598,0.7214348912239075,0.6706522703170776
Bearing1_7,599,0.7209920287132263,0.6751355528831482
Bearing1_7,600,0.7205491662025452,0.6770159006118774
Bearing1_7,601,0.720106303691864,0.6741433143615723
Bearing1_7,602,0.7196634411811829,0.6806977987289429
Bearing1_7,603,0.7192205786705017,0.6774207353591919
Bearing1_7,604,0.7187776565551758,0.6754133701324463
Bearing1_7,605,0.7183347940444946,0.67905592918396
Bearing1_7,606,0.7178919315338135,0.6697925925254822
Bearing1_7,607,0.7174490690231323,0.6777529716491699
Bearing1_7,608,0.7170062065124512,0.6874475479125977
Bearing1_7,609,0.71656334400177,0.684309720993042
Bearing1_7,610,0.7161204814910889,0.6841331720352173
Bearing1_7,611,0.7156776189804077,0.6908033490180969
Bearing1_7,612,0.7152346968650818,0.6955887675285339
Bearing1_7,613,0.7147918343544006,0.6847705841064453
Bearing1_7,614,0.7143489718437195,0.6914497017860413
Bearing1_7,615,0.7139061093330383,0.6888056397438049
Bearing1_7,616,0.7134632468223572,0.6789302229881287
Bearing1_7,617,0.713020384311676,0.6775811910629272
Bearing1_7,618,0.7125775218009949,0.6836017370223999
Bearing1_7,619,0.7121346592903137,0.6886875629425049
Bearing1_7,620,0.7116917371749878,0.6906939744949341
Bearing1_7,621,0.7112488746643066,0.6808098554611206
Bearing1_7,622,0.7108060121536255,0.6859849691390991
Bearing1_7,623,0.7103631496429443,0.6856826543807983
Bearing1_7,624,0.7099202871322632,0.6896862387657166
Bearing1_7,625,0.709477424621582,0.690548300743103
Bearing1_7,626,0.7090345621109009,0.6836599707603455
Bearing1_7,627,0.7085916996002197,0.69113689661026
Bearing1_7,628,0.7081487774848938,0.6869457960128784
Bearing1_7,629,0.7077059149742126,0.6974486112594604
Bearing1_7,630,0.7072630524635315,0.6910605430603027
Bearing1_7,631,0.7068201899528503,0.6933565139770508
Bearing1_7,632,0.7063773274421692,0.705786943435669
Bearing1_7,633,0.705934464931488,0.7016016244888306
Bearing1_7,634,0.7054916024208069,0.6993840932846069
Bearing1_7,635,0.7050487399101257,0.6984328031539917
Bearing1_7,636,0.7046058177947998,0.7074993848800659
Bearing1_7,637,0.7041629552841187,0.7098832130432129
Bearing1_7,638,0.7037200927734375,0.7133210301399231
Bearing1_7,639,0.7032772302627563,0.7085413932800293
Bearing1_7,640,0.7028343677520752,0.7148596048355103
Bearing1_7,641,0.702391505241394,0.7120856642723083
Bearing1_7,642,0.7019486427307129,0.7296543121337891
Bearing1_7,643,0.7015057802200317,0.7220489978790283
Bearing1_7,644,0.7010628581047058,0.7213876247406006
Bearing1_7,645,0.7006199955940247,0.7455663084983826
Bearing1_7,646,0.7001771330833435,0.7362858057022095
Bearing1_7,647,0.6997342705726624,0.7486189603805542
Bearing1_7,648,0.6992914080619812,0.741769015789032
Bearing1_7,649,0.6988485455513,0.7631940841674805
Bearing1_7,650,0.6984056830406189,0.7381547093391418
Bearing1_7,651,0.6979628205299377,0.6902768015861511
Bearing1_7,652,0.6975199580192566,0.694015383720398
Bearing1_7,653,0.6970770359039307,0.7008585929870605
Bearing1_7,654,0.6966341733932495,0.7105287909507751
Bearing1_7,655,0.6961913108825684,0.7093603014945984
Bearing1_7,656,0.6957484483718872,0.7153328657150269
Bearing1_7,657,0.695305585861206,0.7013853192329407
Bearing1_7,658,0.6948627233505249,0.7109940052032471
Bearing1_7,659,0.6944198608398438,0.7292912602424622
Bearing1_7,660,0.6939769983291626,0.7386950254440308
Bearing1_7,661,0.6935340762138367,0.7529051303863525
Bearing1_7,662,0.6930912137031555,0.770342230796814
Bearing1_7,663,0.6926483511924744,0.7779222726821899
Bearing1_7,664,0.6922054886817932,0.790363073348999
Bearing1_7,665,0.6917626261711121,0.8074241280555725
Bearing1_7,666,0.6913197636604309,0.8153263926506042
Bearing1_7,667,0.6908769011497498,0.8137300610542297
Bearing1_7,668,0.6904340386390686,0.8175637722015381
Bearing1_7,669,0.6899911165237427,0.8212302327156067
Bearing1_7,670,0.6895482540130615,0.8232687711715698
Bearing1_7,671,0.6891053915023804,0.8297383785247803
Bearing1_7,672,0.6886625289916992,0.8239921927452087
Bearing1_7,673,0.6882196664810181,0.8264181017875671
Bearing1_7,674,0.6877768039703369,0.8247151374816895
Bearing1_7,675,0.6873339414596558,0.8248458504676819
Bearing1_7,676,0.6868910789489746,0.8283843994140625
Bearing1_7,677,0.6864481568336487,0.8229472041130066
Bearing1_7,678,0.6860052943229675,0.8187214732170105
Bearing1_7,679,0.6855624318122864,0.8150010108947754
Bearing1_7,680,0.6851195693016052,0.8211029767990112
Bearing1_7,681,0.6846767067909241,0.8189430236816406
Bearing1_7,682,0.6842338442802429,0.8174186944961548
Bearing1_7,683,0.6837909817695618,0.8095685839653015
Bearing1_7,684,0.6833481192588806,0.8093876242637634
Bearing1_7,685,0.6829051971435547,0.8170338273048401
Bearing1_7,686,0.6824623346328735,0.8169141411781311
Bearing1_7,687,0.6820194721221924,0.7890175580978394
Bearing1_7,688,0.6815766096115112,0.757954478263855
Bearing1_7,689,0.6811337471008301,0.7996906638145447
Bearing1_7,690,0.6806908845901489,0.7905259728431702
Bearing1_7,691,0.6802480220794678,0.7349810600280762
Bearing1_7,692,0.6798051595687866,0.7264190912246704
Bearing1_7,693,0.6793622970581055,0.7316824793815613
Bearing1_7,694,0.6789193749427795,0.7296237349510193
Bearing1_7,695,0.6784765124320984,0.7584400773048401
Bearing1_7,696,0.6780336499214172,0.7645688056945801
Bearing1_7,697,0.6775907874107361,0.761256992816925
Bearing1_7,698,0.6771479249000549,0.7191951870918274
Bearing1_7,699,0.6767050623893738,0.7372642755508423
Bearing1_7,700,0.6762621998786926,0.7223792672157288
Bearing1_7,701,0.6758193373680115,0.7090128064155579
Bearing1_7,702,0.6753764152526855,0.7341689467430115
Bearing1_7,703,0.6749335527420044,0.766298770904541
Bearing1_7,704,0.6744906902313232,0.7758440375328064
Bearing1_7,705,0.6740478277206421,0.7685642838478088
Bearing1_7,706,0.6736049652099609,0.789152979850769
Bearing1_7,707,0.6731621026992798,0.7923339009284973
Bearing1_7,708,0.6727192401885986,0.7750530242919922
Bearing1_7,709,0.6722763776779175,0.769846498966217
Bearing1_7,710,0.6718334555625916,0.7827419638633728
Bearing1_7,711,0.6713905930519104,0.7858577370643616
Bearing1_7,712,0.6709477305412292,0.7875346541404724
Bearing1_7,713,0.6705048680305481,0.7778509259223938
Bearing1_7,714,0.6700620055198669,0.7772392630577087
Bearing1_7,715,0.6696191430091858,0.7852604389190674
Bearing1_7,716,0.6691762804985046,0.7822975516319275
Bearing1_7,717,0.6687334179878235,0.7674267888069153
Bearing1_7,718,0.6682904958724976,0.7541697025299072
Bearing1_7,719,0.6678476333618164,0.739743709564209
Bearing1_7,720,0.6674047708511353,0.7517534494400024
Bearing1_7,721,0.6669619083404541,0.7024065256118774
Bearing1_7,722,0.666519045829773,0.7089653015136719
Bearing1_7,723,0.6660761833190918,0.7130826711654663
Bearing1_7,724,0.6656333208084106,0.6962644457817078
Bearing1_7,725,0.6651904582977295,0.6890073418617249
Bearing1_7,726,0.6647475361824036,0.6796761751174927
Bearing1_7,727,0.6643046736717224,0.6812353730201721
Bearing1_7,728,0.6638618111610413,0.6750169396400452
Bearing1_7,729,0.6634189486503601,0.6733133792877197
Bearing1_7,730,0.662976086139679,0.6662483215332031
Bearing1_7,731,0.6625332236289978,0.6656988263130188
Bearing1_7,732,0.6620903611183167,0.6576783061027527
Bearing1_7,733,0.6616474986076355,0.6708381772041321
Bearing1_7,734,0.6612045764923096,0.6685927510261536
Bearing1_7,735,0.6607617139816284,0.6655442118644714
Bearing1_7,736,0.6603188514709473,0.6582936644554138
Bearing1_7,737,0.6598759889602661,0.659473180770874
Bearing1_7,738,0.659433126449585,0.6557599306106567
Bearing1_7,739,0.6589902639389038,0.6509957313537598
Bearing1_7,740,0.6585474014282227,0.651462972164154
Bearing1_7,741,0.6581045389175415,0.6556466221809387
Bearing1_7,742,0.6576616764068604,0.6546292901039124
Bearing1_7,743,0.6572187542915344,0.6543434262275696
Bearing1_7,744,0.6567758917808533,0.6515739560127258
Bearing1_7,745,0.6563330292701721,0.6561727523803711
Bearing1_7,746,0.655890166759491,0.6574198603630066
Bearing1_7,747,0.6554473042488098,0.6557341814041138
Bearing1_7,748,0.6550044417381287,0.6531227827072144
Bearing1_7,749,0.6545615792274475,0.6575934290885925
Bearing1_7,750,0.6541187167167664,0.6614726781845093
Bearing1_7,751,0.6536757946014404,0.6556106805801392
Bearing1_7,752,0.6532329320907593,0.6583935618400574
Bearing1_7,753,0.6527900695800781,0.6577466726303101
Bearing1_7,754,0.652347207069397,0.6551584005355835
Bearing1_7,755,0.6519043445587158,0.6580625176429749
Bearing1_7,756,0.6514614820480347,0.657948911190033
Bearing1_7,757,0.6510186195373535,0.6560857892036438
Bearing1_7,758,0.6505757570266724,0.654077410697937
Bearing1_7,759,0.6501328349113464,0.6587288975715637
Bearing1_7,760,0.6496899724006653,0.6577476263046265
Bearing1_7,761,0.6492471098899841,0.6546008586883545
Bearing1_7,762,0.648804247379303,0.6615332365036011
Bearing1_7,763,0.6483613848686218,0.6615872383117676
Bearing1_7,764,0.6479185223579407,0.6650096774101257
Bearing1_7,765,0.6474756598472595,0.6638955473899841
Bearing1_7,766,0.6470327973365784,0.6655266284942627
Bearing1_7,767,0.6465898752212524,0.6638630628585815
Bearing1_7,768,0.6461470127105713,0.6742691397666931
Bearing1_7,769,0.6457041501998901,0.6678511500358582
Bearing1_7,770,0.645261287689209,0.6675723195075989
Bearing1_7,771,0.6448184251785278,0.6760923862457275
Bearing1_7,772,0.6443755626678467,0.6707901954650879
Bearing1_7,773,0.6439327001571655,0.6714641451835632
Bearing1_7,774,0.6434898376464844,0.6677595376968384
Bearing1_7,775,0.6430469155311584,0.66532963514328
Bearing1_7,776,0.6426040530204773,0.6669179201126099
Bearing1_7,777,0.6421611905097961,0.6695294380187988
Bearing1_7,778,0.641718327999115,0.6705264449119568
Bearing1_7,779,0.6412754654884338,0.6632207632064819
Bearing1_7,780,0.6408326029777527,0.669569730758667
Bearing1_7,781,0.6403897404670715,0.6707837581634521
Bearing1_7,782,0.6399468779563904,0.6767544150352478
Bearing1_7,783,0.6395040154457092,0.6797752976417542
Bearing1_7,784,0.6390610933303833,0.6849064230918884
Bearing1_7,785,0.6386182308197021,0.6930121779441833
Bearing1_7,786,0.638175368309021,0.7023342251777649
Bearing1_7,787,0.6377325057983398,0.7095022797584534
Bearing1_7,788,0.6372896432876587,0.6979260444641113
Bearing1_7,789,0.6368467807769775,0.707433819770813
Bearing1_7,790,0.6364039182662964,0.6956546902656555
Bearing1_7,791,0.6359610557556152,0.6799644231796265
Bearing1_7,792,0.6355181336402893,0.6837904453277588
Bearing1_7,793,0.6350752711296082,0.6776667833328247
Bearing1_7,794,0.634632408618927,0.6742668747901917
Bearing1_7,795,0.6341895461082458,0.665874719619751
Bearing1_7,796,0.6337466835975647,0.671151876449585
Bearing1_7,797,0.6333038210868835,0.6706511378288269
Bearing1_7,798,0.6328609585762024,0.6698441505432129
Bearing1_7,799,0.6324180960655212,0.6686539053916931
Bearing1_7,800,0.6319751739501953,0.6669739484786987
Bearing1_7,801,0.6315323114395142,0.66990727186203
Bearing1_7,802,0.631089448928833,0.670667290687561
Bearing1_7,803,0.6306465864181519,0.6700340509414673
Bearing1_7,804,0.6302037239074707,0.6711652874946594
Bearing1_7,805,0.6297608613967896,0.665062427520752
Bearing1_7,806,0.6293179988861084,0.6609941720962524
Bearing1_7,807,0.6288751363754272,0.6598549485206604
Bearing1_7,808,0.6284322142601013,0.6677634119987488
Bearing1_7,809,0.6279893517494202,0.6702401041984558
Bearing1_7,810,0.627546489238739,0.6689736247062683
Bearing1_7,811,0.6271036267280579,0.6650470495223999
Bearing1_7,812,0.6266607642173767,0.6596056222915649
Bearing1_7,813,0.6262179017066956,0.6577535271644592
Bearing1_7,814,0.6257750391960144,0.6605709791183472
Bearing1_7,815,0.6253321766853333,0.6578018069267273
Bearing1_7,816,0.6248892545700073,0.658953070640564
Bearing1_7,817,0.6244463920593262,0.6555451154708862
Bearing1_7,818,0.624003529548645,0.6576935648918152
Bearing1_7,819,0.6235606670379639,0.6639542579650879
Bearing1_7,820,0.6231178045272827,0.6572431325912476
Bearing1_7,821,0.6226749420166016,0.6628735661506653
Bearing1_7,822,0.6222320795059204,0.6579129099845886
Bearing1_7,823,0.6217892169952393,0.6541337966918945
Bearing1_7,824,0.6213462948799133,0.6513180136680603
Bearing1_7,825,0.6209034323692322,0.6420050263404846
Bearing1_7,826,0.620460569858551,0.6415573954582214
Bearing1_7,827,0.6200177073478699,0.6410964131355286
Bearing1_7,828,0.6195748448371887,0.6404377818107605
Bearing1_7,829,0.6191319823265076,0.639841616153717
Bearing1_7,830,0.6186891198158264,0.6422975659370422
Bearing1_7,831,0.6182462573051453,0.6494726538658142
Bearing1_7,832,0.6178033947944641,0.6484664678573608
Bearing1_7,833,0.6173604726791382,0.6400556564331055
Bearing1_7,834,0.616917610168457,0.643851637840271
Bearing1_7,835,0.6164747476577759,0.6467269062995911
Bearing1_7,836,0.6160318851470947,0.6452319622039795
Bearing1_7,837,0.6155890226364136,0.649752140045166
Bearing1_7,838,0.6151461601257324,0.6563698053359985
Bearing1_7,839,0.6147032976150513,0.6509088277816772
Bearing1_7,840,0.6142604351043701,0.6438307762145996
Bearing1_7,841,0.6138175129890442,0.6420179605484009
Bearing1_7,842,0.613374650478363,0.6388602256774902
Bearing1_7,843,0.6129317879676819,0.6426125764846802
Bearing1_7,844,0.6124889254570007,0.6437421441078186
Bearing1_7,845,0.6120460629463196,0.6425580382347107
Bearing1_7,846,0.6116032004356384,0.6403725147247314
Bearing1_7,847,0.6111603379249573,0.6369521617889404
Bearing1_7,848,0.6107174754142761,0.6346419453620911
Bearing1_7,849,0.6102745532989502,0.6346125602722168
Bearing1_7,850,0.609831690788269,0.6273680925369263
Bearing1_7,851,0.6093888282775879,0.6303853988647461
Bearing1_7,852,0.6089459657669067,0.6259797215461731
Bearing1_7,853,0.6085031032562256,0.6209065914154053
Bearing1_7,854,0.6080602407455444,0.6148691177368164
Bearing1_7,855,0.6076173782348633,0.6100454330444336
Bearing1_7,856,0.6071745157241821,0.6154916882514954
Bearing1_7,857,0.6067315936088562,0.6186115741729736
Bearing1_7,858,0.606288731098175,0.6135213375091553
Bearing1_7,859,0.6058458685874939,0.6131690144538879
Bearing1_7,860,0.6054030060768127,0.6139981150627136
Bearing1_7,861,0.6049601435661316,0.6068037748336792
Bearing1_7,862,0.6045172810554504,0.6048076152801514
Bearing1_7,863,0.6040744185447693,0.5992637872695923
Bearing1_7,864,0.6036315560340881,0.5939476490020752
Bearing1_7,865,0.6031886339187622,0.6089366674423218
Bearing1_7,866,0.602745771408081,0.6140707731246948
Bearing1_7,867,0.6023029088973999,0.6127673983573914
Bearing1_7,868,0.6018600463867188,0.6117867231369019
Bearing1_7,869,0.6014171838760376,0.6127203106880188
Bearing1_7,870,0.6009743213653564,0.606746256351471
Bearing1_7,871,0.6005314588546753,0.6076025366783142
Bearing1_7,872,0.6000885963439941,0.601159930229187
Bearing1_7,873,0.599645733833313,0.5933349132537842
Bearing1_7,874,0.5992028117179871,0.5905008316040039
Bearing1_7,875,0.5987599492073059,0.5746278762817383
Bearing1_7,876,0.5983170866966248,0.5713945627212524
Bearing1_7,877,0.5978742241859436,0.5520549416542053
Bearing1_7,878,0.5974313616752625,0.5337387323379517
Bearing1_7,879,0.5969884991645813,0.5528455376625061
Bearing1_7,880,0.5965456366539001,0.5193624496459961
Bearing1_7,881,0.596102774143219,0.5107793807983398
Bearing1_7,882,0.5956598520278931,0.5326181054115295
Bearing1_7,883,0.5952169895172119,0.4887111783027649
Bearing1_7,884,0.5947741270065308,0.5250001549720764
Bearing1_7,885,0.5943312644958496,0.5275989174842834
Bearing1_7,886,0.5938884019851685,0.5247783660888672
Bearing1_7,887,0.5934455394744873,0.5441769957542419
Bearing1_7,888,0.5930026769638062,0.5219553709030151
Bearing1_7,889,0.592559814453125,0.5365646481513977
Bearing1_7,890,0.5921168923377991,0.5384542346000671
Bearing1_7,891,0.5916740298271179,0.5435271859169006
Bearing1_7,892,0.5912311673164368,0.5324097275733948
Bearing1_7,893,0.5907883048057556,0.551515519618988
Bearing1_7,894,0.5903454422950745,0.5476250648498535
Bearing1_7,895,0.5899025797843933,0.5542636513710022
Bearing1_7,896,0.5894597172737122,0.566920816898346
Bearing1_7,897,0.589016854763031,0.5716004371643066
Bearing1_7,898,0.5885739326477051,0.5410457253456116
Bearing1_7,899,0.5881310701370239,0.5370939373970032
Bearing1_7,900,0.5876882076263428,0.5564693212509155
Bearing1_7,901,0.5872453451156616,0.5715148448944092
Bearing1_7,902,0.5868024826049805,0.5830548405647278
Bearing1_7,903,0.5863596200942993,0.5814843773841858
Bearing1_7,904,0.5859167575836182,0.5856839418411255
Bearing1_7,905,0.585473895072937,0.5927906632423401
Bearing1_7,906,0.5850309729576111,0.5931301712989807
Bearing1_7,907,0.5845881104469299,0.5962686538696289
Bearing1_7,908,0.5841452479362488,0.5968487858772278
Bearing1_7,909,0.5837023854255676,0.5927858352661133
Bearing1_7,910,0.5832595229148865,0.6013389229774475
Bearing1_7,911,0.5828166604042053,0.5991420149803162
Bearing1_7,912,0.5823737978935242,0.5954906344413757
Bearing1_7,913,0.581930935382843,0.588839590549469
Bearing1_7,914,0.5814880132675171,0.5891166925430298
Bearing1_7,915,0.5810451507568359,0.5825539827346802
Bearing1_7,916,0.5806022882461548,0.5794672966003418
Bearing1_7,917,0.5801594257354736,0.5748879313468933
Bearing1_7,918,0.5797165632247925,0.5733227133750916
Bearing1_7,919,0.5792737007141113,0.5729373097419739
Bearing1_7,920,0.5788308382034302,0.5745541453361511
Bearing1_7,921,0.578387975692749,0.5728727579116821
Bearing1_7,922,0.5779451131820679,0.556503176689148
Bearing1_7,923,0.5775021910667419,0.5431639552116394
Bearing1_7,924,0.5770593285560608,0.5248348712921143
Bearing1_7,925,0.5766164660453796,0.5282947421073914
Bearing1_7,926,0.5761736035346985,0.5084626078605652
Bearing1_7,927,0.5757307410240173,0.46822768449783325
Bearing1_7,928,0.5752878785133362,0.4439642131328583
Bearing1_7,929,0.574845016002655,0.41928449273109436
Bearing1_7,930,0.5744021534919739,0.39839407801628113
Bearing1_7,931,0.573959231376648,0.36864057183265686
Bearing1_7,932,0.5735163688659668,0.3458460867404938
Bearing1_7,933,0.5730735063552856,0.36089062690734863
Bearing1_7,934,0.5726306438446045,0.3254202902317047
Bearing1_7,935,0.5721877813339233,0.2993397116661072
Bearing1_7,936,0.5717449188232422,0.3109467923641205
Bearing1_7,937,0.571302056312561,0.2634766101837158
Bearing1_7,938,0.5708591938018799,0.29429376125335693
Bearing1_7,939,0.570416271686554,0.2777281403541565
Bearing1_7,940,0.5699734091758728,0.2971264123916626
Bearing1_7,941,0.5695305466651917,0.2968394160270691
Bearing1_7,942,0.5690876841545105,0.24567539989948273
Bearing1_7,943,0.5686448216438293,0.27390357851982117
Bearing1_7,944,0.5682019591331482,0.27675917744636536
Bearing1_7,945,0.567759096622467,0.261292964220047
Bearing1_7,946,0.5673162341117859,0.24988532066345215
Bearing1_7,947,0.56687331199646,0.24037903547286987
Bearing1_7,948,0.5664304494857788,0.22978690266609192
Bearing1_7,949,0.5659875869750977,0.2243804782629013
Bearing1_7,950,0.5655447244644165,0.23359136283397675
Bearing1_7,951,0.5651018619537354,0.2416492998600006
Bearing1_7,952,0.5646589994430542,0.23346950113773346
Bearing1_7,953,0.564216136932373,0.23893815279006958
Bearing1_7,954,0.5637732744216919,0.23956872522830963
Bearing1_7,955,0.563330352306366,0.23750010132789612
Bearing1_7,956,0.5628874897956848,0.24111616611480713
Bearing1_7,957,0.5624446272850037,0.236851304769516
Bearing1_7,958,0.5620017647743225,0.23801672458648682
Bearing1_7,959,0.5615589022636414,0.2548677325248718
Bearing1_7,960,0.5611160397529602,0.26268818974494934
Bearing1_7,961,0.560673177242279,0.2937488257884979
Bearing1_7,962,0.5602303147315979,0.2974214255809784
Bearing1_7,963,0.5597874522209167,0.2527887225151062
Bearing1_7,964,0.5593445301055908,0.27194684743881226
Bearing1_7,965,0.5589016675949097,0.26639068126678467
Bearing1_7,966,0.5584588050842285,0.2869863510131836
Bearing1_7,967,0.5580159425735474,0.3422475755214691
Bearing1_7,968,0.5575730800628662,0.3473976254463196
Bearing1_7,969,0.5571302175521851,0.3350222110748291
Bearing1_7,970,0.5566873550415039,0.29453423619270325
Bearing1_7,971,0.5562444925308228,0.3181855082511902
Bearing1_7,972,0.5558015704154968,0.42418596148490906
Bearing1_7,973,0.5553587079048157,0.4239095151424408
Bearing1_7,974,0.5549158453941345,0.4320905804634094
Bearing1_7,975,0.5544729828834534,0.43312665820121765
Bearing1_7,976,0.5540301203727722,0.507118284702301
Bearing1_7,977,0.5535872578620911,0.5297103524208069
Bearing1_7,978,0.5531443953514099,0.5350448489189148
Bearing1_7,979,0.5527015328407288,0.5405536890029907
Bearing1_7,980,0.5522586107254028,0.5546470284461975
Bearing1_7,981,0.5518157482147217,0.5401468276977539
Bearing1_7,982,0.5513728857040405,0.5381256341934204
Bearing1_7,983,0.5509300231933594,0.5054263472557068
Bearing1_7,984,0.5504871606826782,0.5112634301185608
Bearing1_7,985,0.5500442981719971,0.527852475643158
Bearing1_7,986,0.5496014356613159,0.5243790745735168
Bearing1_7,987,0.5491585731506348,0.5258206129074097
Bearing1_7,988,0.5487156510353088,0.5375589728355408
Bearing1_7,989,0.5482727885246277,0.5308588147163391
Bearing1_7,990,0.5478299260139465,0.5385685563087463
Bearing1_7,991,0.5473870635032654,0.5191664695739746
Bearing1_7,992,0.5469442009925842,0.4880729913711548
Bearing1_7,993,0.5465013384819031,0.5057843327522278
Bearing1_7,994,0.5460584759712219,0.5049282908439636
Bearing1_7,995,0.5456156134605408,0.5102359056472778
Bearing1_7,996,0.5451726913452148,0.5220973491668701
Bearing1_7,997,0.5447298288345337,0.4834248125553131
Bearing1_7,998,0.5442869663238525,0.4757169485092163
Bearing1_7,999,0.5438441038131714,0.4816471040248871
Bearing1_7,1000,0.5434012413024902,0.4428275525569916
Bearing1_7,1001,0.5429583787918091,0.4314200282096863
Bearing1_7,1002,0.5425155162811279,0.42292365431785583
Bearing1_7,1003,0.5420726537704468,0.41731730103492737
Bearing1_7,1004,0.5416297316551208,0.37194329500198364
Bearing1_7,1005,0.5411868691444397,0.386282354593277
Bearing1_7,1006,0.5407440066337585,0.4281542897224426
Bearing1_7,1007,0.5403011441230774,0.4614301323890686
Bearing1_7,1008,0.5398582816123962,0.4671803414821625
Bearing1_7,1009,0.5394154191017151,0.4342697560787201
Bearing1_7,1010,0.5389725565910339,0.4774525463581085
Bearing1_7,1011,0.5385296940803528,0.4667602777481079
Bearing1_7,1012,0.5380868315696716,0.4774601459503174
Bearing1_7,1013,0.5376439094543457,0.46162718534469604
Bearing1_7,1014,0.5372010469436646,0.4568939805030823
Bearing1_7,1015,0.5367581844329834,0.4521803855895996
Bearing1_7,1016,0.5363153219223022,0.42822450399398804
Bearing1_7,1017,0.5358724594116211,0.4386257231235504
Bearing1_7,1018,0.5354295969009399,0.42747631669044495
Bearing1_7,1019,0.5349867343902588,0.4219144582748413
Bearing1_7,1020,0.5345438718795776,0.3949269950389862
Bearing1_7,1021,0.5341009497642517,0.4096660912036896
Bearing1_7,1022,0.5336580872535706,0.3791390061378479
Bearing1_7,1023,0.5332152247428894,0.36630555987358093
Bearing1_7,1024,0.5327723622322083,0.3637663424015045
Bearing1_7,1025,0.5323294997215271,0.39421001076698303
Bearing1_7,1026,0.531886637210846,0.3541429936885834
Bearing1_7,1027,0.5314437747001648,0.35034433007240295
Bearing1_7,1028,0.5310009121894836,0.34897977113723755
Bearing1_7,1029,0.5305579900741577,0.3674071729183197
Bearing1_7,1030,0.5301151275634766,0.4002992510795593
Bearing1_7,1031,0.5296722650527954,0.4163208305835724
Bearing1_7,1032,0.5292294025421143,0.39122307300567627
Bearing1_7,1033,0.5287865400314331,0.4134032428264618
Bearing1_7,1034,0.528343677520752,0.4228708744049072
Bearing1_7,1035,0.5279008150100708,0.43582844734191895
Bearing1_7,1036,0.5274579524993896,0.4308398962020874
Bearing1_7,1037,0.5270150303840637,0.42101719975471497
Bearing1_7,1038,0.5265721678733826,0.4148084819316864
Bearing1_7,1039,0.5261293053627014,0.37355348467826843
Bearing1_7,1040,0.5256864428520203,0.3611620366573334
Bearing1_7,1041,0.5252435803413391,0.42363137006759644
Bearing1_7,1042,0.524800717830658,0.41295167803764343
Bearing1_7,1043,0.5243578553199768,0.46260103583335876
Bearing1_7,1044,0.5239149928092957,0.4779670238494873
Bearing1_7,1045,0.5234720706939697,0.49929147958755493
Bearing1_7,1046,0.5230292081832886,0.5019189715385437
Bearing1_7,1047,0.5225863456726074,0.5124401450157166
Bearing1_7,1048,0.5221434831619263,0.5251514315605164
Bearing1_7,1049,0.5217006206512451,0.5256811380386353
Bearing1_7,1050,0.521257758140564,0.5294889807701111
Bearing1_7,1051,0.5208148956298828,0.5258075594902039
Bearing1_7,1052,0.5203720331192017,0.4969429671764374
Bearing1_7,1053,0.5199291706085205,0.47819650173187256
Bearing1_7,1054,0.5194862484931946,0.43341729044914246
Bearing1_7,1055,0.5190433859825134,0.4003390967845917
Bearing1_7,1056,0.5186005234718323,0.37095436453819275
Bearing1_7,1057,0.5181576609611511,0.34954336285591125
Bearing1_7,1058,0.51771479845047,0.3362150192260742
Bearing1_7,1059,0.5172719359397888,0.2888554334640503
Bearing1_7,1060,0.5168290734291077,0.26884302496910095
Bearing1_7,1061,0.5163862109184265,0.257700115442276
Bearing1_7,1062,0.5159432888031006,0.2306762933731079
Bearing1_7,1063,0.5155004262924194,0.2243514358997345
Bearing1_7,1064,0.5150575637817383,0.2186233103275299
Bearing1_7,1065,0.5146147012710571,0.19622275233268738
Bearing1_7,1066,0.514171838760376,0.19043953716754913
Bearing1_7,1067,0.5137289762496948,0.18140964210033417
Bearing1_7,1068,0.5132861137390137,0.18776604533195496
Bearing1_7,1069,0.5128432512283325,0.19457519054412842
Bearing1_7,1070,0.5124003291130066,0.18217350542545319
Bearing1_7,1071,0.5119574666023254,0.19801786541938782
Bearing1_7,1072,0.5115146040916443,0.21540679037570953
Bearing1_7,1073,0.5110717415809631,0.2290457934141159
Bearing1_7,1074,0.510628879070282,0.2006104290485382
Bearing1_7,1075,0.5101860165596008,0.1851527839899063
Bearing1_7,1076,0.5097431540489197,0.18242120742797852
Bearing1_7,1077,0.5093002915382385,0.17644569277763367
Bearing1_7,1078,0.5088573694229126,0.184563547372818
Bearing1_7,1079,0.5084145069122314,0.1941264569759369
Bearing1_7,1080,0.5079716444015503,0.18036021292209625
Bearing1_7,1081,0.5075287818908691,0.19165757298469543
Bearing1_7,1082,0.507085919380188,0.19207973778247833
Bearing1_7,1083,0.5066430568695068,0.2117803990840912
Bearing1_7,1084,0.5062001943588257,0.22479185461997986
Bearing1_7,1085,0.5057573318481445,0.29034972190856934
Bearing1_7,1086,0.5053144097328186,0.2816941440105438
Bearing1_7,1087,0.5048715472221375,0.3002430200576782
Bearing1_7,1088,0.5044286847114563,0.309781014919281
Bearing1_7,1089,0.5039858222007751,0.33990776538848877
Bearing1_7,1090,0.503542959690094,0.3300602436065674
Bearing1_7,1091,0.5031000971794128,0.31583768129348755
Bearing1_7,1092,0.5026572346687317,0.3314894735813141
Bearing1_7,1093,0.5022143721580505,0.33259427547454834
Bearing1_7,1094,0.5017714500427246,0.32832789421081543
Bearing1_7,1095,0.5013285875320435,0.34163638949394226
Bearing1_7,1096,0.5008857250213623,0.3709651529788971
Bearing1_7,1097,0.5004428625106812,0.362225741147995
Bearing1_7,1098,0.5,0.39005017280578613
Bearing1_7,1099,0.49955713748931885,0.38408780097961426
Bearing1_7,1100,0.4991142749786377,0.40342777967453003
Bearing1_7,1101,0.49867138266563416,0.39014261960983276
Bearing1_7,1102,0.498228520154953,0.42317506670951843
Bearing1_7,1103,0.49778565764427185,0.3947640359401703
Bearing1_7,1104,0.4973427951335907,0.45236024260520935
Bearing1_7,1105,0.49689990282058716,0.43504732847213745
Bearing1_7,1106,0.496457040309906,0.4240529239177704
Bearing1_7,1107,0.49601417779922485,0.3781692683696747
Bearing1_7,1108,0.4955713152885437,0.44031405448913574
Bearing1_7,1109,0.49512842297554016,0.4398793876171112
Bearing1_7,1110,0.494685560464859,0.4530291259288788
Bearing1_7,1111,0.49424269795417786,0.4253583252429962
Bearing1_7,1112,0.4937998354434967,0.41297903656959534
Bearing1_7,1113,0.49335694313049316,0.43253767490386963
Bearing1_7,1114,0.492914080619812,0.3951728045940399
Bearing1_7,1115,0.49247121810913086,0.4373074471950531
Bearing1_7,1116,0.4920283555984497,0.45691978931427
Bearing1_7,1117,0.49158546328544617,0.4532971978187561
Bearing1_7,1118,0.491142600774765,0.4926126301288605
Bearing1_7,1119,0.49069973826408386,0.49361708760261536
Bearing1_7,1120,0.4902568757534027,0.5048744082450867
Bearing1_7,1121,0.48981398344039917,0.5125390291213989
Bearing1_7,1122,0.489371120929718,0.49591097235679626
Bearing1_7,1123,0.48892825841903687,0.5263486504554749
Bearing1_7,1124,0.4884853959083557,0.5323796272277832
Bearing1_7,1125,0.4880425035953522,0.5044888257980347
Bearing1_7,1126,0.487599641084671,0.49908626079559326
Bearing1_7,1127,0.48715677857398987,0.5114679336547852
Bearing1_7,1128,0.4867139160633087,0.5117626190185547
Bearing1_7,1129,0.4862710237503052,0.4490740895271301
Bearing1_7,1130,0.485828161239624,0.48620444536209106
Bearing1_7,1131,0.48538529872894287,0.4851114749908447
Bearing1_7,1132,0.4849424362182617,0.4994141757488251
Bearing1_7,1133,0.4844995439052582,0.45989716053009033
Bearing1_7,1134,0.484056681394577,0.4023987054824829
Bearing1_7,1135,0.4836138188838959,0.4006604254245758
Bearing1_7,1136,0.4831709563732147,0.34595349431037903
Bearing1_7,1137,0.4827280640602112,0.3521709442138672
Bearing1_7,1138,0.48228520154953003,0.36140525341033936
Bearing1_7,1139,0.4818423390388489,0.3144146203994751
Bearing1_7,1140,0.4813994765281677,0.3226270079612732
Bearing1_7,1141,0.4809565842151642,0.29232022166252136
Bearing1_7,1142,0.48051372170448303,0.27424561977386475
Bearing1_7,1143,0.4800708591938019,0.26290664076805115
Bearing1_7,1144,0.4796279966831207,0.22586597502231598
Bearing1_7,1145,0.4791851341724396,0.2329246550798416
Bearing1_7,1146,0.47874224185943604,0.21694821119308472
Bearing1_7,1147,0.4782993793487549,0.20605409145355225
Bearing1_7,1148,0.47785651683807373,0.1899603307247162
Bearing1_7,1149,0.4774136543273926,0.18261554837226868
Bearing1_7,1150,0.47697076201438904,0.16252736747264862
Bearing1_7,1151,0.4765278995037079,0.1470155268907547
Bearing1_7,1152,0.47608503699302673,0.14406752586364746
Bearing1_7,1153,0.4756421744823456,0.15967436134815216
Bearing1_7,1154,0.47519928216934204,0.15461871027946472
Bearing1_7,1155,0.4747564196586609,0.13823221623897552
Bearing1_7,1156,0.47431355714797974,0.13882768154144287
Bearing1_7,1157,0.4738706946372986,0.12362483888864517
Bearing1_7,1158,0.47342780232429504,0.13664592802524567
Bearing1_7,1159,0.4729849398136139,0.13307468593120575
Bearing1_7,1160,0.47254207730293274,0.12629713118076324
Bearing1_7,1161,0.4720992147922516,0.12283658981323242
Bearing1_7,1162,0.47165632247924805,0.12525759637355804
Bearing1_7,1163,0.4712134599685669,0.1350630223751068
Bearing1_7,1164,0.47077059745788574,0.13881656527519226
Bearing1_7,1165,0.4703277349472046,0.14906486868858337
Bearing1_7,1166,0.46988484263420105,0.15835511684417725
Bearing1_7,1167,0.4694419801235199,0.1779128909111023
Bearing1_7,1168,0.46899911761283875,0.1770838350057602
Bearing1_7,1169,0.4685562551021576,0.16279268264770508
Bearing1_7,1170,0.46811336278915405,0.1735720932483673
Bearing1_7,1171,0.4676705002784729,0.1875617504119873
Bearing1_7,1172,0.46722763776779175,0.18900977075099945
Bearing1_7,1173,0.4667847752571106,0.26163968443870544
Bearing1_7,1174,0.46634188294410706,0.2568971812725067
Bearing1_7,1175,0.4658990204334259,0.2637677788734436
Bearing1_7,1176,0.46545615792274475,0.28699883818626404
Bearing1_7,1177,0.4650132954120636,0.25912073254585266
Bearing1_7,1178,0.46457040309906006,0.23739787936210632
Bearing1_7,1179,0.4641275405883789,0.23334559798240662
Bearing1_7,1180,0.46368467807769775,0.20817549526691437
Bearing1_7,1181,0.4632418155670166,0.2221393883228302
Bearing1_7,1182,0.46279892325401306,0.2224995344877243
Bearing1_7,1183,0.4623560607433319,0.19972296059131622
Bearing1_7,1184,0.46191319823265076,0.21846650540828705
Bearing1_7,1185,0.4614703357219696,0.20781075954437256
Bearing1_7,1186,0.46102744340896606,0.2064245641231537
Bearing1_7,1187,0.4605845808982849,0.19161051511764526
Bearing1_7,1188,0.46014171838760376,0.19900423288345337
Bearing1_7,1189,0.4596988558769226,0.22755709290504456
Bearing1_7,1190,0.45925599336624146,0.20264656841754913
Bearing1_7,1191,0.4588131010532379,0.2030477672815323
Bearing1_7,1192,0.45837023854255676,0.21073320508003235
Bearing1_7,1193,0.4579273760318756,0.22536349296569824
Bearing1_7,1194,0.45748451352119446,0.2225353717803955
Bearing1_7,1195,0.4570416212081909,0.18089614808559418
Bearing1_7,1196,0.45659875869750977,0.1852477341890335
Bearing1_7,1197,0.4561558961868286,0.19910506904125214
Bearing1_7,1198,0.45571303367614746,0.1746826171875
Bearing1_7,1199,0.4552701413631439,0.1761464923620224
Bearing1_7,1200,0.45482727885246277,0.17713792622089386
Bearing1_7,1201,0.4543844163417816,0.18988960981369019
Bearing1_7,1202,0.45394155383110046,0.1830022931098938
Bearing1_7,1203,0.4534986615180969,0.17558640241622925
Bearing1_7,1204,0.45305579900741577,0.18971766531467438
Bearing1_7,1205,0.4526129364967346,0.18339784443378448
Bearing1_7,1206,0.45217007398605347,0.18423093855381012
Bearing1_7,1207,0.4517271816730499,0.18542985618114471
Bearing1_7,1208,0.4512843191623688,0.17787106335163116
Bearing1_7,1209,0.4508414566516876,0.1879635602235794
Bearing1_7,1210,0.45039859414100647,0.17133933305740356
Bearing1_7,1211,0.44995570182800293,0.22952961921691895
Bearing1_7,1212,0.4495128393173218,0.20296135544776917
Bearing1_7,1213,0.4490699768066406,0.21370333433151245
Bearing1_7,1214,0.4486271142959595,0.21556924283504486
Bearing1_7,1215,0.44818422198295593,0.2178785651922226
Bearing1_7,1216,0.4477413594722748,0.25898706912994385
Bearing1_7,1217,0.44729849696159363,0.27525120973587036
Bearing1_7,1218,0.4468556344509125,0.2663164734840393
Bearing1_7,1219,0.44641274213790894,0.22946025431156158
Bearing1_7,1220,0.4459698796272278,0.28929004073143005
Bearing1_7,1221,0.44552701711654663,0.2702232897281647
Bearing1_7,1222,0.4450841546058655,0.28181323409080505
Bearing1_7,1223,0.44464126229286194,0.26781025528907776
Bearing1_7,1224,0.4441983997821808,0.2825610637664795
Bearing1_7,1225,0.44375553727149963,0.2588258385658264
Bearing1_7,1226,0.4433126747608185,0.2518543303012848
Bearing1_7,1227,0.44286978244781494,0.23443683981895447
Bearing1_7,1228,0.4424269199371338,0.21384009718894958
Bearing1_7,1229,0.44198405742645264,0.1954830437898636
Bearing1_7,1230,0.4415411949157715,0.21432089805603027
Bearing1_7,1231,0.44109830260276794,0.19388441741466522
Bearing1_7,1232,0.4406554400920868,0.21511654555797577
Bearing1_7,1233,0.44021257758140564,0.2362351268529892
Bearing1_7,1234,0.4397697150707245,0.2968021631240845
Bearing1_7,1235,0.43932685256004333,0.3258550763130188
Bearing1_7,1236,0.4388839602470398,0.301265150308609
Bearing1_7,1237,0.43844109773635864,0.28182828426361084
Bearing1_7,1238,0.4379982352256775,0.3132329285144806
Bearing1_7,1239,0.43755537271499634,0.30475348234176636
Bearing1_7,1240,0.4371124804019928,0.2944563627243042
Bearing1_7,1241,0.43666961789131165,0.2987930178642273
Bearing1_7,1242,0.4362267553806305,0.29483917355537415
Bearing1_7,1243,0.43578389286994934,0.30893781781196594
Bearing1_7,1244,0.4353410005569458,0.30971065163612366
Bearing1_7,1245,0.43489813804626465,0.28803595900535583
Bearing1_7,1246,0.4344552755355835,0.29311639070510864
Bearing1_7,1247,0.43401241302490234,0.25839513540267944
Bearing1_7,1248,0.4335695207118988,0.23772083222866058
Bearing1_7,1249,0.43312665820121765,0.2501019239425659
Bearing1_7,1250,0.4326837956905365,0.20683112740516663
Bearing1_7,1251,0.43224093317985535,0.22712551057338715
Bearing1_7,1252,0.4317980408668518,0.210088312625885
Bearing1_7,1253,0.43135517835617065,0.1951986402273178
Bearing1_7,1254,0.4309123158454895,0.19215606153011322
Bearing1_7,1255,0.43046945333480835,0.2094789445400238
Bearing1_7,1256,0.4300265610218048,0.22171124815940857
Bearing1_7,1257,0.42958369851112366,0.18745538592338562
Bearing1_7,1258,0.4291408360004425,0.1701018065214157
Bearing1_7,1259,0.42869797348976135,0.1652798354625702
Bearing1_7,1260,0.4282550811767578,0.1807684302330017
Bearing1_7,1261,0.42781221866607666,0.2021811455488205
Bearing1_7,1262,0.4273693561553955,0.23851612210273743
Bearing1_7,1263,0.42692649364471436,0.3121319115161896
Bearing1_7,1264,0.4264836013317108,0.310879111289978
Bearing1_7,1265,0.42604073882102966,0.34594064950942993
Bearing1_7,1266,0.4255978763103485,0.4147825241088867
Bearing1_7,1267,0.42515501379966736,0.36567434668540955
Bearing1_7,1268,0.4247121214866638,0.492903470993042
Bearing1_7,1269,0.42426925897598267,0.5295073390007019
Bearing1_7,1270,0.4238263964653015,0.5105136036872864
Bearing1_7,1271,0.42338353395462036,0.504339873790741
Bearing1_7,1272,0.4229406416416168,0.4798908829689026
Bearing1_7,1273,0.42249777913093567,0.5146721601486206
Bearing1_7,1274,0.4220549166202545,0.510652482509613
Bearing1_7,1275,0.42161205410957336,0.47406914830207825
Bearing1_7,1276,0.4211691617965698,0.4795700013637543
Bearing1_7,1277,0.42072629928588867,0.5324926972389221
Bearing1_7,1278,0.4202834367752075,0.5315707325935364
Bearing1_7,1279,0.41984057426452637,0.5435688495635986
Bearing1_7,1280,0.4193977117538452,0.5516329407691956
Bearing1_7,1281,0.4189548194408417,0.5554760098457336
Bearing1_7,1282,0.4185119569301605,0.5528846383094788
Bearing1_7,1283,0.41806909441947937,0.5401027202606201
Bearing1_7,1284,0.4176262319087982,0.5360710024833679
Bearing1_7,1285,0.4171833395957947,0.5151370167732239
Bearing1_7,1286,0.4167404770851135,0.5095893144607544
Bearing1_7,1287,0.4162976145744324,0.5004454851150513
Bearing1_7,1288,0.4158547520637512,0.47604045271873474
Bearing1_7,1289,0.4154118597507477,0.46085047721862793
Bearing1_7,1290,0.41496899724006653,0.4539334177970886
Bearing1_7,1291,0.4145261347293854,0.4486071765422821
Bearing1_7,1292,0.4140832722187042,0.41757673025131226
Bearing1_7,1293,0.4136403799057007,0.3886477053165436
Bearing1_7,1294,0.41319751739501953,0.3771710991859436
Bearing1_7,1295,0.4127546548843384,0.38613319396972656
Bearing1_7,1296,0.4123117923736572,0.37033742666244507
Bearing1_7,1297,0.4118689000606537,0.3819540739059448
Bearing1_7,1298,0.41142603754997253,0.37191590666770935
Bearing1_7,1299,0.4109831750392914,0.38556498289108276
Bearing1_7,1300,0.41054031252861023,0.35326850414276123
Bearing1_7,1301,0.4100974202156067,0.3297247886657715
Bearing1_7,1302,0.40965455770492554,0.33351370692253113
Bearing1_7,1303,0.4092116951942444,0.32024621963500977
Bearing1_7,1304,0.40876883268356323,0.3044874668121338
Bearing1_7,1305,0.4083259403705597,0.2918286621570587
Bearing1_7,1306,0.40788307785987854,0.25273972749710083
Bearing1_7,1307,0.4074402153491974,0.2531438171863556
Bearing1_7,1308,0.40699735283851624,0.25648605823516846
Bearing1_7,1309,0.4065544605255127,0.2532115876674652
Bearing1_7,1310,0.40611159801483154,0.2254360318183899
Bearing1_7,1311,0.4056687355041504,0.18332473933696747
Bearing1_7,1312,0.40522587299346924,0.1939370483160019
Bearing1_7,1313,0.4047829806804657,0.1902170032262802
Bearing1_7,1314,0.40434011816978455,0.1796831339597702
Bearing1_7,1315,0.4038972556591034,0.17497646808624268
Bearing1_7,1316,0.40345439314842224,0.1790505051612854
Bearing1_7,1317,0.4030115008354187,0.18436460196971893
Bearing1_7,1318,0.40256863832473755,0.1773407906293869
Bearing1_7,1319,0.4021257758140564,0.16719083487987518
Bearing1_7,1320,0.40168291330337524,0.17253494262695312
Bearing1_7,1321,0.4012400209903717,0.16908347606658936
Bearing1_7,1322,0.40079715847969055,0.17721925675868988
Bearing1_7,1323,0.4003542959690094,0.17312483489513397
Bearing1_7,1324,0.39991143345832825,0.1831851601600647
Bearing1_7,1325,0.3994685709476471,0.16083499789237976
Bearing1_7,1326,0.39902567863464355,0.14896200597286224
Bearing1_7,1327,0.3985828161239624,0.15951044857501984
Bearing1_7,1328,0.39813995361328125,0.16416102647781372
Bearing1_7,1329,0.3976970911026001,0.1641724854707718
Bearing1_7,1330,0.39725419878959656,0.16216416656970978
Bearing1_7,1331,0.3968113362789154,0.150263711810112
Bearing1_7,1332,0.39636847376823425,0.16467426717281342
Bearing1_7,1333,0.3959256112575531,0.1643199473619461
Bearing1_7,1334,0.39548271894454956,0.16170942783355713
Bearing1_7,1335,0.3950398564338684,0.16583746671676636
Bearing1_7,1336,0.39459699392318726,0.19172163307666779
Bearing1_7,1337,0.3941541314125061,0.1878129243850708
Bearing1_7,1338,0.39371123909950256,0.17572227120399475
Bearing1_7,1339,0.3932683765888214,0.1576363444328308
Bearing1_7,1340,0.39282551407814026,0.14702720940113068
Bearing1_7,1341,0.3923826515674591,0.18136245012283325
Bearing1_7,1342,0.39193975925445557,0.18413403630256653
Bearing1_7,1343,0.3914968967437744,0.1686425507068634
Bearing1_7,1344,0.39105403423309326,0.17524154484272003
Bearing1_7,1345,0.3906111717224121,0.18982963263988495
Bearing1_7,1346,0.39016827940940857,0.18188117444515228
Bearing1_7,1347,0.3897254168987274,0.17690950632095337
Bearing1_7,1348,0.38928255438804626,0.19770841300487518
Bearing1_7,1349,0.3888396918773651,0.1876753717660904
Bearing1_7,1350,0.3883967995643616,0.16818936169147491
Bearing1_7,1351,0.3879539370536804,0.17012925446033478
Bearing1_7,1352,0.38751107454299927,0.1397835910320282
Bearing1_7,1353,0.3870682120323181,0.14470990002155304
Bearing1_7,1354,0.3866253197193146,0.13968993723392487
Bearing1_7,1355,0.3861824572086334,0.15223246812820435
Bearing1_7,1356,0.38573959469795227,0.15946172177791595
Bearing1_7,1357,0.3852967321872711,0.20138883590698242
Bearing1_7,1358,0.3848538398742676,0.22815421223640442
Bearing1_7,1359,0.3844109773635864,0.1982170045375824
Bearing1_7,1360,0.3839681148529053,0.1811690479516983
Bearing1_7,1361,0.3835252523422241,0.1980348825454712
Bearing1_7,1362,0.3830823600292206,0.20572511851787567
Bearing1_7,1363,0.38263949751853943,0.20218980312347412
Bearing1_7,1364,0.3821966350078583,0.19973866641521454
Bearing1_7,1365,0.3817537724971771,0.1710418313741684
Bearing1_7,1366,0.3813108801841736,0.17626293003559113
Bearing1_7,1367,0.38086801767349243,0.16522471606731415
Bearing1_7,1368,0.3804251551628113,0.15820567309856415
Bearing1_7,1369,0.3799822926521301,0.21411491930484772
Bearing1_7,1370,0.379539430141449,0.21454299986362457
Bearing1_7,1371,0.37909653782844543,0.22450226545333862
Bearing1_7,1372,0.3786536753177643,0.2350570261478424
Bearing1_7,1373,0.37821081280708313,0.21760621666908264
Bearing1_7,1374,0.377767950296402,0.22746813297271729
Bearing1_7,1375,0.37732505798339844,0.2228478044271469
Bearing1_7,1376,0.3768821954727173,0.20443592965602875
Bearing1_7,1377,0.37643933296203613,0.2180180698633194
Bearing1_7,1378,0.375996470451355,0.22561748325824738
Bearing1_7,1379,0.37555357813835144,0.24076485633850098
Bearing1_7,1380,0.3751107156276703,0.22697174549102783
Bearing1_7,1381,0.37466785311698914,0.22921274602413177
Bearing1_7,1382,0.374224990606308,0.2114032506942749
Bearing1_7,1383,0.37378209829330444,0.2177899330854416
Bearing1_7,1384,0.3733392357826233,0.26960811018943787
Bearing1_7,1385,0.37289637327194214,0.22292819619178772
Bearing1_7,1386,0.372453510761261,0.23183605074882507
Bearing1_7,1387,0.37201061844825745,0.21931983530521393
Bearing1_7,1388,0.3715677559375763,0.2264692783355713
Bearing1_7,1389,0.37112489342689514,0.23229382932186127
Bearing1_7,1390,0.370682030916214,0.24027881026268005
Bearing1_7,1391,0.37023913860321045,0.3094943165779114
Bearing1_7,1392,0.3697962760925293,0.3298092782497406
Bearing1_7,1393,0.36935341358184814,0.3456078767776489
Bearing1_7,1394,0.368910551071167,0.37646088004112244
Bearing1_7,1395,0.36846765875816345,0.3887903094291687
Bearing1_7,1396,0.3680247962474823,0.4397904872894287
Bearing1_7,1397,0.36758193373680115,0.40224581956863403
Bearing1_7,1398,0.36713907122612,0.3873787522315979
Bearing1_7,1399,0.36669617891311646,0.3686985671520233
Bearing1_7,1400,0.3662533164024353,0.3407662510871887
Bearing1_7,1401,0.36581045389175415,0.3467894494533539
Bearing1_7,1402,0.365367591381073,0.32124078273773193
Bearing1_7,1403,0.36492469906806946,0.32589128613471985
Bearing1_7,1404,0.3644818365573883,0.32352226972579956
Bearing1_7,1405,0.36403897404670715,0.3313229978084564
Bearing1_7,1406,0.363596111536026,0.29010000824928284
Bearing1_7,1407,0.36315321922302246,0.2687235474586487
Bearing1_7,1408,0.3627103567123413,0.2985602021217346
Bearing1_7,1409,0.36226749420166016,0.3057636618614197
Bearing1_7,1410,0.361824631690979,0.26233795285224915
Bearing1_7,1411,0.36138173937797546,0.26097753643989563
Bearing1_7,1412,0.3609388768672943,0.2681020200252533
Bearing1_7,1413,0.36049601435661316,0.2296081781387329
Bearing1_7,1414,0.360053151845932,0.24615615606307983
Bearing1_7,1415,0.35961028933525085,0.24344533681869507
Bearing1_7,1416,0.3591673970222473,0.22577260434627533
Bearing1_7,1417,0.35872453451156616,0.2220887392759323
Bearing1_7,1418,0.358281672000885,0.2134418487548828
Bearing1_7,1419,0.35783880949020386,0.2021176517009735
Bearing1_7,1420,0.3573959171772003,0.20778891444206238
Bearing1_7,1421,0.35695305466651917,0.2141665816307068
Bearing1_7,1422,0.356510192155838,0.21745409071445465
Bearing1_7,1423,0.35606732964515686,0.22121594846248627
Bearing1_7,1424,0.3556244373321533,0.22613975405693054
Bearing1_7,1425,0.35518157482147217,0.20880725979804993
Bearing1_7,1426,0.354738712310791,0.21216560900211334
Bearing1_7,1427,0.35429584980010986,0.19518816471099854
Bearing1_7,1428,0.3538529574871063,0.1907278299331665
Bearing1_7,1429,0.35341009497642517,0.1952637881040573
Bearing1_7,1430,0.352967232465744,0.22374437749385834
Bearing1_7,1431,0.35252436995506287,0.25531747937202454
Bearing1_7,1432,0.3520814776420593,0.3511199951171875
Bearing1_7,1433,0.3516386151313782,0.3489071726799011
Bearing1_7,1434,0.351195752620697,0.3193507790565491
Bearing1_7,1435,0.35075289011001587,0.2992756962776184
Bearing1_7,1436,0.35030999779701233,0.3071816563606262
Bearing1_7,1437,0.3498671352863312,0.3821837604045868
Bearing1_7,1438,0.34942427277565,0.3682735860347748
Bearing1_7,1439,0.34898141026496887,0.30366000533103943
Bearing1_7,1440,0.34853851795196533,0.3027667999267578
Bearing1_7,1441,0.3480956554412842,0.33099737763404846
Bearing1_7,1442,0.347652792930603,0.3693958520889282
Bearing1_7,1443,0.3472099304199219,0.3744957447052002
Bearing1_7,1444,0.34676703810691833,0.3475600779056549
Bearing1_7,1445,0.3463241755962372,0.38544026017189026
Bearing1_7,1446,0.34588131308555603,0.3449390232563019
Bearing1_7,1447,0.3454384505748749,0.36009514331817627
Bearing1_7,1448,0.34499555826187134,0.37223726511001587
Bearing1_7,1449,0.3445526957511902,0.3497970402240753
Bearing1_7,1450,0.34410983324050903,0.35092371702194214
Bearing1_7,1451,0.3436669707298279,0.301796555519104
Bearing1_7,1452,0.34322407841682434,0.3053804039955139
Bearing1_7,1453,0.3427812159061432,0.26933664083480835
Bearing1_7,1454,0.34233835339546204,0.22422243654727936
Bearing1_7,1455,0.3418954908847809,0.24241088330745697
Bearing1_7,1456,0.34145259857177734,0.23637813329696655
Bearing1_7,1457,0.3410097360610962,0.22724752128124237
Bearing1_7,1458,0.34056687355041504,0.20239709317684174
Bearing1_7,1459,0.3401240110397339,0.18899084627628326
Bearing1_7,1460,0.33968114852905273,0.17784632742404938
Bearing1_7,1461,0.3392382562160492,0.15373650193214417
Bearing1_7,1462,0.33879539370536804,0.1461799293756485
Bearing1_7,1463,0.3383525311946869,0.1383618265390396
Bearing1_7,1464,0.33790966868400574,0.12538568675518036
Bearing1_7,1465,0.3374667763710022,0.1310472935438156
Bearing1_7,1466,0.33702391386032104,0.14085450768470764
Bearing1_7,1467,0.3365810513496399,0.15133142471313477
Bearing1_7,1468,0.33613818883895874,0.13085618615150452
Bearing1_7,1469,0.3356952965259552,0.13343532383441925
Bearing1_7,1470,0.33525243401527405,0.13549694418907166
Bearing1_7,1471,0.3348095715045929,0.12993846833705902
Bearing1_7,1472,0.33436670899391174,0.1278025209903717
Bearing1_7,1473,0.3339238166809082,0.12776871025562286
Bearing1_7,1474,0.33348095417022705,0.1308736950159073
Bearing1_7,1475,0.3330380916595459,0.12889504432678223
Bearing1_7,1476,0.33259522914886475,0.1442912071943283
Bearing1_7,1477,0.3321523368358612,0.1336163580417633
Bearing1_7,1478,0.33170947432518005,0.13451960682868958
Bearing1_7,1479,0.3312666118144989,0.13396263122558594
Bearing1_7,1480,0.33082374930381775,0.12692628800868988
Bearing1_7,1481,0.3303808569908142,0.14389799535274506
Bearing1_7,1482,0.32993799448013306,0.14065876603126526
Bearing1_7,1483,0.3294951319694519,0.1475708931684494
Bearing1_7,1484,0.32905226945877075,0.15726244449615479
Bearing1_7,1485,0.3286093771457672,0.15795236825942993
Bearing1_7,1486,0.32816651463508606,0.17853635549545288
Bearing1_7,1487,0.3277236521244049,0.17004653811454773
Bearing1_7,1488,0.32728078961372375,0.18088439106941223
Bearing1_7,1489,0.3268378973007202,0.1846144199371338
Bearing1_7,1490,0.32639503479003906,0.22839473187923431
Bearing1_7,1491,0.3259521722793579,0.21728317439556122
Bearing1_7,1492,0.32550930976867676,0.2572861909866333
Bearing1_7,1493,0.3250664174556732,0.2787056565284729
Bearing1_7,1494,0.32462355494499207,0.316175639629364
Bearing1_7,1495,0.3241806924343109,0.3195711076259613
Bearing1_7,1496,0.32373782992362976,0.275126576423645
Bearing1_7,1497,0.3232949376106262,0.29025325179100037
Bearing1_7,1498,0.32285207509994507,0.25287339091300964
Bearing1_7,1499,0.3224092125892639,0.23758289217948914
Bearing1_7,1500,0.32196635007858276,0.2594554126262665
Bearing1_7,1501,0.3215234577655792,0.228709876537323
Bearing1_7,1502,0.32108059525489807,0.23478560149669647
Bearing1_7,1503,0.3206377327442169,0.22576351463794708
Bearing1_7,1504,0.32019487023353577,0.24087613821029663
Bearing1_7,1505,0.3197520077228546,0.24110832810401917
Bearing1_7,1506,0.3193091154098511,0.23830297589302063
Bearing1_7,1507,0.3188662528991699,0.2139911651611328
Bearing1_7,1508,0.31842339038848877,0.21225886046886444
Bearing1_7,1509,0.3179805278778076,0.2294188141822815
Bearing1_7,1510,0.3175376355648041,0.23736722767353058
Bearing1_7,1511,0.3170947730541229,0.2605136036872864
Bearing1_7,1512,0.3166519105434418,0.24398890137672424
Bearing1_7,1513,0.3162090480327606,0.2168884426355362
Bearing1_7,1514,0.3157661557197571,0.19838103652000427
Bearing1_7,1515,0.3153232932090759,0.19472934305667877
Bearing1_7,1516,0.3148804306983948,0.16693933308124542
Bearing1_7,1517,0.3144375681877136,0.1636963188648224
Bearing1_7,1518,0.3139946758747101,0.1606847494840622
Bearing1_7,1519,0.31355181336402893,0.17864066362380981
Bearing1_7,1520,0.3131089508533478,0.15043576061725616
Bearing1_7,1521,0.3126660883426666,0.13773547112941742
Bearing1_7,1522,0.3122231960296631,0.13741520047187805
Bearing1_7,1523,0.31178033351898193,0.12926343083381653
Bearing1_7,1524,0.3113374710083008,0.13247938454151154
Bearing1_7,1525,0.31089460849761963,0.13035015761852264
Bearing1_7,1526,0.3104517161846161,0.12379304319620132
Bearing1_7,1527,0.31000885367393494,0.12740540504455566
Bearing1_7,1528,0.3095659911632538,0.12675754725933075
Bearing1_7,1529,0.30912312865257263,0.12970511615276337
Bearing1_7,1530,0.3086802363395691,0.12883636355400085
Bearing1_7,1531,0.30823737382888794,0.12919755280017853
Bearing1_7,1532,0.3077945113182068,0.12461516261100769
Bearing1_7,1533,0.30735164880752563,0.13348956406116486
Bearing1_7,1534,0.3069087564945221,0.12773674726486206
Bearing1_7,1535,0.30646589398384094,0.12502934038639069
Bearing1_7,1536,0.3060230314731598,0.12788310647010803
Bearing1_7,1537,0.30558016896247864,0.12376655638217926
Bearing1_7,1538,0.3051372766494751,0.12943583726882935
Bearing1_7,1539,0.30469441413879395,0.11793839186429977
Bearing1_7,1540,0.3042515516281128,0.12374768406152725
Bearing1_7,1541,0.30380868911743164,0.11999238282442093
Bearing1_7,1542,0.3033657968044281,0.13869214057922363
Bearing1_7,1543,0.30292293429374695,0.14042389392852783
Bearing1_7,1544,0.3024800717830658,0.13353517651557922
Bearing1_7,1545,0.30203720927238464,0.14371253550052643
Bearing1_7,1546,0.3015943169593811,0.1462119221687317
Bearing1_7,1547,0.30115145444869995,0.1503465473651886
Bearing1_7,1548,0.3007085919380188,0.14424167573451996
Bearing1_7,1549,0.30026572942733765,0.15807199478149414
Bearing1_7,1550,0.2998228669166565,0.13994599878787994
Bearing1_7,1551,0.29937997460365295,0.1541348546743393
Bearing1_7,1552,0.2989371120929718,0.18579550087451935
Bearing1_7,1553,0.29849424958229065,0.1850547194480896
Bearing1_7,1554,0.2980513870716095,0.18900850415229797
Bearing1_7,1555,0.29760849475860596,0.19541345536708832
Bearing1_7,1556,0.2971656322479248,0.17219793796539307
Bearing1_7,1557,0.29672276973724365,0.16085174679756165
Bearing1_7,1558,0.2962799072265625,0.16050666570663452
Bearing1_7,1559,0.29583701491355896,0.13518185913562775
Bearing1_7,1560,0.2953941524028778,0.13531263172626495
Bearing1_7,1561,0.29495128989219666,0.13178113102912903
Bearing1_7,1562,0.2945084273815155,0.1272234320640564
Bearing1_7,1563,0.29406553506851196,0.1274094432592392
Bearing1_7,1564,0.2936226725578308,0.1256035715341568
Bearing1_7,1565,0.29317981004714966,0.13244494795799255
Bearing1_7,1566,0.2927369475364685,0.12329817563295364
Bearing1_7,1567,0.29229405522346497,0.12474480271339417
Bearing1_7,1568,0.2918511927127838,0.13737164437770844
Bearing1_7,1569,0.29140833020210266,0.13291236758232117
Bearing1_7,1570,0.2909654676914215,0.13269799947738647
Bearing1_7,1571,0.29052257537841797,0.1287422776222229
Bearing1_7,1572,0.2900797128677368,0.13293392956256866
Bearing1_7,1573,0.28963685035705566,0.132790669798851
Bearing1_7,1574,0.2891939878463745,0.1317393034696579
Bearing1_7,1575,0.28875109553337097,0.1297401338815689
Bearing1_7,1576,0.2883082330226898,0.1339070051908493
Bearing1_7,1577,0.28786537051200867,0.1371082216501236
Bearing1_7,1578,0.2874225080013275,0.13772548735141754
Bearing1_7,1579,0.286979615688324,0.1435347944498062
Bearing1_7,1580,0.2865367531776428,0.15702779591083527
Bearing1_7,1581,0.28609389066696167,0.14847706258296967
Bearing1_7,1582,0.2856510281562805,0.14575313031673431
Bearing1_7,1583,0.285208135843277,0.1478542685508728
Bearing1_7,1584,0.2847652733325958,0.14761698246002197
Bearing1_7,1585,0.2843224108219147,0.16304059326648712
Bearing1_7,1586,0.2838795483112335,0.16487616300582886
Bearing1_7,1587,0.28343665599823,0.16293291747570038
Bearing1_7,1588,0.28299379348754883,0.18570882081985474
Bearing1_7,1589,0.2825509309768677,0.18377086520195007
Bearing1_7,1590,0.2821080684661865,0.17906680703163147
Bearing1_7,1591,0.281665176153183,0.20055647194385529
Bearing1_7,1592,0.28122231364250183,0.2580471336841583
Bearing1_7,1593,0.2807794511318207,0.22881129384040833
Bearing1_7,1594,0.2803365886211395,0.2843674123287201
Bearing1_7,1595,0.2798937261104584,0.2502368986606598
Bearing1_7,1596,0.27945083379745483,0.2608415186405182
Bearing1_7,1597,0.2790079712867737,0.3428003489971161
Bearing1_7,1598,0.27856510877609253,0.35404008626937866
Bearing1_7,1599,0.2781222462654114,0.40862515568733215
Bearing1_7,1600,0.27767935395240784,0.3888724148273468
Bearing1_7,1601,0.2772364914417267,0.42582306265830994
Bearing1_7,1602,0.27679362893104553,0.3981918692588806
Bearing1_7,1603,0.2763507664203644,0.3809628188610077
Bearing1_7,1604,0.27590787410736084,0.35896947979927063
Bearing1_7,1605,0.2754650115966797,0.3441380262374878
Bearing1_7,1606,0.27502214908599854,0.311296284198761
Bearing1_7,1607,0.2745792865753174,0.34319430589675903
Bearing1_7,1608,0.27413639426231384,0.31279298663139343
Bearing1_7,1609,0.2736935317516327,0.28239884972572327
Bearing1_7,1610,0.27325066924095154,0.2985118329524994
Bearing1_7,1611,0.2728078067302704,0.26177656650543213
Bearing1_7,1612,0.27236491441726685,0.2744220793247223
Bearing1_7,1613,0.2719220519065857,0.2833227515220642
Bearing1_7,1614,0.27147918939590454,0.2772431969642639
Bearing1_7,1615,0.2710363268852234,0.24850240349769592
Bearing1_7,1616,0.27059343457221985,0.252385675907135
Bearing1_7,1617,0.2701505720615387,0.23530858755111694
Bearing1_7,1618,0.26970770955085754,0.23131242394447327
Bearing1_7,1619,0.2692648470401764,0.22771047055721283
Bearing1_7,1620,0.26882195472717285,0.21953433752059937
Bearing1_7,1621,0.2683790922164917,0.2118624746799469
Bearing1_7,1622,0.26793622970581055,0.20782144367694855
Bearing1_7,1623,0.2674933671951294,0.17306573688983917
Bearing1_7,1624,0.26705047488212585,0.15810996294021606
Bearing1_7,1625,0.2666076123714447,0.16607065498828888
Bearing1_7,1626,0.26616474986076355,0.1500861942768097
Bearing1_7,1627,0.2657218873500824,0.14855563640594482
Bearing1_7,1628,0.26527899503707886,0.1533452421426773
Bearing1_7,1629,0.2648361325263977,0.15504099428653717
Bearing1_7,1630,0.26439327001571655,0.15440888702869415
Bearing1_7,1631,0.2639504075050354,0.1417236626148224
Bearing1_7,1632,0.26350751519203186,0.14166241884231567
Bearing1_7,1633,0.2630646526813507,0.13493484258651733
Bearing1_7,1634,0.26262179017066956,0.13573868572711945
Bearing1_7,1635,0.2621789276599884,0.1407116800546646
Bearing1_7,1636,0.26173603534698486,0.14657847583293915
Bearing1_7,1637,0.2612931728363037,0.13369594514369965
Bearing1_7,1638,0.26085031032562256,0.1288035660982132
Bearing1_7,1639,0.2604074478149414,0.13485854864120483
Bearing1_7,1640,0.25996458530426025,0.13281631469726562
Bearing1_7,1641,0.2595216929912567,0.12803876399993896
Bearing1_7,1642,0.25907883048057556,0.12377496808767319
Bearing1_7,1643,0.2586359679698944,0.1290585845708847
Bearing1_7,1644,0.25819310545921326,0.12309698015451431
Bearing1_7,1645,0.2577502131462097,0.11978400498628616
Bearing1_7,1646,0.25730735063552856,0.1181134358048439
Bearing1_7,1647,0.2568644881248474,0.11749840527772903
Bearing1_7,1648,0.25642162561416626,0.11677991598844528
Bearing1_7,1649,0.2559787333011627,0.11635764688253403
Bearing1_7,1650,0.25553587079048157,0.11580643802881241
Bearing1_7,1651,0.2550930082798004,0.1139165386557579
Bearing1_7,1652,0.25465014576911926,0.11910337954759598
Bearing1_7,1653,0.2542072534561157,0.1172892227768898
Bearing1_7,1654,0.25376439094543457,0.1106484904885292
Bearing1_7,1655,0.2533215284347534,0.11283718794584274
Bearing1_7,1656,0.25287866592407227,0.10885501652956009
Bearing1_7,1657,0.2524357736110687,0.10274704545736313
Bearing1_7,1658,0.2519929111003876,0.109040766954422
Bearing1_7,1659,0.2515500485897064,0.10897351056337357
Bearing1_7,1660,0.25110718607902527,0.11111614853143692
Bearing1_7,1661,0.25066429376602173,0.1227133646607399
Bearing1_7,1662,0.2502214312553406,0.12860287725925446
Bearing1_7,1663,0.24977856874465942,0.13200101256370544
Bearing1_7,1664,0.24933569133281708,0.143330380320549
Bearing1_7,1665,0.24889282882213593,0.16633263230323792
Bearing1_7,1666,0.24844995141029358,0.17284725606441498
Bearing1_7,1667,0.24800708889961243,0.17485354840755463
Bearing1_7,1668,0.24756421148777008,0.18728788197040558
Bearing1_7,1669,0.24712134897708893,0.20833130180835724
Bearing1_7,1670,0.24667847156524658,0.22240713238716125
Bearing1_7,1671,0.24623560905456543,0.22082941234111786
Bearing1_7,1672,0.24579273164272308,0.19231784343719482
Bearing1_7,1673,0.24534986913204193,0.18893280625343323
Bearing1_7,1674,0.24490699172019958,0.17697077989578247
Bearing1_7,1675,0.24446412920951843,0.15213195979595184
Bearing1_7,1676,0.2440212517976761,0.1386898010969162
Bearing1_7,1677,0.24357838928699493,0.15095922350883484
Bearing1_7,1678,0.2431355118751526,0.16111133992671967
Bearing1_7,1679,0.24269264936447144,0.18719297647476196
Bearing1_7,1680,0.2422497719526291,0.17451977729797363
Bearing1_7,1681,0.24180690944194794,0.1618151068687439
Bearing1_7,1682,0.2413640320301056,0.1654331237077713
Bearing1_7,1683,0.24092116951942444,0.17340093851089478
Bearing1_7,1684,0.2404782921075821,0.1597406566143036
Bearing1_7,1685,0.24003542959690094,0.14875191450119019
Bearing1_7,1686,0.2395925670862198,0.13519231975078583
Bearing1_7,1687,0.23914968967437744,0.1336328089237213
Bearing1_7,1688,0.2387068271636963,0.14060302078723907
Bearing1_7,1689,0.23826394975185394,0.1313306987285614
Bearing1_7,1690,0.2378210872411728,0.1189674511551857
Bearing1_7,1691,0.23737820982933044,0.11844363063573837
Bearing1_7,1692,0.2369353473186493,0.11023648828268051
Bearing1_7,1693,0.23649246990680695,0.11332163959741592
Bearing1_7,1694,0.2360496073961258,0.11367195099592209
Bearing1_7,1695,0.23560672998428345,0.1117054671049118
Bearing1_7,1696,0.2351638674736023,0.10935714095830917
Bearing1_7,1697,0.23472099006175995,0.11004701256752014
Bearing1_7,1698,0.2342781275510788,0.12145135551691055
Bearing1_7,1699,0.23383525013923645,0.12167967110872269
Bearing1_7,1700,0.2333923876285553,0.12953215837478638
Bearing1_7,1701,0.23294951021671295,0.13489311933517456
Bearing1_7,1702,0.2325066477060318,0.12774011492729187
Bearing1_7,1703,0.23206377029418945,0.13425147533416748
Bearing1_7,1704,0.2316209077835083,0.15488670766353607
Bearing1_7,1705,0.23117803037166595,0.15996408462524414
Bearing1_7,1706,0.2307351678609848,0.16617651283740997
Bearing1_7,1707,0.23029229044914246,0.16784222424030304
Bearing1_7,1708,0.2298494279384613,0.17179825901985168
Bearing1_7,1709,0.22940655052661896,0.16354155540466309
Bearing1_7,1710,0.2289636880159378,0.15703588724136353
Bearing1_7,1711,0.22852081060409546,0.1697443425655365
Bearing1_7,1712,0.2280779480934143,0.1916099339723587
Bearing1_7,1713,0.22763507068157196,0.20826974511146545
Bearing1_7,1714,0.2271922081708908,0.16429588198661804
Bearing1_7,1715,0.22674933075904846,0.15094779431819916
Bearing1_7,1716,0.2263064682483673,0.1527237445116043
Bearing1_7,1717,0.22586359083652496,0.15827663242816925
Bearing1_7,1718,0.2254207283258438,0.1558811068534851
Bearing1_7,1719,0.22497785091400146,0.15052291750907898
Bearing1_7,1720,0.2245349884033203,0.15024662017822266
Bearing1_7,1721,0.22409211099147797,0.14594072103500366
Bearing1_7,1722,0.22364924848079681,0.14097177982330322
Bearing1_7,1723,0.22320637106895447,0.16560456156730652
Bearing1_7,1724,0.22276350855827332,0.15335579216480255
Bearing1_7,1725,0.22232063114643097,0.15548580884933472
Bearing1_7,1726,0.22187776863574982,0.1452481597661972
Bearing1_7,1727,0.22143489122390747,0.13842768967151642
Bearing1_7,1728,0.22099202871322632,0.1349189579486847
Bearing1_7,1729,0.22054915130138397,0.13018068671226501
Bearing1_7,1730,0.22010628879070282,0.13454456627368927
Bearing1_7,1731,0.21966342628002167,0.12710854411125183
Bearing1_7,1732,0.21922054886817932,0.12932747602462769
Bearing1_7,1733,0.21877768635749817,0.1297372728586197
Bearing1_7,1734,0.21833480894565582,0.1299590766429901
Bearing1_7,1735,0.21789194643497467,0.12609875202178955
Bearing1_7,1736,0.21744906902313232,0.11816216260194778
Bearing1_7,1737,0.21700620651245117,0.13324475288391113
Bearing1_7,1738,0.21656332910060883,0.13057483732700348
Bearing1_7,1739,0.21612046658992767,0.12743903696537018
Bearing1_7,1740,0.21567758917808533,0.13206931948661804
Bearing1_7,1741,0.21523472666740417,0.13785256445407867
Bearing1_7,1742,0.21479184925556183,0.14934827387332916
Bearing1_7,1743,0.21434898674488068,0.15091882646083832
Bearing1_7,1744,0.21390610933303833,0.14709627628326416
Bearing1_7,1745,0.21346324682235718,0.145146906375885
Bearing1_7,1746,0.21302036941051483,0.156255841255188
Bearing1_7,1747,0.21257750689983368,0.1610943228006363
Bearing1_7,1748,0.21213462948799133,0.17607365548610687
Bearing1_7,1749,0.21169176697731018,0.1613072156906128
Bearing1_7,1750,0.21124888956546783,0.16816993057727814
Bearing1_7,1751,0.21080602705478668,0.16382896900177002
Bearing1_7,1752,0.21036314964294434,0.16032104194164276
Bearing1_7,1753,0.20992028713226318,0.16698947548866272
Bearing1_7,1754,0.20947740972042084,0.16130250692367554
Bearing1_7,1755,0.20903454720973969,0.15932072699069977
Bearing1_7,1756,0.20859166979789734,0.16486817598342896
Bearing1_7,1757,0.2081488072872162,0.15971329808235168
Bearing1_7,1758,0.20770592987537384,0.16665323078632355
Bearing1_7,1759,0.2072630673646927,0.15030395984649658
Bearing1_7,1760,0.20682018995285034,0.16005179286003113
Bearing1_7,1761,0.2063773274421692,0.16529302299022675
Bearing1_7,1762,0.20593445003032684,0.15628045797348022
Bearing1_7,1763,0.2054915875196457,0.16661708056926727
Bearing1_7,1764,0.20504871010780334,0.16526752710342407
Bearing1_7,1765,0.2046058475971222,0.14496898651123047
Bearing1_7,1766,0.20416297018527985,0.14005321264266968
Bearing1_7,1767,0.2037201076745987,0.15063707530498505
Bearing1_7,1768,0.20327723026275635,0.1497281938791275
Bearing1_7,1769,0.2028343677520752,0.15040311217308044
Bearing1_7,1770,0.20239149034023285,0.14719372987747192
Bearing1_7,1771,0.2019486278295517,0.15010759234428406
Bearing1_7,1772,0.20150575041770935,0.157668799161911
Bearing1_7,1773,0.2010628879070282,0.15947768092155457
Bearing1_7,1774,0.20062001049518585,0.14640355110168457
Bearing1_7,1775,0.2001771479845047,0.14217571914196014
Bearing1_7,1776,0.19973428547382355,0.14213880896568298
Bearing1_7,1777,0.1992914080619812,0.13997666537761688
Bearing1_7,1778,0.19884854555130005,0.15008822083473206
Bearing1_7,1779,0.1984056681394577,0.14671313762664795
Bearing1_7,1780,0.19796280562877655,0.1463036984205246
Bearing1_7,1781,0.1975199282169342,0.14413447678089142
Bearing1_7,1782,0.19707706570625305,0.13428783416748047
Bearing1_7,1783,0.1966341882944107,0.138239786028862
Bearing1_7,1784,0.19619132578372955,0.1366131603717804
Bearing1_7,1785,0.1957484483718872,0.1432073712348938
Bearing1_7,1786,0.19530558586120605,0.14778539538383484
Bearing1_7,1787,0.1948627084493637,0.1496225744485855
Bearing1_7,1788,0.19441984593868256,0.1495809704065323
Bearing1_7,1789,0.1939769685268402,0.16309286653995514
Bearing1_7,1790,0.19353410601615906,0.16154250502586365
Bearing1_7,1791,0.1930912286043167,0.18314100801944733
Bearing1_7,1792,0.19264836609363556,0.18310409784317017
Bearing1_7,1793,0.1922054886817932,0.1703588217496872
Bearing1_7,1794,0.19176262617111206,0.16889221966266632
Bearing1_7,1795,0.19131974875926971,0.1588844507932663
Bearing1_7,1796,0.19087688624858856,0.15597935020923615
Bearing1_7,1797,0.19043400883674622,0.17226658761501312
Bearing1_7,1798,0.18999114632606506,0.16383904218673706
Bearing1_7,1799,0.18954826891422272,0.1589256376028061
Bearing1_7,1800,0.18910540640354156,0.14231747388839722
Bearing1_7,1801,0.18866252899169922,0.1391211748123169
Bearing1_7,1802,0.18821966648101807,0.1336575448513031
Bearing1_7,1803,0.18777678906917572,0.142935112118721
Bearing1_7,1804,0.18733392655849457,0.13549789786338806
Bearing1_7,1805,0.18689104914665222,0.14118319749832153
Bearing1_7,1806,0.18644818663597107,0.13574030995368958
Bearing1_7,1807,0.18600530922412872,0.14099949598312378
Bearing1_7,1808,0.18556244671344757,0.13396520912647247
Bearing1_7,1809,0.18511956930160522,0.12550051510334015
Bearing1_7,1810,0.18467670679092407,0.12816794216632843
Bearing1_7,1811,0.18423382937908173,0.1304539144039154
Bearing1_7,1812,0.18379096686840057,0.1267222762107849
Bearing1_7,1813,0.18334808945655823,0.1240546926856041
Bearing1_7,1814,0.18290522694587708,0.12903282046318054
Bearing1_7,1815,0.18246234953403473,0.12734542787075043
Bearing1_7,1816,0.18201948702335358,0.12124443799257278
Bearing1_7,1817,0.18157660961151123,0.11681663244962692
Bearing1_7,1818,0.18113374710083008,0.10972537845373154
Bearing1_7,1819,0.18069086968898773,0.10568650811910629
Bearing1_7,1820,0.18024800717830658,0.09707260876893997
Bearing1_7,1821,0.17980514466762543,0.09707250446081161
Bearing1_7,1822,0.17936226725578308,0.09005175530910492
Bearing1_7,1823,0.17891940474510193,0.07778092473745346
Bearing1_7,1824,0.17847652733325958,0.08139794319868088
Bearing1_7,1825,0.17803366482257843,0.08583964407444
Bearing1_7,1826,0.17759078741073608,0.08571185171604156
Bearing1_7,1827,0.17714792490005493,0.07680526375770569
Bearing1_7,1828,0.17670504748821259,0.09095695614814758
Bearing1_7,1829,0.17626218497753143,0.0876433327794075
Bearing1_7,1830,0.1758193075656891,0.08317303657531738
Bearing1_7,1831,0.17537644505500793,0.08622465282678604
Bearing1_7,1832,0.1749335676431656,0.09045746177434921
Bearing1_7,1833,0.17449070513248444,0.08727560192346573
Bearing1_7,1834,0.1740478277206421,0.09540963172912598
Bearing1_7,1835,0.17360496520996094,0.09834176301956177
Bearing1_7,1836,0.1731620877981186,0.0996968150138855
Bearing1_7,1837,0.17271922528743744,0.10007630288600922
Bearing1_7,1838,0.1722763478755951,0.09807759523391724
Bearing1_7,1839,0.17183348536491394,0.10966258496046066
Bearing1_7,1840,0.1713906079530716,0.09887813031673431
Bearing1_7,1841,0.17094774544239044,0.11161129176616669
Bearing1_7,1842,0.1705048680305481,0.1137528195977211
Bearing1_7,1843,0.17006200551986694,0.11077139526605606
Bearing1_7,1844,0.1696191281080246,0.11734258383512497
Bearing1_7,1845,0.16917626559734344,0.122123122215271
Bearing1_7,1846,0.1687333881855011,0.12209401279687881
Bearing1_7,1847,0.16829052567481995,0.12597085535526276
Bearing1_7,1848,0.1678476482629776,0.12404412776231766
Bearing1_7,1849,0.16740478575229645,0.13381768763065338
Bearing1_7,1850,0.1669619083404541,0.14623193442821503
Bearing1_7,1851,0.16651904582977295,0.14006398618221283
Bearing1_7,1852,0.1660761684179306,0.13182790577411652
Bearing1_7,1853,0.16563330590724945,0.13383078575134277
Bearing1_7,1854,0.1651904284954071,0.14021918177604675
Bearing1_7,1855,0.16474756598472595,0.130706787109375
Bearing1_7,1856,0.1643046885728836,0.12723825871944427
Bearing1_7,1857,0.16386182606220245,0.12133540958166122
Bearing1_7,1858,0.1634189486503601,0.12111517786979675
Bearing1_7,1859,0.16297608613967896,0.11714757233858109
Bearing1_7,1860,0.1625332087278366,0.1209862232208252
Bearing1_7,1861,0.16209034621715546,0.11863300204277039
Bearing1_7,1862,0.1616474688053131,0.11942292004823685
Bearing1_7,1863,0.16120460629463196,0.11254274100065231
Bearing1_7,1864,0.1607617288827896,0.10960497707128525
Bearing1_7,1865,0.16031886637210846,0.11686471104621887
Bearing1_7,1866,0.1598760038614273,0.11325593292713165
Bearing1_7,1867,0.15943312644958496,0.10803253948688507
Bearing1_7,1868,0.1589902639389038,0.11247004568576813
Bearing1_7,1869,0.15854738652706146,0.11917144805192947
Bearing1_7,1870,0.1581045240163803,0.13198241591453552
Bearing1_7,1871,0.15766164660453796,0.1219877228140831
Bearing1_7,1872,0.1572187840938568,0.11308042705059052
Bearing1_7,1873,0.15677590668201447,0.11314556002616882
Bearing1_7,1874,0.1563330441713333,0.11937976628541946
Bearing1_7,1875,0.15589016675949097,0.11852675676345825
Bearing1_7,1876,0.15544730424880981,0.1275811791419983
Bearing1_7,1877,0.15500442683696747,0.1359611600637436
Bearing1_7,1878,0.15456156432628632,0.14427903294563293
Bearing1_7,1879,0.15411868691444397,0.1387321501970291
Bearing1_7,1880,0.15367582440376282,0.14121490716934204
Bearing1_7,1881,0.15323294699192047,0.1444082111120224
Bearing1_7,1882,0.15279008448123932,0.14213863015174866
Bearing1_7,1883,0.15234720706939697,0.16400402784347534
Bearing1_7,1884,0.15190434455871582,0.15519307553768158
Bearing1_7,1885,0.15146146714687347,0.13865019381046295
Bearing1_7,1886,0.15101860463619232,0.14460965991020203
Bearing1_7,1887,0.15057572722434998,0.12982021272182465
Bearing1_7,1888,0.15013286471366882,0.14728699624538422
Bearing1_7,1889,0.14968998730182648,0.14431314170360565
Bearing1_7,1890,0.14924712479114532,0.13028329610824585
Bearing1_7,1891,0.14880424737930298,0.12723901867866516
Bearing1_7,1892,0.14836138486862183,0.12354277819395065
Bearing1_7,1893,0.14791850745677948,0.11729554831981659
Bearing1_7,1894,0.14747564494609833,0.11325015872716904
Bearing1_7,1895,0.14703276753425598,0.11648768186569214
Bearing1_7,1896,0.14658990502357483,0.1113462820649147
Bearing1_7,1897,0.14614702761173248,0.1112242341041565
Bearing1_7,1898,0.14570416510105133,0.10631030797958374
Bearing1_7,1899,0.14526128768920898,0.11134237051010132
Bearing1_7,1900,0.14481842517852783,0.10686231404542923
Bearing1_7,1901,0.14437554776668549,0.10316933691501617
Bearing1_7,1902,0.14393268525600433,0.10243432968854904
Bearing1_7,1903,0.143489807844162,0.10324561595916748
Bearing1_7,1904,0.14304694533348083,0.10598817467689514
Bearing1_7,1905,0.1426040679216385,0.10392384231090546
Bearing1_7,1906,0.14216120541095734,0.10808192193508148
Bearing1_7,1907,0.141718327999115,0.1146770492196083
Bearing1_7,1908,0.14127546548843384,0.11691523343324661
Bearing1_7,1909,0.1408325880765915,0.11543864756822586
Bearing1_7,1910,0.14038972556591034,0.1088874489068985
Bearing1_7,1911,0.1399468630552292,0.11425439268350601
Bearing1_7,1912,0.13950398564338684,0.1134478747844696
Bearing1_7,1913,0.1390611231327057,0.11677557229995728
Bearing1_7,1914,0.13861824572086334,0.12459120154380798
Bearing1_7,1915,0.1381753832101822,0.1324775665998459
Bearing1_7,1916,0.13773250579833984,0.13094688951969147
Bearing1_7,1917,0.1372896432876587,0.13633427023887634
Bearing1_7,1918,0.13684676587581635,0.12325987964868546
Bearing1_7,1919,0.1364039033651352,0.1260773092508316
Bearing1_7,1920,0.13596102595329285,0.12910319864749908
Bearing1_7,1921,0.1355181634426117,0.13181592524051666
Bearing1_7,1922,0.13507528603076935,0.13799355924129486
Bearing1_7,1923,0.1346324235200882,0.13060887157917023
Bearing1_7,1924,0.13418954610824585,0.13867267966270447
Bearing1_7,1925,0.1337466835975647,0.11895686388015747
Bearing1_7,1926,0.13330380618572235,0.12304845452308655
Bearing1_7,1927,0.1328609436750412,0.11726957559585571
Bearing1_7,1928,0.13241806626319885,0.11298329383134842
Bearing1_7,1929,0.1319752037525177,0.10820253193378448
Bearing1_7,1930,0.13153232634067535,0.10421471297740936
Bearing1_7,1931,0.1310894638299942,0.10304592549800873
Bearing1_7,1932,0.13064658641815186,0.10387858748435974
Bearing1_7,1933,0.1302037239074707,0.10764885693788528
Bearing1_7,1934,0.12976084649562836,0.0953931137919426
Bearing1_7,1935,0.1293179839849472,0.09771906584501266
Bearing1_7,1936,0.12887510657310486,0.09394419938325882
Bearing1_7,1937,0.1284322440624237,0.08437658101320267
Bearing1_7,1938,0.12798936665058136,0.08434195816516876
Bearing1_7,1939,0.1275465041399002,0.08936049789190292
Bearing1_7,1940,0.12710362672805786,0.08564019203186035
Bearing1_7,1941,0.1266607642173767,0.07947713136672974
Bearing1_7,1942,0.12621788680553436,0.08910883218050003
Bearing1_7,1943,0.1257750242948532,0.08416398614645004
Bearing1_7,1944,0.12533214688301086,0.08543823659420013
Bearing1_7,1945,0.12488928437232971,0.08265174180269241
Bearing1_7,1946,0.12444641441106796,0.075314462184906
Bearing1_7,1947,0.12400354444980621,0.07778986543416977
Bearing1_7,1948,0.12356067448854446,0.08045446127653122
Bearing1_7,1949,0.12311780452728271,0.0877239853143692
Bearing1_7,1950,0.12267493456602097,0.08844701945781708
Bearing1_7,1951,0.12223206460475922,0.0765576958656311
Bearing1_7,1952,0.12178919464349747,0.0792313665151596
Bearing1_7,1953,0.12134632468223572,0.07992550730705261
Bearing1_7,1954,0.12090345472097397,0.09282516688108444
Bearing1_7,1955,0.12046058475971222,0.09303540736436844
Bearing1_7,1956,0.12001771479845047,0.10759381949901581
Bearing1_7,1957,0.11957484483718872,0.10705097764730453
Bearing1_7,1958,0.11913197487592697,0.10809064656496048
Bearing1_7,1959,0.11868910491466522,0.11875513195991516
Bearing1_7,1960,0.11824623495340347,0.12299104034900665
Bearing1_7,1961,0.11780336499214172,0.12856712937355042
Bearing1_7,1962,0.11736049503087997,0.13724897801876068
Bearing1_7,1963,0.11691762506961823,0.13664375245571136
Bearing1_7,1964,0.11647475510835648,0.14273345470428467
Bearing1_7,1965,0.11603188514709473,0.1465621143579483
Bearing1_7,1966,0.11558901518583298,0.14858873188495636
Bearing1_7,1967,0.11514614522457123,0.15026059746742249
Bearing1_7,1968,0.11470327526330948,0.14700593054294586
Bearing1_7,1969,0.11426040530204773,0.1593741923570633
Bearing1_7,1970,0.11381753534078598,0.15381310880184174
Bearing1_7,1971,0.11337466537952423,0.14810879528522491
Bearing1_7,1972,0.11293179541826248,0.1534249633550644
Bearing1_7,1973,0.11248892545700073,0.15543147921562195
Bearing1_7,1974,0.11204605549573898,0.1588277965784073
Bearing1_7,1975,0.11160318553447723,0.19175010919570923
Bearing1_7,1976,0.11116031557321548,0.1591617465019226
Bearing1_7,1977,0.11071744561195374,0.16645732522010803
Bearing1_7,1978,0.11027457565069199,0.1643856316804886
Bearing1_7,1979,0.10983171314001083,0.18758785724639893
Bearing1_7,1980,0.10938884317874908,0.20015265047550201
Bearing1_7,1981,0.10894597321748734,0.2190709263086319
Bearing1_7,1982,0.10850310325622559,0.2056593894958496
Bearing1_7,1983,0.10806023329496384,0.21804694831371307
Bearing1_7,1984,0.10761736333370209,0.22439512610435486
Bearing1_7,1985,0.10717449337244034,0.2309613823890686
Bearing1_7,1986,0.10673162341117859,0.20697931945323944
Bearing1_7,1987,0.10628875344991684,0.18981733918190002
Bearing1_7,1988,0.10584588348865509,0.1860421597957611
Bearing1_7,1989,0.10540301352739334,0.16556788980960846
Bearing1_7,1990,0.10496014356613159,0.1496591717004776
Bearing1_7,1991,0.10451727360486984,0.1328635960817337
Bearing1_7,1992,0.1040744036436081,0.129999041557312
Bearing1_7,1993,0.10363153368234634,0.13396957516670227
Bearing1_7,1994,0.1031886637210846,0.12844674289226532
Bearing1_7,1995,0.10274579375982285,0.12117418646812439
Bearing1_7,1996,0.1023029237985611,0.11752643436193466
Bearing1_7,1997,0.10186005383729935,0.11292605102062225
Bearing1_7,1998,0.1014171838760376,0.1178138330578804
Bearing1_7,1999,0.10097431391477585,0.11688002198934555
Bearing1_7,2000,0.1005314439535141,0.11580998450517654
Bearing1_7,2001,0.10008857399225235,0.11275570839643478
Bearing1_7,2002,0.0996457040309906,0.116348035633564
Bearing1_7,2003,0.09920283406972885,0.11442139744758606
Bearing1_7,2004,0.0987599641084671,0.1190657690167427
Bearing1_7,2005,0.09831709414720535,0.11307021975517273
Bearing1_7,2006,0.0978742241859436,0.11496429145336151
Bearing1_7,2007,0.09743135422468185,0.10439886897802353
Bearing1_7,2008,0.0969884842634201,0.10207881778478622
Bearing1_7,2009,0.09654561430215836,0.10103186964988708
Bearing1_7,2010,0.0961027443408966,0.11080384254455566
Bearing1_7,2011,0.09565987437963486,0.10892708599567413
Bearing1_7,2012,0.09521700441837311,0.10697738081216812
Bearing1_7,2013,0.09477413445711136,0.10989663749933243
Bearing1_7,2014,0.09433126449584961,0.12285381555557251
Bearing1_7,2015,0.09388839453458786,0.12442656606435776
Bearing1_7,2016,0.09344552457332611,0.13814613223075867
Bearing1_7,2017,0.09300265461206436,0.1626826375722885
Bearing1_7,2018,0.09255978465080261,0.1849522888660431
Bearing1_7,2019,0.09211691468954086,0.2397959679365158
Bearing1_7,2020,0.09167404472827911,0.25911083817481995
Bearing1_7,2021,0.09123117476701736,0.2648678719997406
Bearing1_7,2022,0.09078830480575562,0.27148061990737915
Bearing1_7,2023,0.09034543484449387,0.29880863428115845
Bearing1_7,2024,0.08990257233381271,0.3021906912326813
Bearing1_7,2025,0.08945970237255096,0.29518240690231323
Bearing1_7,2026,0.08901683241128922,0.28701701760292053
Bearing1_7,2027,0.08857396245002747,0.29306381940841675
Bearing1_7,2028,0.08813109248876572,0.47200772166252136
Bearing1_7,2029,0.08768822252750397,0.5059667825698853
Bearing1_7,2030,0.08724535256624222,0.48922625184059143
Bearing1_7,2031,0.08680248260498047,0.47677281498908997
Bearing1_7,2032,0.08635961264371872,0.4416086971759796
Bearing1_7,2033,0.08591674268245697,0.42879945039749146
Bearing1_7,2034,0.08547387272119522,0.42489737272262573
Bearing1_7,2035,0.08503100275993347,0.38532716035842896
Bearing1_7,2036,0.08458813279867172,0.3188655376434326
Bearing1_7,2037,0.08414526283740997,0.3328341841697693
Bearing1_7,2038,0.08370239287614822,0.3594706356525421
Bearing1_7,2039,0.08325952291488647,0.36903655529022217
Bearing1_7,2040,0.08281665295362473,0.3771893382072449
Bearing1_7,2041,0.08237378299236298,0.3773820698261261
Bearing1_7,2042,0.08193091303110123,0.333744615316391
Bearing1_7,2043,0.08148804306983948,0.3339114189147949
Bearing1_7,2044,0.08104517310857773,0.2761801481246948
Bearing1_7,2045,0.08060230314731598,0.2810814082622528
Bearing1_7,2046,0.08015943318605423,0.24911776185035706
Bearing1_7,2047,0.07971656322479248,0.25678515434265137
Bearing1_7,2048,0.07927369326353073,0.260746031999588
Bearing1_7,2049,0.07883082330226898,0.2433532327413559
Bearing1_7,2050,0.07838795334100723,0.21155332028865814
Bearing1_7,2051,0.07794508337974548,0.19741903245449066
Bearing1_7,2052,0.07750221341848373,0.21320025622844696
Bearing1_7,2053,0.07705934345722198,0.21101173758506775
Bearing1_7,2054,0.07661647349596024,0.24760869145393372
Bearing1_7,2055,0.07617360353469849,0.23881076276302338
Bearing1_7,2056,0.07573073357343674,0.24292492866516113
Bearing1_7,2057,0.07528786361217499,0.23273533582687378
Bearing1_7,2058,0.07484499365091324,0.22683021426200867
Bearing1_7,2059,0.07440212368965149,0.2336478978395462
Bearing1_7,2060,0.07395925372838974,0.23610104620456696
Bearing1_7,2061,0.07351638376712799,0.24405437707901
Bearing1_7,2062,0.07307351380586624,0.27029600739479065
Bearing1_7,2063,0.07263064384460449,0.32112711668014526
Bearing1_7,2064,0.07218777388334274,0.3109697699546814
Bearing1_7,2065,0.071744903922081,0.3114716112613678
Bearing1_7,2066,0.07130203396081924,0.35649698972702026
Bearing1_7,2067,0.0708591639995575,0.2875092625617981
Bearing1_7,2068,0.07041629403829575,0.35486871004104614
Bearing1_7,2069,0.0699734315276146,0.25498998165130615
Bearing1_7,2070,0.06953056156635284,0.25384262204170227
Bearing1_7,2071,0.0690876916050911,0.2656843960285187
Bearing1_7,2072,0.06864482164382935,0.28631916642189026
Bearing1_7,2073,0.0682019516825676,0.2839129865169525
Bearing1_7,2074,0.06775908172130585,0.2829170525074005
Bearing1_7,2075,0.0673162117600441,0.30189409852027893
Bearing1_7,2076,0.06687334179878235,0.3219767212867737
Bearing1_7,2077,0.0664304718375206,0.4749869108200073
Bearing1_7,2078,0.06598760187625885,0.46986210346221924
Bearing1_7,2079,0.0655447319149971,0.30697664618492126
Bearing1_7,2080,0.06510186195373535,0.4912007749080658
Bearing1_7,2081,0.0646589919924736,0.49001574516296387
Bearing1_7,2082,0.06421612203121185,0.5022639632225037
Bearing1_7,2083,0.0637732520699501,0.46647247672080994
Bearing1_7,2084,0.06333038210868835,0.5127198100090027
Bearing1_7,2085,0.0628875121474266,0.5181133151054382
Bearing1_7,2086,0.062444642186164856,0.3493940532207489
Bearing1_7,2087,0.06200177222490311,0.4576422870159149
Bearing1_7,2088,0.06155890226364136,0.4775124192237854
Bearing1_7,2089,0.06111603230237961,0.5042921900749207
Bearing1_7,2090,0.06067316234111786,0.5312144160270691
Bearing1_7,2091,0.06023029237985611,0.4789958894252777
Bearing1_7,2092,0.05978742241859436,0.4837505519390106
Bearing1_7,2093,0.05934455245733261,0.5200785398483276
Bearing1_7,2094,0.05890168249607086,0.5325812101364136
Bearing1_7,2095,0.05845881253480911,0.5507578253746033
Bearing1_7,2096,0.05801594257354736,0.5584536194801331
Bearing1_7,2097,0.057573072612285614,0.5574352741241455
Bearing1_7,2098,0.057130202651023865,0.539602518081665
Bearing1_7,2099,0.056687332689762115,0.5327953696250916
Bearing1_7,2100,0.056244462728500366,0.5101471543312073
Bearing1_7,2101,0.05580159276723862,0.5059729814529419
Bearing1_7,2102,0.05535872280597687,0.5116761922836304
Bearing1_7,2103,0.05491585657000542,0.5041889548301697
Bearing1_7,2104,0.05447298660874367,0.5270878076553345
Bearing1_7,2105,0.05403011664748192,0.5543989539146423
Bearing1_7,2106,0.05358724668622017,0.5458925366401672
Bearing1_7,2107,0.05314437672495842,0.5585199594497681
Bearing1_7,2108,0.05270150676369667,0.550273060798645
Bearing1_7,2109,0.05225863680243492,0.5599329471588135
Bearing1_7,2110,0.05181576684117317,0.5429927706718445
Bearing1_7,2111,0.05137289687991142,0.5610471963882446
Bearing1_7,2112,0.05093002691864967,0.5777802467346191
Bearing1_7,2113,0.050487156957387924,0.5836385488510132
Bearing1_7,2114,0.050044286996126175,0.5859079957008362
Bearing1_7,2115,0.049601417034864426,0.5881068706512451
Bearing1_7,2116,0.049158547073602676,0.6006724238395691
Bearing1_7,2117,0.04871567711234093,0.5991097092628479
Bearing1_7,2118,0.04827280715107918,0.6080208420753479
Bearing1_7,2119,0.04782993718981743,0.6077765226364136
Bearing1_7,2120,0.04738706722855568,0.611028790473938
Bearing1_7,2121,0.04694419726729393,0.6067243218421936
Bearing1_7,2122,0.04650132730603218,0.6035450100898743
Bearing1_7,2123,0.04605845734477043,0.6038420796394348
Bearing1_7,2124,0.04561558738350868,0.6140455007553101
Bearing1_7,2125,0.04517271742224693,0.6035440564155579
Bearing1_7,2126,0.04472985118627548,0.6068696975708008
Bearing1_7,2127,0.04428698122501373,0.6132924556732178
Bearing1_7,2128,0.043844111263751984,0.612891435623169
Bearing1_7,2129,0.043401241302490234,0.6192561388015747
Bearing1_7,2130,0.042958371341228485,0.6242008805274963
Bearing1_7,2131,0.042515501379966736,0.6210936903953552
Bearing1_7,2132,0.04207263141870499,0.6266489028930664
Bearing1_7,2133,0.04162976145744324,0.630384624004364
Bearing1_7,2134,0.04118689149618149,0.6236336827278137
Bearing1_7,2135,0.04074402153491974,0.6278290152549744
Bearing1_7,2136,0.04030115157365799,0.624376118183136
Bearing1_7,2137,0.03985828161239624,0.6227784752845764
Bearing1_7,2138,0.03941541165113449,0.618797779083252
Bearing1_7,2139,0.03897254168987274,0.6213377118110657
Bearing1_7,2140,0.03852967172861099,0.6186670660972595
Bearing1_7,2141,0.03808680176734924,0.6244626045227051
Bearing1_7,2142,0.037643931806087494,0.6249509453773499
Bearing1_7,2143,0.037201061844825745,0.618370771408081
Bearing1_7,2144,0.036758191883563995,0.6094805002212524
Bearing1_7,2145,0.036315321922302246,0.6149526834487915
Bearing1_7,2146,0.0358724519610405,0.6095997095108032
Bearing1_7,2147,0.03542958199977875,0.6122517585754395
Bearing1_7,2148,0.0349867157638073,0.6072798371315002
Bearing1_7,2149,0.03454384580254555,0.6054525375366211
Bearing1_7,2150,0.0341009758412838,0.6027660965919495
Bearing1_7,2151,0.03365810588002205,0.6036015152931213
Bearing1_7,2152,0.0332152359187603,0.6009357571601868
Bearing1_7,2153,0.03277236595749855,0.5947595238685608
Bearing1_7,2154,0.0323294959962368,0.5977640151977539
Bearing1_7,2155,0.03188662603497505,0.6011543869972229
Bearing1_7,2156,0.0314437560737133,0.6014394760131836
Bearing1_7,2157,0.031000886112451553,0.6024100184440613
Bearing1_7,2158,0.030558016151189804,0.6051681041717529
Bearing1_7,2159,0.030115146189928055,0.6056577563285828
Bearing1_7,2160,0.029672276228666306,0.6063716411590576
Bearing1_7,2161,0.029229406267404556,0.6012852191925049
Bearing1_7,2162,0.028786536306142807,0.601432740688324
Bearing1_7,2163,0.028343666344881058,0.6084457635879517
Bearing1_7,2164,0.02790079638361931,0.6109209656715393
Bearing1_7,2165,0.02745792828500271,0.6089593768119812
Bearing1_7,2166,0.02701505832374096,0.6093838810920715
Bearing1_7,2167,0.02657218836247921,0.6138895153999329
Bearing1_7,2168,0.02612931840121746,0.6147710680961609
Bearing1_7,2169,0.02568644843995571,0.612107515335083
Bearing1_7,2170,0.025243578478693962,0.6127488017082214
Bearing1_7,2171,0.024800708517432213,0.6094077825546265
Bearing1_7,2172,0.024357838556170464,0.6151257157325745
Bearing1_7,2173,0.023914968594908714,0.6161835193634033
Bearing1_7,2174,0.023472098633646965,0.615908145904541
Bearing1_7,2175,0.023029228672385216,0.6175941228866577
Bearing1_7,2176,0.022586358711123466,0.5469663739204407
Bearing1_7,2177,0.022143490612506866,0.5472054481506348
Bearing1_7,2178,0.021700620651245117,0.5470693111419678
Bearing1_7,2179,0.021257750689983368,0.5473201274871826
Bearing1_7,2180,0.02081488072872162,0.5475051403045654
Bearing1_7,2181,0.02037201076745987,0.5462040901184082
Bearing1_7,2182,0.01992914080619812,0.5448654294013977
Bearing1_7,2183,0.01948627084493637,0.5432232022285461
Bearing1_7,2184,0.01904340088367462,0.5427403450012207
Bearing1_7,2185,0.018600530922412872,0.5415064692497253
Bearing1_7,2186,0.018157660961151123,0.5386184453964233
Bearing1_7,2187,0.017714790999889374,0.5374717116355896
Bearing1_7,2188,0.017271922901272774,0.5365152359008789
Bearing1_7,2189,0.016829052940011024,0.5345133543014526
Bearing1_7,2190,0.016386182978749275,0.5313476324081421
Bearing1_7,2191,0.015943313017487526,0.5284431576728821
Bearing1_7,2192,0.015500443056225777,0.5265731811523438
Bearing1_7,2193,0.015057573094964027,0.5239259004592896
Bearing1_7,2194,0.014614703133702278,0.5221521258354187
Bearing1_7,2195,0.014171833172440529,0.5174463987350464
Bearing1_7,2196,0.013728964142501354,0.512317955493927
Bearing1_7,2197,0.013286094181239605,0.5073478817939758
Bearing1_7,2198,0.012843224219977856,0.5036865472793579
Bearing1_7,2199,0.012400354258716106,0.4926803410053253
Bearing1_7,2200,0.011957484297454357,0.4815113842487335
Bearing1_7,2201,0.011514614336192608,0.47744020819664
Bearing1_7,2202,0.011071745306253433,0.46765998005867004
Bearing1_7,2203,0.010628875344991684,0.4561603367328644
Bearing1_7,2204,0.010186005383729935,0.4472004771232605
Bearing1_7,2205,0.009743135422468185,0.43492135405540466
Bearing1_7,2206,0.009300265461206436,0.4220721423625946
Bearing1_7,2207,0.008857395499944687,0.4076828062534332
Bearing1_7,2208,0.008414526470005512,0.39987850189208984
Bearing1_7,2209,0.007971656508743763,0.38934624195098877
Bearing1_7,2210,0.007528786547482014,0.383223295211792
Bearing1_7,2211,0.0070859165862202644,0.378253698348999
Bearing1_7,2212,0.0066430470906198025,0.371078759431839
Bearing1_7,2213,0.006200177129358053,0.3716832101345062
Bearing1_7,2214,0.005757307168096304,0.36808115243911743
Bearing1_7,2215,0.005314437672495842,0.3675249218940735
Bearing1_7,2216,0.004871567711234093,0.3647371828556061
Bearing1_7,2217,0.0044286977499723434,0.36089983582496643
Bearing1_7,2218,0.0039858282543718815,0.35949185490608215
Bearing1_7,2219,0.0035429582931101322,0.3598278760910034
Bearing1_7,2220,0.0031000885646790266,0.35657650232315063
Bearing1_7,2221,0.002657218836247921,0.355159729719162
Bearing1_7,2222,0.0022143488749861717,0.35291585326194763
Bearing1_7,2223,0.0017714791465550661,0.3513337969779968
Bearing1_7,2224,0.0013286094181239605,0.34920835494995117
Bearing1_7,2225,0.0008857395732775331,0.3468734920024872
Bearing1_7,2226,0.00044286978663876653,0.3449196219444275
Bearing1_7,2227,0.0,0.3432042598724365
Bearing2_3,0,0.984135091304779,0.6881529688835144
Bearing2_3,1,0.9836233258247375,0.6710751056671143
Bearing2_3,2,0.983111560344696,0.6677117347717285
Bearing2_3,3,0.9825997948646545,0.6699711084365845
Bearing2_3,4,0.982088029384613,0.6660119891166687
Bearing2_3,5,0.9815762639045715,0.6570656299591064
Bearing2_3,6,0.98106449842453,0.665351927280426
Bearing2_3,7,0.9805527329444885,0.6676806211471558
Bearing2_3,8,0.980040967464447,0.6678781509399414
Bearing2_3,9,0.9795291423797607,0.6654208302497864
Bearing2_3,10,0.9790173768997192,0.6662811636924744
Bearing2_3,11,0.9785056114196777,0.6625288128852844
Bearing2_3,12,0.9779938459396362,0.6595357060432434
Bearing2_3,13,0.9774820804595947,0.6738555431365967
Bearing2_3,14,0.9769703149795532,0.6750126481056213
Bearing2_3,15,0.9764585494995117,0.6885409951210022
Bearing2_3,16,0.9759467840194702,0.6739642024040222
Bearing2_3,17,0.9754350185394287,0.6748540997505188
Bearing2_3,18,0.9749232530593872,0.6725979447364807
Bearing2_3,19,0.9744114875793457,0.6823828220367432
Bearing2_3,20,0.9738997220993042,0.6843826174736023
Bearing2_3,21,0.9733878970146179,0.6849204301834106
Bearing2_3,22,0.9728761315345764,0.6874729990959167
Bearing2_3,23,0.9723643660545349,0.6790940165519714
Bearing2_3,24,0.9718526005744934,0.6843449473381042
Bearing2_3,25,0.9713408350944519,0.6858832836151123
Bearing2_3,26,0.9708290696144104,0.70208340883255
Bearing2_3,27,0.9703173041343689,0.7075999975204468
Bearing2_3,28,0.9698055386543274,0.7168030142784119
Bearing2_3,29,0.9692937731742859,0.7224457859992981
Bearing2_3,30,0.9687820076942444,0.7277221083641052
Bearing2_3,31,0.9682702422142029,0.7506184577941895
Bearing2_3,32,0.9677584171295166,0.7515159845352173
Bearing2_3,33,0.9672466516494751,0.7575570940971375
Bearing2_3,34,0.9667348861694336,0.7649251222610474
Bearing2_3,35,0.9662231206893921,0.775885820388794
Bearing2_3,36,0.9657113552093506,0.7818611860275269
Bearing2_3,37,0.9651995897293091,0.7796909809112549
Bearing2_3,38,0.9646878242492676,0.781271755695343
Bearing2_3,39,0.9641760587692261,0.7856853008270264
Bearing2_3,40,0.9636642932891846,0.7981932759284973
Bearing2_3,41,0.9631525278091431,0.8059297204017639
Bearing2_3,42,0.9626407623291016,0.8213481903076172
Bearing2_3,43,0.9621289372444153,0.8154617547988892
Bearing2_3,44,0.9616171717643738,0.8251330852508545
Bearing2_3,45,0.9611054062843323,0.8266750574111938
Bearing2_3,46,0.9605936408042908,0.8252986073493958
Bearing2_3,47,0.9600818753242493,0.8325567841529846
Bearing2_3,48,0.9595701098442078,0.837927520275116
Bearing2_3,49,0.9590583443641663,0.839767575263977
Bearing2_3,50,0.9585465788841248,0.8471007347106934
Bearing2_3,51,0.9580348134040833,0.8496299386024475
Bearing2_3,52,0.9575230479240417,0.8541042804718018
Bearing2_3,53,0.9570112824440002,0.8542308211326599
Bearing2_3,54,0.9564995169639587,0.8505503535270691
Bearing2_3,55,0.9559876918792725,0.8619790077209473
Bearing2_3,56,0.955475926399231,0.8514857888221741
Bearing2_3,57,0.9549641609191895,0.8568593859672546
Bearing2_3,58,0.954452395439148,0.8529874682426453
Bearing2_3,59,0.9539406299591064,0.8623124361038208
Bearing2_3,60,0.9534288644790649,0.8699795603752136
Bearing2_3,61,0.9529170989990234,0.8510799407958984
Bearing2_3,62,0.9524053335189819,0.8745383024215698
Bearing2_3,63,0.9518935680389404,0.8723614811897278
Bearing2_3,64,0.9513818025588989,0.8731865286827087
Bearing2_3,65,0.9508700370788574,0.8722782135009766
Bearing2_3,66,0.9503582119941711,0.8849467039108276
Bearing2_3,67,0.9498464465141296,0.8823655843734741
Bearing2_3,68,0.9493346810340881,0.8811532258987427
Bearing2_3,69,0.9488229155540466,0.8906230926513672
Bearing2_3,70,0.9483111500740051,0.8919087648391724
Bearing2_3,71,0.9477993845939636,0.8903581500053406
Bearing2_3,72,0.9472876191139221,0.8871020078659058
Bearing2_3,73,0.9467758536338806,0.8770961165428162
Bearing2_3,74,0.9462640881538391,0.8759300708770752
Bearing2_3,75,0.9457523226737976,0.8874555826187134
Bearing2_3,76,0.9452405571937561,0.8831901550292969
Bearing2_3,77,0.9447287321090698,0.8747102618217468
Bearing2_3,78,0.9442169666290283,0.8809710144996643
Bearing2_3,79,0.9437052011489868,0.8728662729263306
Bearing2_3,80,0.9431934356689453,0.885986864566803
Bearing2_3,81,0.9426816701889038,0.8897664546966553
Bearing2_3,82,0.9421699047088623,0.8808890581130981
Bearing2_3,83,0.9416581392288208,0.8703321814537048
Bearing2_3,84,0.9411463737487793,0.8796743750572205
Bearing2_3,85,0.9406346082687378,0.8842519521713257
Bearing2_3,86,0.9401228427886963,0.8761512041091919
Bearing2_3,87,0.9396110773086548,0.8853868842124939
Bearing2_3,88,0.9390993118286133,0.8822588324546814
Bearing2_3,89,0.938587486743927,0.8718647956848145
Bearing2_3,90,0.9380757212638855,0.8688859343528748
Bearing2_3,91,0.937563955783844,0.8727970719337463
Bearing2_3,92,0.9370521903038025,0.8688267469406128
Bearing2_3,93,0.936540424823761,0.8735572695732117
Bearing2_3,94,0.9360286593437195,0.8669763207435608
Bearing2_3,95,0.935516893863678,0.8657159805297852
Bearing2_3,96,0.9350051283836365,0.8632445335388184
Bearing2_3,97,0.934493362903595,0.8694709539413452
Bearing2_3,98,0.9339815974235535,0.8633365631103516
Bearing2_3,99,0.933469831943512,0.8713971972465515
Bearing2_3,100,0.9329580068588257,0.8726794719696045
Bearing2_3,101,0.9324462413787842,0.8707053065299988
Bearing2_3,102,0.9319344758987427,0.8784607648849487
Bearing2_3,103,0.9314227104187012,0.8713846206665039
Bearing2_3,104,0.9309109449386597,0.8610349297523499
Bearing2_3,105,0.9303991794586182,0.8690990805625916
Bearing2_3,106,0.9298874139785767,0.8615238070487976
Bearing2_3,107,0.9293756484985352,0.8600376844406128
Bearing2_3,108,0.9288638830184937,0.8591439723968506
Bearing2_3,109,0.9283521175384521,0.8647724986076355
Bearing2_3,110,0.9278403520584106,0.8711787462234497
Bearing2_3,111,0.9273285865783691,0.8804872632026672
Bearing2_3,112,0.9268167614936829,0.8643194437026978
Bearing2_3,113,0.9263049960136414,0.8674280643463135
Bearing2_3,114,0.9257932305335999,0.8668946027755737
Bearing2_3,115,0.9252814650535583,0.8759654760360718
Bearing2_3,116,0.9247696995735168,0.8704965710639954
Bearing2_3,117,0.9242579340934753,0.8826796412467957
Bearing2_3,118,0.9237461686134338,0.8854628801345825
Bearing2_3,119,0.9232344031333923,0.8857330679893494
Bearing2_3,120,0.9227226376533508,0.8840029239654541
Bearing2_3,121,0.9222108721733093,0.8810803294181824
Bearing2_3,122,0.9216991066932678,0.8934212327003479
Bearing2_3,123,0.9211872816085815,0.9020549654960632
Bearing2_3,124,0.92067551612854,0.9098683595657349
Bearing2_3,125,0.9201637506484985,0.9112178087234497
Bearing2_3,126,0.919651985168457,0.9145386219024658
Bearing2_3,127,0.9191402196884155,0.9150647521018982
Bearing2_3,128,0.918628454208374,0.9287604689598083
Bearing2_3,129,0.9181166887283325,0.9239419102668762
Bearing2_3,130,0.917604923248291,0.9061596393585205
Bearing2_3,131,0.9170931577682495,0.9248709082603455
Bearing2_3,132,0.916581392288208,0.9224912524223328
Bearing2_3,133,0.9160696268081665,0.9336861371994019
Bearing2_3,134,0.9155578017234802,0.9192124605178833
Bearing2_3,135,0.9150460362434387,0.9413686990737915
Bearing2_3,136,0.9145342707633972,0.9413080811500549
Bearing2_3,137,0.9140225052833557,0.9452886581420898
Bearing2_3,138,0.9135107398033142,0.9359258413314819
Bearing2_3,139,0.9129989743232727,0.9411514401435852
Bearing2_3,140,0.9124872088432312,0.9439288377761841
Bearing2_3,141,0.9119754433631897,0.9416937828063965
Bearing2_3,142,0.9114636778831482,0.9426382780075073
Bearing2_3,143,0.9109519124031067,0.9407904744148254
Bearing2_3,144,0.9104401469230652,0.9441493153572083
Bearing2_3,145,0.9099283814430237,0.9338796138763428
Bearing2_3,146,0.9094165563583374,0.9296397566795349
Bearing2_3,147,0.9089047908782959,0.9343590140342712
Bearing2_3,148,0.9083930253982544,0.9098513126373291
Bearing2_3,149,0.9078812599182129,0.8997835516929626
Bearing2_3,150,0.9073694944381714,0.9020088315010071
Bearing2_3,151,0.9068577289581299,0.8859186768531799
Bearing2_3,152,0.9063459634780884,0.8794708847999573
Bearing2_3,153,0.9058341979980469,0.8885220885276794
Bearing2_3,154,0.9053224325180054,0.8819709420204163
Bearing2_3,155,0.9048106670379639,0.8682198524475098
Bearing2_3,156,0.9042989015579224,0.8635857701301575
Bearing2_3,157,0.9037870764732361,0.8611631989479065
Bearing2_3,158,0.9032753109931946,0.8570584654808044
Bearing2_3,159,0.9027635455131531,0.8582971096038818
Bearing2_3,160,0.9022517800331116,0.8559343814849854
Bearing2_3,161,0.9017400145530701,0.8590885400772095
Bearing2_3,162,0.9012282490730286,0.8590799570083618
Bearing2_3,163,0.9007164835929871,0.8585982322692871
Bearing2_3,164,0.9002047181129456,0.8602606654167175
Bearing2_3,165,0.899692952632904,0.855333149433136
Bearing2_3,166,0.8991811871528625,0.8503845930099487
Bearing2_3,167,0.898669421672821,0.8495070934295654
Bearing2_3,168,0.8981575965881348,0.858759343624115
Bearing2_3,169,0.8976458311080933,0.8583002090454102
Bearing2_3,170,0.8971340656280518,0.8702008128166199
Bearing2_3,171,0.8966223001480103,0.8630691766738892
Bearing2_3,172,0.8961105346679688,0.877423107624054
Bearing2_3,173,0.8955987691879272,0.877265214920044
Bearing2_3,174,0.8950870037078857,0.8883222937583923
Bearing2_3,175,0.8945752382278442,0.8942722082138062
Bearing2_3,176,0.8940634727478027,0.8994616866111755
Bearing2_3,177,0.8935517072677612,0.9058263897895813
Bearing2_3,178,0.8930399417877197,0.9103577733039856
Bearing2_3,179,0.8925281763076782,0.9229546189308167
Bearing2_3,180,0.8920163512229919,0.9220690727233887
Bearing2_3,181,0.8915045857429504,0.9263142347335815
Bearing2_3,182,0.8909928202629089,0.9313495755195618
Bearing2_3,183,0.8904810547828674,0.9407483339309692
Bearing2_3,184,0.8899692893028259,0.9429051876068115
Bearing2_3,185,0.8894575238227844,0.941895067691803
Bearing2_3,186,0.8889457583427429,0.949569821357727
Bearing2_3,187,0.8884339928627014,0.9561285376548767
Bearing2_3,188,0.8879222273826599,0.9573303461074829
Bearing2_3,189,0.8874104619026184,0.9487617611885071
Bearing2_3,190,0.8868986964225769,0.9616342782974243
Bearing2_3,191,0.8863868713378906,0.9620422124862671
Bearing2_3,192,0.8858751058578491,0.9633285403251648
Bearing2_3,193,0.8853633403778076,0.9617922902107239
Bearing2_3,194,0.8848515748977661,0.9638392329216003
Bearing2_3,195,0.8843398094177246,0.9658061861991882
Bearing2_3,196,0.8838280439376831,0.9646676182746887
Bearing2_3,197,0.8833162784576416,0.9613725543022156
Bearing2_3,198,0.8828045129776001,0.9620106816291809
Bearing2_3,199,0.8822927474975586,0.951974093914032
Bearing2_3,200,0.8817809820175171,0.9541205763816833
Bearing2_3,201,0.8812692165374756,0.9564898014068604
Bearing2_3,202,0.8807573914527893,0.9564807415008545
Bearing2_3,203,0.8802456259727478,0.95951247215271
Bearing2_3,204,0.8797338604927063,0.9582881331443787
Bearing2_3,205,0.8792220950126648,0.9542194604873657
Bearing2_3,206,0.8787103295326233,0.9540358185768127
Bearing2_3,207,0.8781985640525818,0.950170636177063
Bearing2_3,208,0.8776867985725403,0.9502390623092651
Bearing2_3,209,0.8771750330924988,0.9523885846138
Bearing2_3,210,0.8766632676124573,0.9538622498512268
Bearing2_3,211,0.8761515021324158,0.9550992250442505
Bearing2_3,212,0.8756397366523743,0.9535930156707764
Bearing2_3,213,0.8751279711723328,0.9556551575660706
Bearing2_3,214,0.8746161460876465,0.9506857991218567
Bearing2_3,215,0.874104380607605,0.9557589888572693
Bearing2_3,216,0.8735926151275635,0.9515172839164734
Bearing2_3,217,0.873080849647522,0.9520896673202515
Bearing2_3,218,0.8725690841674805,0.9430595636367798
Bearing2_3,219,0.872057318687439,0.9374465346336365
Bearing2_3,220,0.8715455532073975,0.9317542910575867
Bearing2_3,221,0.871033787727356,0.9376897215843201
Bearing2_3,222,0.8705220222473145,0.9215006232261658
Bearing2_3,223,0.870010256767273,0.9175997376441956
Bearing2_3,224,0.8694984912872314,0.9049957990646362
Bearing2_3,225,0.8689866662025452,0.9019342064857483
Bearing2_3,226,0.8684749007225037,0.8798398971557617
Bearing2_3,227,0.8679631352424622,0.884924590587616
Bearing2_3,228,0.8674513697624207,0.8747502565383911
Bearing2_3,229,0.8669396042823792,0.8568552732467651
Bearing2_3,230,0.8664278388023376,0.8394314646720886
Bearing2_3,231,0.8659160733222961,0.8246933221817017
Bearing2_3,232,0.8654043078422546,0.8079859614372253
Bearing2_3,233,0.8648925423622131,0.7999803423881531
Bearing2_3,234,0.8643807768821716,0.7874414920806885
Bearing2_3,235,0.8638690114021301,0.7871078252792358
Bearing2_3,236,0.8633571863174438,0.7715714573860168
Bearing2_3,237,0.8628454208374023,0.7632525563240051
Bearing2_3,238,0.8623336553573608,0.7605396509170532
Bearing2_3,239,0.8618218898773193,0.7182579636573792
Bearing2_3,240,0.8613101243972778,0.7238504886627197
Bearing2_3,241,0.8607983589172363,0.6545103192329407
Bearing2_3,242,0.8602865934371948,0.5815642476081848
Bearing2_3,243,0.8597748279571533,0.5150328874588013
Bearing2_3,244,0.8592630624771118,0.4522676467895508
Bearing2_3,245,0.8587512969970703,0.41276946663856506
Bearing2_3,246,0.8582395315170288,0.37834447622299194
Bearing2_3,247,0.8577277660369873,0.33901917934417725
Bearing2_3,248,0.857215940952301,0.34119221568107605
Bearing2_3,249,0.8567041754722595,0.29858288168907166
Bearing2_3,250,0.856192409992218,0.3054826855659485
Bearing2_3,251,0.8556806445121765,0.31495848298072815
Bearing2_3,252,0.855168879032135,0.30448806285858154
Bearing2_3,253,0.8546571135520935,0.2906142473220825
Bearing2_3,254,0.854145348072052,0.27255165576934814
Bearing2_3,255,0.8536335825920105,0.2861631512641907
Bearing2_3,256,0.853121817111969,0.2841530740261078
Bearing2_3,257,0.8526100516319275,0.24802397191524506
Bearing2_3,258,0.852098286151886,0.20830559730529785
Bearing2_3,259,0.8515864610671997,0.19338734447956085
Bearing2_3,260,0.8510746955871582,0.2218627631664276
Bearing2_3,261,0.8505629301071167,0.18553900718688965
Bearing2_3,262,0.8500511646270752,0.16699469089508057
Bearing2_3,263,0.8495393991470337,0.1408417671918869
Bearing2_3,264,0.8490276336669922,0.12900994718074799
Bearing2_3,265,0.8485158681869507,0.10269665718078613
Bearing2_3,266,0.8480041027069092,0.10560470819473267
Bearing2_3,267,0.8474923372268677,0.11700490862131119
Bearing2_3,268,0.8469805717468262,0.05438806861639023
Bearing2_3,269,0.8464688062667847,0.11146537959575653
Bearing2_3,270,0.8459570407867432,0.21076437830924988
Bearing2_3,271,0.8454452157020569,0.2541021704673767
Bearing2_3,272,0.8449334502220154,0.2460559457540512
Bearing2_3,273,0.8444216847419739,0.2904543876647949
Bearing2_3,274,0.8439099192619324,0.315881609916687
Bearing2_3,275,0.8433981537818909,0.34988874197006226
Bearing2_3,276,0.8428863883018494,0.35246542096138
Bearing2_3,277,0.8423746228218079,0.37477821111679077
Bearing2_3,278,0.8418628573417664,0.3914754390716553
Bearing2_3,279,0.8413510918617249,0.41627421975135803
Bearing2_3,280,0.8408393263816833,0.41800132393836975
Bearing2_3,281,0.8403275609016418,0.4281701147556305
Bearing2_3,282,0.8398157358169556,0.43396851420402527
Bearing2_3,283,0.8393039703369141,0.44131386280059814
Bearing2_3,284,0.8387922048568726,0.4570275843143463
Bearing2_3,285,0.838280439376831,0.46504777669906616
Bearing2_3,286,0.8377686738967896,0.4692690372467041
Bearing2_3,287,0.837256908416748,0.47443369030952454
Bearing2_3,288,0.8367451429367065,0.4850063621997833
Bearing2_3,289,0.836233377456665,0.49115580320358276
Bearing2_3,290,0.8357216119766235,0.48536673188209534
Bearing2_3,291,0.835209846496582,0.47898730635643005
Bearing2_3,292,0.8346980810165405,0.47704726457595825
Bearing2_3,293,0.8341862559318542,0.4872809648513794
Bearing2_3,294,0.8336744904518127,0.48351165652275085
Bearing2_3,295,0.8331627249717712,0.49455276131629944
Bearing2_3,296,0.8326509594917297,0.5106173753738403
Bearing2_3,297,0.8321391940116882,0.5117701292037964
Bearing2_3,298,0.8316274285316467,0.5242288708686829
Bearing2_3,299,0.8311156630516052,0.5279184579849243
Bearing2_3,300,0.8306038975715637,0.5420963168144226
Bearing2_3,301,0.8300921320915222,0.5412569642066956
Bearing2_3,302,0.8295803666114807,0.5462257266044617
Bearing2_3,303,0.8290686011314392,0.5626958608627319
Bearing2_3,304,0.8285568356513977,0.5795629620552063
Bearing2_3,305,0.8280450105667114,0.5920279026031494
Bearing2_3,306,0.8275332450866699,0.603872537612915
Bearing2_3,307,0.8270214796066284,0.6160407662391663
Bearing2_3,308,0.8265097141265869,0.6107527017593384
Bearing2_3,309,0.8259979486465454,0.6177905201911926
Bearing2_3,310,0.8254861831665039,0.6132380366325378
Bearing2_3,311,0.8249744176864624,0.5988626480102539
Bearing2_3,312,0.8244626522064209,0.6074483394622803
Bearing2_3,313,0.8239508867263794,0.5895180106163025
Bearing2_3,314,0.8234391212463379,0.6047089099884033
Bearing2_3,315,0.8229273557662964,0.5912858843803406
Bearing2_3,316,0.8224155306816101,0.5908586978912354
Bearing2_3,317,0.8219037652015686,0.5844882726669312
Bearing2_3,318,0.8213919997215271,0.6168590784072876
Bearing2_3,319,0.8208802342414856,0.6116517186164856
Bearing2_3,320,0.8203684687614441,0.6029278635978699
Bearing2_3,321,0.8198567032814026,0.581224799156189
Bearing2_3,322,0.8193449378013611,0.6026788949966431
Bearing2_3,323,0.8188331723213196,0.62712162733078
Bearing2_3,324,0.8183214068412781,0.6096417903900146
Bearing2_3,325,0.8178096413612366,0.6103320121765137
Bearing2_3,326,0.8172978758811951,0.6106815934181213
Bearing2_3,327,0.8167860507965088,0.5977645516395569
Bearing2_3,328,0.8162742853164673,0.5988052487373352
Bearing2_3,329,0.8157625198364258,0.6132051348686218
Bearing2_3,330,0.8152507543563843,0.6106297373771667
Bearing2_3,331,0.8147389888763428,0.6274763941764832
Bearing2_3,332,0.8142272233963013,0.6334391236305237
Bearing2_3,333,0.8137154579162598,0.6448497772216797
Bearing2_3,334,0.8132036924362183,0.6356059908866882
Bearing2_3,335,0.8126919269561768,0.6355662941932678
Bearing2_3,336,0.8121801614761353,0.6251545548439026
Bearing2_3,337,0.8116683959960938,0.6314143538475037
Bearing2_3,338,0.8111566305160522,0.62676602602005
Bearing2_3,339,0.810644805431366,0.6269590258598328
Bearing2_3,340,0.8101330399513245,0.6277375817298889
Bearing2_3,341,0.809621274471283,0.6208764910697937
Bearing2_3,342,0.8091095089912415,0.6082887649536133
Bearing2_3,343,0.8085977435112,0.5973806381225586
Bearing2_3,344,0.8080859780311584,0.6020408868789673
Bearing2_3,345,0.8075742125511169,0.5908350944519043
Bearing2_3,346,0.8070624470710754,0.5847974419593811
Bearing2_3,347,0.8065506815910339,0.5870285630226135
Bearing2_3,348,0.8060389161109924,0.5801986455917358
Bearing2_3,349,0.8055271506309509,0.5771914124488831
Bearing2_3,350,0.8050153255462646,0.5713574290275574
Bearing2_3,351,0.8045035600662231,0.5822752118110657
Bearing2_3,352,0.8039917945861816,0.5875678062438965
Bearing2_3,353,0.8034800291061401,0.6044967174530029
Bearing2_3,354,0.8029682636260986,0.6056783199310303
Bearing2_3,355,0.8024564981460571,0.5971539616584778
Bearing2_3,356,0.8019447326660156,0.6065402030944824
Bearing2_3,357,0.8014329671859741,0.6303487420082092
Bearing2_3,358,0.8009212017059326,0.6385197639465332
Bearing2_3,359,0.8004094362258911,0.6486805081367493
Bearing2_3,360,0.7998976707458496,0.6635744571685791
Bearing2_3,361,0.7993858456611633,0.6855365633964539
Bearing2_3,362,0.7988740801811218,0.6894041299819946
Bearing2_3,363,0.7983623147010803,0.6981986165046692
Bearing2_3,364,0.7978505492210388,0.7049738764762878
Bearing2_3,365,0.7973387837409973,0.7055863738059998
Bearing2_3,366,0.7968270182609558,0.7070288062095642
Bearing2_3,367,0.7963152527809143,0.6907116174697876
Bearing2_3,368,0.7958034873008728,0.6900743246078491
Bearing2_3,369,0.7952917218208313,0.6906940937042236
Bearing2_3,370,0.7947799563407898,0.6922261714935303
Bearing2_3,371,0.7942681908607483,0.6939374208450317
Bearing2_3,372,0.7937564253807068,0.68359375
Bearing2_3,373,0.7932446002960205,0.6767818331718445
Bearing2_3,374,0.792732834815979,0.6695116758346558
Bearing2_3,375,0.7922210693359375,0.6668776273727417
Bearing2_3,376,0.791709303855896,0.6592391133308411
Bearing2_3,377,0.7911975383758545,0.6408748030662537
Bearing2_3,378,0.790685772895813,0.6433766484260559
Bearing2_3,379,0.7901740074157715,0.6362966299057007
Bearing2_3,380,0.78966224193573,0.6384863257408142
Bearing2_3,381,0.7891504764556885,0.6343719959259033
Bearing2_3,382,0.788638710975647,0.6258631944656372
Bearing2_3,383,0.7881269454956055,0.6216351985931396
Bearing2_3,384,0.7876151204109192,0.6175370216369629
Bearing2_3,385,0.7871033549308777,0.6033040881156921
Bearing2_3,386,0.7865915894508362,0.5987289547920227
Bearing2_3,387,0.7860798239707947,0.592424750328064
Bearing2_3,388,0.7855680584907532,0.5830591320991516
Bearing2_3,389,0.7850562930107117,0.5756108164787292
Bearing2_3,390,0.7845445275306702,0.5828700065612793
Bearing2_3,391,0.7840327620506287,0.5875868201255798
Bearing2_3,392,0.7835209965705872,0.5915488600730896
Bearing2_3,393,0.7830092310905457,0.5977460741996765
Bearing2_3,394,0.7824974656105042,0.6041358709335327
Bearing2_3,395,0.7819857001304626,0.6096147894859314
Bearing2_3,396,0.7814738750457764,0.626780092716217
Bearing2_3,397,0.7809621095657349,0.6297122836112976
Bearing2_3,398,0.7804503440856934,0.6336750984191895
Bearing2_3,399,0.7799385786056519,0.6460840106010437
Bearing2_3,400,0.7794268131256104,0.6392961144447327
Bearing2_3,401,0.7789150476455688,0.6426538228988647
Bearing2_3,402,0.7784032821655273,0.6451790928840637
Bearing2_3,403,0.7778915166854858,0.6593872308731079
Bearing2_3,404,0.7773797512054443,0.6660735607147217
Bearing2_3,405,0.7768679857254028,0.6685882806777954
Bearing2_3,406,0.7763562202453613,0.6851480007171631
Bearing2_3,407,0.775844395160675,0.6844050884246826
Bearing2_3,408,0.7753326296806335,0.6883318424224854
Bearing2_3,409,0.774820864200592,0.6921650171279907
Bearing2_3,410,0.7743090987205505,0.6921805143356323
Bearing2_3,411,0.773797333240509,0.6873791813850403
Bearing2_3,412,0.7732855677604675,0.6999526619911194
Bearing2_3,413,0.772773802280426,0.6949605941772461
Bearing2_3,414,0.7722620368003845,0.6992620825767517
Bearing2_3,415,0.771750271320343,0.70040363073349
Bearing2_3,416,0.7712385058403015,0.6927286982536316
Bearing2_3,417,0.77072674036026,0.693257749080658
Bearing2_3,418,0.7702149152755737,0.6907395720481873
Bearing2_3,419,0.7697031497955322,0.6873538494110107
Bearing2_3,420,0.7691913843154907,0.6777447462081909
Bearing2_3,421,0.7686796188354492,0.6652429699897766
Bearing2_3,422,0.7681678533554077,0.6589842438697815
Bearing2_3,423,0.7676560878753662,0.6482805609703064
Bearing2_3,424,0.7671443223953247,0.6206233501434326
Bearing2_3,425,0.7666325569152832,0.6107342839241028
Bearing2_3,426,0.7661207914352417,0.6072890758514404
Bearing2_3,427,0.7656090259552002,0.6008584499359131
Bearing2_3,428,0.7650972604751587,0.5961750745773315
Bearing2_3,429,0.7645854949951172,0.598956823348999
Bearing2_3,430,0.7640736699104309,0.6012132167816162
Bearing2_3,431,0.7635619044303894,0.5888357162475586
Bearing2_3,432,0.7630501389503479,0.5861136317253113
Bearing2_3,433,0.7625383734703064,0.5790162682533264
Bearing2_3,434,0.7620266079902649,0.578819751739502
Bearing2_3,435,0.7615148425102234,0.5661951303482056
Bearing2_3,436,0.7610030770301819,0.5711249113082886
Bearing2_3,437,0.7604913115501404,0.5748173594474792
Bearing2_3,438,0.7599795460700989,0.5675166845321655
Bearing2_3,439,0.7594677805900574,0.5658955574035645
Bearing2_3,440,0.7589560151100159,0.5805106163024902
Bearing2_3,441,0.7584441900253296,0.581424355506897
Bearing2_3,442,0.7579324245452881,0.587644100189209
Bearing2_3,443,0.7574206590652466,0.5939647555351257
Bearing2_3,444,0.7569088935852051,0.5906322002410889
Bearing2_3,445,0.7563971281051636,0.5915180444717407
Bearing2_3,446,0.7558853626251221,0.6021166443824768
Bearing2_3,447,0.7553735971450806,0.6111682653427124
Bearing2_3,448,0.7548618316650391,0.6169286370277405
Bearing2_3,449,0.7543500661849976,0.6182873249053955
Bearing2_3,450,0.753838300704956,0.6264575719833374
Bearing2_3,451,0.7533265352249146,0.640097439289093
Bearing2_3,452,0.7528147101402283,0.6389006972312927
Bearing2_3,453,0.7523029446601868,0.6509420275688171
Bearing2_3,454,0.7517911791801453,0.6656502485275269
Bearing2_3,455,0.7512794137001038,0.6641751527786255
Bearing2_3,456,0.7507676482200623,0.6651893854141235
Bearing2_3,457,0.7502558827400208,0.6704128384590149
Bearing2_3,458,0.7497441172599792,0.6695212721824646
Bearing2_3,459,0.7492323517799377,0.6774755716323853
Bearing2_3,460,0.7487205862998962,0.6866987943649292
Bearing2_3,461,0.7482088208198547,0.6746741533279419
Bearing2_3,462,0.7476970553398132,0.6759762167930603
Bearing2_3,463,0.7471852898597717,0.6849464178085327
Bearing2_3,464,0.7466734647750854,0.6859517097473145
Bearing2_3,465,0.746161699295044,0.6826732158660889
Bearing2_3,466,0.7456499338150024,0.6946280598640442
Bearing2_3,467,0.7451381683349609,0.6958661079406738
Bearing2_3,468,0.7446264028549194,0.6844956874847412
Bearing2_3,469,0.7441146373748779,0.719046950340271
Bearing2_3,470,0.7436028718948364,0.7175533771514893
Bearing2_3,471,0.7430911064147949,0.7270153760910034
Bearing2_3,472,0.7425793409347534,0.7377591133117676
Bearing2_3,473,0.7420675754547119,0.7309023141860962
Bearing2_3,474,0.7415558099746704,0.7391233444213867
Bearing2_3,475,0.7410439848899841,0.7392248511314392
Bearing2_3,476,0.7405322194099426,0.7320466041564941
Bearing2_3,477,0.7400204539299011,0.729689359664917
Bearing2_3,478,0.7395086884498596,0.7120007872581482
Bearing2_3,479,0.7389969229698181,0.6974185705184937
Bearing2_3,480,0.7384851574897766,0.6997420787811279
Bearing2_3,481,0.7379733920097351,0.6673585772514343
Bearing2_3,482,0.7374616265296936,0.6493226289749146
Bearing2_3,483,0.7369498610496521,0.633121132850647
Bearing2_3,484,0.7364380955696106,0.6313601136207581
Bearing2_3,485,0.7359263300895691,0.6379150152206421
Bearing2_3,486,0.7354145050048828,0.6363615989685059
Bearing2_3,487,0.7349027395248413,0.6347046494483948
Bearing2_3,488,0.7343909740447998,0.6350507736206055
Bearing2_3,489,0.7338792085647583,0.6341870427131653
Bearing2_3,490,0.7333674430847168,0.6396507024765015
Bearing2_3,491,0.7328556776046753,0.6386755108833313
Bearing2_3,492,0.7323439121246338,0.6424240469932556
Bearing2_3,493,0.7318321466445923,0.6453951001167297
Bearing2_3,494,0.7313203811645508,0.6468241810798645
Bearing2_3,495,0.7308086156845093,0.6354688405990601
Bearing2_3,496,0.7302968502044678,0.6376543045043945
Bearing2_3,497,0.7297850847244263,0.6390402913093567
Bearing2_3,498,0.72927325963974,0.636779248714447
Bearing2_3,499,0.7287614941596985,0.6338923573493958
Bearing2_3,500,0.728249728679657,0.6264655590057373
Bearing2_3,501,0.7277379631996155,0.631855845451355
Bearing2_3,502,0.727226197719574,0.6301097869873047
Bearing2_3,503,0.7267144322395325,0.6352624893188477
Bearing2_3,504,0.726202666759491,0.6377891302108765
Bearing2_3,505,0.7256909012794495,0.6411587595939636
Bearing2_3,506,0.725179135799408,0.6389057040214539
Bearing2_3,507,0.7246673703193665,0.6460341215133667
Bearing2_3,508,0.724155604839325,0.6558670401573181
Bearing2_3,509,0.7236437797546387,0.6615926027297974
Bearing2_3,510,0.7231320142745972,0.666266918182373
Bearing2_3,511,0.7226202487945557,0.6606623530387878
Bearing2_3,512,0.7221084833145142,0.6700965166091919
Bearing2_3,513,0.7215967178344727,0.6740984320640564
Bearing2_3,514,0.7210849523544312,0.6747178435325623
Bearing2_3,515,0.7205731868743896,0.6954028010368347
Bearing2_3,516,0.7200614213943481,0.6911357641220093
Bearing2_3,517,0.7195496559143066,0.6778078079223633
Bearing2_3,518,0.7190378904342651,0.6776444315910339
Bearing2_3,519,0.7185261249542236,0.6719834804534912
Bearing2_3,520,0.7180142998695374,0.6714304685592651
Bearing2_3,521,0.7175025343894958,0.6814205646514893
Bearing2_3,522,0.7169907689094543,0.6686328053474426
Bearing2_3,523,0.7164790034294128,0.6577750444412231
Bearing2_3,524,0.7159672379493713,0.661189079284668
Bearing2_3,525,0.7154554724693298,0.6464052200317383
Bearing2_3,526,0.7149437069892883,0.6477660536766052
Bearing2_3,527,0.7144319415092468,0.6419199109077454
Bearing2_3,528,0.7139201760292053,0.6450443863868713
Bearing2_3,529,0.7134084105491638,0.6378094553947449
Bearing2_3,530,0.7128966450691223,0.6519190669059753
Bearing2_3,531,0.7123848795890808,0.6601474285125732
Bearing2_3,532,0.7118730545043945,0.6659213900566101
Bearing2_3,533,0.711361289024353,0.6406769156455994
Bearing2_3,534,0.7108495235443115,0.6452763080596924
Bearing2_3,535,0.71033775806427,0.6423852443695068
Bearing2_3,536,0.7098259925842285,0.6426964402198792
Bearing2_3,537,0.709314227104187,0.6319819092750549
Bearing2_3,538,0.7088024616241455,0.6374478936195374
Bearing2_3,539,0.708290696144104,0.6344814896583557
Bearing2_3,540,0.7077789306640625,0.6395052671432495
Bearing2_3,541,0.707267165184021,0.6338632702827454
Bearing2_3,542,0.7067553997039795,0.6373487114906311
Bearing2_3,543,0.7062435746192932,0.627614438533783
Bearing2_3,544,0.7057318091392517,0.6226840019226074
Bearing2_3,545,0.7052200436592102,0.6189255714416504
Bearing2_3,546,0.7047082781791687,0.6200662851333618
Bearing2_3,547,0.7041965126991272,0.6266067028045654
Bearing2_3,548,0.7036847472190857,0.6243771314620972
Bearing2_3,549,0.7031729817390442,0.6288502216339111
Bearing2_3,550,0.7026612162590027,0.6318662166595459
Bearing2_3,551,0.7021494507789612,0.6349582076072693
Bearing2_3,552,0.7016376852989197,0.6394723057746887
Bearing2_3,553,0.7011259198188782,0.6376525163650513
Bearing2_3,554,0.7006141543388367,0.6288579702377319
Bearing2_3,555,0.7001023292541504,0.6168134212493896
Bearing2_3,556,0.6995905637741089,0.6188658475875854
Bearing2_3,557,0.6990787982940674,0.6194794774055481
Bearing2_3,558,0.6985670328140259,0.6177581548690796
Bearing2_3,559,0.6980552673339844,0.6251468658447266
Bearing2_3,560,0.6975435018539429,0.6200387477874756
Bearing2_3,561,0.6970317363739014,0.6136693358421326
Bearing2_3,562,0.6965199708938599,0.608128547668457
Bearing2_3,563,0.6960082054138184,0.6000155806541443
Bearing2_3,564,0.6954964399337769,0.5939086675643921
Bearing2_3,565,0.6949846744537354,0.5935776829719543
Bearing2_3,566,0.6944728493690491,0.5951849222183228
Bearing2_3,567,0.6939610838890076,0.5958057045936584
Bearing2_3,568,0.6934493184089661,0.6104705929756165
Bearing2_3,569,0.6929375529289246,0.6061580777168274
Bearing2_3,570,0.6924257874488831,0.6018692255020142
Bearing2_3,571,0.6919140219688416,0.6017466187477112
Bearing2_3,572,0.6914022564888,0.5968707799911499
Bearing2_3,573,0.6908904910087585,0.6034125089645386
Bearing2_3,574,0.690378725528717,0.6111274361610413
Bearing2_3,575,0.6898669600486755,0.6105577349662781
Bearing2_3,576,0.689355194568634,0.6063012480735779
Bearing2_3,577,0.6888433694839478,0.6046094298362732
Bearing2_3,578,0.6883316040039062,0.6075728535652161
Bearing2_3,579,0.6878198385238647,0.6026735305786133
Bearing2_3,580,0.6873080730438232,0.6012043356895447
Bearing2_3,581,0.6867963075637817,0.5987719297409058
Bearing2_3,582,0.6862845420837402,0.6083171367645264
Bearing2_3,583,0.6857727766036987,0.6107015609741211
Bearing2_3,584,0.6852610111236572,0.6112334132194519
Bearing2_3,585,0.6847492456436157,0.5983521938323975
Bearing2_3,586,0.6842374801635742,0.610047459602356
Bearing2_3,587,0.6837257146835327,0.6095696091651917
Bearing2_3,588,0.6832139492034912,0.6190213561058044
Bearing2_3,589,0.6827021241188049,0.6133235096931458
Bearing2_3,590,0.6821903586387634,0.6076990962028503
Bearing2_3,591,0.6816785931587219,0.6072266101837158
Bearing2_3,592,0.6811668276786804,0.606741726398468
Bearing2_3,593,0.6806550621986389,0.6081353425979614
Bearing2_3,594,0.6801432967185974,0.6190543174743652
Bearing2_3,595,0.6796315312385559,0.6160860657691956
Bearing2_3,596,0.6791197657585144,0.6138153672218323
Bearing2_3,597,0.6786080002784729,0.6117367744445801
Bearing2_3,598,0.6780962347984314,0.5913161039352417
Bearing2_3,599,0.6775844693183899,0.5809155702590942
Bearing2_3,600,0.6770726442337036,0.5677809119224548
Bearing2_3,601,0.6765608787536621,0.567095935344696
Bearing2_3,602,0.6760491132736206,0.559721052646637
Bearing2_3,603,0.6755373477935791,0.5659537315368652
Bearing2_3,604,0.6750255823135376,0.559348464012146
Bearing2_3,605,0.6745138168334961,0.5431174039840698
Bearing2_3,606,0.6740020513534546,0.5370491147041321
Bearing2_3,607,0.6734902858734131,0.511924684047699
Bearing2_3,608,0.6729785203933716,0.500984251499176
Bearing2_3,609,0.6724667549133301,0.49042627215385437
Bearing2_3,610,0.6719549894332886,0.47718119621276855
Bearing2_3,611,0.6714431643486023,0.4913841784000397
Bearing2_3,612,0.6709313988685608,0.4985615909099579
Bearing2_3,613,0.6704196333885193,0.49514779448509216
Bearing2_3,614,0.6699078679084778,0.47341591119766235
Bearing2_3,615,0.6693961024284363,0.49368658661842346
Bearing2_3,616,0.6688843369483948,0.47455015778541565
Bearing2_3,617,0.6683725714683533,0.47656697034835815
Bearing2_3,618,0.6678608059883118,0.450101375579834
Bearing2_3,619,0.6673490405082703,0.4856778383255005
Bearing2_3,620,0.6668372750282288,0.4311937093734741
Bearing2_3,621,0.6663255095481873,0.39449387788772583
Bearing2_3,622,0.6658137440681458,0.40627411007881165
Bearing2_3,623,0.6653019189834595,0.4078691005706787
Bearing2_3,624,0.664790153503418,0.40115809440612793
Bearing2_3,625,0.6642783880233765,0.37780749797821045
Bearing2_3,626,0.663766622543335,0.3574577271938324
Bearing2_3,627,0.6632548570632935,0.3618844449520111
Bearing2_3,628,0.662743091583252,0.3736264705657959
Bearing2_3,629,0.6622313261032104,0.359946072101593
Bearing2_3,630,0.661719560623169,0.3665010333061218
Bearing2_3,631,0.6612077951431274,0.3966064155101776
Bearing2_3,632,0.6606960296630859,0.3886856436729431
Bearing2_3,633,0.6601842641830444,0.4010429382324219
Bearing2_3,634,0.6596724390983582,0.38189131021499634
Bearing2_3,635,0.6591606736183167,0.3395964503288269
Bearing2_3,636,0.6586489081382751,0.3382701277732849
Bearing2_3,637,0.6581371426582336,0.36435621976852417
Bearing2_3,638,0.6576253771781921,0.3388904333114624
Bearing2_3,639,0.6571136116981506,0.34141114354133606
Bearing2_3,640,0.6566018462181091,0.3376385569572449
Bearing2_3,641,0.6560900807380676,0.38171958923339844
Bearing2_3,642,0.6555783152580261,0.34769877791404724
Bearing2_3,643,0.6550665497779846,0.3264538049697876
Bearing2_3,644,0.6545547842979431,0.31819888949394226
Bearing2_3,645,0.6540429592132568,0.3113279938697815
Bearing2_3,646,0.6535311937332153,0.33238106966018677
Bearing2_3,647,0.6530194282531738,0.32537907361984253
Bearing2_3,648,0.6525076627731323,0.295678049325943
Bearing2_3,649,0.6519958972930908,0.30977609753608704
Bearing2_3,650,0.6514841318130493,0.33531808853149414
Bearing2_3,651,0.6509723663330078,0.2943803071975708
Bearing2_3,652,0.6504606008529663,0.2973797023296356
Bearing2_3,653,0.6499488353729248,0.31133946776390076
Bearing2_3,654,0.6494370698928833,0.3082684874534607
Bearing2_3,655,0.6489253044128418,0.31925737857818604
Bearing2_3,656,0.6484135389328003,0.2927878201007843
Bearing2_3,657,0.647901713848114,0.3018660545349121
Bearing2_3,658,0.6473899483680725,0.2895519435405731
Bearing2_3,659,0.646878182888031,0.28840506076812744
Bearing2_3,660,0.6463664174079895,0.281533807516098
Bearing2_3,661,0.645854651927948,0.261133074760437
Bearing2_3,662,0.6453428864479065,0.24761313199996948
Bearing2_3,663,0.644831120967865,0.2240411937236786
Bearing2_3,664,0.6443193554878235,0.2137630581855774
Bearing2_3,665,0.643807590007782,0.21364659070968628
Bearing2_3,666,0.6432958245277405,0.21397969126701355
Bearing2_3,667,0.642784059047699,0.22201375663280487
Bearing2_3,668,0.6422722339630127,0.20117463171482086
Bearing2_3,669,0.6417604684829712,0.1935269981622696
Bearing2_3,670,0.6412487030029297,0.176235169172287
Bearing2_3,671,0.6407369375228882,0.17088519036769867
Bearing2_3,672,0.6402251720428467,0.16283351182937622
Bearing2_3,673,0.6397134065628052,0.1319422572851181
Bearing2_3,674,0.6392016410827637,0.12051772326231003
Bearing2_3,675,0.6386898756027222,0.11206730455160141
Bearing2_3,676,0.6381781101226807,0.11349038034677505
Bearing2_3,677,0.6376663446426392,0.1075468510389328
Bearing2_3,678,0.6371545791625977,0.10464326292276382
Bearing2_3,679,0.6366428136825562,0.10759042948484421
Bearing2_3,680,0.6361309885978699,0.1044885590672493
Bearing2_3,681,0.6356192231178284,0.10530707985162735
Bearing2_3,682,0.6351074576377869,0.10030532628297806
Bearing2_3,683,0.6345956921577454,0.09770585596561432
Bearing2_3,684,0.6340839266777039,0.0952136442065239
Bearing2_3,685,0.6335721611976624,0.0924205332994461
Bearing2_3,686,0.6330603957176208,0.08693866431713104
Bearing2_3,687,0.6325486302375793,0.09217243641614914
Bearing2_3,688,0.6320368647575378,0.08204001933336258
Bearing2_3,689,0.6315250992774963,0.09227023273706436
Bearing2_3,690,0.6310133337974548,0.09121673554182053
Bearing2_3,691,0.6305015087127686,0.08041111379861832
Bearing2_3,692,0.629989743232727,0.08059471100568771
Bearing2_3,693,0.6294779777526855,0.08835292607545853
Bearing2_3,694,0.628966212272644,0.08191930502653122
Bearing2_3,695,0.6284544467926025,0.08333383500576019
Bearing2_3,696,0.627942681312561,0.0744938775897026
Bearing2_3,697,0.6274309158325195,0.08132832497358322
Bearing2_3,698,0.626919150352478,0.07498130202293396
Bearing2_3,699,0.6264073848724365,0.09070950001478195
Bearing2_3,700,0.625895619392395,0.09381705522537231
Bearing2_3,701,0.6253838539123535,0.10059235990047455
Bearing2_3,702,0.6248720288276672,0.09899599850177765
Bearing2_3,703,0.6243602633476257,0.09268945455551147
Bearing2_3,704,0.6238484978675842,0.09584618359804153
Bearing2_3,705,0.6233367323875427,0.10752992331981659
Bearing2_3,706,0.6228249669075012,0.11603716760873795
Bearing2_3,707,0.6223132014274597,0.11079929769039154
Bearing2_3,708,0.6218014359474182,0.11670118570327759
Bearing2_3,709,0.6212896704673767,0.11269649863243103
Bearing2_3,710,0.6207779049873352,0.11096566170454025
Bearing2_3,711,0.6202661395072937,0.10624902695417404
Bearing2_3,712,0.6197543740272522,0.10893543809652328
Bearing2_3,713,0.6192426085472107,0.11150459200143814
Bearing2_3,714,0.6187307834625244,0.10602620244026184
Bearing2_3,715,0.6182190179824829,0.1015462800860405
Bearing2_3,716,0.6177072525024414,0.09669848531484604
Bearing2_3,717,0.6171954870223999,0.09399128705263138
Bearing2_3,718,0.6166837215423584,0.09514131397008896
Bearing2_3,719,0.6161719560623169,0.08856208622455597
Bearing2_3,720,0.6156601905822754,0.08892937004566193
Bearing2_3,721,0.6151484251022339,0.08862552046775818
Bearing2_3,722,0.6146366596221924,0.09711333364248276
Bearing2_3,723,0.6141248941421509,0.096692755818367
Bearing2_3,724,0.6136131286621094,0.09973476082086563
Bearing2_3,725,0.6131013035774231,0.09722661972045898
Bearing2_3,726,0.6125895380973816,0.09916612505912781
Bearing2_3,727,0.6120777726173401,0.09133398532867432
Bearing2_3,728,0.6115660071372986,0.09783013164997101
Bearing2_3,729,0.6110542416572571,0.10116738080978394
Bearing2_3,730,0.6105424761772156,0.09964951127767563
Bearing2_3,731,0.6100307106971741,0.10243532061576843
Bearing2_3,732,0.6095189452171326,0.10928314179182053
Bearing2_3,733,0.6090071797370911,0.11574813723564148
Bearing2_3,734,0.6084954142570496,0.13026241958141327
Bearing2_3,735,0.6079836487770081,0.14212509989738464
Bearing2_3,736,0.6074718236923218,0.1474609673023224
Bearing2_3,737,0.6069600582122803,0.13694410026073456
Bearing2_3,738,0.6064482927322388,0.1459849327802658
Bearing2_3,739,0.6059365272521973,0.17392441630363464
Bearing2_3,740,0.6054247617721558,0.15822768211364746
Bearing2_3,741,0.6049129962921143,0.1619051843881607
Bearing2_3,742,0.6044012308120728,0.15237776935100555
Bearing2_3,743,0.6038894653320312,0.16084140539169312
Bearing2_3,744,0.6033776998519897,0.15400610864162445
Bearing2_3,745,0.6028659343719482,0.15473434329032898
Bearing2_3,746,0.6023541688919067,0.15715116262435913
Bearing2_3,747,0.6018424034118652,0.16850875318050385
Bearing2_3,748,0.601330578327179,0.1573100984096527
Bearing2_3,749,0.6008188128471375,0.16192558407783508
Bearing2_3,750,0.600307047367096,0.16243579983711243
Bearing2_3,751,0.5997952818870544,0.1679655760526657
Bearing2_3,752,0.5992835164070129,0.1710948348045349
Bearing2_3,753,0.5987717509269714,0.16329488158226013
Bearing2_3,754,0.5982599854469299,0.17543962597846985
Bearing2_3,755,0.5977482199668884,0.16376449167728424
Bearing2_3,756,0.5972364544868469,0.1766185164451599
Bearing2_3,757,0.5967246890068054,0.1800290048122406
Bearing2_3,758,0.5962129235267639,0.17456716299057007
Bearing2_3,759,0.5957010984420776,0.18662548065185547
Bearing2_3,760,0.5951893329620361,0.1790556162595749
Bearing2_3,761,0.5946775674819946,0.185752272605896
Bearing2_3,762,0.5941658020019531,0.19202184677124023
Bearing2_3,763,0.5936540365219116,0.19081859290599823
Bearing2_3,764,0.5931422710418701,0.20449569821357727
Bearing2_3,765,0.5926305055618286,0.22462090849876404
Bearing2_3,766,0.5921187400817871,0.21654735505580902
Bearing2_3,767,0.5916069746017456,0.2080233097076416
Bearing2_3,768,0.5910952091217041,0.21107617020606995
Bearing2_3,769,0.5905834436416626,0.2552860677242279
Bearing2_3,770,0.5900716185569763,0.23859240114688873
Bearing2_3,771,0.5895598530769348,0.2239741086959839
Bearing2_3,772,0.5890480875968933,0.21429046988487244
Bearing2_3,773,0.5885363221168518,0.17335480451583862
Bearing2_3,774,0.5880245566368103,0.18647196888923645
Bearing2_3,775,0.5875127911567688,0.19675594568252563
Bearing2_3,776,0.5870010256767273,0.19059313833713531
Bearing2_3,777,0.5864892601966858,0.19936834275722504
Bearing2_3,778,0.5859774947166443,0.20706616342067719
Bearing2_3,779,0.5854657292366028,0.22609496116638184
Bearing2_3,780,0.5849539637565613,0.22811146080493927
Bearing2_3,781,0.5844421982765198,0.22904324531555176
Bearing2_3,782,0.5839303731918335,0.23605959117412567
Bearing2_3,783,0.583418607711792,0.2915911376476288
Bearing2_3,784,0.5829068422317505,0.2482820451259613
Bearing2_3,785,0.582395076751709,0.32190731167793274
Bearing2_3,786,0.5818833112716675,0.3370658755302429
Bearing2_3,787,0.581371545791626,0.3823671340942383
Bearing2_3,788,0.5808597803115845,0.3776368498802185
Bearing2_3,789,0.580348014831543,0.39104655385017395
Bearing2_3,790,0.5798362493515015,0.36926716566085815
Bearing2_3,791,0.57932448387146,0.27982276678085327
Bearing2_3,792,0.5788127183914185,0.3211699426174164
Bearing2_3,793,0.5783008933067322,0.26936009526252747
Bearing2_3,794,0.5777891278266907,0.27311354875564575
Bearing2_3,795,0.5772773623466492,0.2589253783226013
Bearing2_3,796,0.5767655968666077,0.23289500176906586
Bearing2_3,797,0.5762538313865662,0.23546846210956573
Bearing2_3,798,0.5757420659065247,0.21810178458690643
Bearing2_3,799,0.5752303004264832,0.20827770233154297
Bearing2_3,800,0.5747185349464417,0.21329396963119507
Bearing2_3,801,0.5742067694664001,0.2041829377412796
Bearing2_3,802,0.5736950039863586,0.1915406733751297
Bearing2_3,803,0.5731832385063171,0.1745179295539856
Bearing2_3,804,0.5726714134216309,0.17108041048049927
Bearing2_3,805,0.5721596479415894,0.16044597327709198
Bearing2_3,806,0.5716478824615479,0.15124620497226715
Bearing2_3,807,0.5711361169815063,0.14050231873989105
Bearing2_3,808,0.5706243515014648,0.13044391572475433
Bearing2_3,809,0.5701125860214233,0.132231205701828
Bearing2_3,810,0.5696008205413818,0.12891747057437897
Bearing2_3,811,0.5690890550613403,0.12672308087348938
Bearing2_3,812,0.5685772895812988,0.1287439614534378
Bearing2_3,813,0.5680655241012573,0.12263177335262299
Bearing2_3,814,0.5675537586212158,0.11405513435602188
Bearing2_3,815,0.5670419931411743,0.12046604603528976
Bearing2_3,816,0.566530168056488,0.11628656834363937
Bearing2_3,817,0.5660184025764465,0.120118647813797
Bearing2_3,818,0.565506637096405,0.11827497184276581
Bearing2_3,819,0.5649948716163635,0.1176186352968216
Bearing2_3,820,0.564483106136322,0.11520562320947647
Bearing2_3,821,0.5639713406562805,0.12255915999412537
Bearing2_3,822,0.563459575176239,0.12709203362464905
Bearing2_3,823,0.5629478096961975,0.13296367228031158
Bearing2_3,824,0.562436044216156,0.12346643954515457
Bearing2_3,825,0.5619242787361145,0.14773261547088623
Bearing2_3,826,0.561412513256073,0.15200500190258026
Bearing2_3,827,0.5609006881713867,0.15052710473537445
Bearing2_3,828,0.5603889226913452,0.15993119776248932
Bearing2_3,829,0.5598771572113037,0.15804535150527954
Bearing2_3,830,0.5593653917312622,0.15985004603862762
Bearing2_3,831,0.5588536262512207,0.14620661735534668
Bearing2_3,832,0.5583418607711792,0.15822863578796387
Bearing2_3,833,0.5578300952911377,0.16030465066432953
Bearing2_3,834,0.5573183298110962,0.1901557296514511
Bearing2_3,835,0.5568065643310547,0.18583384156227112
Bearing2_3,836,0.5562947988510132,0.20445901155471802
Bearing2_3,837,0.5557830333709717,0.21022319793701172
Bearing2_3,838,0.5552712678909302,0.21023961901664734
Bearing2_3,839,0.5547594428062439,0.1963052898645401
Bearing2_3,840,0.5542476773262024,0.21771825850009918
Bearing2_3,841,0.5537359118461609,0.20898346602916718
Bearing2_3,842,0.5532241463661194,0.21438650786876678
Bearing2_3,843,0.5527123808860779,0.20560583472251892
Bearing2_3,844,0.5522006154060364,0.20895926654338837
Bearing2_3,845,0.5516888499259949,0.21900513768196106
Bearing2_3,846,0.5511770844459534,0.19927802681922913
Bearing2_3,847,0.5506653189659119,0.19492526352405548
Bearing2_3,848,0.5501535534858704,0.22109919786453247
Bearing2_3,849,0.5496417880058289,0.2319256216287613
Bearing2_3,850,0.5491299629211426,0.2242395579814911
Bearing2_3,851,0.5486181974411011,0.254211962223053
Bearing2_3,852,0.5481064319610596,0.21116051077842712
Bearing2_3,853,0.5475946664810181,0.2088157832622528
Bearing2_3,854,0.5470829010009766,0.21265007555484772
Bearing2_3,855,0.5465711355209351,0.22932417690753937
Bearing2_3,856,0.5460593700408936,0.22743257880210876
Bearing2_3,857,0.545547604560852,0.22107180953025818
Bearing2_3,858,0.5450358390808105,0.22798292338848114
Bearing2_3,859,0.544524073600769,0.29924848675727844
Bearing2_3,860,0.5440123081207275,0.29149311780929565
Bearing2_3,861,0.5435004830360413,0.28497594594955444
Bearing2_3,862,0.5429887175559998,0.30605196952819824
Bearing2_3,863,0.5424769520759583,0.2809320390224457
Bearing2_3,864,0.5419651865959167,0.2514890134334564
Bearing2_3,865,0.5414534211158752,0.2693912386894226
Bearing2_3,866,0.5409416556358337,0.2655412256717682
Bearing2_3,867,0.5404298901557922,0.277344286441803
Bearing2_3,868,0.5399181246757507,0.26371076703071594
Bearing2_3,869,0.5394063591957092,0.23842619359493256
Bearing2_3,870,0.5388945937156677,0.23281188309192657
Bearing2_3,871,0.5383828282356262,0.259988933801651
Bearing2_3,872,0.5378710627555847,0.24684852361679077
Bearing2_3,873,0.5373592376708984,0.21546950936317444
Bearing2_3,874,0.5368474721908569,0.204182431101799
Bearing2_3,875,0.5363357067108154,0.20228154957294464
Bearing2_3,876,0.5358239412307739,0.19627735018730164
Bearing2_3,877,0.5353121757507324,0.18810056149959564
Bearing2_3,878,0.5348004102706909,0.1670987904071808
Bearing2_3,879,0.5342886447906494,0.1467135101556778
Bearing2_3,880,0.5337768793106079,0.14122319221496582
Bearing2_3,881,0.5332651138305664,0.14666372537612915
Bearing2_3,882,0.5327533483505249,0.15061436593532562
Bearing2_3,883,0.5322415828704834,0.14521697163581848
Bearing2_3,884,0.5317297577857971,0.15644963085651398
Bearing2_3,885,0.5312179923057556,0.16597522795200348
Bearing2_3,886,0.5307062268257141,0.1877802610397339
Bearing2_3,887,0.5301944613456726,0.20321640372276306
Bearing2_3,888,0.5296826958656311,0.1817881464958191
Bearing2_3,889,0.5291709303855896,0.1973618119955063
Bearing2_3,890,0.5286591649055481,0.19289511442184448
Bearing2_3,891,0.5281473994255066,0.19271062314510345
Bearing2_3,892,0.5276356339454651,0.17956559360027313
Bearing2_3,893,0.5271238684654236,0.18686644732952118
Bearing2_3,894,0.5266121029853821,0.15673060715198517
Bearing2_3,895,0.5261002779006958,0.13997571170330048
Bearing2_3,896,0.5255885124206543,0.15717987716197968
Bearing2_3,897,0.5250767469406128,0.14185751974582672
Bearing2_3,898,0.5245649814605713,0.1414022296667099
Bearing2_3,899,0.5240532159805298,0.1332913488149643
Bearing2_3,900,0.5235414505004883,0.1350037008523941
Bearing2_3,901,0.5230296850204468,0.1301974356174469
Bearing2_3,902,0.5225179195404053,0.1392204463481903
Bearing2_3,903,0.5220061540603638,0.13779476284980774
Bearing2_3,904,0.5214943885803223,0.13045677542686462
Bearing2_3,905,0.5209826231002808,0.13434547185897827
Bearing2_3,906,0.5204708576202393,0.1385023593902588
Bearing2_3,907,0.519959032535553,0.1480155736207962
Bearing2_3,908,0.5194472670555115,0.14794211089611053
Bearing2_3,909,0.51893550157547,0.16475306451320648
Bearing2_3,910,0.5184237360954285,0.1418454945087433
Bearing2_3,911,0.517911970615387,0.14663177728652954
Bearing2_3,912,0.5174002051353455,0.1420735865831375
Bearing2_3,913,0.516888439655304,0.13642750680446625
Bearing2_3,914,0.5163766741752625,0.13626645505428314
Bearing2_3,915,0.515864908695221,0.14125967025756836
Bearing2_3,916,0.5153531432151794,0.13157625496387482
Bearing2_3,917,0.5148413777351379,0.1282074898481369
Bearing2_3,918,0.5143295526504517,0.13513991236686707
Bearing2_3,919,0.5138177871704102,0.13008442521095276
Bearing2_3,920,0.5133060216903687,0.13853472471237183
Bearing2_3,921,0.5127942562103271,0.14137545228004456
Bearing2_3,922,0.5122824907302856,0.13951581716537476
Bearing2_3,923,0.5117707252502441,0.14357724785804749
Bearing2_3,924,0.5112589597702026,0.13762283325195312
Bearing2_3,925,0.5107471942901611,0.1372256875038147
Bearing2_3,926,0.5102354288101196,0.1342109590768814
Bearing2_3,927,0.5097236633300781,0.13307704031467438
Bearing2_3,928,0.5092118978500366,0.13956524431705475
Bearing2_3,929,0.5087000727653503,0.1581125408411026
Bearing2_3,930,0.5081883072853088,0.13901090621948242
Bearing2_3,931,0.5076765418052673,0.1358516812324524
Bearing2_3,932,0.5071647763252258,0.15454210340976715
Bearing2_3,933,0.5066530108451843,0.1410176157951355
Bearing2_3,934,0.5061412453651428,0.14576803147792816
Bearing2_3,935,0.5056294798851013,0.14020925760269165
Bearing2_3,936,0.5051177144050598,0.12974707782268524
Bearing2_3,937,0.5046059489250183,0.1302751898765564
Bearing2_3,938,0.5040941834449768,0.12937355041503906
Bearing2_3,939,0.5035824179649353,0.1219150498509407
Bearing2_3,940,0.5030706524848938,0.11572101712226868
Bearing2_3,941,0.5025588274002075,0.11269078403711319
Bearing2_3,942,0.502047061920166,0.11226452142000198
Bearing2_3,943,0.5015352964401245,0.11895354837179184
Bearing2_3,944,0.501023530960083,0.10788388550281525
Bearing2_3,945,0.5005117654800415,0.11556170880794525
Bearing2_3,946,0.5,0.11514568328857422
Bearing2_3,947,0.4994882345199585,0.11306630074977875
Bearing2_3,948,0.498976469039917,0.11561273783445358
Bearing2_3,949,0.4984646737575531,0.11554257571697235
Bearing2_3,950,0.4979529082775116,0.11099021881818771
Bearing2_3,951,0.4974411427974701,0.11078976094722748
Bearing2_3,952,0.4969293773174286,0.10775795578956604
Bearing2_3,953,0.4964176118373871,0.10884658992290497
Bearing2_3,954,0.4959058463573456,0.09648558497428894
Bearing2_3,955,0.4953940510749817,0.09810948371887207
Bearing2_3,956,0.4948822855949402,0.09726841002702713
Bearing2_3,957,0.4943705201148987,0.10258379578590393
Bearing2_3,958,0.4938587546348572,0.09770488739013672
Bearing2_3,959,0.4933469891548157,0.09781111776828766
Bearing2_3,960,0.49283522367477417,0.09967628121376038
Bearing2_3,961,0.4923234283924103,0.08923594653606415
Bearing2_3,962,0.4918116629123688,0.09297408908605576
Bearing2_3,963,0.49129989743232727,0.08568308502435684
Bearing2_3,964,0.49078813195228577,0.07920166105031967
Bearing2_3,965,0.49027636647224426,0.0981038361787796
Bearing2_3,966,0.48976457118988037,0.09592985361814499
Bearing2_3,967,0.48925280570983887,0.09202992916107178
Bearing2_3,968,0.48874104022979736,0.09501993656158447
Bearing2_3,969,0.48822927474975586,0.10110177099704742
Bearing2_3,970,0.48771750926971436,0.10036687552928925
Bearing2_3,971,0.48720574378967285,0.10646180808544159
Bearing2_3,972,0.48669394850730896,0.1156475767493248
Bearing2_3,973,0.48618218302726746,0.11347027868032455
Bearing2_3,974,0.48567041754722595,0.12022332102060318
Bearing2_3,975,0.48515865206718445,0.11422064155340195
Bearing2_3,976,0.48464688658714294,0.10927422344684601
Bearing2_3,977,0.48413512110710144,0.11088872700929642
Bearing2_3,978,0.48362332582473755,0.11467693001031876
Bearing2_3,979,0.48311156034469604,0.11337492614984512
Bearing2_3,980,0.48259979486465454,0.12097098678350449
Bearing2_3,981,0.48208802938461304,0.12274636328220367
Bearing2_3,982,0.48157626390457153,0.12741266191005707
Bearing2_3,983,0.48106446862220764,0.1257987767457962
Bearing2_3,984,0.48055270314216614,0.13573116064071655
Bearing2_3,985,0.48004093766212463,0.14066855609416962
Bearing2_3,986,0.47952917218208313,0.15199920535087585
Bearing2_3,987,0.4790174067020416,0.1467607468366623
Bearing2_3,988,0.4785056412220001,0.13644304871559143
Bearing2_3,989,0.47799384593963623,0.1308719515800476
Bearing2_3,990,0.4774820804595947,0.135793998837471
Bearing2_3,991,0.4769703149795532,0.12942451238632202
Bearing2_3,992,0.4764585494995117,0.13167023658752441
Bearing2_3,993,0.4759467840194702,0.13366344571113586
Bearing2_3,994,0.4754350185394287,0.13735218346118927
Bearing2_3,995,0.4749232232570648,0.13969270884990692
Bearing2_3,996,0.4744114577770233,0.1335504651069641
Bearing2_3,997,0.4738996922969818,0.12676291167736053
Bearing2_3,998,0.4733879268169403,0.12523965537548065
Bearing2_3,999,0.4728761613368988,0.13093386590480804
Bearing2_3,1000,0.4723643660545349,0.1286488175392151
Bearing2_3,1001,0.4718526005744934,0.12516936659812927
Bearing2_3,1002,0.4713408350944519,0.12205161899328232
Bearing2_3,1003,0.4708290696144104,0.12847761809825897
Bearing2_3,1004,0.4703173041343689,0.12716573476791382
Bearing2_3,1005,0.4698055386543274,0.1313970983028412
Bearing2_3,1006,0.4692937433719635,0.13249437510967255
Bearing2_3,1007,0.468781977891922,0.12831030786037445
Bearing2_3,1008,0.4682702124118805,0.1261453479528427
Bearing2_3,1009,0.467758446931839,0.1278737336397171
Bearing2_3,1010,0.4672466814517975,0.1358841210603714
Bearing2_3,1011,0.466734915971756,0.1329926997423172
Bearing2_3,1012,0.4662231206893921,0.14286959171295166
Bearing2_3,1013,0.4657113552093506,0.14794377982616425
Bearing2_3,1014,0.4651995897293091,0.15371821820735931
Bearing2_3,1015,0.4646878242492676,0.16180068254470825
Bearing2_3,1016,0.4641760587692261,0.1594661921262741
Bearing2_3,1017,0.46366429328918457,0.17039081454277039
Bearing2_3,1018,0.4631524980068207,0.1826634705066681
Bearing2_3,1019,0.4626407325267792,0.1813565045595169
Bearing2_3,1020,0.46212896704673767,0.19535472989082336
Bearing2_3,1021,0.46161720156669617,0.24339887499809265
Bearing2_3,1022,0.46110543608665466,0.2712749242782593
Bearing2_3,1023,0.46059364080429077,0.2607366442680359
Bearing2_3,1024,0.46008187532424927,0.24593569338321686
Bearing2_3,1025,0.45957010984420776,0.26037827134132385
Bearing2_3,1026,0.45905834436416626,0.22250939905643463
Bearing2_3,1027,0.45854657888412476,0.2186230570077896
Bearing2_3,1028,0.45803481340408325,0.2079896330833435
Bearing2_3,1029,0.45752301812171936,0.21029222011566162
Bearing2_3,1030,0.45701125264167786,0.2172657996416092
Bearing2_3,1031,0.45649948716163635,0.19701291620731354
Bearing2_3,1032,0.45598772168159485,0.1737823784351349
Bearing2_3,1033,0.45547595620155334,0.1797376126050949
Bearing2_3,1034,0.45496419072151184,0.17552118003368378
Bearing2_3,1035,0.45445239543914795,0.1716649979352951
Bearing2_3,1036,0.45394062995910645,0.1573011428117752
Bearing2_3,1037,0.45342886447906494,0.148851677775383
Bearing2_3,1038,0.45291709899902344,0.12928861379623413
Bearing2_3,1039,0.45240533351898193,0.15024138987064362
Bearing2_3,1040,0.45189353823661804,0.13210472464561462
Bearing2_3,1041,0.45138177275657654,0.14301073551177979
Bearing2_3,1042,0.45087000727653503,0.14267686009407043
Bearing2_3,1043,0.45035824179649353,0.14448565244674683
Bearing2_3,1044,0.449846476316452,0.13699458539485931
Bearing2_3,1045,0.4493347108364105,0.12416639178991318
Bearing2_3,1046,0.44882291555404663,0.12519991397857666
Bearing2_3,1047,0.4483111500740051,0.11774895340204239
Bearing2_3,1048,0.4477993845939636,0.12271903455257416
Bearing2_3,1049,0.4472876191139221,0.12196994572877884
Bearing2_3,1050,0.4467758536338806,0.11761651933193207
Bearing2_3,1051,0.4462640881538391,0.11782809346914291
Bearing2_3,1052,0.4457522928714752,0.11669355630874634
Bearing2_3,1053,0.4452405273914337,0.12468158453702927
Bearing2_3,1054,0.4447287619113922,0.1252482384443283
Bearing2_3,1055,0.4442169964313507,0.129863902926445
Bearing2_3,1056,0.4437052309513092,0.13455086946487427
Bearing2_3,1057,0.4431934356689453,0.13499176502227783
Bearing2_3,1058,0.4426816701889038,0.14240749180316925
Bearing2_3,1059,0.4421699047088623,0.1370133012533188
Bearing2_3,1060,0.4416581392288208,0.139816015958786
Bearing2_3,1061,0.4411463737487793,0.14158788323402405
Bearing2_3,1062,0.4406346082687378,0.14035718142986298
Bearing2_3,1063,0.4401228129863739,0.1460946798324585
Bearing2_3,1064,0.4396110475063324,0.14440318942070007
Bearing2_3,1065,0.4390992820262909,0.1474662572145462
Bearing2_3,1066,0.4385875165462494,0.142876535654068
Bearing2_3,1067,0.4380757510662079,0.14428867399692535
Bearing2_3,1068,0.4375639855861664,0.1534276157617569
Bearing2_3,1069,0.4370521903038025,0.150090292096138
Bearing2_3,1070,0.436540424823761,0.14158642292022705
Bearing2_3,1071,0.4360286593437195,0.1479540765285492
Bearing2_3,1072,0.435516893863678,0.13404962420463562
Bearing2_3,1073,0.4350051283836365,0.14050228893756866
Bearing2_3,1074,0.4344933331012726,0.13802102208137512
Bearing2_3,1075,0.4339815676212311,0.13099393248558044
Bearing2_3,1076,0.4334698021411896,0.1302693486213684
Bearing2_3,1077,0.43295803666114807,0.1276656538248062
Bearing2_3,1078,0.43244627118110657,0.12262308597564697
Bearing2_3,1079,0.43193450570106506,0.13103719055652618
Bearing2_3,1080,0.43142271041870117,0.1271815448999405
Bearing2_3,1081,0.43091094493865967,0.12691208720207214
Bearing2_3,1082,0.43039917945861816,0.12115290760993958
Bearing2_3,1083,0.42988741397857666,0.12803946435451508
Bearing2_3,1084,0.42937564849853516,0.12200240045785904
Bearing2_3,1085,0.42886388301849365,0.12175457924604416
Bearing2_3,1086,0.42835208773612976,0.12085673213005066
Bearing2_3,1087,0.42784032225608826,0.11835070699453354
Bearing2_3,1088,0.42732855677604675,0.11991719901561737
Bearing2_3,1089,0.42681679129600525,0.11751054972410202
Bearing2_3,1090,0.42630502581596375,0.11860112100839615
Bearing2_3,1091,0.42579323053359985,0.11557359248399734
Bearing2_3,1092,0.42528146505355835,0.11884943395853043
Bearing2_3,1093,0.42476969957351685,0.11593469977378845
Bearing2_3,1094,0.42425793409347534,0.11415119469165802
Bearing2_3,1095,0.42374616861343384,0.11407703161239624
Bearing2_3,1096,0.42323440313339233,0.1116291955113411
Bearing2_3,1097,0.42272260785102844,0.11612176150083542
Bearing2_3,1098,0.42221084237098694,0.11490706354379654
Bearing2_3,1099,0.42169907689094543,0.10889240354299545
Bearing2_3,1100,0.42118731141090393,0.10274352133274078
Bearing2_3,1101,0.4206755459308624,0.10978901386260986
Bearing2_3,1102,0.4201637804508209,0.11554349958896637
Bearing2_3,1103,0.41965198516845703,0.11372759938240051
Bearing2_3,1104,0.4191402196884155,0.11445444822311401
Bearing2_3,1105,0.418628454208374,0.1138913705945015
Bearing2_3,1106,0.4181166887283325,0.11814820766448975
Bearing2_3,1107,0.417604923248291,0.1190430298447609
Bearing2_3,1108,0.4170931279659271,0.12300530821084976
Bearing2_3,1109,0.4165813624858856,0.12627984583377838
Bearing2_3,1110,0.4160695970058441,0.13095125555992126
Bearing2_3,1111,0.4155578315258026,0.11859865486621857
Bearing2_3,1112,0.4150460660457611,0.11490815877914429
Bearing2_3,1113,0.4145343005657196,0.11627153307199478
Bearing2_3,1114,0.4140225052833557,0.11454297602176666
Bearing2_3,1115,0.4135107398033142,0.11149861663579941
Bearing2_3,1116,0.4129989743232727,0.10894513130187988
Bearing2_3,1117,0.4124872088432312,0.10612144321203232
Bearing2_3,1118,0.4119754433631897,0.10624898225069046
Bearing2_3,1119,0.4114636778831482,0.10392051935195923
Bearing2_3,1120,0.4109518826007843,0.10389281809329987
Bearing2_3,1121,0.4104401171207428,0.10374525189399719
Bearing2_3,1122,0.4099283516407013,0.10784619301557541
Bearing2_3,1123,0.4094165861606598,0.11096470057964325
Bearing2_3,1124,0.4089048206806183,0.10818549245595932
Bearing2_3,1125,0.4083930253982544,0.1035328060388565
Bearing2_3,1126,0.4078812599182129,0.09783005714416504
Bearing2_3,1127,0.4073694944381714,0.09993557631969452
Bearing2_3,1128,0.4068577289581299,0.10818243771791458
Bearing2_3,1129,0.4063459634780884,0.11054445803165436
Bearing2_3,1130,0.4058341979980469,0.10231602191925049
Bearing2_3,1131,0.405322402715683,0.10684206336736679
Bearing2_3,1132,0.4048106372356415,0.11642629653215408
Bearing2_3,1133,0.4042988717556,0.12059716880321503
Bearing2_3,1134,0.40378710627555847,0.11777667701244354
Bearing2_3,1135,0.40327534079551697,0.11969225853681564
Bearing2_3,1136,0.40276357531547546,0.11707407981157303
Bearing2_3,1137,0.4022517800331116,0.11503381282091141
Bearing2_3,1138,0.40174001455307007,0.11681466549634933
Bearing2_3,1139,0.40122824907302856,0.11811717599630356
Bearing2_3,1140,0.40071648359298706,0.12009648978710175
Bearing2_3,1141,0.40020471811294556,0.11672744899988174
Bearing2_3,1142,0.39969292283058167,0.11549835652112961
Bearing2_3,1143,0.39918115735054016,0.1181289404630661
Bearing2_3,1144,0.39866939187049866,0.11226236820220947
Bearing2_3,1145,0.39815762639045715,0.11295590549707413
Bearing2_3,1146,0.39764586091041565,0.11026334017515182
Bearing2_3,1147,0.39713409543037415,0.10778147727251053
Bearing2_3,1148,0.39662230014801025,0.1012372076511383
Bearing2_3,1149,0.39611053466796875,0.10414710640907288
Bearing2_3,1150,0.39559876918792725,0.09268011897802353
Bearing2_3,1151,0.39508700370788574,0.09386248886585236
Bearing2_3,1152,0.39457523822784424,0.09678368270397186
Bearing2_3,1153,0.39406347274780273,0.09599258750677109
Bearing2_3,1154,0.39355167746543884,0.091262087225914
Bearing2_3,1155,0.39303991198539734,0.08566327393054962
Bearing2_3,1156,0.39252814650535583,0.09327458590269089
Bearing2_3,1157,0.39201638102531433,0.0871022641658783
Bearing2_3,1158,0.3915046155452728,0.09161298722028732
Bearing2_3,1159,0.3909928500652313,0.09559672325849533
Bearing2_3,1160,0.39048105478286743,0.08315108716487885
Bearing2_3,1161,0.3899692893028259,0.08189838379621506
Bearing2_3,1162,0.3894575238227844,0.09053221344947815
Bearing2_3,1163,0.3889457583427429,0.08987939357757568
Bearing2_3,1164,0.3884339928627014,0.08617240935564041
Bearing2_3,1165,0.3879221975803375,0.0929325595498085
Bearing2_3,1166,0.387410432100296,0.09064151346683502
Bearing2_3,1167,0.3868986666202545,0.0864274650812149
Bearing2_3,1168,0.386386901140213,0.09535980224609375
Bearing2_3,1169,0.3858751356601715,0.102601557970047
Bearing2_3,1170,0.38536337018013,0.11409221589565277
Bearing2_3,1171,0.3848515748977661,0.1174096167087555
Bearing2_3,1172,0.3843398094177246,0.11497079581022263
Bearing2_3,1173,0.3838280439376831,0.1186923012137413
Bearing2_3,1174,0.3833162784576416,0.1244288980960846
Bearing2_3,1175,0.3828045129776001,0.12362617999315262
Bearing2_3,1176,0.3822927474975586,0.1340603530406952
Bearing2_3,1177,0.3817809522151947,0.1319592148065567
Bearing2_3,1178,0.3812691867351532,0.1320676952600479
Bearing2_3,1179,0.3807574212551117,0.14315155148506165
Bearing2_3,1180,0.3802456557750702,0.14595207571983337
Bearing2_3,1181,0.3797338902950287,0.171407550573349
Bearing2_3,1182,0.3792220950126648,0.17805591225624084
Bearing2_3,1183,0.3787103295326233,0.17258323729038239
Bearing2_3,1184,0.3781985640525818,0.16265834867954254
Bearing2_3,1185,0.3776867985725403,0.16050364077091217
Bearing2_3,1186,0.3771750330924988,0.17324300110340118
Bearing2_3,1187,0.3766632676124573,0.18890812993049622
Bearing2_3,1188,0.3761514723300934,0.16844631731510162
Bearing2_3,1189,0.3756397068500519,0.19163021445274353
Bearing2_3,1190,0.3751279413700104,0.18361473083496094
Bearing2_3,1191,0.37461617588996887,0.17884808778762817
Bearing2_3,1192,0.37410441040992737,0.2055649608373642
Bearing2_3,1193,0.37359264492988586,0.17178723216056824
Bearing2_3,1194,0.373080849647522,0.1584736853837967
Bearing2_3,1195,0.37256908416748047,0.15800416469573975
Bearing2_3,1196,0.37205731868743896,0.1573711782693863
Bearing2_3,1197,0.37154555320739746,0.16487529873847961
Bearing2_3,1198,0.37103378772735596,0.16468170285224915
Bearing2_3,1199,0.37052199244499207,0.17536009848117828
Bearing2_3,1200,0.37001022696495056,0.1666560024023056
Bearing2_3,1201,0.36949846148490906,0.16988235712051392
Bearing2_3,1202,0.36898669600486755,0.15842345356941223
Bearing2_3,1203,0.36847493052482605,0.150445818901062
Bearing2_3,1204,0.36796316504478455,0.14329178631305695
Bearing2_3,1205,0.36745136976242065,0.13586334884166718
Bearing2_3,1206,0.36693960428237915,0.13571949303150177
Bearing2_3,1207,0.36642783880233765,0.1376616507768631
Bearing2_3,1208,0.36591607332229614,0.12852227687835693
Bearing2_3,1209,0.36540430784225464,0.1318611204624176
Bearing2_3,1210,0.36489254236221313,0.127879336476326
Bearing2_3,1211,0.36438074707984924,0.1355515718460083
Bearing2_3,1212,0.36386898159980774,0.12390156835317612
Bearing2_3,1213,0.36335721611976624,0.12521874904632568
Bearing2_3,1214,0.36284545063972473,0.12183915078639984
Bearing2_3,1215,0.3623336851596832,0.12082637846469879
Bearing2_3,1216,0.36182188987731934,0.1203216090798378
Bearing2_3,1217,0.36131012439727783,0.11322707682847977
Bearing2_3,1218,0.36079835891723633,0.11351699382066727
Bearing2_3,1219,0.3602865934371948,0.1112457811832428
Bearing2_3,1220,0.3597748279571533,0.11273851990699768
Bearing2_3,1221,0.3592630624771118,0.11554882675409317
Bearing2_3,1222,0.3587512671947479,0.11738152801990509
Bearing2_3,1223,0.3582395017147064,0.1143287792801857
Bearing2_3,1224,0.3577277362346649,0.11564268916845322
Bearing2_3,1225,0.3572159707546234,0.12053000926971436
Bearing2_3,1226,0.3567042052745819,0.1146974116563797
Bearing2_3,1227,0.3561924397945404,0.11050098389387131
Bearing2_3,1228,0.3556806445121765,0.10682027041912079
Bearing2_3,1229,0.355168879032135,0.10798084735870361
Bearing2_3,1230,0.3546571135520935,0.11003044992685318
Bearing2_3,1231,0.354145348072052,0.10330747812986374
Bearing2_3,1232,0.3536335825920105,0.10122790187597275
Bearing2_3,1233,0.3531217873096466,0.09344672411680222
Bearing2_3,1234,0.3526100218296051,0.09146519005298615
Bearing2_3,1235,0.3520982563495636,0.08871549367904663
Bearing2_3,1236,0.3515864908695221,0.08827589452266693
Bearing2_3,1237,0.3510747253894806,0.08585484325885773
Bearing2_3,1238,0.3505629599094391,0.09661038964986801
Bearing2_3,1239,0.3500511646270752,0.08437339216470718
Bearing2_3,1240,0.3495393991470337,0.08305438607931137
Bearing2_3,1241,0.3490276336669922,0.08508085459470749
Bearing2_3,1242,0.3485158681869507,0.09349770843982697
Bearing2_3,1243,0.3480041027069092,0.10626892745494843
Bearing2_3,1244,0.3474923372268677,0.10268153250217438
Bearing2_3,1245,0.3469805419445038,0.10165156424045563
Bearing2_3,1246,0.3464687764644623,0.10819727927446365
Bearing2_3,1247,0.3459570109844208,0.10775474458932877
Bearing2_3,1248,0.3454452455043793,0.11096089333295822
Bearing2_3,1249,0.34493348002433777,0.12250429391860962
Bearing2_3,1250,0.3444216847419739,0.1247803121805191
Bearing2_3,1251,0.3439099192619324,0.13778230547904968
Bearing2_3,1252,0.34339815378189087,0.14029145240783691
Bearing2_3,1253,0.34288638830184937,0.13701845705509186
Bearing2_3,1254,0.34237462282180786,0.13236753642559052
Bearing2_3,1255,0.34186285734176636,0.14126843214035034
Bearing2_3,1256,0.34135106205940247,0.13649916648864746
Bearing2_3,1257,0.34083929657936096,0.137177512049675
Bearing2_3,1258,0.34032753109931946,0.1306896209716797
Bearing2_3,1259,0.33981576561927795,0.13302335143089294
Bearing2_3,1260,0.33930400013923645,0.13366030156612396
Bearing2_3,1261,0.33879223465919495,0.13263311982154846
Bearing2_3,1262,0.33828043937683105,0.12555715441703796
Bearing2_3,1263,0.33776867389678955,0.12468649446964264
Bearing2_3,1264,0.33725690841674805,0.12436741590499878
Bearing2_3,1265,0.33674514293670654,0.12576550245285034
Bearing2_3,1266,0.33623337745666504,0.12789787352085114
Bearing2_3,1267,0.33572158217430115,0.12543737888336182
Bearing2_3,1268,0.33520981669425964,0.12921251356601715
Bearing2_3,1269,0.33469805121421814,0.12664484977722168
Bearing2_3,1270,0.33418628573417664,0.12324110418558121
Bearing2_3,1271,0.33367452025413513,0.12961503863334656
Bearing2_3,1272,0.33316275477409363,0.12662261724472046
Bearing2_3,1273,0.33265095949172974,0.13289502263069153
Bearing2_3,1274,0.33213919401168823,0.13007132709026337
Bearing2_3,1275,0.33162742853164673,0.12132542580366135
Bearing2_3,1276,0.3311156630516052,0.12163503468036652
Bearing2_3,1277,0.3306038975715637,0.12846209108829498
Bearing2_3,1278,0.3300921320915222,0.12066487967967987
Bearing2_3,1279,0.3295803368091583,0.11625336110591888
Bearing2_3,1280,0.3290685713291168,0.12058863043785095
Bearing2_3,1281,0.3285568058490753,0.1165013536810875
Bearing2_3,1282,0.3280450403690338,0.11487746238708496
Bearing2_3,1283,0.3275332748889923,0.10736642777919769
Bearing2_3,1284,0.3270214796066284,0.11292922496795654
Bearing2_3,1285,0.3265097141265869,0.10642579197883606
Bearing2_3,1286,0.3259979486465454,0.11308886110782623
Bearing2_3,1287,0.3254861831665039,0.10868415236473083
Bearing2_3,1288,0.3249744176864624,0.10262061655521393
Bearing2_3,1289,0.3244626522064209,0.10240046679973602
Bearing2_3,1290,0.323950856924057,0.09840182214975357
Bearing2_3,1291,0.3234390914440155,0.09809104353189468
Bearing2_3,1292,0.322927325963974,0.09126333147287369
Bearing2_3,1293,0.3224155604839325,0.10061393678188324
Bearing2_3,1294,0.321903795003891,0.09563197195529938
Bearing2_3,1295,0.3213920295238495,0.0917024314403534
Bearing2_3,1296,0.3208802342414856,0.08909176290035248
Bearing2_3,1297,0.3203684687614441,0.0802442654967308
Bearing2_3,1298,0.3198567032814026,0.0791998952627182
Bearing2_3,1299,0.3193449378013611,0.0831143781542778
Bearing2_3,1300,0.3188331723213196,0.08241291344165802
Bearing2_3,1301,0.3183214068412781,0.08629051595926285
Bearing2_3,1302,0.3178096115589142,0.09734264016151428
Bearing2_3,1303,0.3172978460788727,0.09153009951114655
Bearing2_3,1304,0.3167860805988312,0.09351727366447449
Bearing2_3,1305,0.3162743151187897,0.09651223570108414
Bearing2_3,1306,0.31576254963874817,0.10507013648748398
Bearing2_3,1307,0.3152507543563843,0.11734999716281891
Bearing2_3,1308,0.3147389888763428,0.1193072572350502
Bearing2_3,1309,0.31422722339630127,0.1263849288225174
Bearing2_3,1310,0.31371545791625977,0.12450409680604935
Bearing2_3,1311,0.31320369243621826,0.12909893691539764
Bearing2_3,1312,0.31269192695617676,0.1287994682788849
Bearing2_3,1313,0.31218013167381287,0.12622897326946259
Bearing2_3,1314,0.31166836619377136,0.1300918608903885
Bearing2_3,1315,0.31115660071372986,0.1243683323264122
Bearing2_3,1316,0.31064483523368835,0.1269809603691101
Bearing2_3,1317,0.31013306975364685,0.12492971867322922
Bearing2_3,1318,0.30962130427360535,0.11781924962997437
Bearing2_3,1319,0.30910950899124146,0.12300840020179749
Bearing2_3,1320,0.30859774351119995,0.12753795087337494
Bearing2_3,1321,0.30808597803115845,0.12411721795797348
Bearing2_3,1322,0.30757421255111694,0.13026347756385803
Bearing2_3,1323,0.30706244707107544,0.12625537812709808
Bearing2_3,1324,0.30655065178871155,0.131076380610466
Bearing2_3,1325,0.30603888630867004,0.13338546454906464
Bearing2_3,1326,0.30552712082862854,0.1272629350423813
Bearing2_3,1327,0.30501535534858704,0.14144079387187958
Bearing2_3,1328,0.30450358986854553,0.13541792333126068
Bearing2_3,1329,0.30399182438850403,0.13805244863033295
Bearing2_3,1330,0.30348002910614014,0.13209128379821777
Bearing2_3,1331,0.30296826362609863,0.12951692938804626
Bearing2_3,1332,0.30245649814605713,0.12340486794710159
Bearing2_3,1333,0.3019447326660156,0.12333234399557114
Bearing2_3,1334,0.3014329671859741,0.11562664806842804
Bearing2_3,1335,0.3009212017059326,0.11531517654657364
Bearing2_3,1336,0.3004094064235687,0.11847029626369476
Bearing2_3,1337,0.2998976409435272,0.11800435930490494
Bearing2_3,1338,0.2993858754634857,0.11636240035295486
Bearing2_3,1339,0.2988741099834442,0.12548087537288666
Bearing2_3,1340,0.2983623445034027,0.12014361470937729
Bearing2_3,1341,0.2978505492210388,0.12377967685461044
Bearing2_3,1342,0.2973387837409973,0.11881469190120697
Bearing2_3,1343,0.2968270182609558,0.11459046602249146
Bearing2_3,1344,0.2963152527809143,0.11566545069217682
Bearing2_3,1345,0.2958034873008728,0.12068167328834534
Bearing2_3,1346,0.2952917218208313,0.12044636905193329
Bearing2_3,1347,0.2947799265384674,0.11933812499046326
Bearing2_3,1348,0.2942681610584259,0.12310495227575302
Bearing2_3,1349,0.2937563955783844,0.12629050016403198
Bearing2_3,1350,0.2932446300983429,0.1311013549566269
Bearing2_3,1351,0.2927328646183014,0.12921474874019623
Bearing2_3,1352,0.2922210991382599,0.13141904771327972
Bearing2_3,1353,0.291709303855896,0.14522381126880646
Bearing2_3,1354,0.2911975383758545,0.14258866012096405
Bearing2_3,1355,0.290685772895813,0.13708826899528503
Bearing2_3,1356,0.2901740074157715,0.13611386716365814
Bearing2_3,1357,0.28966224193573,0.13180874288082123
Bearing2_3,1358,0.2891504466533661,0.1384332776069641
Bearing2_3,1359,0.2886386811733246,0.128919780254364
Bearing2_3,1360,0.2881269156932831,0.12875798344612122
Bearing2_3,1361,0.2876151502132416,0.12726102769374847
Bearing2_3,1362,0.2871033847332001,0.1282080113887787
Bearing2_3,1363,0.28659161925315857,0.12686410546302795
Bearing2_3,1364,0.2860798239707947,0.13982298970222473
Bearing2_3,1365,0.2855680584907532,0.13676215708255768
Bearing2_3,1366,0.28505629301071167,0.16314803063869476
Bearing2_3,1367,0.28454452753067017,0.14298008382320404
Bearing2_3,1368,0.28403276205062866,0.12850616872310638
Bearing2_3,1369,0.28352099657058716,0.137919619679451
Bearing2_3,1370,0.28300920128822327,0.1256241649389267
Bearing2_3,1371,0.28249743580818176,0.12388855218887329
Bearing2_3,1372,0.28198567032814026,0.1243276298046112
Bearing2_3,1373,0.28147390484809875,0.12112489342689514
Bearing2_3,1374,0.28096213936805725,0.12465902417898178
Bearing2_3,1375,0.28045034408569336,0.11936000734567642
Bearing2_3,1376,0.27993857860565186,0.11782093346118927
Bearing2_3,1377,0.27942681312561035,0.11813641339540482
Bearing2_3,1378,0.27891504764556885,0.12358070909976959
Bearing2_3,1379,0.27840328216552734,0.12670084834098816
Bearing2_3,1380,0.27789151668548584,0.12902063131332397
Bearing2_3,1381,0.27737972140312195,0.1176859587430954
Bearing2_3,1382,0.27686795592308044,0.11734053492546082
Bearing2_3,1383,0.27635619044303894,0.12421921640634537
Bearing2_3,1384,0.27584442496299744,0.12206362932920456
Bearing2_3,1385,0.27533265948295593,0.12518373131752014
Bearing2_3,1386,0.27482089400291443,0.12392903864383698
Bearing2_3,1387,0.27430909872055054,0.1368311047554016
Bearing2_3,1388,0.27379733324050903,0.13480137288570404
Bearing2_3,1389,0.27328556776046753,0.1450696587562561
Bearing2_3,1390,0.272773802280426,0.1423429548740387
Bearing2_3,1391,0.2722620368003845,0.14752197265625
Bearing2_3,1392,0.27175024151802063,0.14585357904434204
Bearing2_3,1393,0.2712384760379791,0.13921509683132172
Bearing2_3,1394,0.2707267105579376,0.1486048549413681
Bearing2_3,1395,0.2702149450778961,0.14590983092784882
Bearing2_3,1396,0.2697031795978546,0.1463012397289276
Bearing2_3,1397,0.2691914141178131,0.15403848886489868
Bearing2_3,1398,0.2686796188354492,0.151712566614151
Bearing2_3,1399,0.2681678533554077,0.1543291211128235
Bearing2_3,1400,0.2676560878753662,0.14640039205551147
Bearing2_3,1401,0.2671443223953247,0.157695934176445
Bearing2_3,1402,0.2666325569152832,0.16250956058502197
Bearing2_3,1403,0.2661207914352417,0.15746217966079712
Bearing2_3,1404,0.2656089961528778,0.1562618911266327
Bearing2_3,1405,0.2650972306728363,0.17600202560424805
Bearing2_3,1406,0.2645854651927948,0.1770809441804886
Bearing2_3,1407,0.2640736997127533,0.19620797038078308
Bearing2_3,1408,0.2635619342327118,0.20269261300563812
Bearing2_3,1409,0.2630501389503479,0.21406804025173187
Bearing2_3,1410,0.2625383734703064,0.22480981051921844
Bearing2_3,1411,0.2620266079902649,0.21808767318725586
Bearing2_3,1412,0.2615148425102234,0.21893475949764252
Bearing2_3,1413,0.2610030770301819,0.19783420860767365
Bearing2_3,1414,0.2604913115501404,0.20644037425518036
Bearing2_3,1415,0.2599795162677765,0.1886899322271347
Bearing2_3,1416,0.259467750787735,0.17909160256385803
Bearing2_3,1417,0.2589559853076935,0.17245736718177795
Bearing2_3,1418,0.258444219827652,0.1647205501794815
Bearing2_3,1419,0.2579324543476105,0.15305911004543304
Bearing2_3,1420,0.25742068886756897,0.14116625487804413
Bearing2_3,1421,0.2569088935852051,0.14318273961544037
Bearing2_3,1422,0.2563971281051636,0.14398193359375
Bearing2_3,1423,0.25588536262512207,0.160536989569664
Bearing2_3,1424,0.25537359714508057,0.15703442692756653
Bearing2_3,1425,0.25486183166503906,0.1482715904712677
Bearing2_3,1426,0.25435003638267517,0.13968515396118164
Bearing2_3,1427,0.25383827090263367,0.1421806961297989
Bearing2_3,1428,0.25332650542259216,0.13958607614040375
Bearing2_3,1429,0.25281473994255066,0.13124647736549377
Bearing2_3,1430,0.25230297446250916,0.13400889933109283
Bearing2_3,1431,0.25179120898246765,0.1401372253894806
Bearing2_3,1432,0.25127941370010376,0.15162701904773712
Bearing2_3,1433,0.25076764822006226,0.14581722021102905
Bearing2_3,1434,0.25025588274002075,0.14139313995838165
Bearing2_3,1435,0.24974411725997925,0.14313098788261414
Bearing2_3,1436,0.24923233687877655,0.13577239215373993
Bearing2_3,1437,0.24872057139873505,0.1488974690437317
Bearing2_3,1438,0.24820880591869354,0.13653123378753662
Bearing2_3,1439,0.24769702553749084,0.1377284824848175
Bearing2_3,1440,0.24718526005744934,0.13855397701263428
Bearing2_3,1441,0.24667349457740784,0.13205884397029877
Bearing2_3,1442,0.24616171419620514,0.1418830305337906
Bearing2_3,1443,0.24564994871616364,0.13217894732952118
Bearing2_3,1444,0.24513818323612213,0.134458526968956
Bearing2_3,1445,0.24462640285491943,0.14384615421295166
Bearing2_3,1446,0.24411463737487793,0.13866181671619415
Bearing2_3,1447,0.24360287189483643,0.15108999609947205
Bearing2_3,1448,0.24309109151363373,0.15653930604457855
Bearing2_3,1449,0.24257932603359222,0.16814647614955902
Bearing2_3,1450,0.24206756055355072,0.1766694188117981
Bearing2_3,1451,0.24155578017234802,0.16200962662696838
Bearing2_3,1452,0.24104401469230652,0.1614236831665039
Bearing2_3,1453,0.24053223431110382,0.1644469052553177
Bearing2_3,1454,0.24002046883106232,0.14471589028835297
Bearing2_3,1455,0.2395087033510208,0.1460481584072113
Bearing2_3,1456,0.23899692296981812,0.13896818459033966
Bearing2_3,1457,0.2384851574897766,0.13609015941619873
Bearing2_3,1458,0.2379733920097351,0.12086518108844757
Bearing2_3,1459,0.2374616116285324,0.11612291634082794
Bearing2_3,1460,0.2369498461484909,0.11477061361074448
Bearing2_3,1461,0.2364380806684494,0.11501947790384293
Bearing2_3,1462,0.2359263002872467,0.11239930242300034
Bearing2_3,1463,0.2354145348072052,0.1079963967204094
Bearing2_3,1464,0.2349027693271637,0.1014336571097374
Bearing2_3,1465,0.234390988945961,0.10325079411268234
Bearing2_3,1466,0.2338792234659195,0.10623100399971008
Bearing2_3,1467,0.233367457985878,0.11123338341712952
Bearing2_3,1468,0.2328556776046753,0.10929279029369354
Bearing2_3,1469,0.2323439121246338,0.10271581262350082
Bearing2_3,1470,0.23183214664459229,0.10451249778270721
Bearing2_3,1471,0.2313203662633896,0.09972633421421051
Bearing2_3,1472,0.23080860078334808,0.10212793201208115
Bearing2_3,1473,0.23029682040214539,0.10113786906003952
Bearing2_3,1474,0.22978505492210388,0.10059891641139984
Bearing2_3,1475,0.22927328944206238,0.09993589669466019
Bearing2_3,1476,0.22876150906085968,0.10163278877735138
Bearing2_3,1477,0.22824974358081818,0.10270686447620392
Bearing2_3,1478,0.22773797810077667,0.1024903804063797
Bearing2_3,1479,0.22722619771957397,0.10360617935657501
Bearing2_3,1480,0.22671443223953247,0.10008394718170166
Bearing2_3,1481,0.22620266675949097,0.10439075529575348
Bearing2_3,1482,0.22569088637828827,0.08894941955804825
Bearing2_3,1483,0.22517912089824677,0.09011589735746384
Bearing2_3,1484,0.22466735541820526,0.09821900725364685
Bearing2_3,1485,0.22415557503700256,0.09509787708520889
Bearing2_3,1486,0.22364380955696106,0.10254212468862534
Bearing2_3,1487,0.22313204407691956,0.10233315080404282
Bearing2_3,1488,0.22262026369571686,0.10377465188503265
Bearing2_3,1489,0.22210849821567535,0.1093955934047699
Bearing2_3,1490,0.22159671783447266,0.11499253660440445
Bearing2_3,1491,0.22108495235443115,0.11825045943260193
Bearing2_3,1492,0.22057318687438965,0.12038528174161911
Bearing2_3,1493,0.22006140649318695,0.12047504633665085
Bearing2_3,1494,0.21954964101314545,0.12202947586774826
Bearing2_3,1495,0.21903787553310394,0.11110405623912811
Bearing2_3,1496,0.21852609515190125,0.11099062860012054
Bearing2_3,1497,0.21801432967185974,0.10865456610918045
Bearing2_3,1498,0.21750256419181824,0.1111864522099495
Bearing2_3,1499,0.21699078381061554,0.11154767125844955
Bearing2_3,1500,0.21647901833057404,0.11250346153974533
Bearing2_3,1501,0.21596725285053253,0.10778014361858368
Bearing2_3,1502,0.21545547246932983,0.11437110602855682
Bearing2_3,1503,0.21494370698928833,0.11336804926395416
Bearing2_3,1504,0.21443194150924683,0.11424531787633896
Bearing2_3,1505,0.21392016112804413,0.1139577180147171
Bearing2_3,1506,0.21340839564800262,0.1174912229180336
Bearing2_3,1507,0.21289661526679993,0.11851455271244049
Bearing2_3,1508,0.21238484978675842,0.11093255877494812
Bearing2_3,1509,0.21187308430671692,0.11065041273832321
Bearing2_3,1510,0.21136130392551422,0.10749737918376923
Bearing2_3,1511,0.21084953844547272,0.1153065636754036
Bearing2_3,1512,0.2103377729654312,0.11279762536287308
Bearing2_3,1513,0.20982599258422852,0.11562546342611313
Bearing2_3,1514,0.209314227104187,0.10822180658578873
Bearing2_3,1515,0.2088024616241455,0.1120167225599289
Bearing2_3,1516,0.2082906812429428,0.11050474643707275
Bearing2_3,1517,0.2077789157629013,0.11357618868350983
Bearing2_3,1518,0.2072671502828598,0.11302869021892548
Bearing2_3,1519,0.2067553699016571,0.1102268397808075
Bearing2_3,1520,0.2062436044216156,0.1123347207903862
Bearing2_3,1521,0.2057318389415741,0.11115420609712601
Bearing2_3,1522,0.2052200585603714,0.11397964507341385
Bearing2_3,1523,0.2047082930803299,0.11972567439079285
Bearing2_3,1524,0.2041965126991272,0.13055963814258575
Bearing2_3,1525,0.2036847472190857,0.131320983171463
Bearing2_3,1526,0.2031729817390442,0.13430330157279968
Bearing2_3,1527,0.2026612013578415,0.1468125432729721
Bearing2_3,1528,0.2021494358778,0.13712799549102783
Bearing2_3,1529,0.20163767039775848,0.14011076092720032
Bearing2_3,1530,0.2011258900165558,0.14585721492767334
Bearing2_3,1531,0.20061412453651428,0.1483992636203766
Bearing2_3,1532,0.20010235905647278,0.1332765370607376
Bearing2_3,1533,0.19959057867527008,0.16827908158302307
Bearing2_3,1534,0.19907881319522858,0.1334521621465683
Bearing2_3,1535,0.19856704771518707,0.14120307564735413
Bearing2_3,1536,0.19805526733398438,0.15467698872089386
Bearing2_3,1537,0.19754350185394287,0.163327157497406
Bearing2_3,1538,0.19703173637390137,0.15507642924785614
Bearing2_3,1539,0.19651995599269867,0.14167550206184387
Bearing2_3,1540,0.19600819051265717,0.14865902066230774
Bearing2_3,1541,0.19549642503261566,0.13827289640903473
Bearing2_3,1542,0.19498464465141296,0.13844506442546844
Bearing2_3,1543,0.19447287917137146,0.1326407939195633
Bearing2_3,1544,0.19396109879016876,0.13259045779705048
Bearing2_3,1545,0.19344933331012726,0.12633328139781952
Bearing2_3,1546,0.19293756783008575,0.12884970009326935
Bearing2_3,1547,0.19242578744888306,0.1541266292333603
Bearing2_3,1548,0.19191402196884155,0.1541232168674469
Bearing2_3,1549,0.19140225648880005,0.15696389973163605
Bearing2_3,1550,0.19089047610759735,0.14757126569747925
Bearing2_3,1551,0.19037871062755585,0.1565929800271988
Bearing2_3,1552,0.18986694514751434,0.14624068140983582
Bearing2_3,1553,0.18935516476631165,0.13341550529003143
Bearing2_3,1554,0.18884339928627014,0.13118785619735718
Bearing2_3,1555,0.18833163380622864,0.129460871219635
Bearing2_3,1556,0.18781985342502594,0.12230180203914642
Bearing2_3,1557,0.18730808794498444,0.11984360963106155
Bearing2_3,1558,0.18679632246494293,0.12413954734802246
Bearing2_3,1559,0.18628454208374023,0.12313047051429749
Bearing2_3,1560,0.18577277660369873,0.1307988315820694
Bearing2_3,1561,0.18526099622249603,0.12903264164924622
Bearing2_3,1562,0.18474923074245453,0.12538345158100128
Bearing2_3,1563,0.18423746526241302,0.13919378817081451
Bearing2_3,1564,0.18372568488121033,0.15112219750881195
Bearing2_3,1565,0.18321391940116882,0.14599373936653137
Bearing2_3,1566,0.18270215392112732,0.13232743740081787
Bearing2_3,1567,0.18219037353992462,0.1356147974729538
Bearing2_3,1568,0.18167860805988312,0.13716620206832886
Bearing2_3,1569,0.1811668425798416,0.13173861801624298
Bearing2_3,1570,0.18065506219863892,0.12444643676280975
Bearing2_3,1571,0.1801432967185974,0.1201927661895752
Bearing2_3,1572,0.1796315312385559,0.12074638903141022
Bearing2_3,1573,0.1791197508573532,0.1163378655910492
Bearing2_3,1574,0.1786079853773117,0.11050404608249664
Bearing2_3,1575,0.1780962198972702,0.11337213963270187
Bearing2_3,1576,0.1775844395160675,0.1120409220457077
Bearing2_3,1577,0.177072674036026,0.11283071339130402
Bearing2_3,1578,0.1765608936548233,0.1087336391210556
Bearing2_3,1579,0.1760491281747818,0.10922937095165253
Bearing2_3,1580,0.1755373626947403,0.10940896719694138
Bearing2_3,1581,0.1750255823135376,0.10959639400243759
Bearing2_3,1582,0.1745138168334961,0.10708622634410858
Bearing2_3,1583,0.1740020513534546,0.11815790086984634
Bearing2_3,1584,0.1734902709722519,0.11084648966789246
Bearing2_3,1585,0.1729785054922104,0.11674857139587402
Bearing2_3,1586,0.17246674001216888,0.10863681137561798
Bearing2_3,1587,0.1719549596309662,0.11056305468082428
Bearing2_3,1588,0.17144319415092468,0.11575868725776672
Bearing2_3,1589,0.17093142867088318,0.12502920627593994
Bearing2_3,1590,0.17041964828968048,0.12299011647701263
Bearing2_3,1591,0.16990788280963898,0.12998127937316895
Bearing2_3,1592,0.16939611732959747,0.12767067551612854
Bearing2_3,1593,0.16888433694839478,0.13718543946743011
Bearing2_3,1594,0.16837257146835327,0.13385926187038422
Bearing2_3,1595,0.16786079108715057,0.14160406589508057
Bearing2_3,1596,0.16734902560710907,0.1366514414548874
Bearing2_3,1597,0.16683726012706757,0.14001795649528503
Bearing2_3,1598,0.16632547974586487,0.13962744176387787
Bearing2_3,1599,0.16581371426582336,0.13450120389461517
Bearing2_3,1600,0.16530194878578186,0.13850341737270355
Bearing2_3,1601,0.16479016840457916,0.1379639208316803
Bearing2_3,1602,0.16427840292453766,0.1376228928565979
Bearing2_3,1603,0.16376663744449615,0.12929588556289673
Bearing2_3,1604,0.16325485706329346,0.13858750462532043
Bearing2_3,1605,0.16274309158325195,0.1339736133813858
Bearing2_3,1606,0.16223132610321045,0.1322595179080963
Bearing2_3,1607,0.16171954572200775,0.13509809970855713
Bearing2_3,1608,0.16120778024196625,0.1397033929824829
Bearing2_3,1609,0.16069601476192474,0.12901154160499573
Bearing2_3,1610,0.16018423438072205,0.1204313188791275
Bearing2_3,1611,0.15967246890068054,0.11506819725036621
Bearing2_3,1612,0.15916070342063904,0.11465438455343246
Bearing2_3,1613,0.15864892303943634,0.11195982992649078
Bearing2_3,1614,0.15813715755939484,0.11632180958986282
Bearing2_3,1615,0.15762537717819214,0.10649774223566055
Bearing2_3,1616,0.15711361169815063,0.10786977410316467
Bearing2_3,1617,0.15660184621810913,0.10504917800426483
Bearing2_3,1618,0.15609006583690643,0.10672277212142944
Bearing2_3,1619,0.15557830035686493,0.10388890653848648
Bearing2_3,1620,0.15506653487682343,0.09359879791736603
Bearing2_3,1621,0.15455475449562073,0.09729292243719101
Bearing2_3,1622,0.15404298901557922,0.10488387197256088
Bearing2_3,1623,0.15353122353553772,0.09954856336116791
Bearing2_3,1624,0.15301944315433502,0.10634343326091766
Bearing2_3,1625,0.15250767767429352,0.10493217408657074
Bearing2_3,1626,0.15199591219425201,0.1099054142832756
Bearing2_3,1627,0.15148413181304932,0.11034391820430756
Bearing2_3,1628,0.1509723663330078,0.1060212254524231
Bearing2_3,1629,0.1504606008529663,0.10922586917877197
Bearing2_3,1630,0.1499488204717636,0.1199813038110733
Bearing2_3,1631,0.1494370549917221,0.11914502829313278
Bearing2_3,1632,0.1489252746105194,0.12001267075538635
Bearing2_3,1633,0.1484135091304779,0.11564521491527557
Bearing2_3,1634,0.1479017436504364,0.12154193967580795
Bearing2_3,1635,0.1473899632692337,0.13108743727207184
Bearing2_3,1636,0.1468781977891922,0.12555861473083496
Bearing2_3,1637,0.1463664323091507,0.13239501416683197
Bearing2_3,1638,0.145854651927948,0.13088293373584747
Bearing2_3,1639,0.1453428864479065,0.14126379787921906
Bearing2_3,1640,0.144831120967865,0.13945631682872772
Bearing2_3,1641,0.1443193405866623,0.14413683116436005
Bearing2_3,1642,0.1438075751066208,0.13880284130573273
Bearing2_3,1643,0.14329580962657928,0.14592774212360382
Bearing2_3,1644,0.1427840292453766,0.14495304226875305
Bearing2_3,1645,0.14227226376533508,0.15592429041862488
Bearing2_3,1646,0.14176049828529358,0.16102980077266693
Bearing2_3,1647,0.14124871790409088,0.17774851620197296
Bearing2_3,1648,0.14073695242404938,0.1672460436820984
Bearing2_3,1649,0.14022517204284668,0.16842779517173767
Bearing2_3,1650,0.13971340656280518,0.17160746455192566
Bearing2_3,1651,0.13920164108276367,0.16335460543632507
Bearing2_3,1652,0.13868986070156097,0.17859777808189392
Bearing2_3,1653,0.13817809522151947,0.1422644704580307
Bearing2_3,1654,0.13766632974147797,0.14123812317848206
Bearing2_3,1655,0.13715454936027527,0.1367112398147583
Bearing2_3,1656,0.13664278388023376,0.13410218060016632
Bearing2_3,1657,0.13613101840019226,0.1503947228193283
Bearing2_3,1658,0.13561923801898956,0.13966414332389832
Bearing2_3,1659,0.13510747253894806,0.13161903619766235
Bearing2_3,1660,0.13459570705890656,0.13049082458019257
Bearing2_3,1661,0.13408392667770386,0.140670046210289
Bearing2_3,1662,0.13357216119766235,0.12712086737155914
Bearing2_3,1663,0.13306039571762085,0.12493152171373367
Bearing2_3,1664,0.13254861533641815,0.12935598194599152
Bearing2_3,1665,0.13203684985637665,0.12175234407186508
Bearing2_3,1666,0.13152506947517395,0.11786952614784241
Bearing2_3,1667,0.13101330399513245,0.11135562509298325
Bearing2_3,1668,0.13050153851509094,0.11850164085626602
Bearing2_3,1669,0.12998975813388824,0.11251503229141235
Bearing2_3,1670,0.12947799265384674,0.12003971636295319
Bearing2_3,1671,0.12896622717380524,0.11939902603626251
Bearing2_3,1672,0.12845444679260254,0.11364474892616272
Bearing2_3,1673,0.12794268131256104,0.11138521879911423
Bearing2_3,1674,0.12743091583251953,0.10715010017156601
Bearing2_3,1675,0.12691913545131683,0.10803277790546417
Bearing2_3,1676,0.12640736997127533,0.10579952597618103
Bearing2_3,1677,0.12589560449123383,0.1063462570309639
Bearing2_3,1678,0.12538382411003113,0.09733444452285767
Bearing2_3,1679,0.12487205862998962,0.09765206277370453
Bearing2_3,1680,0.12436028569936752,0.09066615253686905
Bearing2_3,1681,0.12384851276874542,0.08493079245090485
Bearing2_3,1682,0.12333674728870392,0.08844828605651855
Bearing2_3,1683,0.12282497435808182,0.08160126209259033
Bearing2_3,1684,0.12231320142745972,0.08155400305986404
Bearing2_3,1685,0.12180143594741821,0.0744662880897522
Bearing2_3,1686,0.12128966301679611,0.07490869611501694
Bearing2_3,1687,0.12077789008617401,0.07678991556167603
Bearing2_3,1688,0.12026611715555191,0.08198155462741852
Bearing2_3,1689,0.1197543516755104,0.08590192347764969
Bearing2_3,1690,0.1192425787448883,0.07730752974748611
Bearing2_3,1691,0.1187308058142662,0.08759798109531403
Bearing2_3,1692,0.1182190403342247,0.0828087255358696
Bearing2_3,1693,0.1177072674036026,0.09317152947187424
Bearing2_3,1694,0.1171954944729805,0.09826623648405075
Bearing2_3,1695,0.116683728992939,0.0944957360625267
Bearing2_3,1696,0.1161719560623169,0.09863507747650146
Bearing2_3,1697,0.1156601831316948,0.10452854633331299
Bearing2_3,1698,0.11514841020107269,0.10941368341445923
Bearing2_3,1699,0.11463664472103119,0.10517091304063797
Bearing2_3,1700,0.11412487179040909,0.11252022534608841
Bearing2_3,1701,0.11361309885978699,0.10516185313463211
Bearing2_3,1702,0.11310133337974548,0.10221070051193237
Bearing2_3,1703,0.11258956044912338,0.1011923998594284
Bearing2_3,1704,0.11207778751850128,0.10718349367380142
Bearing2_3,1705,0.11156602203845978,0.11480094492435455
Bearing2_3,1706,0.11105424910783768,0.11308532953262329
Bearing2_3,1707,0.11054247617721558,0.11733605712652206
Bearing2_3,1708,0.11003070324659348,0.1268329918384552
Bearing2_3,1709,0.10951893776655197,0.1253162920475006
Bearing2_3,1710,0.10900716483592987,0.12267614901065826
Bearing2_3,1711,0.10849539190530777,0.13293921947479248
Bearing2_3,1712,0.10798362642526627,0.13211311399936676
Bearing2_3,1713,0.10747185349464417,0.1372477114200592
Bearing2_3,1714,0.10696008056402206,0.12942031025886536
Bearing2_3,1715,0.10644830763339996,0.12213942408561707
Bearing2_3,1716,0.10593654215335846,0.12064408510923386
Bearing2_3,1717,0.10542476922273636,0.1226748451590538
Bearing2_3,1718,0.10491299629211426,0.12412303686141968
Bearing2_3,1719,0.10440123081207275,0.12451080977916718
Bearing2_3,1720,0.10388945788145065,0.1190592348575592
Bearing2_3,1721,0.10337768495082855,0.12394503504037857
Bearing2_3,1722,0.10286591947078705,0.12420045584440231
Bearing2_3,1723,0.10235414654016495,0.1313374787569046
Bearing2_3,1724,0.10184237360954285,0.12562930583953857
Bearing2_3,1725,0.10133060067892075,0.12488752603530884
Bearing2_3,1726,0.10081883519887924,0.12263838946819305
Bearing2_3,1727,0.10030706226825714,0.11566248536109924
Bearing2_3,1728,0.09979528933763504,0.11546497792005539
Bearing2_3,1729,0.09928352385759354,0.11245390772819519
Bearing2_3,1730,0.09877175092697144,0.11563172191381454
Bearing2_3,1731,0.09825997799634933,0.10972900688648224
Bearing2_3,1732,0.09774821251630783,0.11276482790708542
Bearing2_3,1733,0.09723643958568573,0.10897490382194519
Bearing2_3,1734,0.09672466665506363,0.11138670891523361
Bearing2_3,1735,0.09621289372444153,0.10409563779830933
Bearing2_3,1736,0.09570112824440002,0.0999549999833107
Bearing2_3,1737,0.09518935531377792,0.10966365039348602
Bearing2_3,1738,0.09467758238315582,0.09930583834648132
Bearing2_3,1739,0.09416581690311432,0.10051434487104416
Bearing2_3,1740,0.09365404397249222,0.10090568661689758
Bearing2_3,1741,0.09314227104187012,0.1019081249833107
Bearing2_3,1742,0.09263049811124802,0.10634804517030716
Bearing2_3,1743,0.09211873263120651,0.10603966563940048
Bearing2_3,1744,0.09160695970058441,0.10389771312475204
Bearing2_3,1745,0.09109518676996231,0.10621125996112823
Bearing2_3,1746,0.0905834212899208,0.11093942075967789
Bearing2_3,1747,0.0900716483592987,0.11344610899686813
Bearing2_3,1748,0.0895598754286766,0.11719321459531784
Bearing2_3,1749,0.0890481099486351,0.11966690421104431
Bearing2_3,1750,0.088536337018013,0.1234925240278244
Bearing2_3,1751,0.0880245640873909,0.11973077058792114
Bearing2_3,1752,0.0875127911567688,0.12293683737516403
Bearing2_3,1753,0.0870010256767273,0.1180947870016098
Bearing2_3,1754,0.0864892527461052,0.1149778813123703
Bearing2_3,1755,0.0859774798154831,0.1182493269443512
Bearing2_3,1756,0.08546571433544159,0.1192769706249237
Bearing2_3,1757,0.08495394140481949,0.11788884550333023
Bearing2_3,1758,0.08444216847419739,0.120587058365345
Bearing2_3,1759,0.08393039554357529,0.11744087189435959
Bearing2_3,1760,0.08341863006353378,0.12213441729545593
Bearing2_3,1761,0.08290685713291168,0.12103303521871567
Bearing2_3,1762,0.08239508420228958,0.12036767601966858
Bearing2_3,1763,0.08188331872224808,0.12170367687940598
Bearing2_3,1764,0.08137154579162598,0.12191689759492874
Bearing2_3,1765,0.08085977286100388,0.11920385807752609
Bearing2_3,1766,0.08034800738096237,0.1157318577170372
Bearing2_3,1767,0.07983623445034027,0.12114346027374268
Bearing2_3,1768,0.07932446151971817,0.11850614100694656
Bearing2_3,1769,0.07881268858909607,0.11586782336235046
Bearing2_3,1770,0.07830092310905457,0.11212742328643799
Bearing2_3,1771,0.07778915017843246,0.11683879792690277
Bearing2_3,1772,0.07727737724781036,0.1174101009964943
Bearing2_3,1773,0.07676561176776886,0.11075974255800247
Bearing2_3,1774,0.07625383883714676,0.10928728431463242
Bearing2_3,1775,0.07574206590652466,0.11380929499864578
Bearing2_3,1776,0.07523030042648315,0.1143483817577362
Bearing2_3,1777,0.07471852749586105,0.11186927556991577
Bearing2_3,1778,0.07420675456523895,0.11275818198919296
Bearing2_3,1779,0.07369498163461685,0.11012105643749237
Bearing2_3,1780,0.07318321615457535,0.1057274118065834
Bearing2_3,1781,0.07267144322395325,0.10882799327373505
Bearing2_3,1782,0.07215967029333115,0.10261060297489166
Bearing2_3,1783,0.07164790481328964,0.10346388816833496
Bearing2_3,1784,0.07113613188266754,0.10233645141124725
Bearing2_3,1785,0.07062435895204544,0.10375236719846725
Bearing2_3,1786,0.07011258602142334,0.10337506979703903
Bearing2_3,1787,0.06960082054138184,0.1045437678694725
Bearing2_3,1788,0.06908904761075974,0.10175750404596329
Bearing2_3,1789,0.06857727468013763,0.10348162800073624
Bearing2_3,1790,0.06806550920009613,0.09626781195402145
Bearing2_3,1791,0.06755373626947403,0.09876104444265366
Bearing2_3,1792,0.06704196333885193,0.10035240650177002
Bearing2_3,1793,0.06653019785881042,0.09727150201797485
Bearing2_3,1794,0.06601842492818832,0.09853958338499069
Bearing2_3,1795,0.06550665199756622,0.09202548116445541
Bearing2_3,1796,0.06499487906694412,0.10188538581132889
Bearing2_3,1797,0.06448311358690262,0.09016390144824982
Bearing2_3,1798,0.06397134065628052,0.09345793724060059
Bearing2_3,1799,0.06345956772565842,0.09403141587972641
Bearing2_3,1800,0.06294780224561691,0.0871817097067833
Bearing2_3,1801,0.06243602931499481,0.08258945494890213
Bearing2_3,1802,0.06192425638437271,0.08841430395841599
Bearing2_3,1803,0.06141248717904091,0.09259069710969925
Bearing2_3,1804,0.060900717973709106,0.09297952055931091
Bearing2_3,1805,0.060388945043087006,0.10365027189254761
Bearing2_3,1806,0.0598771758377552,0.09967999905347824
Bearing2_3,1807,0.0593654029071331,0.1049700528383255
Bearing2_3,1808,0.0588536337018013,0.10367495566606522
Bearing2_3,1809,0.0583418644964695,0.10479310899972916
Bearing2_3,1810,0.0578300915658474,0.11164786666631699
Bearing2_3,1811,0.057318322360515594,0.11847739666700363
Bearing2_3,1812,0.056806549429893494,0.11706161499023438
Bearing2_3,1813,0.05629478022456169,0.1151585802435875
Bearing2_3,1814,0.05578301101922989,0.11637789756059647
Bearing2_3,1815,0.05527123808860779,0.11265626549720764
Bearing2_3,1816,0.054759468883275986,0.11474922299385071
Bearing2_3,1817,0.054247695952653885,0.11617718636989594
Bearing2_3,1818,0.05373592674732208,0.11203797906637192
Bearing2_3,1819,0.05322415381669998,0.10900067538022995
Bearing2_3,1820,0.05271238461136818,0.106264628469944
Bearing2_3,1821,0.05220061540603638,0.10649605095386505
Bearing2_3,1822,0.051688842475414276,0.10844067484140396
Bearing2_3,1823,0.051177073270082474,0.10406769812107086
Bearing2_3,1824,0.05066530033946037,0.1065487414598465
Bearing2_3,1825,0.05015353113412857,0.10855575650930405
Bearing2_3,1826,0.04964176192879677,0.1158357635140419
Bearing2_3,1827,0.04912998899817467,0.11430482566356659
Bearing2_3,1828,0.048618219792842865,0.12053342908620834
Bearing2_3,1829,0.048106446862220764,0.12284417450428009
Bearing2_3,1830,0.04759467765688896,0.12057609111070633
Bearing2_3,1831,0.04708290845155716,0.12199030816555023
Bearing2_3,1832,0.04657113552093506,0.12214528769254684
Bearing2_3,1833,0.046059366315603256,0.12681570649147034
Bearing2_3,1834,0.045547593384981155,0.1264231950044632
Bearing2_3,1835,0.04503582417964935,0.12850937247276306
Bearing2_3,1836,0.04452405497431755,0.1264420747756958
Bearing2_3,1837,0.04401228204369545,0.12494965642690659
Bearing2_3,1838,0.04350051283836365,0.11792472004890442
Bearing2_3,1839,0.04298873990774155,0.12302500009536743
Bearing2_3,1840,0.042476970702409744,0.12140236049890518
Bearing2_3,1841,0.04196519777178764,0.1303229182958603
Bearing2_3,1842,0.04145342856645584,0.12967553734779358
Bearing2_3,1843,0.04094165936112404,0.1312059909105301
Bearing2_3,1844,0.04042988643050194,0.13467925786972046
Bearing2_3,1845,0.039918117225170135,0.1329253911972046
Bearing2_3,1846,0.039406344294548035,0.14258112013339996
Bearing2_3,1847,0.03889457508921623,0.151920884847641
Bearing2_3,1848,0.03838280588388443,0.15188772976398468
Bearing2_3,1849,0.03787103295326233,0.1532709002494812
Bearing2_3,1850,0.03735926374793053,0.135080486536026
Bearing2_3,1851,0.036847490817308426,0.14960381388664246
Bearing2_3,1852,0.036335721611976624,0.13336555659770966
Bearing2_3,1853,0.03582395240664482,0.13220009207725525
Bearing2_3,1854,0.03531217947602272,0.13302670419216156
Bearing2_3,1855,0.03480041027069092,0.1294270008802414
Bearing2_3,1856,0.03428863734006882,0.12860696017742157
Bearing2_3,1857,0.033776868134737015,0.12764573097229004
Bearing2_3,1858,0.03326509892940521,0.13173943758010864
Bearing2_3,1859,0.03275332599878311,0.1254892796278
Bearing2_3,1860,0.03224155679345131,0.13835680484771729
Bearing2_3,1861,0.03172978386282921,0.13779427111148834
Bearing2_3,1862,0.031218014657497406,0.14171679317951202
Bearing2_3,1863,0.030706243589520454,0.14647357165813446
Bearing2_3,1864,0.030194472521543503,0.14495185017585754
Bearing2_3,1865,0.02968270145356655,0.15702490508556366
Bearing2_3,1866,0.02917093224823475,0.16172873973846436
Bearing2_3,1867,0.028659161180257797,0.15240095555782318
Bearing2_3,1868,0.028147390112280846,0.16450250148773193
Bearing2_3,1869,0.027635619044303894,0.15184056758880615
Bearing2_3,1870,0.027123847976326942,0.17853835225105286
Bearing2_3,1871,0.02661207690834999,0.14185920357704163
Bearing2_3,1872,0.02610030770301819,0.1397395133972168
Bearing2_3,1873,0.025588536635041237,0.13648103177547455
Bearing2_3,1874,0.025076765567064285,0.13945119082927704
Bearing2_3,1875,0.024564994499087334,0.13955964148044586
Bearing2_3,1876,0.024053223431110382,0.1459178328514099
Bearing2_3,1877,0.02354145422577858,0.14702892303466797
Bearing2_3,1878,0.023029683157801628,0.16864469647407532
Bearing2_3,1879,0.022517912089824677,0.15865299105644226
Bearing2_3,1880,0.022006141021847725,0.14055584371089935
Bearing2_3,1881,0.021494369953870773,0.14752423763275146
Bearing2_3,1882,0.02098259888589382,0.13209210336208344
Bearing2_3,1883,0.02047082968056202,0.1275615394115448
Bearing2_3,1884,0.019959058612585068,0.1199740394949913
Bearing2_3,1885,0.019447287544608116,0.12213020771741867
Bearing2_3,1886,0.018935516476631165,0.12715919315814972
Bearing2_3,1887,0.018423745408654213,0.12074778974056244
Bearing2_3,1888,0.01791197620332241,0.11766724288463593
Bearing2_3,1889,0.01740020513534546,0.11294719576835632
Bearing2_3,1890,0.016888434067368507,0.12059043347835541
Bearing2_3,1891,0.016376662999391556,0.12357903271913528
Bearing2_3,1892,0.015864891931414604,0.11977735161781311
Bearing2_3,1893,0.015353121794760227,0.11656030267477036
Bearing2_3,1894,0.014841350726783276,0.11510144174098969
Bearing2_3,1895,0.014329580590128899,0.11927691102027893
Bearing2_3,1896,0.013817809522151947,0.1132483035326004
Bearing2_3,1897,0.013306038454174995,0.11393614858388901
Bearing2_3,1898,0.012794268317520618,0.10774117708206177
Bearing2_3,1899,0.012282497249543667,0.11238672584295273
Bearing2_3,1900,0.01177072711288929,0.11030812561511993
Bearing2_3,1901,0.011258956044912338,0.11743932217359543
Bearing2_3,1902,0.010747184976935387,0.11667579412460327
Bearing2_3,1903,0.01023541484028101,0.11206381767988205
Bearing2_3,1904,0.009723643772304058,0.11529450863599777
Bearing2_3,1905,0.009211872704327106,0.11229733377695084
Bearing2_3,1906,0.00870010256767273,0.11639012396335602
Bearing2_3,1907,0.008188331499695778,0.11588437855243683
Bearing2_3,1908,0.007676560897380114,0.11654716730117798
Bearing2_3,1909,0.007164790295064449,0.11765690892934799
Bearing2_3,1910,0.006653019227087498,0.11684935539960861
Bearing2_3,1911,0.006141248624771833,0.12010406702756882
Bearing2_3,1912,0.005629478022456169,0.11534852534532547
Bearing2_3,1913,0.005117707420140505,0.11965995281934738
Bearing2_3,1914,0.004605936352163553,0.11925724148750305
Bearing2_3,1915,0.004094165749847889,0.03979549556970596
Bearing2_3,1916,0.0035823951475322247,0.02462144009768963
Bearing2_3,1917,0.0030706243123859167,0.025593630969524384
Bearing2_3,1918,0.0025588537100702524,0.02498028799891472
Bearing2_3,1919,0.0020470828749239445,0.025387102738022804
Bearing2_3,1920,0.0015353121561929584,0.3068069815635681
Bearing2_3,1921,0.0010235414374619722,0.3089471757411957
Bearing2_3,1922,0.0005117707187309861,0.30593496561050415
Bearing2_3,1923,0.0,0.3061586022377014
Bearing2_6,0,0.9557142853736877,0.9013394117355347
Bearing2_6,1,0.954285740852356,0.9036100506782532
Bearing2_6,2,0.9528571367263794,0.9107429385185242
Bearing2_6,3,0.9514285922050476,0.9102444648742676
Bearing2_6,4,0.949999988079071,0.9026174545288086
Bearing2_6,5,0.9485714435577393,0.9091851711273193
Bearing2_6,6,0.9471428394317627,0.9189678430557251
Bearing2_6,7,0.9457142949104309,0.899549663066864
Bearing2_6,8,0.9442856907844543,0.904819905757904
Bearing2_6,9,0.9428571462631226,0.9109081625938416
Bearing2_6,10,0.941428542137146,0.9048185348510742
Bearing2_6,11,0.9399999976158142,0.9192814826965332
Bearing2_6,12,0.9385714530944824,0.9199643135070801
Bearing2_6,13,0.9371428489685059,0.934990644454956
Bearing2_6,14,0.9357143044471741,0.9307412505149841
Bearing2_6,15,0.9342857003211975,0.9377004504203796
Bearing2_6,16,0.9328571557998657,0.941978931427002
Bearing2_6,17,0.9314285516738892,0.9461681842803955
Bearing2_6,18,0.9300000071525574,0.9462230801582336
Bearing2_6,19,0.9285714030265808,0.9434531331062317
Bearing2_6,20,0.927142858505249,0.9465364217758179
Bearing2_6,21,0.9257143139839172,0.9453244805335999
Bearing2_6,22,0.9242857098579407,0.9452357292175293
Bearing2_6,23,0.9228571653366089,0.9439289569854736
Bearing2_6,24,0.9214285612106323,0.9435662627220154
Bearing2_6,25,0.9200000166893005,0.9450066685676575
Bearing2_6,26,0.918571412563324,0.9411830306053162
Bearing2_6,27,0.9171428680419922,0.9390819668769836
Bearing2_6,28,0.9157142639160156,0.9344788193702698
Bearing2_6,29,0.9142857193946838,0.9408685564994812
Bearing2_6,30,0.9128571152687073,0.9404847621917725
Bearing2_6,31,0.9114285707473755,0.933474600315094
Bearing2_6,32,0.9100000262260437,0.921687126159668
Bearing2_6,33,0.9085714221000671,0.9364946484565735
Bearing2_6,34,0.9071428775787354,0.9189951419830322
Bearing2_6,35,0.9057142734527588,0.9205155968666077
Bearing2_6,36,0.904285728931427,0.9220728874206543
Bearing2_6,37,0.9028571248054504,0.9181467294692993
Bearing2_6,38,0.9014285802841187,0.9233185052871704
Bearing2_6,39,0.8999999761581421,0.9295246601104736
Bearing2_6,40,0.8985714316368103,0.9276475310325623
Bearing2_6,41,0.8971428275108337,0.9156748652458191
Bearing2_6,42,0.895714282989502,0.922526478767395
Bearing2_6,43,0.8942857384681702,0.9313073754310608
Bearing2_6,44,0.8928571343421936,0.9235816597938538
Bearing2_6,45,0.8914285898208618,0.9252076745033264
Bearing2_6,46,0.8899999856948853,0.9281949400901794
Bearing2_6,47,0.8885714411735535,0.9257796406745911
Bearing2_6,48,0.8871428370475769,0.9250451326370239
Bearing2_6,49,0.8857142925262451,0.9326956868171692
Bearing2_6,50,0.8842856884002686,0.9266049861907959
Bearing2_6,51,0.8828571438789368,0.9281286001205444
Bearing2_6,52,0.881428599357605,0.9414232969284058
Bearing2_6,53,0.8799999952316284,0.9346050024032593
Bearing2_6,54,0.8785714507102966,0.9243487119674683
Bearing2_6,55,0.8771428465843201,0.9397228360176086
Bearing2_6,56,0.8757143020629883,0.9354792237281799
Bearing2_6,57,0.8742856979370117,0.9376007318496704
Bearing2_6,58,0.8728571534156799,0.9454951882362366
Bearing2_6,59,0.8714285492897034,0.9481778144836426
Bearing2_6,60,0.8700000047683716,0.9613324403762817
Bearing2_6,61,0.868571400642395,0.9596037864685059
Bearing2_6,62,0.8671428561210632,0.9663918614387512
Bearing2_6,63,0.8657143115997314,0.9655122756958008
Bearing2_6,64,0.8642857074737549,0.9655792713165283
Bearing2_6,65,0.8628571629524231,0.9620071649551392
Bearing2_6,66,0.8614285588264465,0.9611219763755798
Bearing2_6,67,0.8600000143051147,0.958703875541687
Bearing2_6,68,0.8585714101791382,0.9549797773361206
Bearing2_6,69,0.8571428656578064,0.9483280181884766
Bearing2_6,70,0.8557142615318298,0.9529736638069153
Bearing2_6,71,0.854285717010498,0.9472594857215881
Bearing2_6,72,0.8528571724891663,0.9456768035888672
Bearing2_6,73,0.8514285683631897,0.9478861689567566
Bearing2_6,74,0.8500000238418579,0.9485759139060974
Bearing2_6,75,0.8485714197158813,0.9428225159645081
Bearing2_6,76,0.8471428751945496,0.9464560151100159
Bearing2_6,77,0.845714271068573,0.9409089684486389
Bearing2_6,78,0.8442857265472412,0.9382053017616272
Bearing2_6,79,0.8428571224212646,0.9419786334037781
Bearing2_6,80,0.8414285778999329,0.9531040191650391
Bearing2_6,81,0.8399999737739563,0.9551706910133362
Bearing2_6,82,0.8385714292526245,0.9548467993736267
Bearing2_6,83,0.8371428847312927,0.9537023901939392
Bearing2_6,84,0.8357142806053162,0.9480046629905701
Bearing2_6,85,0.8342857360839844,0.9485657215118408
Bearing2_6,86,0.8328571319580078,0.9425119757652283
Bearing2_6,87,0.831428587436676,0.9522406458854675
Bearing2_6,88,0.8299999833106995,0.9516974687576294
Bearing2_6,89,0.8285714387893677,0.9516741633415222
Bearing2_6,90,0.8271428346633911,0.9420945048332214
Bearing2_6,91,0.8257142901420593,0.9464879035949707
Bearing2_6,92,0.8242856860160828,0.9496011734008789
Bearing2_6,93,0.822857141494751,0.9516427516937256
Bearing2_6,94,0.8214285969734192,0.9467281699180603
Bearing2_6,95,0.8199999928474426,0.9529513716697693
Bearing2_6,96,0.8185714483261108,0.9449385404586792
Bearing2_6,97,0.8171428442001343,0.9502183198928833
Bearing2_6,98,0.8157142996788025,0.9523980617523193
Bearing2_6,99,0.8142856955528259,0.9549903869628906
Bearing2_6,100,0.8128571510314941,0.9580703377723694
Bearing2_6,101,0.8114285469055176,0.9588519334793091
Bearing2_6,102,0.8100000023841858,0.9627271890640259
Bearing2_6,103,0.808571457862854,0.9605792760848999
Bearing2_6,104,0.8071428537368774,0.9599065780639648
Bearing2_6,105,0.8057143092155457,0.9606759548187256
Bearing2_6,106,0.8042857050895691,0.9627245664596558
Bearing2_6,107,0.8028571605682373,0.9583205580711365
Bearing2_6,108,0.8014285564422607,0.9637894034385681
Bearing2_6,109,0.800000011920929,0.9628080725669861
Bearing2_6,110,0.7985714077949524,0.9651723504066467
Bearing2_6,111,0.7971428632736206,0.9653914570808411
Bearing2_6,112,0.795714259147644,0.9591000080108643
Bearing2_6,113,0.7942857146263123,0.965424120426178
Bearing2_6,114,0.7928571701049805,0.9646217226982117
Bearing2_6,115,0.7914285659790039,0.9615887403488159
Bearing2_6,116,0.7900000214576721,0.9650577306747437
Bearing2_6,117,0.7885714173316956,0.9639852046966553
Bearing2_6,118,0.7871428728103638,0.9618501663208008
Bearing2_6,119,0.7857142686843872,0.9594939351081848
Bearing2_6,120,0.7842857241630554,0.9593247175216675
Bearing2_6,121,0.7828571200370789,0.9547230005264282
Bearing2_6,122,0.7814285755157471,0.9523670673370361
Bearing2_6,123,0.7799999713897705,0.9569708108901978
Bearing2_6,124,0.7785714268684387,0.9587820172309875
Bearing2_6,125,0.7771428823471069,0.957148551940918
Bearing2_6,126,0.7757142782211304,0.9552420377731323
Bearing2_6,127,0.7742857336997986,0.9520641565322876
Bearing2_6,128,0.772857129573822,0.9499632716178894
Bearing2_6,129,0.7714285850524902,0.9488691687583923
Bearing2_6,130,0.7699999809265137,0.9439771771430969
Bearing2_6,131,0.7685714364051819,0.9479847550392151
Bearing2_6,132,0.7671428322792053,0.9437088370323181
Bearing2_6,133,0.7657142877578735,0.946038544178009
Bearing2_6,134,0.7642857432365417,0.9391076564788818
Bearing2_6,135,0.7628571391105652,0.9411953687667847
Bearing2_6,136,0.7614285945892334,0.9388584494590759
Bearing2_6,137,0.7599999904632568,0.9413261413574219
Bearing2_6,138,0.758571445941925,0.9332939982414246
Bearing2_6,139,0.7571428418159485,0.9358669519424438
Bearing2_6,140,0.7557142972946167,0.9308810830116272
Bearing2_6,141,0.7542856931686401,0.9356334805488586
Bearing2_6,142,0.7528571486473083,0.933243989944458
Bearing2_6,143,0.7514285445213318,0.9321752786636353
Bearing2_6,144,0.75,0.9330179691314697
Bearing2_6,145,0.7485714554786682,0.9328573942184448
Bearing2_6,146,0.7471428513526917,0.9303024411201477
Bearing2_6,147,0.7457143068313599,0.9317193031311035
Bearing2_6,148,0.7442857027053833,0.9336169362068176
Bearing2_6,149,0.7428571581840515,0.9287158250808716
Bearing2_6,150,0.741428554058075,0.934663712978363
Bearing2_6,151,0.7400000095367432,0.9295971989631653
Bearing2_6,152,0.7385714054107666,0.9315476417541504
Bearing2_6,153,0.7371428608894348,0.9328998923301697
Bearing2_6,154,0.7357142567634583,0.9300322532653809
Bearing2_6,155,0.7342857122421265,0.929725170135498
Bearing2_6,156,0.7328571677207947,0.9248199462890625
Bearing2_6,157,0.7314285635948181,0.9267059564590454
Bearing2_6,158,0.7300000190734863,0.9281426668167114
Bearing2_6,159,0.7285714149475098,0.9294692873954773
Bearing2_6,160,0.727142870426178,0.9179697632789612
Bearing2_6,161,0.7257142663002014,0.9237185716629028
Bearing2_6,162,0.7242857217788696,0.9151999950408936
Bearing2_6,163,0.7228571176528931,0.9105981588363647
Bearing2_6,164,0.7214285731315613,0.9105910658836365
Bearing2_6,165,0.7200000286102295,0.9073886275291443
Bearing2_6,166,0.7185714244842529,0.8992598652839661
Bearing2_6,167,0.7171428799629211,0.8957058787345886
Bearing2_6,168,0.7157142758369446,0.8966650366783142
Bearing2_6,169,0.7142857313156128,0.8920929431915283
Bearing2_6,170,0.7128571271896362,0.8914121389389038
Bearing2_6,171,0.7114285826683044,0.8890628218650818
Bearing2_6,172,0.7099999785423279,0.88526850938797
Bearing2_6,173,0.7085714340209961,0.883094072341919
Bearing2_6,174,0.7071428298950195,0.8811707496643066
Bearing2_6,175,0.7057142853736877,0.87876296043396
Bearing2_6,176,0.704285740852356,0.86259526014328
Bearing2_6,177,0.7028571367263794,0.8583292365074158
Bearing2_6,178,0.7014285922050476,0.852867603302002
Bearing2_6,179,0.699999988079071,0.8483745455741882
Bearing2_6,180,0.6985714435577393,0.8557842969894409
Bearing2_6,181,0.6971428394317627,0.8473244905471802
Bearing2_6,182,0.6957142949104309,0.833558201789856
Bearing2_6,183,0.6942856907844543,0.8511008024215698
Bearing2_6,184,0.6928571462631226,0.8410677909851074
Bearing2_6,185,0.691428542137146,0.84526526927948
Bearing2_6,186,0.6899999976158142,0.8306028842926025
Bearing2_6,187,0.6885714530944824,0.8438016772270203
Bearing2_6,188,0.6871428489685059,0.8386578559875488
Bearing2_6,189,0.6857143044471741,0.826526939868927
Bearing2_6,190,0.6842857003211975,0.8415758013725281
Bearing2_6,191,0.6828571557998657,0.8366734981536865
Bearing2_6,192,0.6814285516738892,0.8337663412094116
Bearing2_6,193,0.6800000071525574,0.8397405743598938
Bearing2_6,194,0.6785714030265808,0.8428213596343994
Bearing2_6,195,0.677142858505249,0.8444786071777344
Bearing2_6,196,0.6757143139839172,0.8290109038352966
Bearing2_6,197,0.6742857098579407,0.8350144028663635
Bearing2_6,198,0.6728571653366089,0.8394132852554321
Bearing2_6,199,0.6714285612106323,0.8397603631019592
Bearing2_6,200,0.6700000166893005,0.8423433899879456
Bearing2_6,201,0.668571412563324,0.8388208150863647
Bearing2_6,202,0.6671428680419922,0.8323438167572021
Bearing2_6,203,0.6657142639160156,0.833010733127594
Bearing2_6,204,0.6642857193946838,0.8254413604736328
Bearing2_6,205,0.6628571152687073,0.8150807619094849
Bearing2_6,206,0.6614285707473755,0.8227771520614624
Bearing2_6,207,0.6600000262260437,0.8132995963096619
Bearing2_6,208,0.6585714221000671,0.818398654460907
Bearing2_6,209,0.6571428775787354,0.8151552677154541
Bearing2_6,210,0.6557142734527588,0.8096818923950195
Bearing2_6,211,0.654285728931427,0.7931531071662903
Bearing2_6,212,0.6528571248054504,0.8035362362861633
Bearing2_6,213,0.6514285802841187,0.8028528690338135
Bearing2_6,214,0.6499999761581421,0.7948743104934692
Bearing2_6,215,0.6485714316368103,0.7888628244400024
Bearing2_6,216,0.6471428275108337,0.7861855030059814
Bearing2_6,217,0.645714282989502,0.7690832018852234
Bearing2_6,218,0.6442857384681702,0.7697980403900146
Bearing2_6,219,0.6428571343421936,0.7592422366142273
Bearing2_6,220,0.6414285898208618,0.7426226735115051
Bearing2_6,221,0.6399999856948853,0.7490496039390564
Bearing2_6,222,0.6385714411735535,0.7327625155448914
Bearing2_6,223,0.6371428370475769,0.7309970259666443
Bearing2_6,224,0.6357142925262451,0.7357097268104553
Bearing2_6,225,0.6342856884002686,0.7102187275886536
Bearing2_6,226,0.6328571438789368,0.7097374200820923
Bearing2_6,227,0.631428599357605,0.698076069355011
Bearing2_6,228,0.6299999952316284,0.7022494077682495
Bearing2_6,229,0.6285714507102966,0.7032381892204285
Bearing2_6,230,0.6271428465843201,0.7011039853096008
Bearing2_6,231,0.6257143020629883,0.6899513602256775
Bearing2_6,232,0.6242856979370117,0.6864591240882874
Bearing2_6,233,0.6228571534156799,0.6901882886886597
Bearing2_6,234,0.6214285492897034,0.6877484321594238
Bearing2_6,235,0.6200000047683716,0.6830906271934509
Bearing2_6,236,0.618571400642395,0.692484974861145
Bearing2_6,237,0.6171428561210632,0.6884760856628418
Bearing2_6,238,0.6157143115997314,0.6842727661132812
Bearing2_6,239,0.6142857074737549,0.6827913522720337
Bearing2_6,240,0.6128571629524231,0.6718840599060059
Bearing2_6,241,0.6114285588264465,0.6596190333366394
Bearing2_6,242,0.6100000143051147,0.648334264755249
Bearing2_6,243,0.6085714101791382,0.6521664261817932
Bearing2_6,244,0.6071428656578064,0.6445041298866272
Bearing2_6,245,0.6057142615318298,0.6538841724395752
Bearing2_6,246,0.604285717010498,0.6521075963973999
Bearing2_6,247,0.6028571724891663,0.6565603017807007
Bearing2_6,248,0.6014285683631897,0.6685694456100464
Bearing2_6,249,0.6000000238418579,0.6599545478820801
Bearing2_6,250,0.5985714197158813,0.6657436490058899
Bearing2_6,251,0.5971428751945496,0.6699650883674622
Bearing2_6,252,0.595714271068573,0.6733484268188477
Bearing2_6,253,0.5942857265472412,0.6665164232254028
Bearing2_6,254,0.5928571224212646,0.6646544933319092
Bearing2_6,255,0.5914285778999329,0.6557811498641968
Bearing2_6,256,0.5899999737739563,0.6660733222961426
Bearing2_6,257,0.5885714292526245,0.6560856103897095
Bearing2_6,258,0.5871428847312927,0.6592281460762024
Bearing2_6,259,0.5857142806053162,0.652457594871521
Bearing2_6,260,0.5842857360839844,0.6383620500564575
Bearing2_6,261,0.5828571319580078,0.6449694037437439
Bearing2_6,262,0.581428587436676,0.645014762878418
Bearing2_6,263,0.5799999833106995,0.6404391527175903
Bearing2_6,264,0.5785714387893677,0.6414442658424377
Bearing2_6,265,0.5771428346633911,0.643824577331543
Bearing2_6,266,0.5757142901420593,0.6366810202598572
Bearing2_6,267,0.5742856860160828,0.6361425518989563
Bearing2_6,268,0.572857141494751,0.6408939957618713
Bearing2_6,269,0.5714285969734192,0.6552087068557739
Bearing2_6,270,0.5699999928474426,0.6483761072158813
Bearing2_6,271,0.5685714483261108,0.6447997093200684
Bearing2_6,272,0.5671428442001343,0.6480522155761719
Bearing2_6,273,0.5657142996788025,0.6681835651397705
Bearing2_6,274,0.5642856955528259,0.6686657071113586
Bearing2_6,275,0.5628571510314941,0.6678165793418884
Bearing2_6,276,0.5614285469055176,0.6600940227508545
Bearing2_6,277,0.5600000023841858,0.6543129682540894
Bearing2_6,278,0.558571457862854,0.6562076210975647
Bearing2_6,279,0.5571428537368774,0.6484723091125488
Bearing2_6,280,0.5557143092155457,0.632473349571228
Bearing2_6,281,0.5542857050895691,0.6480872631072998
Bearing2_6,282,0.5528571605682373,0.6399716138839722
Bearing2_6,283,0.5514285564422607,0.6289952397346497
Bearing2_6,284,0.550000011920929,0.6233292818069458
Bearing2_6,285,0.5485714077949524,0.6174268126487732
Bearing2_6,286,0.5471428632736206,0.6139868497848511
Bearing2_6,287,0.545714259147644,0.6218740344047546
Bearing2_6,288,0.5442857146263123,0.6097112894058228
Bearing2_6,289,0.5428571701049805,0.6209668517112732
Bearing2_6,290,0.5414285659790039,0.61236971616745
Bearing2_6,291,0.5400000214576721,0.6140743494033813
Bearing2_6,292,0.5385714173316956,0.6021053791046143
Bearing2_6,293,0.5371428728103638,0.5982506275177002
Bearing2_6,294,0.5357142686843872,0.5895550847053528
Bearing2_6,295,0.5342857241630554,0.5872148871421814
Bearing2_6,296,0.5328571200370789,0.590987503528595
Bearing2_6,297,0.5314285755157471,0.5917661190032959
Bearing2_6,298,0.5299999713897705,0.5908756852149963
Bearing2_6,299,0.5285714268684387,0.5908063054084778
Bearing2_6,300,0.5271428823471069,0.5963879227638245
Bearing2_6,301,0.5257142782211304,0.5953355431556702
Bearing2_6,302,0.5242857336997986,0.5943889021873474
Bearing2_6,303,0.522857129573822,0.5937210917472839
Bearing2_6,304,0.5214285850524902,0.6005240678787231
Bearing2_6,305,0.5199999809265137,0.5951775908470154
Bearing2_6,306,0.5185714364051819,0.5963186025619507
Bearing2_6,307,0.5171428322792053,0.5926131010055542
Bearing2_6,308,0.5157142877578735,0.6050077676773071
Bearing2_6,309,0.5142857432365417,0.6046608090400696
Bearing2_6,310,0.5128571391105652,0.5914366245269775
Bearing2_6,311,0.5114285945892334,0.5975617170333862
Bearing2_6,312,0.5099999904632568,0.6022873520851135
Bearing2_6,313,0.508571445941925,0.5938722491264343
Bearing2_6,314,0.5071428418159485,0.5929075479507446
Bearing2_6,315,0.5057142972946167,0.5959795713424683
Bearing2_6,316,0.5042856931686401,0.580176055431366
Bearing2_6,317,0.5028571486473083,0.5873302817344666
Bearing2_6,318,0.5014285445213318,0.5790695548057556
Bearing2_6,319,0.5,0.5789313912391663
Bearing2_6,320,0.4985714256763458,0.5761625170707703
Bearing2_6,321,0.49714285135269165,0.5701704621315002
Bearing2_6,322,0.4957142770290375,0.5628930926322937
Bearing2_6,323,0.4942857027053833,0.5578976273536682
Bearing2_6,324,0.4928571283817291,0.5550265312194824
Bearing2_6,325,0.49142858386039734,0.5543654561042786
Bearing2_6,326,0.49000000953674316,0.5537146925926208
Bearing2_6,327,0.488571435213089,0.5434025526046753
Bearing2_6,328,0.4871428608894348,0.5458911657333374
Bearing2_6,329,0.48571428656578064,0.5401207804679871
Bearing2_6,330,0.48428571224212646,0.5304598808288574
Bearing2_6,331,0.4828571379184723,0.5350174903869629
Bearing2_6,332,0.4814285635948181,0.5159443616867065
Bearing2_6,333,0.47999998927116394,0.5158870220184326
Bearing2_6,334,0.47857141494750977,0.5198014974594116
Bearing2_6,335,0.477142870426178,0.5262036323547363
Bearing2_6,336,0.4757142961025238,0.529268741607666
Bearing2_6,337,0.47428572177886963,0.5422393679618835
Bearing2_6,338,0.47285714745521545,0.5264255404472351
Bearing2_6,339,0.4714285731315613,0.5240663886070251
Bearing2_6,340,0.4699999988079071,0.5290079116821289
Bearing2_6,341,0.46857142448425293,0.5351030826568604
Bearing2_6,342,0.46714285016059875,0.5248534679412842
Bearing2_6,343,0.4657142758369446,0.5172510743141174
Bearing2_6,344,0.4642857015132904,0.5311744213104248
Bearing2_6,345,0.4628571569919586,0.5194123983383179
Bearing2_6,346,0.46142858266830444,0.5308071970939636
Bearing2_6,347,0.46000000834465027,0.5362820029258728
Bearing2_6,348,0.4585714340209961,0.5346980094909668
Bearing2_6,349,0.4571428596973419,0.5472573637962341
Bearing2_6,350,0.45571428537368774,0.5502557158470154
Bearing2_6,351,0.45428571105003357,0.5459350347518921
Bearing2_6,352,0.4528571367263794,0.5496307611465454
Bearing2_6,353,0.4514285624027252,0.5427536368370056
Bearing2_6,354,0.44999998807907104,0.5514013171195984
Bearing2_6,355,0.44857141375541687,0.5454040765762329
Bearing2_6,356,0.4471428692340851,0.5449362397193909
Bearing2_6,357,0.4457142949104309,0.5308230519294739
Bearing2_6,358,0.44428572058677673,0.530734658241272
Bearing2_6,359,0.44285714626312256,0.5460337400436401
Bearing2_6,360,0.4414285719394684,0.5396298170089722
Bearing2_6,361,0.4399999976158142,0.5482462644577026
Bearing2_6,362,0.43857142329216003,0.5524992346763611
Bearing2_6,363,0.43714284896850586,0.5527493953704834
Bearing2_6,364,0.4357142746448517,0.5579289197921753
Bearing2_6,365,0.4342857003211975,0.5632777214050293
Bearing2_6,366,0.4328571557998657,0.5611583590507507
Bearing2_6,367,0.43142858147621155,0.5624517798423767
Bearing2_6,368,0.4300000071525574,0.5526149868965149
Bearing2_6,369,0.4285714328289032,0.556627631187439
Bearing2_6,370,0.427142858505249,0.5529268980026245
Bearing2_6,371,0.42571428418159485,0.5583034753799438
Bearing2_6,372,0.4242857098579407,0.5490988492965698
Bearing2_6,373,0.4228571355342865,0.5465331077575684
Bearing2_6,374,0.4214285612106323,0.548005998134613
Bearing2_6,375,0.41999998688697815,0.5557925701141357
Bearing2_6,376,0.41857144236564636,0.5500075817108154
Bearing2_6,377,0.4171428680419922,0.5469313859939575
Bearing2_6,378,0.415714293718338,0.5474190711975098
Bearing2_6,379,0.41428571939468384,0.5435517430305481
Bearing2_6,380,0.41285714507102966,0.5339321494102478
Bearing2_6,381,0.4114285707473755,0.5398463606834412
Bearing2_6,382,0.4099999964237213,0.5303993225097656
Bearing2_6,383,0.40857142210006714,0.5386152267456055
Bearing2_6,384,0.40714284777641296,0.5378766059875488
Bearing2_6,385,0.4057142734527588,0.532211184501648
Bearing2_6,386,0.404285728931427,0.5473976135253906
Bearing2_6,387,0.4028571546077728,0.5479587912559509
Bearing2_6,388,0.40142858028411865,0.5572408437728882
Bearing2_6,389,0.4000000059604645,0.5613479614257812
Bearing2_6,390,0.3985714316368103,0.5665124654769897
Bearing2_6,391,0.39714285731315613,0.5614935159683228
Bearing2_6,392,0.39571428298950195,0.5631514191627502
Bearing2_6,393,0.3942857086658478,0.5588511228561401
Bearing2_6,394,0.3928571343421936,0.5610902905464172
Bearing2_6,395,0.39142856001853943,0.561566174030304
Bearing2_6,396,0.38999998569488525,0.5706701278686523
Bearing2_6,397,0.38857144117355347,0.5733914375305176
Bearing2_6,398,0.3871428668498993,0.5755581259727478
Bearing2_6,399,0.3857142925262451,0.5683594942092896
Bearing2_6,400,0.38428571820259094,0.5642583966255188
Bearing2_6,401,0.38285714387893677,0.5561153888702393
Bearing2_6,402,0.3814285695552826,0.5558533072471619
Bearing2_6,403,0.3799999952316284,0.5484828948974609
Bearing2_6,404,0.37857142090797424,0.5504764914512634
Bearing2_6,405,0.37714284658432007,0.5520151853561401
Bearing2_6,406,0.3757142722606659,0.560354471206665
Bearing2_6,407,0.3742857277393341,0.5577147006988525
Bearing2_6,408,0.37285715341567993,0.5520157814025879
Bearing2_6,409,0.37142857909202576,0.5557599067687988
Bearing2_6,410,0.3700000047683716,0.556988537311554
Bearing2_6,411,0.3685714304447174,0.5474932193756104
Bearing2_6,412,0.36714285612106323,0.5486890077590942
Bearing2_6,413,0.36571428179740906,0.5541239976882935
Bearing2_6,414,0.3642857074737549,0.5575606226921082
Bearing2_6,415,0.3628571331501007,0.5616371035575867
Bearing2_6,416,0.36142855882644653,0.5630835890769958
Bearing2_6,417,0.36000001430511475,0.581281304359436
Bearing2_6,418,0.35857143998146057,0.5707387328147888
Bearing2_6,419,0.3571428656578064,0.5716779828071594
Bearing2_6,420,0.3557142913341522,0.5690025091171265
Bearing2_6,421,0.35428571701049805,0.5682989358901978
Bearing2_6,422,0.35285714268684387,0.556618332862854
Bearing2_6,423,0.3514285683631897,0.5594876408576965
Bearing2_6,424,0.3499999940395355,0.5537583827972412
Bearing2_6,425,0.34857141971588135,0.5479617714881897
Bearing2_6,426,0.3471428453922272,0.5442218780517578
Bearing2_6,427,0.345714271068573,0.5419177412986755
Bearing2_6,428,0.3442857265472412,0.5390293002128601
Bearing2_6,429,0.34285715222358704,0.5192779302597046
Bearing2_6,430,0.34142857789993286,0.5242747664451599
Bearing2_6,431,0.3400000035762787,0.5315907001495361
Bearing2_6,432,0.3385714292526245,0.5321986675262451
Bearing2_6,433,0.33714285492897034,0.5290914177894592
Bearing2_6,434,0.33571428060531616,0.5387586951255798
Bearing2_6,435,0.334285706281662,0.5179183483123779
Bearing2_6,436,0.3328571319580078,0.5172231197357178
Bearing2_6,437,0.33142855763435364,0.5046987533569336
Bearing2_6,438,0.33000001311302185,0.4931102395057678
Bearing2_6,439,0.3285714387893677,0.4837287962436676
Bearing2_6,440,0.3271428644657135,0.4969627559185028
Bearing2_6,441,0.3257142901420593,0.48578959703445435
Bearing2_6,442,0.32428571581840515,0.4877851903438568
Bearing2_6,443,0.322857141494751,0.485629141330719
Bearing2_6,444,0.3214285671710968,0.46729105710983276
Bearing2_6,445,0.3199999928474426,0.4761672019958496
Bearing2_6,446,0.31857141852378845,0.46518629789352417
Bearing2_6,447,0.3171428442001343,0.4643583297729492
Bearing2_6,448,0.3157142996788025,0.47134992480278015
Bearing2_6,449,0.3142857253551483,0.4789245128631592
Bearing2_6,450,0.31285715103149414,0.47746700048446655
Bearing2_6,451,0.31142857670783997,0.4641527235507965
Bearing2_6,452,0.3100000023841858,0.46682095527648926
Bearing2_6,453,0.3085714280605316,0.46112099289894104
Bearing2_6,454,0.30714285373687744,0.4695788323879242
Bearing2_6,455,0.30571427941322327,0.45524004101753235
Bearing2_6,456,0.3042857050895691,0.44323495030403137
Bearing2_6,457,0.3028571307659149,0.44718706607818604
Bearing2_6,458,0.30142858624458313,0.43931329250335693
Bearing2_6,459,0.30000001192092896,0.4233383536338806
Bearing2_6,460,0.2985714375972748,0.40339744091033936
Bearing2_6,461,0.2971428632736206,0.40742915868759155
Bearing2_6,462,0.29571428894996643,0.3992789387702942
Bearing2_6,463,0.29428571462631226,0.3880672752857208
Bearing2_6,464,0.2928571403026581,0.3959495723247528
Bearing2_6,465,0.2914285659790039,0.3886565864086151
Bearing2_6,466,0.28999999165534973,0.3981887102127075
Bearing2_6,467,0.28857141733169556,0.4181557893753052
Bearing2_6,468,0.2871428430080414,0.43929266929626465
Bearing2_6,469,0.2857142984867096,0.44059768319129944
Bearing2_6,470,0.2842857241630554,0.44947540760040283
Bearing2_6,471,0.28285714983940125,0.4485633373260498
Bearing2_6,472,0.28142857551574707,0.44122937321662903
Bearing2_6,473,0.2800000011920929,0.4536682069301605
Bearing2_6,474,0.2785714268684387,0.45247992873191833
Bearing2_6,475,0.27714285254478455,0.4531707763671875
Bearing2_6,476,0.27571427822113037,0.46811825037002563
Bearing2_6,477,0.2742857038974762,0.4688892066478729
Bearing2_6,478,0.272857129573822,0.4776124954223633
Bearing2_6,479,0.27142858505249023,0.46174901723861694
Bearing2_6,480,0.27000001072883606,0.4723435640335083
Bearing2_6,481,0.2685714364051819,0.46813836693763733
Bearing2_6,482,0.2671428620815277,0.4663703441619873
Bearing2_6,483,0.26571428775787354,0.48487842082977295
Bearing2_6,484,0.26428571343421936,0.4946099817752838
Bearing2_6,485,0.2628571391105652,0.4910874664783478
Bearing2_6,486,0.261428564786911,0.49055051803588867
Bearing2_6,487,0.25999999046325684,0.5071901679039001
Bearing2_6,488,0.25857141613960266,0.508560061454773
Bearing2_6,489,0.2571428716182709,0.5092402100563049
Bearing2_6,490,0.2557142972946167,0.4986717998981476
Bearing2_6,491,0.2542857229709625,0.5024029612541199
Bearing2_6,492,0.25285714864730835,0.49748146533966064
Bearing2_6,493,0.2514285743236542,0.5010021924972534
Bearing2_6,494,0.25,0.4897436797618866
Bearing2_6,495,0.24857142567634583,0.49660536646842957
Bearing2_6,496,0.24714285135269165,0.4802316725254059
Bearing2_6,497,0.24571429193019867,0.4830697178840637
Bearing2_6,498,0.2442857176065445,0.48673832416534424
Bearing2_6,499,0.24285714328289032,0.4670042097568512
Bearing2_6,500,0.24142856895923615,0.48412108421325684
Bearing2_6,501,0.23999999463558197,0.48167476058006287
Bearing2_6,502,0.238571435213089,0.4708639979362488
Bearing2_6,503,0.23714286088943481,0.48549631237983704
Bearing2_6,504,0.23571428656578064,0.46708959341049194
Bearing2_6,505,0.23428571224212646,0.475870281457901
Bearing2_6,506,0.2328571379184723,0.4731437563896179
Bearing2_6,507,0.2314285784959793,0.4749701917171478
Bearing2_6,508,0.23000000417232513,0.4677640497684479
Bearing2_6,509,0.22857142984867096,0.4844372272491455
Bearing2_6,510,0.22714285552501678,0.45542746782302856
Bearing2_6,511,0.2257142812013626,0.44532161951065063
Bearing2_6,512,0.22428570687770844,0.4401824474334717
Bearing2_6,513,0.22285714745521545,0.43983837962150574
Bearing2_6,514,0.22142857313156128,0.4235957860946655
Bearing2_6,515,0.2199999988079071,0.37684759497642517
Bearing2_6,516,0.21857142448425293,0.379840224981308
Bearing2_6,517,0.21714285016059875,0.3600523769855499
Bearing2_6,518,0.21571429073810577,0.3688843846321106
Bearing2_6,519,0.2142857164144516,0.33438530564308167
Bearing2_6,520,0.21285714209079742,0.3201138377189636
Bearing2_6,521,0.21142856776714325,0.3192499876022339
Bearing2_6,522,0.20999999344348907,0.32532066106796265
Bearing2_6,523,0.2085714340209961,0.33054548501968384
Bearing2_6,524,0.20714285969734192,0.3498055338859558
Bearing2_6,525,0.20571428537368774,0.35958921909332275
Bearing2_6,526,0.20428571105003357,0.3654719591140747
Bearing2_6,527,0.2028571367263794,0.37284398078918457
Bearing2_6,528,0.2014285773038864,0.34882652759552
Bearing2_6,529,0.20000000298023224,0.33812788128852844
Bearing2_6,530,0.19857142865657806,0.33893540501594543
Bearing2_6,531,0.1971428543329239,0.34889668226242065
Bearing2_6,532,0.19571428000926971,0.33500802516937256
Bearing2_6,533,0.19428572058677673,0.31158024072647095
Bearing2_6,534,0.19285714626312256,0.3001316785812378
Bearing2_6,535,0.19142857193946838,0.28438112139701843
Bearing2_6,536,0.1899999976158142,0.27981117367744446
Bearing2_6,537,0.18857142329216003,0.24969127774238586
Bearing2_6,538,0.18714286386966705,0.24502624571323395
Bearing2_6,539,0.18571428954601288,0.23220324516296387
Bearing2_6,540,0.1842857152223587,0.23306481540203094
Bearing2_6,541,0.18285714089870453,0.2542831301689148
Bearing2_6,542,0.18142856657505035,0.2556563913822174
Bearing2_6,543,0.18000000715255737,0.27112698554992676
Bearing2_6,544,0.1785714328289032,0.2586056590080261
Bearing2_6,545,0.17714285850524902,0.27343833446502686
Bearing2_6,546,0.17571428418159485,0.27951136231422424
Bearing2_6,547,0.17428570985794067,0.2695055902004242
Bearing2_6,548,0.1728571355342865,0.28510138392448425
Bearing2_6,549,0.17142857611179352,0.28107398748397827
Bearing2_6,550,0.17000000178813934,0.3014431893825531
Bearing2_6,551,0.16857142746448517,0.2911008298397064
Bearing2_6,552,0.167142853140831,0.27580684423446655
Bearing2_6,553,0.16571427881717682,0.27573996782302856
Bearing2_6,554,0.16428571939468384,0.28610554337501526
Bearing2_6,555,0.16285714507102966,0.2554399073123932
Bearing2_6,556,0.1614285707473755,0.24420790374279022
Bearing2_6,557,0.1599999964237213,0.2153872549533844
Bearing2_6,558,0.15857142210006714,0.19883139431476593
Bearing2_6,559,0.15714286267757416,0.22499796748161316
Bearing2_6,560,0.15571428835391998,0.23216612637043
Bearing2_6,561,0.1542857140302658,0.2580479085445404
Bearing2_6,562,0.15285713970661163,0.2530525326728821
Bearing2_6,563,0.15142856538295746,0.2587730586528778
Bearing2_6,564,0.15000000596046448,0.2782936692237854
Bearing2_6,565,0.1485714316368103,0.26640424132347107
Bearing2_6,566,0.14714285731315613,0.2761310040950775
Bearing2_6,567,0.14571428298950195,0.3026697635650635
Bearing2_6,568,0.14428570866584778,0.2997589111328125
Bearing2_6,569,0.1428571492433548,0.31575867533683777
Bearing2_6,570,0.14142857491970062,0.30042821168899536
Bearing2_6,571,0.14000000059604645,0.3248111307621002
Bearing2_6,572,0.13857142627239227,0.3058587610721588
Bearing2_6,573,0.1371428519487381,0.31731680035591125
Bearing2_6,574,0.13571429252624512,0.3256325125694275
Bearing2_6,575,0.13428571820259094,0.32602670788764954
Bearing2_6,576,0.13285714387893677,0.3404146432876587
Bearing2_6,577,0.1314285695552826,0.33268484473228455
Bearing2_6,578,0.12999999523162842,0.3276869058609009
Bearing2_6,579,0.12857143580913544,0.30859842896461487
Bearing2_6,580,0.12714286148548126,0.3094784915447235
Bearing2_6,581,0.1257142871618271,0.3081929385662079
Bearing2_6,582,0.12428571283817291,0.298088401556015
Bearing2_6,583,0.12285714596509933,0.33044931292533875
Bearing2_6,584,0.12142857164144516,0.32500046491622925
Bearing2_6,585,0.11999999731779099,0.3147507309913635
Bearing2_6,586,0.11857143044471741,0.3262314796447754
Bearing2_6,587,0.11714285612106323,0.34202656149864197
Bearing2_6,588,0.11571428924798965,0.34871000051498413
Bearing2_6,589,0.11428571492433548,0.36992549896240234
Bearing2_6,590,0.1128571406006813,0.37001869082450867
Bearing2_6,591,0.11142857372760773,0.37563076615333557
Bearing2_6,592,0.10999999940395355,0.38064369559288025
Bearing2_6,593,0.10857142508029938,0.3862885534763336
Bearing2_6,594,0.1071428582072258,0.40523862838745117
Bearing2_6,595,0.10571428388357162,0.3970855176448822
Bearing2_6,596,0.10428571701049805,0.3967916965484619
Bearing2_6,597,0.10285714268684387,0.4287164807319641
Bearing2_6,598,0.1014285683631897,0.4460022449493408
Bearing2_6,599,0.10000000149011612,0.4348244071006775
Bearing2_6,600,0.09857142716646194,0.4663566052913666
Bearing2_6,601,0.09714286029338837,0.46174904704093933
Bearing2_6,602,0.09571428596973419,0.4578227698802948
Bearing2_6,603,0.09428571164608002,0.4558922052383423
Bearing2_6,604,0.09285714477300644,0.46865856647491455
Bearing2_6,605,0.09142857044935226,0.4486832022666931
Bearing2_6,606,0.09000000357627869,0.46094924211502075
Bearing2_6,607,0.08857142925262451,0.445395827293396
Bearing2_6,608,0.08714285492897034,0.45134344696998596
Bearing2_6,609,0.08571428805589676,0.44681745767593384
Bearing2_6,610,0.08428571373224258,0.4385703206062317
Bearing2_6,611,0.08285713940858841,0.4509705603122711
Bearing2_6,612,0.08142857253551483,0.456898957490921
Bearing2_6,613,0.07999999821186066,0.45376017689704895
Bearing2_6,614,0.07857143133878708,0.4514199197292328
Bearing2_6,615,0.0771428570151329,0.4590919017791748
Bearing2_6,616,0.07571428269147873,0.4440634846687317
Bearing2_6,617,0.07428571581840515,0.43527013063430786
Bearing2_6,618,0.07285714149475098,0.41848310828208923
Bearing2_6,619,0.0714285746216774,0.4080999791622162
Bearing2_6,620,0.07000000029802322,0.40954428911209106
Bearing2_6,621,0.06857142597436905,0.3862324357032776
Bearing2_6,622,0.06714285910129547,0.35993272066116333
Bearing2_6,623,0.0657142847776413,0.33915975689888
Bearing2_6,624,0.06428571790456772,0.28893929719924927
Bearing2_6,625,0.06285714358091354,0.2697659432888031
Bearing2_6,626,0.06142857298254967,0.27633902430534363
Bearing2_6,627,0.05999999865889549,0.2383318543434143
Bearing2_6,628,0.058571428060531616,0.2647634744644165
Bearing2_6,629,0.05714285746216774,0.22799526154994965
Bearing2_6,630,0.055714286863803864,0.2095036506652832
Bearing2_6,631,0.05428571254014969,0.1891513615846634
Bearing2_6,632,0.05285714194178581,0.1649119108915329
Bearing2_6,633,0.051428571343421936,0.18381370604038239
Bearing2_6,634,0.05000000074505806,0.17137497663497925
Bearing2_6,635,0.04857143014669418,0.1576308161020279
Bearing2_6,636,0.04714285582304001,0.1444878876209259
Bearing2_6,637,0.04571428522467613,0.15471628308296204
Bearing2_6,638,0.044285714626312256,0.14042311906814575
Bearing2_6,639,0.04285714402794838,0.13403978943824768
Bearing2_6,640,0.041428569704294205,0.4545222520828247
Bearing2_6,641,0.03999999910593033,0.4548499286174774
Bearing2_6,642,0.03857142850756645,0.42758503556251526
Bearing2_6,643,0.037142857909202576,0.40419235825538635
Bearing2_6,644,0.0357142873108387,0.3861578702926636
Bearing2_6,645,0.034285712987184525,0.31497523188591003
Bearing2_6,646,0.03285714238882065,0.34971335530281067
Bearing2_6,647,0.03142857179045677,0.3403313457965851
Bearing2_6,648,0.029999999329447746,0.3770582377910614
Bearing2_6,649,0.02857142873108387,0.3925255835056305
Bearing2_6,650,0.027142856270074844,0.4329843819141388
Bearing2_6,651,0.025714285671710968,0.46017786860466003
Bearing2_6,652,0.02428571507334709,0.4512506127357483
Bearing2_6,653,0.022857142612338066,0.4796503484249115
Bearing2_6,654,0.02142857201397419,0.4894435405731201
Bearing2_6,655,0.019999999552965164,0.514754056930542
Bearing2_6,656,0.018571428954601288,0.5036742687225342
Bearing2_6,657,0.017142856493592262,0.4734809994697571
Bearing2_6,658,0.015714285895228386,0.44786015152931213
Bearing2_6,659,0.014285714365541935,0.41867202520370483
Bearing2_6,660,0.012857142835855484,0.3832114636898041
Bearing2_6,661,0.011428571306169033,0.34306636452674866
Bearing2_6,662,0.009999999776482582,0.31423279643058777
Bearing2_6,663,0.008571428246796131,0.292023241519928
Bearing2_6,664,0.0071428571827709675,0.2635459005832672
Bearing2_6,665,0.0057142856530845165,0.23696376383304596
Bearing2_6,666,0.004285714123398066,0.21705423295497894
Bearing2_6,667,0.0028571428265422583,0.19994568824768066
Bearing2_6,668,0.0014285714132711291,0.1843671351671219
Bearing2_6,669,0.0,0.17266543209552765
